Customer Name,Customer Trip ID,Employee Name,Employee Trip ID,EmpRole,Office,Actual Mileage,TimeOfTrip
Senger-Beatty,"7520 Preston Hwy, Louisville, KY, 40219",Charity Valdez,"1217 Cardinal Dr, Louisville, KY, 40213",Sales,Louisville,5.8,12/30/1899 11:45:00 AM
"Herzog, Bogisich and Beatty","2843 Brownsboro Rd, Louisville, KY, 40257",Charity Valdez,"1217 Cardinal Dr, Louisville, KY, 40213",Sales,Louisville,6.1,12/30/1899 11:59:00 AM
Flatley-Schmitt,"107 S 4th St Ste 200, Louisville, KY, 40202",Charity Valdez,"1217 Cardinal Dr, Louisville, KY, 40213",Sales,Louisville,5.4,12/30/1899 9:33:00 AM
Thiel LLC,"1757 Frankfort Ave Suite 102, Louisville, KY, 40206",Charity Valdez,"1217 Cardinal Dr, Louisville, KY, 40213",Sales,Louisville,7.3,12/30/1899 10:00:00 AM
"Kreiger, Witting and Lesch","9007 Galene Dr, Louisville, KY, 40299",Charity Valdez,"1217 Cardinal Dr, Louisville, KY, 40213",Sales,Louisville,10.1,12/30/1899 9:03:00 AM
"Kreiger, Witting and Lesch","9007 Galene Dr, Louisville, KY, 40299",Charity Valdez,"1217 Cardinal Dr, Louisville, KY, 40213",Sales,Louisville,10.1,12/30/1899 1:19:00 PM
Trantow Group,"10110 Dixie Hwy, Louisville, KY, 40272",Charity Valdez,"1217 Cardinal Dr, Louisville, KY, 40213",Sales,Louisville,13.7,12/30/1899 5:06:00 PM
Trantow Group,"10110 Dixie Hwy, Louisville, KY, 40272",Charity Valdez,"1217 Cardinal Dr, Louisville, KY, 40213",Sales,Louisville,13.7,12/30/1899 11:58:00 AM
"Parisian, Nolan and Wyman","508 Executive Park, Louisville, KY, 40207",Charity Valdez,"1217 Cardinal Dr, Louisville, KY, 40213",Sales,Louisville,9,12/30/1899 9:59:00 AM
Stiedemann-Leannon,"101 N 7th St, Louisville, KY, 40202",Charity Valdez,"1217 Cardinal Dr, Louisville, KY, 40213",Sales,Louisville,7.5,12/30/1899 12:39:00 PM
Strosin Inc,"4550 Poplar Level Rd, Louisville, KY, 40213",Charity Valdez,"1217 Cardinal Dr, Louisville, KY, 40213",Sales,Louisville,2.8,12/30/1899 4:55:00 PM
Strosin Inc,"4550 Poplar Level Rd, Louisville, KY, 40213",Charity Valdez,"1217 Cardinal Dr, Louisville, KY, 40213",Sales,Louisville,2.8,12/30/1899 8:39:00 AM
Vandervort-Franecki,"8706 Bayberry Pl, Louisville, KY, 40242",Charity Valdez,"1217 Cardinal Dr, Louisville, KY, 40213",Sales,Louisville,11.3,12/30/1899 5:50:00 PM
Doyle Group,"13317 Vendetta Way Unit 201, Louisville, KY, 40245",Charity Valdez,"1217 Cardinal Dr, Louisville, KY, 40213",Sales,Louisville,19.8,12/30/1899 10:37:00 AM
"Thompson, McCullough and Kulas","3401 College Dr, Louisville, KY, 40299",Charity Valdez,"1217 Cardinal Dr, Louisville, KY, 40213",Sales,Louisville,11.1,12/30/1899 4:02:00 PM
Ullrich-Bogisich,"1004 Brookline Ave, Louisville, KY, 40215",Charity Valdez,"1217 Cardinal Dr, Louisville, KY, 40213",Sales,Louisville,6.3,12/30/1899 3:45:00 PM
"Leffler, Jacobi and Renner","7255 Leisure Ct, Louisville, KY, 40229",Charity Valdez,"1217 Cardinal Dr, Louisville, KY, 40213",Sales,Louisville,11.3,12/30/1899 5:05:00 PM
"Leffler, Jacobi and Renner","7255 Leisure Ct, Louisville, KY, 40229",Charity Valdez,"1217 Cardinal Dr, Louisville, KY, 40213",Sales,Louisville,11.3,12/30/1899 4:06:00 PM
Simonis Inc,"2600 W Broadway Ste 102, Louisville, KY, 40211",Charity Valdez,"1217 Cardinal Dr, Louisville, KY, 40213",Sales,Louisville,6.6,12/30/1899 9:39:00 AM
Frami-Bednar,"3715 Bardstown Rd, Louisville, KY, 40218",Charity Valdez,"1217 Cardinal Dr, Louisville, KY, 40213",Sales,Louisville,5.1,12/30/1899 2:01:00 PM
"Rutherford, Schmitt and Mayert","500 N Hurstbourne Pkwy Ste 150, Louisville, KY, 40222",Charity Valdez,"1217 Cardinal Dr, Louisville, KY, 40213",Sales,Louisville,10.9,12/30/1899 1:27:00 PM
"Klocko, Schamberger and Balistreri","716 E Market St, Louisville, KY, 40202",Charity Valdez,"1217 Cardinal Dr, Louisville, KY, 40213",Sales,Louisville,4.9,12/30/1899 10:10:00 AM
O'Kon and Sons,"3510 Stony Brook Dr, Louisville, KY, 40299",Charity Valdez,"1217 Cardinal Dr, Louisville, KY, 40213",Sales,Louisville,10.4,12/30/1899 5:40:00 PM
"Koch, Bayer and Kautzer","2616 Bardstown Rd, Louisville, KY, 40205",Charity Valdez,"1217 Cardinal Dr, Louisville, KY, 40213",Sales,Louisville,3.1,12/30/1899 12:06:00 PM
Lebsack-King,"7912 Fegenbush Ln, Louisville, KY, 40228",Charity Valdez,"1217 Cardinal Dr, Louisville, KY, 40213",Sales,Louisville,9,12/30/1899 10:53:00 AM
Gusikowski and Sons,"2222 W Jefferson St, Louisville, KY, 40212",Charity Valdez,"1217 Cardinal Dr, Louisville, KY, 40213",Sales,Louisville,9,12/30/1899 3:42:00 PM
Gusikowski and Sons,"2222 W Jefferson St, Louisville, KY, 40212",Charity Valdez,"1217 Cardinal Dr, Louisville, KY, 40213",Sales,Louisville,9,12/30/1899 4:21:00 PM
Gusikowski and Sons,"2222 W Jefferson St, Louisville, KY, 40212",Charity Valdez,"1217 Cardinal Dr, Louisville, KY, 40213",Sales,Louisville,9,12/30/1899 12:23:00 PM
Gusikowski and Sons,"2222 W Jefferson St, Louisville, KY, 40212",Charity Valdez,"1217 Cardinal Dr, Louisville, KY, 40213",Sales,Louisville,9,12/30/1899 10:26:00 AM
Lang-Upton,"3810 Shepherdsville Rd, Louisville, KY, 40218",Charity Valdez,"1217 Cardinal Dr, Louisville, KY, 40213",Sales,Louisville,4.7,12/30/1899 9:15:00 AM
Marvin-Hand,"11501 Main St, Louisville, KY, 40243",Charity Valdez,"1217 Cardinal Dr, Louisville, KY, 40213",Sales,Louisville,13.6,12/30/1899 10:38:00 AM
Christiansen-Wiegand,"1841 Taylor Ave, Louisville, KY, 40213",Charity Valdez,"1217 Cardinal Dr, Louisville, KY, 40213",Sales,Louisville,2,12/30/1899 5:42:00 PM
Christiansen-Wiegand,"1841 Taylor Ave, Louisville, KY, 40213",Charity Valdez,"1217 Cardinal Dr, Louisville, KY, 40213",Sales,Louisville,2,12/30/1899 9:27:00 AM
DuBuque-Donnelly,"11906 Longview Farm Dr, Louisville, KY, 40299",Charity Valdez,"1217 Cardinal Dr, Louisville, KY, 40213",Sales,Louisville,17,12/30/1899 8:07:00 AM
Reichert Inc,"3624b S Hurstbourne Pkwy, Louisville, KY, 40299",Charity Valdez,"1217 Cardinal Dr, Louisville, KY, 40213",Sales,Louisville,9.7,12/30/1899 1:12:00 PM
Goyette-Bergstrom,"13201 Data Vault Dr, Louisville, KY, 40223",Charity Valdez,"1217 Cardinal Dr, Louisville, KY, 40213",Sales,Louisville,15.8,12/30/1899 5:39:00 PM
Walker and Sons,"3101 Bardstown Rd, Louisville, KY, 40205",Charity Valdez,"1217 Cardinal Dr, Louisville, KY, 40213",Sales,Louisville,4.1,12/30/1899 8:36:00 AM
Boyer-Hagenes,"6200 Dutchmans Ln Ste 305, Louisville, KY, 40205",Charity Valdez,"1217 Cardinal Dr, Louisville, KY, 40213",Sales,Louisville,6.6,12/30/1899 4:57:00 PM
Boyer-Hagenes,"6200 Dutchmans Ln Ste 305, Louisville, KY, 40205",Charity Valdez,"1217 Cardinal Dr, Louisville, KY, 40213",Sales,Louisville,6.6,12/30/1899 2:48:00 PM
"Mayert, Murphy and Schuster","6608 Bardstown Rd Ste C, Louisville, KY, 40291",Charity Valdez,"1217 Cardinal Dr, Louisville, KY, 40213",Sales,Louisville,10.4,12/30/1899 3:43:00 PM
Sipes Inc,"4965 Us Highway 42 Ste 1000, Louisville, KY, 40222",Charity Valdez,"1217 Cardinal Dr, Louisville, KY, 40213",Sales,Louisville,10.9,12/30/1899 11:15:00 AM
"Sporer, Brekke and Hoppe","3206 Preston Hwy, Louisville, KY, 40213",Charity Valdez,"1217 Cardinal Dr, Louisville, KY, 40213",Sales,Louisville,0.9,12/30/1899 10:55:00 AM
"Kertzmann, Abernathy and Jakubowski","5908 Bardstown Rd Ste B, Louisville, KY, 40291",Charity Valdez,"1217 Cardinal Dr, Louisville, KY, 40213",Sales,Louisville,9.7,12/30/1899 10:11:00 AM
"Greenholt, Quitzon and Wyman","3406 Frankfort Ave, Louisville, KY, 40207",Charity Valdez,"1217 Cardinal Dr, Louisville, KY, 40213",Sales,Louisville,6.4,12/30/1899 11:12:00 AM
Schumm-Mohr,"7900 Shelbyville Rd Ste F01, Louisville, KY, 40222",Charity Valdez,"1217 Cardinal Dr, Louisville, KY, 40213",Sales,Louisville,9.2,12/30/1899 10:10:00 AM
Schumm-Mohr,"7900 Shelbyville Rd Ste F01, Louisville, KY, 40222",Charity Valdez,"1217 Cardinal Dr, Louisville, KY, 40213",Sales,Louisville,9.2,12/30/1899 12:13:00 PM
"Hermann, Cummings and Grant","11214 Truman Park Dr, Louisville, KY, 40245",Charity Valdez,"1217 Cardinal Dr, Louisville, KY, 40213",Sales,Louisville,17.1,12/30/1899 9:43:00 AM
"Harvey, Rippin and Lebsack","7215 Vaughn Mill Rd, Louisville, KY, 40228",Charity Valdez,"1217 Cardinal Dr, Louisville, KY, 40213",Sales,Louisville,8.3,12/30/1899 5:26:00 PM
Grant Group,"4175 Westport Rd, Louisville, KY, 40207",Charity Valdez,"1217 Cardinal Dr, Louisville, KY, 40213",Sales,Louisville,10.3,12/30/1899 8:14:00 AM
Schowalter Group,"1857 Berry Blvd, Louisville, KY, 40215",Charity Valdez,"1217 Cardinal Dr, Louisville, KY, 40213",Sales,Louisville,7.7,12/30/1899 5:17:00 PM
"Predovic, Trantow and Towne","806 Stone Creek Pkwy Ste 7, Louisville, KY, 40223",Charity Valdez,"1217 Cardinal Dr, Louisville, KY, 40213",Sales,Louisville,10.9,12/30/1899 9:42:00 AM
"Predovic, Trantow and Towne","806 Stone Creek Pkwy Ste 7, Louisville, KY, 40223",Charity Valdez,"1217 Cardinal Dr, Louisville, KY, 40213",Sales,Louisville,10.9,12/30/1899 8:20:00 AM
"Stroman, D'Amore and Romaguera","707 Exmoor Ave, Louisville, KY, 40223",Charity Valdez,"1217 Cardinal Dr, Louisville, KY, 40213",Sales,Louisville,12.3,12/30/1899 10:55:00 AM
Botsford Group,"129 Evergreen Rd, Louisville, KY, 40243",Charity Valdez,"1217 Cardinal Dr, Louisville, KY, 40213",Sales,Louisville,13.2,12/30/1899 3:28:00 PM
Botsford Group,"129 Evergreen Rd, Louisville, KY, 40243",Charity Valdez,"1217 Cardinal Dr, Louisville, KY, 40213",Sales,Louisville,13.2,12/30/1899 8:11:00 AM
Harvey-Nicolas,"6801 Dixie Hwy, Louisville, KY, 40258",Charity Valdez,"1217 Cardinal Dr, Louisville, KY, 40213",Sales,Louisville,10.3,12/30/1899 9:35:00 AM
Beatty-Sanford,"4408 Dixie Hwy, Louisville, KY, 40216",Charity Valdez,"1217 Cardinal Dr, Louisville, KY, 40213",Sales,Louisville,8,12/30/1899 2:09:00 PM
Funk-Hermann,"8109 La Grange Rd, Louisville, KY, 40222",Charity Valdez,"1217 Cardinal Dr, Louisville, KY, 40213",Sales,Louisville,9.7,12/30/1899 10:12:00 AM
Wilkinson-Jacobson,"801 W Broadway, Louisville, KY, 40202",Charity Valdez,"1217 Cardinal Dr, Louisville, KY, 40213",Sales,Louisville,5.2,12/30/1899 11:19:00 AM
Wilkinson-Jacobson,"801 W Broadway, Louisville, KY, 40202",Charity Valdez,"1217 Cardinal Dr, Louisville, KY, 40213",Sales,Louisville,5.2,12/30/1899 11:34:00 AM
"Reichel, Hickle and Williamson","5427 Bardstown Rd, Louisville, KY, 40291",Maizie Jensen,"612 W 8th St, New Albany, IN, 47150",Sales,Louisville,20.1,12/30/1899 5:52:00 PM
McClure and Sons,"8531 Terry Rd, Louisville, KY, 40258",Maizie Jensen,"612 W 8th St, New Albany, IN, 47150",Sales,Louisville,13.9,12/30/1899 4:14:00 PM
Kautzer-Weissnat,"5614 Barrett Ln, Louisville, KY, 40272",Maizie Jensen,"612 W 8th St, New Albany, IN, 47150",Sales,Louisville,17.3,12/30/1899 2:35:00 PM
Kautzer-Weissnat,"5614 Barrett Ln, Louisville, KY, 40272",Maizie Jensen,"612 W 8th St, New Albany, IN, 47150",Sales,Louisville,17.3,12/30/1899 8:53:00 AM
Heidenreich-Hahn,"9810 3rd Street Rd, Louisville, KY, 40272",Maizie Jensen,"612 W 8th St, New Albany, IN, 47150",Sales,Louisville,15.5,12/30/1899 3:23:00 PM
Reinger Inc,"1426 Lincoln Ave, Louisville, KY, 40213",Maizie Jensen,"612 W 8th St, New Albany, IN, 47150",Sales,Louisville,13.9,12/30/1899 10:41:00 AM
Wolf-Kirlin,"7403 Saint Andrews Church Rd, Louisville, KY, 40214",Maizie Jensen,"612 W 8th St, New Albany, IN, 47150",Sales,Louisville,13.4,12/30/1899 2:40:00 PM
Wolf-Kirlin,"7403 Saint Andrews Church Rd, Louisville, KY, 40214",Maizie Jensen,"612 W 8th St, New Albany, IN, 47150",Sales,Louisville,13.4,12/30/1899 10:10:00 AM
Mann LLC,"10434 Shelbyville Rd, Louisville, KY, 40223",Maizie Jensen,"612 W 8th St, New Albany, IN, 47150",Sales,Louisville,17.6,12/30/1899 5:11:00 PM
"Parisian, Nolan and Wyman","508 Executive Park, Louisville, KY, 40207",Maizie Jensen,"612 W 8th St, New Albany, IN, 47150",Sales,Louisville,15.2,12/30/1899 11:14:00 AM
Johns-Beier,"462 S 4th St, Louisville, KY, 40202",Maizie Jensen,"612 W 8th St, New Albany, IN, 47150",Sales,Louisville,6,12/30/1899 3:18:00 PM
Johns-Beier,"462 S 4th St, Louisville, KY, 40202",Maizie Jensen,"612 W 8th St, New Albany, IN, 47150",Sales,Louisville,6,12/30/1899 12:10:00 PM
"Maggio, Carter and Grady","5454 New Cut Rd Ste 2, Louisville, KY, 40214",Maizie Jensen,"612 W 8th St, New Albany, IN, 47150",Sales,Louisville,14.3,12/30/1899 2:29:00 PM
Baumbach and Sons,"12484 La Grange Rd, Louisville, KY, 40245",Maizie Jensen,"612 W 8th St, New Albany, IN, 47150",Sales,Louisville,21.8,12/30/1899 8:56:00 AM
Vandervort-Franecki,"8706 Bayberry Pl, Louisville, KY, 40242",Maizie Jensen,"612 W 8th St, New Albany, IN, 47150",Sales,Louisville,16.6,12/30/1899 12:05:00 PM
"Thompson, McCullough and Kulas","3401 College Dr, Louisville, KY, 40299",Maizie Jensen,"612 W 8th St, New Albany, IN, 47150",Sales,Louisville,19,12/30/1899 5:44:00 PM
Wiza and Sons,"974 Breckenridge Ln, Louisville, KY, 40207",Maizie Jensen,"612 W 8th St, New Albany, IN, 47150",Sales,Louisville,13.4,12/30/1899 10:36:00 AM
Wiza and Sons,"974 Breckenridge Ln, Louisville, KY, 40207",Maizie Jensen,"612 W 8th St, New Albany, IN, 47150",Sales,Louisville,13.4,12/30/1899 10:13:00 AM
"Bailey, Satterfield and Yundt","1730 W Chestnut St, Louisville, KY, 40203",Maizie Jensen,"612 W 8th St, New Albany, IN, 47150",Sales,Louisville,5.2,12/30/1899 12:30:00 PM
"Rutherford, Schmitt and Mayert","500 N Hurstbourne Pkwy Ste 150, Louisville, KY, 40222",Maizie Jensen,"612 W 8th St, New Albany, IN, 47150",Sales,Louisville,17.1,12/30/1899 11:37:00 AM
Feil-Kassulke,"2805 N Hurstbourne Pkwy, Louisville, KY, 40223",Maizie Jensen,"612 W 8th St, New Albany, IN, 47150",Sales,Louisville,17.9,12/30/1899 2:10:00 PM
Feil-Kassulke,"2805 N Hurstbourne Pkwy, Louisville, KY, 40223",Maizie Jensen,"612 W 8th St, New Albany, IN, 47150",Sales,Louisville,17.9,12/30/1899 4:14:00 PM
"Mante, Mueller and Hegmann","13010 Factory Ln, Louisville, KY, 40245",Maizie Jensen,"612 W 8th St, New Albany, IN, 47150",Sales,Louisville,21.5,12/30/1899 3:38:00 PM
"Mante, Mueller and Hegmann","13010 Factory Ln, Louisville, KY, 40245",Maizie Jensen,"612 W 8th St, New Albany, IN, 47150",Sales,Louisville,21.5,12/30/1899 2:39:00 PM
Kassulke and Sons,"3793 Poplar Level Rd, Louisville, KY, 40213",Maizie Jensen,"612 W 8th St, New Albany, IN, 47150",Sales,Louisville,12.4,12/30/1899 8:56:00 AM
O'Connell-Crona,"9814 Taylorsville Rd, Louisville, KY, 40299",Maizie Jensen,"612 W 8th St, New Albany, IN, 47150",Sales,Louisville,18.5,12/30/1899 1:41:00 PM
"Effertz, Runolfsson and Breitenberg","1850 S Hurstbourne Pkwy Ste 131, Louisville, KY, 40220",Maizie Jensen,"612 W 8th St, New Albany, IN, 47150",Sales,Louisville,16.9,12/30/1899 12:19:00 PM
"Effertz, Runolfsson and Breitenberg","1850 S Hurstbourne Pkwy Ste 131, Louisville, KY, 40220",Maizie Jensen,"612 W 8th St, New Albany, IN, 47150",Sales,Louisville,16.9,12/30/1899 11:12:00 AM
"Shields, Wiza and Rosenbaum","2911 S Hurstbourne Pkwy, Louisville, KY, 40220",Maizie Jensen,"612 W 8th St, New Albany, IN, 47150",Sales,Louisville,18,12/30/1899 10:08:00 AM
Lang-Upton,"3810 Shepherdsville Rd, Louisville, KY, 40218",Maizie Jensen,"612 W 8th St, New Albany, IN, 47150",Sales,Louisville,16.4,12/30/1899 10:22:00 AM
Corkery and Sons,"1740 Frankfort Ave, Louisville, KY, 40206",Maizie Jensen,"612 W 8th St, New Albany, IN, 47150",Sales,Louisville,7.9,12/30/1899 3:29:00 PM
Corkery and Sons,"1740 Frankfort Ave, Louisville, KY, 40206",Maizie Jensen,"612 W 8th St, New Albany, IN, 47150",Sales,Louisville,7.9,12/30/1899 8:31:00 AM
"Franecki, Bergnaum and Bartell","6501 Shepherdsville Rd Ste 119, Louisville, KY, 40228",Maizie Jensen,"612 W 8th St, New Albany, IN, 47150",Sales,Louisville,18,12/30/1899 11:17:00 AM
Dickens Group,"1227 Goss Ave, Louisville, KY, 40217",Maizie Jensen,"612 W 8th St, New Albany, IN, 47150",Sales,Louisville,9.9,12/30/1899 11:47:00 AM
"Bernhard, MacGyver and Dickinson","2129 Speed Ave, Louisville, KY, 40205",Maizie Jensen,"612 W 8th St, New Albany, IN, 47150",Sales,Louisville,11.4,12/30/1899 8:17:00 AM
Funk-Kub,"1938 Frankfort Ave, Louisville, KY, 40206",Maizie Jensen,"612 W 8th St, New Albany, IN, 47150",Sales,Louisville,8.3,12/30/1899 9:23:00 AM
Wilkinson-Maggio,"7116 Windham Pkwy, Louisville, KY, 40202",Maizie Jensen,"612 W 8th St, New Albany, IN, 47150",Sales,Louisville,16.6,12/30/1899 12:42:00 PM
Weissnat LLC,"9300 Shelbyville Rd, Louisville, KY, 40222",Maizie Jensen,"612 W 8th St, New Albany, IN, 47150",Sales,Louisville,16.8,12/30/1899 2:52:00 PM
Ward-Nienow,"1523 Baxter Ave, Louisville, KY, 40205",Maizie Jensen,"612 W 8th St, New Albany, IN, 47150",Sales,Louisville,11,12/30/1899 4:08:00 PM
"Sporer, Brekke and Hoppe","3206 Preston Hwy, Louisville, KY, 40213",Maizie Jensen,"612 W 8th St, New Albany, IN, 47150",Sales,Louisville,11,12/30/1899 5:06:00 PM
"Stark, Rowe and Kassulke","130 Rochester Dr, Louisville, KY, 40214",Maizie Jensen,"612 W 8th St, New Albany, IN, 47150",Sales,Louisville,14.5,12/30/1899 9:41:00 AM
Bernier Inc,"12619 Saxony Park Cir, Louisville, KY, 40299",Maizie Jensen,"612 W 8th St, New Albany, IN, 47150",Sales,Louisville,23.6,12/30/1899 9:35:00 AM
Bernier Inc,"12619 Saxony Park Cir, Louisville, KY, 40299",Maizie Jensen,"612 W 8th St, New Albany, IN, 47150",Sales,Louisville,23.6,12/30/1899 8:07:00 AM
Pacocha-Gleason,"5908 Bardstown Rd, Louisville, KY, 40291",Maizie Jensen,"612 W 8th St, New Albany, IN, 47150",Sales,Louisville,20.7,12/30/1899 4:36:00 PM
"Auer, Haag and Yost","11405 Park Rd, Louisville, KY, 40223",Maizie Jensen,"612 W 8th St, New Albany, IN, 47150",Sales,Louisville,19.4,12/30/1899 3:34:00 PM
Bernier-Stokes,"5743 Preston Hwy, Louisville, KY, 40219",Maizie Jensen,"612 W 8th St, New Albany, IN, 47150",Sales,Louisville,14.8,12/30/1899 3:13:00 PM
"Greenholt, Quitzon and Wyman","3406 Frankfort Ave, Louisville, KY, 40207",Maizie Jensen,"612 W 8th St, New Albany, IN, 47150",Sales,Louisville,11,12/30/1899 9:13:00 AM
Yundt-Bergstrom,"9612 Taylorsville Rd Ste 1f, Louisville, KY, 40299",Maizie Jensen,"612 W 8th St, New Albany, IN, 47150",Sales,Louisville,18.2,12/30/1899 11:12:00 AM
Schamberger and Sons,"10367 Dixie Hwy, Louisville, KY, 40272",Maizie Jensen,"612 W 8th St, New Albany, IN, 47150",Sales,Louisville,16.2,12/30/1899 2:09:00 PM
Schamberger and Sons,"10367 Dixie Hwy, Louisville, KY, 40272",Maizie Jensen,"612 W 8th St, New Albany, IN, 47150",Sales,Louisville,16.2,12/30/1899 5:21:00 PM
Stokes Group,"6060 Dutchmans Ln Ste 320, Louisville, KY, 40205",Maizie Jensen,"612 W 8th St, New Albany, IN, 47150",Sales,Louisville,13.2,12/30/1899 12:26:00 PM
Marquardt-Romaguera,"2720 Cannons Ln, Louisville, KY, 40205",Maizie Jensen,"612 W 8th St, New Albany, IN, 47150",Sales,Louisville,12.3,12/30/1899 3:41:00 PM
Marquardt-Romaguera,"2720 Cannons Ln, Louisville, KY, 40205",Maizie Jensen,"612 W 8th St, New Albany, IN, 47150",Sales,Louisville,12.3,12/30/1899 9:08:00 AM
"Lynch, Jast and Lebsack","406 Blankenbaker Pkwy Ste C2, Louisville, KY, 40243",Maizie Jensen,"612 W 8th St, New Albany, IN, 47150",Sales,Louisville,19.3,12/30/1899 10:31:00 AM
Hills-Morar,"4165 Westport Rd Ste 201, Louisville, KY, 40207",Maizie Jensen,"612 W 8th St, New Albany, IN, 47150",Sales,Louisville,13.7,12/30/1899 5:42:00 PM
"Wunsch, Thompson and Powlowski","5433 New Cut Rd, Louisville, KY, 40214",Maizie Jensen,"612 W 8th St, New Albany, IN, 47150",Sales,Louisville,14.2,12/30/1899 4:11:00 PM
"O'Conner, Jast and Mann","6708 Shepherdsville Rd, Louisville, KY, 40228",Maizie Jensen,"612 W 8th St, New Albany, IN, 47150",Sales,Louisville,18,12/30/1899 1:39:00 PM
Harvey-Nicolas,"6801 Dixie Hwy, Louisville, KY, 40258",Maizie Jensen,"612 W 8th St, New Albany, IN, 47150",Sales,Louisville,12.6,12/30/1899 3:09:00 PM
Harvey-Nicolas,"6801 Dixie Hwy, Louisville, KY, 40258",Maizie Jensen,"612 W 8th St, New Albany, IN, 47150",Sales,Louisville,12.6,12/30/1899 5:58:00 PM
Torphy LLC,"13200 Complete Ct, Louisville, KY, 40223",Maizie Jensen,"612 W 8th St, New Albany, IN, 47150",Sales,Louisville,24,12/30/1899 4:16:00 PM
Batz-Padberg,"10330 Venado Dr, Louisville, KY, 40291",Maizie Jensen,"612 W 8th St, New Albany, IN, 47150",Sales,Louisville,26.6,12/30/1899 11:18:00 AM
Kassulke Group,"4251 Outer Loop, Louisville, KY, 40219",Maizie Jensen,"612 W 8th St, New Albany, IN, 47150",Sales,Louisville,17.7,12/30/1899 11:00:00 AM
"Roob, Koepp and Zieme","151 Chenoweth Ln, Louisville, KY, 40207",Maizie Jensen,"612 W 8th St, New Albany, IN, 47150",Sales,Louisville,12.1,12/30/1899 2:31:00 PM
"Roob, Koepp and Zieme","151 Chenoweth Ln, Louisville, KY, 40207",Maizie Jensen,"612 W 8th St, New Albany, IN, 47150",Sales,Louisville,12.1,12/30/1899 3:30:00 PM
McKenzie-Price,"11517 Shelbyville Rd, Louisville, KY, 40243",Maizie Jensen,"612 W 8th St, New Albany, IN, 47150",Sales,Louisville,19.9,12/30/1899 9:13:00 AM
"Reichel, Hickle and Williamson","5427 Bardstown Rd, Louisville, KY, 40291",Mylee Boyer,"401 N Sherwood Ave, Clarksville, IN, 47129",Sales,Louisville,16.6,12/30/1899 11:45:00 AM
Senger-Beatty,"7520 Preston Hwy, Louisville, KY, 40219",Mylee Boyer,"401 N Sherwood Ave, Clarksville, IN, 47129",Sales,Louisville,14.2,12/30/1899 5:36:00 PM
Klein-Hettinger,"325 W Market St, Louisville, KY, 40202",Mylee Boyer,"401 N Sherwood Ave, Clarksville, IN, 47129",Sales,Louisville,3.6,12/30/1899 3:24:00 PM
Klein-Hettinger,"325 W Market St, Louisville, KY, 40202",Mylee Boyer,"401 N Sherwood Ave, Clarksville, IN, 47129",Sales,Louisville,3.6,12/30/1899 4:31:00 PM
Bednar-Fahey,"1923 Woodbourne Ave, Louisville, KY, 40205",Mylee Boyer,"401 N Sherwood Ave, Clarksville, IN, 47129",Sales,Louisville,8.1,12/30/1899 5:17:00 PM
Thiel LLC,"1757 Frankfort Ave Suite 102, Louisville, KY, 40206",Mylee Boyer,"401 N Sherwood Ave, Clarksville, IN, 47129",Sales,Louisville,4.5,12/30/1899 4:34:00 PM
Wolf-Kirlin,"7403 Saint Andrews Church Rd, Louisville, KY, 40214",Mylee Boyer,"401 N Sherwood Ave, Clarksville, IN, 47129",Sales,Louisville,15.4,12/30/1899 2:32:00 PM
Wolf-Kirlin,"7403 Saint Andrews Church Rd, Louisville, KY, 40214",Mylee Boyer,"401 N Sherwood Ave, Clarksville, IN, 47129",Sales,Louisville,15.4,12/30/1899 10:13:00 AM
Lebsack-Hartmann,"4411 Peregrine Pl, Louisville, KY, 40241",Mylee Boyer,"401 N Sherwood Ave, Clarksville, IN, 47129",Sales,Louisville,16.6,12/30/1899 11:50:00 AM
"Hintz, Dooley and Marquardt","626 W Main St Ste 500, Louisville, KY, 40202",Mylee Boyer,"401 N Sherwood Ave, Clarksville, IN, 47129",Sales,Louisville,4.8,12/30/1899 8:07:00 AM
Olson-Sipes,"8312 Preston Hwy, Louisville, KY, 40219",Mylee Boyer,"401 N Sherwood Ave, Clarksville, IN, 47129",Sales,Louisville,14.6,12/30/1899 4:48:00 PM
Gerhold and Sons,"5203 Dixie Hwy, Louisville, KY, 40216",Mylee Boyer,"401 N Sherwood Ave, Clarksville, IN, 47129",Sales,Louisville,15.6,12/30/1899 11:24:00 AM
"Parisian, Nolan and Wyman","508 Executive Park, Louisville, KY, 40207",Mylee Boyer,"401 N Sherwood Ave, Clarksville, IN, 47129",Sales,Louisville,11.8,12/30/1899 8:07:00 AM
"Parisian, Nolan and Wyman","508 Executive Park, Louisville, KY, 40207",Mylee Boyer,"401 N Sherwood Ave, Clarksville, IN, 47129",Sales,Louisville,11.8,12/30/1899 2:25:00 PM
Gutkowski Group,"1233 Goss Ave Ste 15, Louisville, KY, 40217",Mylee Boyer,"401 N Sherwood Ave, Clarksville, IN, 47129",Sales,Louisville,6.6,12/30/1899 1:01:00 PM
Gutkowski Group,"1233 Goss Ave Ste 15, Louisville, KY, 40217",Mylee Boyer,"401 N Sherwood Ave, Clarksville, IN, 47129",Sales,Louisville,6.6,12/30/1899 4:31:00 PM
"Maggio, Carter and Grady","5454 New Cut Rd Ste 2, Louisville, KY, 40214",Mylee Boyer,"401 N Sherwood Ave, Clarksville, IN, 47129",Sales,Louisville,15.3,12/30/1899 9:26:00 AM
Jones-Blanda,"401 W Main St Ste 1500, Louisville, KY, 40202",Mylee Boyer,"401 N Sherwood Ave, Clarksville, IN, 47129",Sales,Louisville,5.1,12/30/1899 9:30:00 AM
"Gutkowski, Kassulke and Kuhic","11605 Shelbyville Rd, Louisville, KY, 40243",Mylee Boyer,"401 N Sherwood Ave, Clarksville, IN, 47129",Sales,Louisville,16.6,12/30/1899 5:28:00 PM
Vandervort-Franecki,"8706 Bayberry Pl, Louisville, KY, 40242",Mylee Boyer,"401 N Sherwood Ave, Clarksville, IN, 47129",Sales,Louisville,13.2,12/30/1899 1:46:00 PM
Ullrich-Bogisich,"1004 Brookline Ave, Louisville, KY, 40215",Mylee Boyer,"401 N Sherwood Ave, Clarksville, IN, 47129",Sales,Louisville,12.6,12/30/1899 10:10:00 AM
"Leffler, Jacobi and Renner","7255 Leisure Ct, Louisville, KY, 40229",Mylee Boyer,"401 N Sherwood Ave, Clarksville, IN, 47129",Sales,Louisville,18.4,12/30/1899 9:31:00 AM
Frami-Bednar,"3715 Bardstown Rd, Louisville, KY, 40218",Mylee Boyer,"401 N Sherwood Ave, Clarksville, IN, 47129",Sales,Louisville,13.6,12/30/1899 11:01:00 AM
Kassulke and Sons,"3793 Poplar Level Rd, Louisville, KY, 40213",Mylee Boyer,"401 N Sherwood Ave, Clarksville, IN, 47129",Sales,Louisville,9.2,12/30/1899 10:31:00 AM
Kessler-Wuckert,"2200 Greene Way, Louisville, KY, 40220",Mylee Boyer,"401 N Sherwood Ave, Clarksville, IN, 47129",Sales,Louisville,14.3,12/30/1899 8:37:00 AM
"Klocko, Schamberger and Balistreri","716 E Market St, Louisville, KY, 40202",Mylee Boyer,"401 N Sherwood Ave, Clarksville, IN, 47129",Sales,Louisville,4.7,12/30/1899 2:16:00 PM
Lesch and Sons,"2915 Frankfort Ave, Louisville, KY, 40206",Mylee Boyer,"401 N Sherwood Ave, Clarksville, IN, 47129",Sales,Louisville,6.7,12/30/1899 12:00:00 PM
"Spencer, Hansen and Kilback","9901 Linn Station Rd, Louisville, KY, 40223",Mylee Boyer,"401 N Sherwood Ave, Clarksville, IN, 47129",Sales,Louisville,13.2,12/30/1899 9:40:00 AM
"Shields, Wiza and Rosenbaum","2911 S Hurstbourne Pkwy, Louisville, KY, 40220",Mylee Boyer,"401 N Sherwood Ave, Clarksville, IN, 47129",Sales,Louisville,14.5,12/30/1899 11:28:00 AM
Lang-Upton,"3810 Shepherdsville Rd, Louisville, KY, 40218",Mylee Boyer,"401 N Sherwood Ave, Clarksville, IN, 47129",Sales,Louisville,13.2,12/30/1899 5:58:00 PM
"Olson, Doyle and O'Connell","9127 Galene Dr, Louisville, KY, 40299",Mylee Boyer,"401 N Sherwood Ave, Clarksville, IN, 47129",Sales,Louisville,15.4,12/30/1899 2:30:00 PM
DuBuque-Donnelly,"11906 Longview Farm Dr, Louisville, KY, 40299",Mylee Boyer,"401 N Sherwood Ave, Clarksville, IN, 47129",Sales,Louisville,24.1,12/30/1899 3:22:00 PM
Funk-Kub,"1938 Frankfort Ave, Louisville, KY, 40206",Mylee Boyer,"401 N Sherwood Ave, Clarksville, IN, 47129",Sales,Louisville,4.8,12/30/1899 11:29:00 AM
Wilkinson-Maggio,"7116 Windham Pkwy, Louisville, KY, 40202",Mylee Boyer,"401 N Sherwood Ave, Clarksville, IN, 47129",Sales,Louisville,13.1,12/30/1899 4:54:00 PM
Fay Group,"1205 E Washington St, Suite 118b, Louisville, KY, 40206",Mylee Boyer,"401 N Sherwood Ave, Clarksville, IN, 47129",Sales,Louisville,4.9,12/30/1899 12:44:00 PM
Reichert Inc,"3624b S Hurstbourne Pkwy, Louisville, KY, 40299",Mylee Boyer,"401 N Sherwood Ave, Clarksville, IN, 47129",Sales,Louisville,15.4,12/30/1899 9:21:00 AM
Walker and Sons,"3101 Bardstown Rd, Louisville, KY, 40205",Mylee Boyer,"401 N Sherwood Ave, Clarksville, IN, 47129",Sales,Louisville,12.6,12/30/1899 10:08:00 AM
Ward-Nienow,"1523 Baxter Ave, Louisville, KY, 40205",Mylee Boyer,"401 N Sherwood Ave, Clarksville, IN, 47129",Sales,Louisville,7.5,12/30/1899 9:28:00 AM
"Sporer, Brekke and Hoppe","3206 Preston Hwy, Louisville, KY, 40213",Mylee Boyer,"401 N Sherwood Ave, Clarksville, IN, 47129",Sales,Louisville,7.8,12/30/1899 11:31:00 AM
"Barton, Nader and Rath","3840 Ruckriegel Pkwy Ste 100, Louisville, KY, 40299",Mylee Boyer,"401 N Sherwood Ave, Clarksville, IN, 47129",Sales,Louisville,16.3,12/30/1899 1:40:00 PM
"Barton, Nader and Rath","3840 Ruckriegel Pkwy Ste 100, Louisville, KY, 40299",Mylee Boyer,"401 N Sherwood Ave, Clarksville, IN, 47129",Sales,Louisville,16.3,12/30/1899 5:06:00 PM
"Bashirian, Herzog and Cremin","3030 Hunsinger Ln, Louisville, KY, 40220",Mylee Boyer,"401 N Sherwood Ave, Clarksville, IN, 47129",Sales,Louisville,12.5,12/30/1899 4:10:00 PM
"Kertzmann, Abernathy and Jakubowski","5908 Bardstown Rd Ste B, Louisville, KY, 40291",Mylee Boyer,"401 N Sherwood Ave, Clarksville, IN, 47129",Sales,Louisville,17.2,12/30/1899 8:29:00 AM
Pacocha-Gleason,"5908 Bardstown Rd, Louisville, KY, 40291",Mylee Boyer,"401 N Sherwood Ave, Clarksville, IN, 47129",Sales,Louisville,17.2,12/30/1899 4:20:00 PM
"Greenholt, Quitzon and Wyman","3406 Frankfort Ave, Louisville, KY, 40207",Mylee Boyer,"401 N Sherwood Ave, Clarksville, IN, 47129",Sales,Louisville,7.6,12/30/1899 11:58:00 AM
Yundt-Bergstrom,"9612 Taylorsville Rd Ste 1f, Louisville, KY, 40299",Mylee Boyer,"401 N Sherwood Ave, Clarksville, IN, 47129",Sales,Louisville,14.7,12/30/1899 4:17:00 PM
Armstrong-Cummings,"1003 N Dupont Sq STE 9A, Louisville, KY, 40207",Mylee Boyer,"401 N Sherwood Ave, Clarksville, IN, 47129",Sales,Louisville,10.1,12/30/1899 1:58:00 PM
Harber Inc,"204 S Floyd St, Louisville, KY, 40202",Mylee Boyer,"401 N Sherwood Ave, Clarksville, IN, 47129",Sales,Louisville,4.3,12/30/1899 3:26:00 PM
Hills-Morar,"4165 Westport Rd Ste 201, Louisville, KY, 40207",Mylee Boyer,"401 N Sherwood Ave, Clarksville, IN, 47129",Sales,Louisville,10.2,12/30/1899 5:41:00 PM
Hills-Morar,"4165 Westport Rd Ste 201, Louisville, KY, 40207",Mylee Boyer,"401 N Sherwood Ave, Clarksville, IN, 47129",Sales,Louisville,10.2,12/30/1899 11:01:00 AM
"Rath, Bergnaum and Morar","4229 Bardstown Rd, Louisville, KY, 40218",Mylee Boyer,"401 N Sherwood Ave, Clarksville, IN, 47129",Sales,Louisville,15,12/30/1899 3:23:00 PM
Torphy LLC,"13200 Complete Ct, Louisville, KY, 40223",Mylee Boyer,"401 N Sherwood Ave, Clarksville, IN, 47129",Sales,Louisville,20.5,12/30/1899 5:28:00 PM
Kassulke Group,"4251 Outer Loop, Louisville, KY, 40219",Mylee Boyer,"401 N Sherwood Ave, Clarksville, IN, 47129",Sales,Louisville,14.5,12/30/1899 4:41:00 PM
Kassulke Group,"4251 Outer Loop, Louisville, KY, 40219",Mylee Boyer,"401 N Sherwood Ave, Clarksville, IN, 47129",Sales,Louisville,14.5,12/30/1899 2:29:00 PM
Kassulke Group,"4251 Outer Loop, Louisville, KY, 40219",Mylee Boyer,"401 N Sherwood Ave, Clarksville, IN, 47129",Sales,Louisville,14.5,12/30/1899 3:17:00 PM
"Roob, Koepp and Zieme","151 Chenoweth Ln, Louisville, KY, 40207",Mylee Boyer,"401 N Sherwood Ave, Clarksville, IN, 47129",Sales,Louisville,8.9,12/30/1899 9:54:00 AM
"Roob, Koepp and Zieme","151 Chenoweth Ln, Louisville, KY, 40207",Mylee Boyer,"401 N Sherwood Ave, Clarksville, IN, 47129",Sales,Louisville,8.9,12/30/1899 9:20:00 AM
"Grimes, Howe and Denesik","3865 Produce Rd, Louisville, KY, 40218",Mylee Boyer,"401 N Sherwood Ave, Clarksville, IN, 47129",Sales,Louisville,11.7,12/30/1899 11:20:00 AM
Heidenreich-Hahn,"9810 3rd Street Rd, Louisville, KY, 40272",Pauline Espinoza,"2404 Seneca Valley Rd, Louisville, KY, 40205",IT,Louisville,21.3,12/30/1899 5:07:00 PM
"Kreiger, Witting and Lesch","9007 Galene Dr, Louisville, KY, 40299",Pauline Espinoza,"2404 Seneca Valley Rd, Louisville, KY, 40205",IT,Louisville,6,12/30/1899 10:30:00 AM
Mann LLC,"10434 Shelbyville Rd, Louisville, KY, 40223",Pauline Espinoza,"2404 Seneca Valley Rd, Louisville, KY, 40205",IT,Louisville,7.8,12/30/1899 3:20:00 PM
"Parisian, Nolan and Wyman","508 Executive Park, Louisville, KY, 40207",Pauline Espinoza,"2404 Seneca Valley Rd, Louisville, KY, 40205",IT,Louisville,5.4,12/30/1899 10:19:00 AM
"Parisian, Nolan and Wyman","508 Executive Park, Louisville, KY, 40207",Pauline Espinoza,"2404 Seneca Valley Rd, Louisville, KY, 40205",IT,Louisville,5.4,12/30/1899 3:46:00 PM
Gutkowski Group,"1233 Goss Ave Ste 15, Louisville, KY, 40217",Pauline Espinoza,"2404 Seneca Valley Rd, Louisville, KY, 40205",IT,Louisville,4,12/30/1899 11:48:00 AM
Adams-Leuschke,"3701 Taylorsville Rd, Louisville, KY, 40220",Pauline Espinoza,"2404 Seneca Valley Rd, Louisville, KY, 40205",IT,Louisville,2,12/30/1899 2:18:00 PM
"Thompson, McCullough and Kulas","3401 College Dr, Louisville, KY, 40299",Pauline Espinoza,"2404 Seneca Valley Rd, Louisville, KY, 40205",IT,Louisville,6.9,12/30/1899 3:28:00 PM
"Bailey, Satterfield and Yundt","1730 W Chestnut St, Louisville, KY, 40203",Pauline Espinoza,"2404 Seneca Valley Rd, Louisville, KY, 40205",IT,Louisville,10.4,12/30/1899 1:34:00 PM
"Bernhard, Nitzsche and Olson","2307 River Rd Ste 100, Louisville, KY, 40206",Pauline Espinoza,"2404 Seneca Valley Rd, Louisville, KY, 40205",IT,Louisville,5.2,12/30/1899 5:56:00 PM
"Bernhard, Nitzsche and Olson","2307 River Rd Ste 100, Louisville, KY, 40206",Pauline Espinoza,"2404 Seneca Valley Rd, Louisville, KY, 40205",IT,Louisville,5.2,12/30/1899 10:22:00 AM
Frami-Bednar,"3715 Bardstown Rd, Louisville, KY, 40218",Pauline Espinoza,"2404 Seneca Valley Rd, Louisville, KY, 40205",IT,Louisville,3.1,12/30/1899 1:02:00 PM
Reichel-Dicki,"5751 Preston Hwy Ste 106, Louisville, KY, 40219",Pauline Espinoza,"2404 Seneca Valley Rd, Louisville, KY, 40205",IT,Louisville,9.2,12/30/1899 11:25:00 AM
"Mante, Mueller and Hegmann","13010 Factory Ln, Louisville, KY, 40245",Pauline Espinoza,"2404 Seneca Valley Rd, Louisville, KY, 40205",IT,Louisville,15.9,12/30/1899 3:12:00 PM
O'Connell-Crona,"9814 Taylorsville Rd, Louisville, KY, 40299",Pauline Espinoza,"2404 Seneca Valley Rd, Louisville, KY, 40205",IT,Louisville,6.4,12/30/1899 5:41:00 PM
Toy-Fisher,"3832 Taylorsville Rd, Louisville, KY, 40220",Pauline Espinoza,"2404 Seneca Valley Rd, Louisville, KY, 40205",IT,Louisville,3.5,12/30/1899 1:56:00 PM
"Effertz, Runolfsson and Breitenberg","1850 S Hurstbourne Pkwy Ste 131, Louisville, KY, 40220",Pauline Espinoza,"2404 Seneca Valley Rd, Louisville, KY, 40205",IT,Louisville,5.6,12/30/1899 3:13:00 PM
"Koch, Bayer and Kautzer","2616 Bardstown Rd, Louisville, KY, 40205",Pauline Espinoza,"2404 Seneca Valley Rd, Louisville, KY, 40205",IT,Louisville,1.2,12/30/1899 3:13:00 PM
"Spencer, Hansen and Kilback","9901 Linn Station Rd, Louisville, KY, 40223",Pauline Espinoza,"2404 Seneca Valley Rd, Louisville, KY, 40205",IT,Louisville,7,12/30/1899 3:37:00 PM
"Shields, Wiza and Rosenbaum","2911 S Hurstbourne Pkwy, Louisville, KY, 40220",Pauline Espinoza,"2404 Seneca Valley Rd, Louisville, KY, 40205",IT,Louisville,5.7,12/30/1899 3:07:00 PM
"Parker, Gorczany and Jerde","156 N Hurstbourne Pkwy, Louisville, KY, 40222",Pauline Espinoza,"2404 Seneca Valley Rd, Louisville, KY, 40205",IT,Louisville,7.1,12/30/1899 1:26:00 PM
"Franecki, Bergnaum and Bartell","6501 Shepherdsville Rd Ste 119, Louisville, KY, 40228",Pauline Espinoza,"2404 Seneca Valley Rd, Louisville, KY, 40205",IT,Louisville,6.2,12/30/1899 10:52:00 AM
Lakin-Block,"400 W Market St Ste 2400, Louisville, KY, 40202",Pauline Espinoza,"2404 Seneca Valley Rd, Louisville, KY, 40205",IT,Louisville,8.8,12/30/1899 8:52:00 AM
Labadie-Reichel,"9301 Saint Moritz Dr, Louisville, KY, 40291",Pauline Espinoza,"2404 Seneca Valley Rd, Louisville, KY, 40205",IT,Louisville,8.5,12/30/1899 1:15:00 PM
Labadie-Reichel,"9301 Saint Moritz Dr, Louisville, KY, 40291",Pauline Espinoza,"2404 Seneca Valley Rd, Louisville, KY, 40205",IT,Louisville,8.5,12/30/1899 3:10:00 PM
Kuhlman and Sons,"1961 Brownsboro Rd, Louisville, KY, 40206",Pauline Espinoza,"2404 Seneca Valley Rd, Louisville, KY, 40205",IT,Louisville,4,12/30/1899 4:43:00 PM
Funk-Kub,"1938 Frankfort Ave, Louisville, KY, 40206",Pauline Espinoza,"2404 Seneca Valley Rd, Louisville, KY, 40205",IT,Louisville,3.9,12/30/1899 1:47:00 PM
Weissnat LLC,"9300 Shelbyville Rd, Louisville, KY, 40222",Pauline Espinoza,"2404 Seneca Valley Rd, Louisville, KY, 40205",IT,Louisville,7,12/30/1899 1:04:00 PM
Weissnat LLC,"9300 Shelbyville Rd, Louisville, KY, 40222",Pauline Espinoza,"2404 Seneca Valley Rd, Louisville, KY, 40205",IT,Louisville,7,12/30/1899 8:19:00 AM
Walker and Sons,"3101 Bardstown Rd, Louisville, KY, 40205",Pauline Espinoza,"2404 Seneca Valley Rd, Louisville, KY, 40205",IT,Louisville,1.6,12/30/1899 4:39:00 PM
Walker and Sons,"3101 Bardstown Rd, Louisville, KY, 40205",Pauline Espinoza,"2404 Seneca Valley Rd, Louisville, KY, 40205",IT,Louisville,1.6,12/30/1899 10:01:00 AM
"Mayert, Murphy and Schuster","6608 Bardstown Rd Ste C, Louisville, KY, 40291",Pauline Espinoza,"2404 Seneca Valley Rd, Louisville, KY, 40205",IT,Louisville,8.8,12/30/1899 3:36:00 PM
Sipes Inc,"4965 Us Highway 42 Ste 1000, Louisville, KY, 40222",Pauline Espinoza,"2404 Seneca Valley Rd, Louisville, KY, 40205",IT,Louisville,7.4,12/30/1899 1:45:00 PM
"Barton, Nader and Rath","3840 Ruckriegel Pkwy Ste 100, Louisville, KY, 40299",Pauline Espinoza,"2404 Seneca Valley Rd, Louisville, KY, 40205",IT,Louisville,7.7,12/30/1899 9:59:00 AM
"Barton, Nader and Rath","3840 Ruckriegel Pkwy Ste 100, Louisville, KY, 40299",Pauline Espinoza,"2404 Seneca Valley Rd, Louisville, KY, 40205",IT,Louisville,7.7,12/30/1899 8:49:00 AM
"Bashirian, Herzog and Cremin","3030 Hunsinger Ln, Louisville, KY, 40220",Pauline Espinoza,"2404 Seneca Valley Rd, Louisville, KY, 40205",IT,Louisville,3.3,12/30/1899 5:05:00 PM
"Stark, Rowe and Kassulke","130 Rochester Dr, Louisville, KY, 40214",Pauline Espinoza,"2404 Seneca Valley Rd, Louisville, KY, 40205",IT,Louisville,10.9,12/30/1899 4:23:00 PM
Homenick and Sons,"5520 Fern Valley Rd Ste 110, Louisville, KY, 40228",Pauline Espinoza,"2404 Seneca Valley Rd, Louisville, KY, 40205",IT,Louisville,6.2,12/30/1899 8:11:00 AM
Mann-Schowalter,"3831 Ruckriegel Pkwy, Louisville, KY, 40299",Pauline Espinoza,"2404 Seneca Valley Rd, Louisville, KY, 40205",IT,Louisville,7.7,12/30/1899 11:37:00 AM
Grant Group,"4175 Westport Rd, Louisville, KY, 40207",Pauline Espinoza,"2404 Seneca Valley Rd, Louisville, KY, 40205",IT,Louisville,3.5,12/30/1899 9:27:00 AM
"Will, Jacobi and Casper","600 Dr Martin Luther King Pl, Louisville, KY, 40202",Pauline Espinoza,"2404 Seneca Valley Rd, Louisville, KY, 40205",IT,Louisville,5.7,12/30/1899 9:12:00 AM
Batz-Padberg,"10330 Venado Dr, Louisville, KY, 40291",Pauline Espinoza,"2404 Seneca Valley Rd, Louisville, KY, 40205",IT,Louisville,10.2,12/30/1899 3:23:00 PM
Batz-Padberg,"10330 Venado Dr, Louisville, KY, 40291",Pauline Espinoza,"2404 Seneca Valley Rd, Louisville, KY, 40205",IT,Louisville,10.2,12/30/1899 8:16:00 AM
Kassulke Group,"4251 Outer Loop, Louisville, KY, 40219",Pauline Espinoza,"2404 Seneca Valley Rd, Louisville, KY, 40205",IT,Louisville,12.3,12/30/1899 8:13:00 AM
"Grimes, Howe and Denesik","3865 Produce Rd, Louisville, KY, 40218",Pauline Espinoza,"2404 Seneca Valley Rd, Louisville, KY, 40205",IT,Louisville,7.3,12/30/1899 5:20:00 PM
Senger-Beatty,"7520 Preston Hwy, Louisville, KY, 40219",Manon Downes,"3202 Young Ave, Louisville, KY, 40211",Sales,Louisville,14.7,12/30/1899 1:35:00 PM
"Herzog, Bogisich and Beatty","2843 Brownsboro Rd, Louisville, KY, 40257",Manon Downes,"3202 Young Ave, Louisville, KY, 40211",Sales,Louisville,11.2,12/30/1899 3:08:00 PM
Klein-Hettinger,"325 W Market St, Louisville, KY, 40202",Manon Downes,"3202 Young Ave, Louisville, KY, 40211",Sales,Louisville,4.6,12/30/1899 12:26:00 PM
Heidenreich-Hahn,"9810 3rd Street Rd, Louisville, KY, 40272",Manon Downes,"3202 Young Ave, Louisville, KY, 40211",Sales,Louisville,10.6,12/30/1899 10:01:00 AM
Lebsack Inc,"1205 E Washington St Ste 120, Louisville, KY, 40206",Manon Downes,"3202 Young Ave, Louisville, KY, 40211",Sales,Louisville,10.2,12/30/1899 2:39:00 PM
Bednar-Fahey,"1923 Woodbourne Ave, Louisville, KY, 40205",Manon Downes,"3202 Young Ave, Louisville, KY, 40211",Sales,Louisville,13.3,12/30/1899 11:23:00 AM
Reinger Inc,"1426 Lincoln Ave, Louisville, KY, 40213",Manon Downes,"3202 Young Ave, Louisville, KY, 40211",Sales,Louisville,11,12/30/1899 2:09:00 PM
Wolf-Kirlin,"7403 Saint Andrews Church Rd, Louisville, KY, 40214",Manon Downes,"3202 Young Ave, Louisville, KY, 40211",Sales,Louisville,6.9,12/30/1899 1:42:00 PM
Wolf-Kirlin,"7403 Saint Andrews Church Rd, Louisville, KY, 40214",Manon Downes,"3202 Young Ave, Louisville, KY, 40211",Sales,Louisville,6.9,12/30/1899 5:03:00 PM
"Kreiger, Witting and Lesch","9007 Galene Dr, Louisville, KY, 40299",Manon Downes,"3202 Young Ave, Louisville, KY, 40211",Sales,Louisville,19.1,12/30/1899 12:30:00 PM
"Kreiger, Witting and Lesch","9007 Galene Dr, Louisville, KY, 40299",Manon Downes,"3202 Young Ave, Louisville, KY, 40211",Sales,Louisville,19.1,12/30/1899 11:11:00 AM
Gerhold and Sons,"5203 Dixie Hwy, Louisville, KY, 40216",Manon Downes,"3202 Young Ave, Louisville, KY, 40211",Sales,Louisville,6.7,12/30/1899 12:15:00 PM
Trantow Group,"10110 Dixie Hwy, Louisville, KY, 40272",Manon Downes,"3202 Young Ave, Louisville, KY, 40211",Sales,Louisville,12.1,12/30/1899 10:14:00 AM
Trantow Group,"10110 Dixie Hwy, Louisville, KY, 40272",Manon Downes,"3202 Young Ave, Louisville, KY, 40211",Sales,Louisville,12.1,12/30/1899 5:38:00 PM
"Parisian, Nolan and Wyman","508 Executive Park, Louisville, KY, 40207",Manon Downes,"3202 Young Ave, Louisville, KY, 40211",Sales,Louisville,16.9,12/30/1899 4:28:00 PM
Johns-Beier,"462 S 4th St, Louisville, KY, 40202",Manon Downes,"3202 Young Ave, Louisville, KY, 40211",Sales,Louisville,4.2,12/30/1899 10:48:00 AM
"Dickens, Leuschke and Zemlak","4111 Champions Trace Ln, Louisville, KY, 40218",Manon Downes,"3202 Young Ave, Louisville, KY, 40211",Sales,Louisville,12.9,12/30/1899 1:20:00 PM
Strosin Inc,"4550 Poplar Level Rd, Louisville, KY, 40213",Manon Downes,"3202 Young Ave, Louisville, KY, 40211",Sales,Louisville,12,12/30/1899 10:54:00 AM
Jones-Blanda,"401 W Main St Ste 1500, Louisville, KY, 40202",Manon Downes,"3202 Young Ave, Louisville, KY, 40211",Sales,Louisville,4.5,12/30/1899 3:51:00 PM
"Renner, Turner and Schulist","450 Downes Ter, Louisville, KY, 40214",Manon Downes,"3202 Young Ave, Louisville, KY, 40211",Sales,Louisville,9.9,12/30/1899 4:40:00 PM
Vandervort-Franecki,"8706 Bayberry Pl, Louisville, KY, 40242",Manon Downes,"3202 Young Ave, Louisville, KY, 40211",Sales,Louisville,18.3,12/30/1899 4:15:00 PM
Pfannerstill-Steuber,"2920 Brownsboro Rd Ste B, Louisville, KY, 40206",Manon Downes,"3202 Young Ave, Louisville, KY, 40211",Sales,Louisville,11.3,12/30/1899 3:51:00 PM
Frami-Bednar,"3715 Bardstown Rd, Louisville, KY, 40218",Manon Downes,"3202 Young Ave, Louisville, KY, 40211",Sales,Louisville,14,12/30/1899 9:55:00 AM
"Hudson, MacGyver and Ritchie","306 Middletown Park Pl, Louisville, KY, 40243",Manon Downes,"3202 Young Ave, Louisville, KY, 40211",Sales,Louisville,22.5,12/30/1899 2:52:00 PM
Feil-Kassulke,"2805 N Hurstbourne Pkwy, Louisville, KY, 40223",Manon Downes,"3202 Young Ave, Louisville, KY, 40211",Sales,Louisville,19.6,12/30/1899 12:43:00 PM
"Mante, Mueller and Hegmann","13010 Factory Ln, Louisville, KY, 40245",Manon Downes,"3202 Young Ave, Louisville, KY, 40211",Sales,Louisville,23.2,12/30/1899 3:24:00 PM
O'Connell-Crona,"9814 Taylorsville Rd, Louisville, KY, 40299",Manon Downes,"3202 Young Ave, Louisville, KY, 40211",Sales,Louisville,20.1,12/30/1899 2:00:00 PM
Marvin-Hand,"11501 Main St, Louisville, KY, 40243",Manon Downes,"3202 Young Ave, Louisville, KY, 40211",Sales,Louisville,21.4,12/30/1899 1:06:00 PM
Schultz-Miller,"1800 W Jefferson St, Louisville, KY, 40203",Manon Downes,"3202 Young Ave, Louisville, KY, 40211",Sales,Louisville,3.1,12/30/1899 1:40:00 PM
"Franecki, Bergnaum and Bartell","6501 Shepherdsville Rd Ste 119, Louisville, KY, 40228",Manon Downes,"3202 Young Ave, Louisville, KY, 40211",Sales,Louisville,15.2,12/30/1899 9:05:00 AM
"Franecki, Bergnaum and Bartell","6501 Shepherdsville Rd Ste 119, Louisville, KY, 40228",Manon Downes,"3202 Young Ave, Louisville, KY, 40211",Sales,Louisville,15.2,12/30/1899 2:46:00 PM
"Bernhard, MacGyver and Dickinson","2129 Speed Ave, Louisville, KY, 40205",Manon Downes,"3202 Young Ave, Louisville, KY, 40211",Sales,Louisville,7.9,12/30/1899 8:40:00 AM
DuBuque-Donnelly,"11906 Longview Farm Dr, Louisville, KY, 40299",Manon Downes,"3202 Young Ave, Louisville, KY, 40211",Sales,Louisville,24.5,12/30/1899 10:51:00 AM
Kuhlman and Sons,"1961 Brownsboro Rd, Louisville, KY, 40206",Manon Downes,"3202 Young Ave, Louisville, KY, 40211",Sales,Louisville,10,12/30/1899 11:24:00 AM
Wilkinson-Maggio,"7116 Windham Pkwy, Louisville, KY, 40202",Manon Downes,"3202 Young Ave, Louisville, KY, 40211",Sales,Louisville,18.2,12/30/1899 5:46:00 PM
Fay Group,"1205 E Washington St, Suite 118b, Louisville, KY, 40206",Manon Downes,"3202 Young Ave, Louisville, KY, 40211",Sales,Louisville,10.2,12/30/1899 9:41:00 AM
"Bashirian, Herzog and Cremin","3030 Hunsinger Ln, Louisville, KY, 40220",Manon Downes,"3202 Young Ave, Louisville, KY, 40211",Sales,Louisville,16.4,12/30/1899 10:45:00 AM
"Kertzmann, Abernathy and Jakubowski","5908 Bardstown Rd Ste B, Louisville, KY, 40291",Manon Downes,"3202 Young Ave, Louisville, KY, 40211",Sales,Louisville,18.6,12/30/1899 10:42:00 AM
"Kertzmann, Abernathy and Jakubowski","5908 Bardstown Rd Ste B, Louisville, KY, 40291",Manon Downes,"3202 Young Ave, Louisville, KY, 40211",Sales,Louisville,18.6,12/30/1899 11:46:00 AM
"Stark, Rowe and Kassulke","130 Rochester Dr, Louisville, KY, 40214",Manon Downes,"3202 Young Ave, Louisville, KY, 40211",Sales,Louisville,9.6,12/30/1899 4:20:00 PM
Bernier-Stokes,"5743 Preston Hwy, Louisville, KY, 40219",Manon Downes,"3202 Young Ave, Louisville, KY, 40211",Sales,Louisville,12,12/30/1899 1:35:00 PM
Bernier-Stokes,"5743 Preston Hwy, Louisville, KY, 40219",Manon Downes,"3202 Young Ave, Louisville, KY, 40211",Sales,Louisville,12,12/30/1899 5:18:00 PM
Eichmann LLC,"2533 Broadmeade Rd, Louisville, KY, 40205",Manon Downes,"3202 Young Ave, Louisville, KY, 40211",Sales,Louisville,14,12/30/1899 3:18:00 PM
Christiansen Group,"2113 W Broadway, Louisville, KY, 40203",Manon Downes,"3202 Young Ave, Louisville, KY, 40211",Sales,Louisville,2.2,12/30/1899 8:47:00 AM
Christiansen Group,"2113 W Broadway, Louisville, KY, 40203",Manon Downes,"3202 Young Ave, Louisville, KY, 40211",Sales,Louisville,2.2,12/30/1899 1:22:00 PM
Stokes Group,"6060 Dutchmans Ln Ste 320, Louisville, KY, 40205",Manon Downes,"3202 Young Ave, Louisville, KY, 40211",Sales,Louisville,15.6,12/30/1899 3:03:00 PM
Schumm-Mohr,"7900 Shelbyville Rd Ste F01, Louisville, KY, 40222",Manon Downes,"3202 Young Ave, Louisville, KY, 40211",Sales,Louisville,17.1,12/30/1899 10:51:00 AM
"Harvey, Rippin and Lebsack","7215 Vaughn Mill Rd, Louisville, KY, 40228",Manon Downes,"3202 Young Ave, Louisville, KY, 40211",Sales,Louisville,19.1,12/30/1899 8:14:00 AM
Grant Group,"4175 Westport Rd, Louisville, KY, 40207",Manon Downes,"3202 Young Ave, Louisville, KY, 40211",Sales,Louisville,15.4,12/30/1899 12:48:00 PM
Vandervort-Hackett,"4208 Bishop Ln, Louisville, KY, 40218",Manon Downes,"3202 Young Ave, Louisville, KY, 40211",Sales,Louisville,12,12/30/1899 1:35:00 PM
"Predovic, Trantow and Towne","806 Stone Creek Pkwy Ste 7, Louisville, KY, 40223",Manon Downes,"3202 Young Ave, Louisville, KY, 40211",Sales,Louisville,18.7,12/30/1899 2:01:00 PM
"Stroman, D'Amore and Romaguera","707 Exmoor Ave, Louisville, KY, 40223",Manon Downes,"3202 Young Ave, Louisville, KY, 40211",Sales,Louisville,20.2,12/30/1899 2:42:00 PM
Hills-Morar,"4165 Westport Rd Ste 201, Louisville, KY, 40207",Manon Downes,"3202 Young Ave, Louisville, KY, 40211",Sales,Louisville,15.3,12/30/1899 3:43:00 PM
"O'Conner, Jast and Mann","6708 Shepherdsville Rd, Louisville, KY, 40228",Manon Downes,"3202 Young Ave, Louisville, KY, 40211",Sales,Louisville,15.2,12/30/1899 1:10:00 PM
Torphy LLC,"13200 Complete Ct, Louisville, KY, 40223",Manon Downes,"3202 Young Ave, Louisville, KY, 40211",Sales,Louisville,25.7,12/30/1899 4:48:00 PM
Kassulke Group,"4251 Outer Loop, Louisville, KY, 40219",Manon Downes,"3202 Young Ave, Louisville, KY, 40211",Sales,Louisville,14.9,12/30/1899 12:23:00 PM
"Grimes, Howe and Denesik","3865 Produce Rd, Louisville, KY, 40218",Manon Downes,"3202 Young Ave, Louisville, KY, 40211",Sales,Louisville,12.1,12/30/1899 3:49:00 PM
"Grimes, Howe and Denesik","3865 Produce Rd, Louisville, KY, 40218",Manon Downes,"3202 Young Ave, Louisville, KY, 40211",Sales,Louisville,12.1,12/30/1899 1:23:00 PM
McKenzie-Price,"11517 Shelbyville Rd, Louisville, KY, 40243",Manon Downes,"3202 Young Ave, Louisville, KY, 40211",Sales,Louisville,21.6,12/30/1899 4:28:00 PM
"Harvey, Roob and Hills","2024 Brownsboro Rd, Louisville, KY, 40206",Manon Downes,"3202 Young Ave, Louisville, KY, 40211",Sales,Louisville,10.2,12/30/1899 3:13:00 PM
"Reichel, Hickle and Williamson","5427 Bardstown Rd, Louisville, KY, 40291",Mared Hensley,"3605 Alameter Dr, Louisville, KY, 40258",Sales,Louisville,17.7,12/30/1899 4:08:00 PM
Lebsack Inc,"1205 E Washington St Ste 120, Louisville, KY, 40206",Mared Hensley,"3605 Alameter Dr, Louisville, KY, 40258",Sales,Louisville,11.5,12/30/1899 8:21:00 AM
Flatley-Schmitt,"107 S 4th St Ste 200, Louisville, KY, 40202",Mared Hensley,"3605 Alameter Dr, Louisville, KY, 40258",Sales,Louisville,9.8,12/30/1899 12:14:00 PM
"Kreiger, Witting and Lesch","9007 Galene Dr, Louisville, KY, 40299",Mared Hensley,"3605 Alameter Dr, Louisville, KY, 40258",Sales,Louisville,17.2,12/30/1899 12:42:00 PM
"Hintz, Dooley and Marquardt","626 W Main St Ste 500, Louisville, KY, 40202",Mared Hensley,"3605 Alameter Dr, Louisville, KY, 40258",Sales,Louisville,9.6,12/30/1899 3:44:00 PM
Strosin Inc,"4550 Poplar Level Rd, Louisville, KY, 40213",Mared Hensley,"3605 Alameter Dr, Louisville, KY, 40258",Sales,Louisville,10.1,12/30/1899 8:48:00 AM
Jones-Blanda,"401 W Main St Ste 1500, Louisville, KY, 40202",Mared Hensley,"3605 Alameter Dr, Louisville, KY, 40258",Sales,Louisville,9.8,12/30/1899 3:32:00 PM
"Hartmann, Rutherford and Nader","8250 Watterson Trl, Louisville, KY, 40299",Mared Hensley,"3605 Alameter Dr, Louisville, KY, 40258",Sales,Louisville,15.6,12/30/1899 11:52:00 AM
Schmeler and Sons,"201 E Jefferson St, Louisville, KY, 40202",Mared Hensley,"3605 Alameter Dr, Louisville, KY, 40258",Sales,Louisville,12.5,12/30/1899 1:23:00 PM
"Wisoky, Heathcote and Cummings","2916 Frankfort Ave, Louisville, KY, 40206",Mared Hensley,"3605 Alameter Dr, Louisville, KY, 40258",Sales,Louisville,16.6,12/30/1899 1:54:00 PM
"Bernhard, Nitzsche and Olson","2307 River Rd Ste 100, Louisville, KY, 40206",Mared Hensley,"3605 Alameter Dr, Louisville, KY, 40258",Sales,Louisville,16.6,12/30/1899 9:07:00 AM
Mertz Group,"2600 W Broadway, Louisville, KY, 40211",Mared Hensley,"3605 Alameter Dr, Louisville, KY, 40258",Sales,Louisville,10.7,12/30/1899 5:27:00 PM
Frami-Bednar,"3715 Bardstown Rd, Louisville, KY, 40218",Mared Hensley,"3605 Alameter Dr, Louisville, KY, 40258",Sales,Louisville,12.1,12/30/1899 11:43:00 AM
Reichel-Dicki,"5751 Preston Hwy Ste 106, Louisville, KY, 40219",Mared Hensley,"3605 Alameter Dr, Louisville, KY, 40258",Sales,Louisville,9.9,12/30/1899 12:44:00 PM
Feil-Kassulke,"2805 N Hurstbourne Pkwy, Louisville, KY, 40223",Mared Hensley,"3605 Alameter Dr, Louisville, KY, 40258",Sales,Louisville,19.6,12/30/1899 11:17:00 AM
"Mante, Mueller and Hegmann","13010 Factory Ln, Louisville, KY, 40245",Mared Hensley,"3605 Alameter Dr, Louisville, KY, 40258",Sales,Louisville,26.4,12/30/1899 1:58:00 PM
O'Connell-Crona,"9814 Taylorsville Rd, Louisville, KY, 40299",Mared Hensley,"3605 Alameter Dr, Louisville, KY, 40258",Sales,Louisville,17.5,12/30/1899 5:01:00 PM
O'Connell-Crona,"9814 Taylorsville Rd, Louisville, KY, 40299",Mared Hensley,"3605 Alameter Dr, Louisville, KY, 40258",Sales,Louisville,17.5,12/30/1899 10:56:00 AM
Kessler-Wuckert,"2200 Greene Way, Louisville, KY, 40220",Mared Hensley,"3605 Alameter Dr, Louisville, KY, 40258",Sales,Louisville,16.9,12/30/1899 10:07:00 AM
Toy-Fisher,"3832 Taylorsville Rd, Louisville, KY, 40220",Mared Hensley,"3605 Alameter Dr, Louisville, KY, 40258",Sales,Louisville,14.1,12/30/1899 11:34:00 AM
"Klocko, Schamberger and Balistreri","716 E Market St, Louisville, KY, 40202",Mared Hensley,"3605 Alameter Dr, Louisville, KY, 40258",Sales,Louisville,13,12/30/1899 12:57:00 PM
O'Kon and Sons,"3510 Stony Brook Dr, Louisville, KY, 40299",Mared Hensley,"3605 Alameter Dr, Louisville, KY, 40258",Sales,Louisville,17.4,12/30/1899 12:10:00 PM
Bogan-Feil,"2823 Alta Vista Ct, Louisville, KY, 40206",Mared Hensley,"3605 Alameter Dr, Louisville, KY, 40258",Sales,Louisville,15.5,12/30/1899 1:48:00 PM
"Parker, Gorczany and Jerde","156 N Hurstbourne Pkwy, Louisville, KY, 40222",Mared Hensley,"3605 Alameter Dr, Louisville, KY, 40258",Sales,Louisville,17.7,12/30/1899 9:56:00 AM
Lang-Upton,"3810 Shepherdsville Rd, Louisville, KY, 40218",Mared Hensley,"3605 Alameter Dr, Louisville, KY, 40258",Sales,Louisville,11.7,12/30/1899 9:17:00 AM
Gislason-Sporer,"312 S 4th St Ste 700, Louisville, KY, 40202",Mared Hensley,"3605 Alameter Dr, Louisville, KY, 40258",Sales,Louisville,9.7,12/30/1899 5:22:00 PM
Marvin-Hand,"11501 Main St, Louisville, KY, 40243",Mared Hensley,"3605 Alameter Dr, Louisville, KY, 40258",Sales,Louisville,20.6,12/30/1899 3:23:00 PM
Christiansen-Wiegand,"1841 Taylor Ave, Louisville, KY, 40213",Mared Hensley,"3605 Alameter Dr, Louisville, KY, 40258",Sales,Louisville,9.4,12/30/1899 4:43:00 PM
"Bernhard, MacGyver and Dickinson","2129 Speed Ave, Louisville, KY, 40205",Mared Hensley,"3605 Alameter Dr, Louisville, KY, 40258",Sales,Louisville,12.4,12/30/1899 5:02:00 PM
Wilkinson-Maggio,"7116 Windham Pkwy, Louisville, KY, 40202",Mared Hensley,"3605 Alameter Dr, Louisville, KY, 40258",Sales,Louisville,22.6,12/30/1899 5:12:00 PM
Fay Group,"1205 E Washington St, Suite 118b, Louisville, KY, 40206",Mared Hensley,"3605 Alameter Dr, Louisville, KY, 40258",Sales,Louisville,13.7,12/30/1899 1:17:00 PM
Weissnat LLC,"9300 Shelbyville Rd, Louisville, KY, 40222",Mared Hensley,"3605 Alameter Dr, Louisville, KY, 40258",Sales,Louisville,17.5,12/30/1899 1:30:00 PM
Goyette-Bergstrom,"13201 Data Vault Dr, Louisville, KY, 40223",Mared Hensley,"3605 Alameter Dr, Louisville, KY, 40258",Sales,Louisville,22.9,12/30/1899 2:34:00 PM
"Mayert, Murphy and Schuster","6608 Bardstown Rd Ste C, Louisville, KY, 40291",Mared Hensley,"3605 Alameter Dr, Louisville, KY, 40258",Sales,Louisville,16.4,12/30/1899 12:55:00 PM
Sipes Inc,"4965 Us Highway 42 Ste 1000, Louisville, KY, 40222",Mared Hensley,"3605 Alameter Dr, Louisville, KY, 40258",Sales,Louisville,18,12/30/1899 3:37:00 PM
Bernier Inc,"12619 Saxony Park Cir, Louisville, KY, 40299",Mared Hensley,"3605 Alameter Dr, Louisville, KY, 40258",Sales,Louisville,22.2,12/30/1899 3:53:00 PM
Pacocha-Gleason,"5908 Bardstown Rd, Louisville, KY, 40291",Mared Hensley,"3605 Alameter Dr, Louisville, KY, 40258",Sales,Louisville,17.1,12/30/1899 12:13:00 PM
Powlowski-Swaniawski,"2163 Watterson Trl, Louisville, KY, 40299",Mared Hensley,"3605 Alameter Dr, Louisville, KY, 40258",Sales,Louisville,19.6,12/30/1899 4:14:00 PM
Armstrong-Cummings,"1003 N Dupont Sq STE 9A, Louisville, KY, 40207",Mared Hensley,"3605 Alameter Dr, Louisville, KY, 40258",Sales,Louisville,13.7,12/30/1899 1:08:00 PM
Schumm-Mohr,"7900 Shelbyville Rd Ste F01, Louisville, KY, 40222",Mared Hensley,"3605 Alameter Dr, Louisville, KY, 40258",Sales,Louisville,16.2,12/30/1899 1:58:00 PM
Marquardt-Romaguera,"2720 Cannons Ln, Louisville, KY, 40205",Mared Hensley,"3605 Alameter Dr, Louisville, KY, 40258",Sales,Louisville,13.2,12/30/1899 10:15:00 AM
Grant Group,"4175 Westport Rd, Louisville, KY, 40207",Mared Hensley,"3605 Alameter Dr, Louisville, KY, 40258",Sales,Louisville,17.3,12/30/1899 8:43:00 AM
Runte Inc,"205 Nob Hill Ln, Louisville, KY, 40206",Mared Hensley,"3605 Alameter Dr, Louisville, KY, 40258",Sales,Louisville,15.3,12/30/1899 4:16:00 PM
Runte Inc,"205 Nob Hill Ln, Louisville, KY, 40206",Mared Hensley,"3605 Alameter Dr, Louisville, KY, 40258",Sales,Louisville,15.3,12/30/1899 3:35:00 PM
Runte Inc,"205 Nob Hill Ln, Louisville, KY, 40206",Mared Hensley,"3605 Alameter Dr, Louisville, KY, 40258",Sales,Louisville,15.3,12/30/1899 5:59:00 PM
Hills-Morar,"4165 Westport Rd Ste 201, Louisville, KY, 40207",Mared Hensley,"3605 Alameter Dr, Louisville, KY, 40258",Sales,Louisville,17.4,12/30/1899 12:45:00 PM
"Wunsch, Thompson and Powlowski","5433 New Cut Rd, Louisville, KY, 40214",Mared Hensley,"3605 Alameter Dr, Louisville, KY, 40258",Sales,Louisville,3.2,12/30/1899 11:55:00 AM
Paucek LLC,"9501 Taylorsville Rd, Louisville, KY, 40299",Mared Hensley,"3605 Alameter Dr, Louisville, KY, 40258",Sales,Louisville,17,12/30/1899 11:49:00 AM
Kassulke Group,"4251 Outer Loop, Louisville, KY, 40219",Mared Hensley,"3605 Alameter Dr, Louisville, KY, 40258",Sales,Louisville,9.6,12/30/1899 11:16:00 AM
"Roob, Koepp and Zieme","151 Chenoweth Ln, Louisville, KY, 40207",Mared Hensley,"3605 Alameter Dr, Louisville, KY, 40258",Sales,Louisville,15.3,12/30/1899 5:39:00 PM
McKenzie-Price,"11517 Shelbyville Rd, Louisville, KY, 40243",Mared Hensley,"3605 Alameter Dr, Louisville, KY, 40258",Sales,Louisville,20.8,12/30/1899 2:10:00 PM
"Reichel, Hickle and Williamson","5427 Bardstown Rd, Louisville, KY, 40291",Reuben Espinosa,"3922 S 5th St, Louisville, KY, 40214",Sales,Louisville,11.2,12/30/1899 10:24:00 AM
"Herzog, Bogisich and Beatty","2843 Brownsboro Rd, Louisville, KY, 40257",Reuben Espinosa,"3922 S 5th St, Louisville, KY, 40214",Sales,Louisville,8.8,12/30/1899 1:42:00 PM
"Herzog, Bogisich and Beatty","2843 Brownsboro Rd, Louisville, KY, 40257",Reuben Espinosa,"3922 S 5th St, Louisville, KY, 40214",Sales,Louisville,8.8,12/30/1899 12:12:00 PM
Moen-Streich,"5120 Dixie Hwy, Louisville, KY, 40216",Reuben Espinosa,"3922 S 5th St, Louisville, KY, 40214",Sales,Louisville,4.8,12/30/1899 3:41:00 PM
"Quigley, Ward and Gorczany","330 Baxter Ave, Louisville, KY, 40204",Reuben Espinosa,"3922 S 5th St, Louisville, KY, 40214",Sales,Louisville,6.1,12/30/1899 3:54:00 PM
"Maggio, Carter and Grady","5454 New Cut Rd Ste 2, Louisville, KY, 40214",Reuben Espinosa,"3922 S 5th St, Louisville, KY, 40214",Sales,Louisville,3.9,12/30/1899 3:50:00 PM
Jones-Blanda,"401 W Main St Ste 1500, Louisville, KY, 40202",Reuben Espinosa,"3922 S 5th St, Louisville, KY, 40214",Sales,Louisville,7.2,12/30/1899 5:10:00 PM
Jones-Blanda,"401 W Main St Ste 1500, Louisville, KY, 40202",Reuben Espinosa,"3922 S 5th St, Louisville, KY, 40214",Sales,Louisville,7.2,12/30/1899 1:47:00 PM
"Renner, Turner and Schulist","450 Downes Ter, Louisville, KY, 40214",Reuben Espinosa,"3922 S 5th St, Louisville, KY, 40214",Sales,Louisville,3.7,12/30/1899 1:46:00 PM
"Gutkowski, Kassulke and Kuhic","11605 Shelbyville Rd, Louisville, KY, 40243",Reuben Espinosa,"3922 S 5th St, Louisville, KY, 40214",Sales,Louisville,14.7,12/30/1899 9:50:00 AM
Vandervort-Franecki,"8706 Bayberry Pl, Louisville, KY, 40242",Reuben Espinosa,"3922 S 5th St, Louisville, KY, 40214",Sales,Louisville,13.5,12/30/1899 12:02:00 PM
Schmeler and Sons,"201 E Jefferson St, Louisville, KY, 40202",Reuben Espinosa,"3922 S 5th St, Louisville, KY, 40214",Sales,Louisville,5.3,12/30/1899 3:57:00 PM
Schmeler and Sons,"201 E Jefferson St, Louisville, KY, 40202",Reuben Espinosa,"3922 S 5th St, Louisville, KY, 40214",Sales,Louisville,5.3,12/30/1899 4:25:00 PM
"Cormier, Walsh and Torphy","2001 Hikes Ln, Louisville, KY, 40218",Reuben Espinosa,"3922 S 5th St, Louisville, KY, 40214",Sales,Louisville,6.8,12/30/1899 10:07:00 AM
"Cormier, Walsh and Torphy","2001 Hikes Ln, Louisville, KY, 40218",Reuben Espinosa,"3922 S 5th St, Louisville, KY, 40214",Sales,Louisville,6.8,12/30/1899 3:52:00 PM
"Thompson, McCullough and Kulas","3401 College Dr, Louisville, KY, 40299",Reuben Espinosa,"3922 S 5th St, Louisville, KY, 40214",Sales,Louisville,13.3,12/30/1899 9:51:00 AM
Pfannerstill-Steuber,"2920 Brownsboro Rd Ste B, Louisville, KY, 40206",Reuben Espinosa,"3922 S 5th St, Louisville, KY, 40214",Sales,Louisville,8.9,12/30/1899 12:01:00 PM
"Bernhard, Nitzsche and Olson","2307 River Rd Ste 100, Louisville, KY, 40206",Reuben Espinosa,"3922 S 5th St, Louisville, KY, 40214",Sales,Louisville,9.4,12/30/1899 4:36:00 PM
Mertz Group,"2600 W Broadway, Louisville, KY, 40211",Reuben Espinosa,"3922 S 5th St, Louisville, KY, 40214",Sales,Louisville,5.5,12/30/1899 5:39:00 PM
"Greenholt, Hoeger and O'Reilly","5314 Bardstown Rd, Louisville, KY, 40291",Reuben Espinosa,"3922 S 5th St, Louisville, KY, 40214",Sales,Louisville,11.2,12/30/1899 4:46:00 PM
Frami-Bednar,"3715 Bardstown Rd, Louisville, KY, 40218",Reuben Espinosa,"3922 S 5th St, Louisville, KY, 40214",Sales,Louisville,7.3,12/30/1899 10:29:00 AM
Reichel-Dicki,"5751 Preston Hwy Ste 106, Louisville, KY, 40219",Reuben Espinosa,"3922 S 5th St, Louisville, KY, 40214",Sales,Louisville,5.1,12/30/1899 9:49:00 AM
Kessler-Wuckert,"2200 Greene Way, Louisville, KY, 40220",Reuben Espinosa,"3922 S 5th St, Louisville, KY, 40214",Sales,Louisville,12.1,12/30/1899 1:02:00 PM
Toy-Fisher,"3832 Taylorsville Rd, Louisville, KY, 40220",Reuben Espinosa,"3922 S 5th St, Louisville, KY, 40214",Sales,Louisville,9.3,12/30/1899 8:59:00 AM
Volkman-Gleichner,"4957 S 3rd St, Louisville, KY, 40214",Reuben Espinosa,"3922 S 5th St, Louisville, KY, 40214",Sales,Louisville,1.7,12/30/1899 2:03:00 PM
"Koch, Bayer and Kautzer","2616 Bardstown Rd, Louisville, KY, 40205",Reuben Espinosa,"3922 S 5th St, Louisville, KY, 40214",Sales,Louisville,7.1,12/30/1899 10:34:00 AM
Lebsack-King,"7912 Fegenbush Ln, Louisville, KY, 40228",Reuben Espinosa,"3922 S 5th St, Louisville, KY, 40214",Sales,Louisville,14.1,12/30/1899 9:02:00 AM
Gusikowski and Sons,"2222 W Jefferson St, Louisville, KY, 40212",Reuben Espinosa,"3922 S 5th St, Louisville, KY, 40214",Sales,Louisville,5.7,12/30/1899 12:48:00 PM
"Shields, Wiza and Rosenbaum","2911 S Hurstbourne Pkwy, Louisville, KY, 40220",Reuben Espinosa,"3922 S 5th St, Louisville, KY, 40214",Sales,Louisville,12.5,12/30/1899 9:41:00 AM
Lang-Upton,"3810 Shepherdsville Rd, Louisville, KY, 40218",Reuben Espinosa,"3922 S 5th St, Louisville, KY, 40214",Sales,Louisville,6.9,12/30/1899 4:51:00 PM
Christiansen-Wiegand,"1841 Taylor Ave, Louisville, KY, 40213",Reuben Espinosa,"3922 S 5th St, Louisville, KY, 40214",Sales,Louisville,4.6,12/30/1899 10:33:00 AM
Labadie-Reichel,"9301 Saint Moritz Dr, Louisville, KY, 40291",Reuben Espinosa,"3922 S 5th St, Louisville, KY, 40214",Sales,Louisville,12.3,12/30/1899 9:29:00 AM
Labadie-Reichel,"9301 Saint Moritz Dr, Louisville, KY, 40291",Reuben Espinosa,"3922 S 5th St, Louisville, KY, 40214",Sales,Louisville,12.3,12/30/1899 8:49:00 AM
DuBuque-Donnelly,"11906 Longview Farm Dr, Louisville, KY, 40299",Reuben Espinosa,"3922 S 5th St, Louisville, KY, 40214",Sales,Louisville,17.8,12/30/1899 12:52:00 PM
DuBuque-Donnelly,"11906 Longview Farm Dr, Louisville, KY, 40299",Reuben Espinosa,"3922 S 5th St, Louisville, KY, 40214",Sales,Louisville,17.8,12/30/1899 12:56:00 PM
DuBuque-Donnelly,"11906 Longview Farm Dr, Louisville, KY, 40299",Reuben Espinosa,"3922 S 5th St, Louisville, KY, 40214",Sales,Louisville,17.8,12/30/1899 3:11:00 PM
Haley-Dietrich,"2400 7th Street Rd, Louisville, KY, 40208",Reuben Espinosa,"3922 S 5th St, Louisville, KY, 40214",Sales,Louisville,2.3,12/30/1899 1:15:00 PM
Reichert Inc,"3624b S Hurstbourne Pkwy, Louisville, KY, 40299",Reuben Espinosa,"3922 S 5th St, Louisville, KY, 40214",Sales,Louisville,12,12/30/1899 11:58:00 AM
Ward-Nienow,"1523 Baxter Ave, Louisville, KY, 40205",Reuben Espinosa,"3922 S 5th St, Louisville, KY, 40214",Sales,Louisville,4.4,12/30/1899 10:23:00 AM
Boyer-Hagenes,"6200 Dutchmans Ln Ste 305, Louisville, KY, 40205",Reuben Espinosa,"3922 S 5th St, Louisville, KY, 40214",Sales,Louisville,8.8,12/30/1899 1:08:00 PM
"Sporer, Brekke and Hoppe","3206 Preston Hwy, Louisville, KY, 40213",Reuben Espinosa,"3922 S 5th St, Louisville, KY, 40214",Sales,Louisville,3.1,12/30/1899 8:00:00 AM
"Barton, Nader and Rath","3840 Ruckriegel Pkwy Ste 100, Louisville, KY, 40299",Reuben Espinosa,"3922 S 5th St, Louisville, KY, 40214",Sales,Louisville,14.1,12/30/1899 3:59:00 PM
Bernier Inc,"12619 Saxony Park Cir, Louisville, KY, 40299",Reuben Espinosa,"3922 S 5th St, Louisville, KY, 40214",Sales,Louisville,19.7,12/30/1899 3:36:00 PM
Pacocha-Gleason,"5908 Bardstown Rd, Louisville, KY, 40291",Reuben Espinosa,"3922 S 5th St, Louisville, KY, 40214",Sales,Louisville,11.9,12/30/1899 4:14:00 PM
Stokes Group,"6060 Dutchmans Ln Ste 320, Louisville, KY, 40205",Reuben Espinosa,"3922 S 5th St, Louisville, KY, 40214",Sales,Louisville,8.9,12/30/1899 5:34:00 PM
Homenick and Sons,"5520 Fern Valley Rd Ste 110, Louisville, KY, 40228",Reuben Espinosa,"3922 S 5th St, Louisville, KY, 40214",Sales,Louisville,8.5,12/30/1899 1:40:00 PM
Marquardt-Romaguera,"2720 Cannons Ln, Louisville, KY, 40205",Reuben Espinosa,"3922 S 5th St, Louisville, KY, 40214",Sales,Louisville,8.4,12/30/1899 3:55:00 PM
Grant Group,"4175 Westport Rd, Louisville, KY, 40207",Reuben Espinosa,"3922 S 5th St, Louisville, KY, 40214",Sales,Louisville,12.5,12/30/1899 5:18:00 PM
Grant Group,"4175 Westport Rd, Louisville, KY, 40207",Reuben Espinosa,"3922 S 5th St, Louisville, KY, 40214",Sales,Louisville,12.5,12/30/1899 8:43:00 AM
Botsford Group,"129 Evergreen Rd, Louisville, KY, 40243",Reuben Espinosa,"3922 S 5th St, Louisville, KY, 40214",Sales,Louisville,15.4,12/30/1899 12:24:00 PM
Harvey-Nicolas,"6801 Dixie Hwy, Louisville, KY, 40258",Reuben Espinosa,"3922 S 5th St, Louisville, KY, 40214",Sales,Louisville,5.9,12/30/1899 2:30:00 PM
Torphy LLC,"13200 Complete Ct, Louisville, KY, 40223",Reuben Espinosa,"3922 S 5th St, Louisville, KY, 40214",Sales,Louisville,20.1,12/30/1899 1:18:00 PM
Lehner and Sons,"107 Fairmeade Rd, Louisville, KY, 40207",Reuben Espinosa,"3922 S 5th St, Louisville, KY, 40214",Sales,Louisville,11,12/30/1899 2:29:00 PM
"Grimes, Howe and Denesik","3865 Produce Rd, Louisville, KY, 40218",Reuben Espinosa,"3922 S 5th St, Louisville, KY, 40214",Sales,Louisville,5.4,12/30/1899 1:09:00 PM
"Mueller, Heidenreich and Jakubowski","4500 Bowling Blvd Ste 100, Louisville, KY, 40207",Ruben Bond,"123 Mills Dr, Louisville, KY, 40216",IT,Louisville,14.8,12/30/1899 1:00:00 PM
"Herzog, Bogisich and Beatty","2843 Brownsboro Rd, Louisville, KY, 40257",Ruben Bond,"123 Mills Dr, Louisville, KY, 40216",IT,Louisville,16.1,12/30/1899 8:48:00 AM
Moen-Streich,"5120 Dixie Hwy, Louisville, KY, 40216",Ruben Bond,"123 Mills Dr, Louisville, KY, 40216",IT,Louisville,1.3,12/30/1899 10:31:00 AM
Heidenreich-Hahn,"9810 3rd Street Rd, Louisville, KY, 40272",Ruben Bond,"123 Mills Dr, Louisville, KY, 40216",IT,Louisville,3.9,12/30/1899 8:26:00 AM
Gerhold and Sons,"5203 Dixie Hwy, Louisville, KY, 40216",Ruben Bond,"123 Mills Dr, Louisville, KY, 40216",IT,Louisville,1.1,12/30/1899 5:45:00 PM
Gerhold and Sons,"5203 Dixie Hwy, Louisville, KY, 40216",Ruben Bond,"123 Mills Dr, Louisville, KY, 40216",IT,Louisville,1.1,12/30/1899 2:14:00 PM
"Parisian, Nolan and Wyman","508 Executive Park, Louisville, KY, 40207",Ruben Bond,"123 Mills Dr, Louisville, KY, 40216",IT,Louisville,16.1,12/30/1899 8:15:00 AM
"Maggio, Carter and Grady","5454 New Cut Rd Ste 2, Louisville, KY, 40214",Ruben Bond,"123 Mills Dr, Louisville, KY, 40216",IT,Louisville,3.6,12/30/1899 2:42:00 PM
Jones-Blanda,"401 W Main St Ste 1500, Louisville, KY, 40202",Ruben Bond,"123 Mills Dr, Louisville, KY, 40216",IT,Louisville,10.1,12/30/1899 3:41:00 PM
Baumbach and Sons,"12484 La Grange Rd, Louisville, KY, 40245",Ruben Bond,"123 Mills Dr, Louisville, KY, 40216",IT,Louisville,26.7,12/30/1899 11:50:00 AM
Vandervort-Franecki,"8706 Bayberry Pl, Louisville, KY, 40242",Ruben Bond,"123 Mills Dr, Louisville, KY, 40216",IT,Louisville,18.4,12/30/1899 8:15:00 AM
Vandervort-Franecki,"8706 Bayberry Pl, Louisville, KY, 40242",Ruben Bond,"123 Mills Dr, Louisville, KY, 40216",IT,Louisville,18.4,12/30/1899 5:58:00 PM
"Wisoky, Heathcote and Cummings","2916 Frankfort Ave, Louisville, KY, 40206",Ruben Bond,"123 Mills Dr, Louisville, KY, 40216",IT,Louisville,16.7,12/30/1899 9:34:00 AM
"Cormier, Walsh and Torphy","2001 Hikes Ln, Louisville, KY, 40218",Ruben Bond,"123 Mills Dr, Louisville, KY, 40216",IT,Louisville,11.7,12/30/1899 9:42:00 AM
"Thompson, McCullough and Kulas","3401 College Dr, Louisville, KY, 40299",Ruben Bond,"123 Mills Dr, Louisville, KY, 40216",IT,Louisville,18.2,12/30/1899 10:21:00 AM
Wiza and Sons,"974 Breckenridge Ln, Louisville, KY, 40207",Ruben Bond,"123 Mills Dr, Louisville, KY, 40216",IT,Louisville,13.6,12/30/1899 9:54:00 AM
"Bailey, Satterfield and Yundt","1730 W Chestnut St, Louisville, KY, 40203",Ruben Bond,"123 Mills Dr, Louisville, KY, 40216",IT,Louisville,10.3,12/30/1899 11:03:00 AM
"Bernhard, Nitzsche and Olson","2307 River Rd Ste 100, Louisville, KY, 40206",Ruben Bond,"123 Mills Dr, Louisville, KY, 40216",IT,Louisville,16.7,12/30/1899 4:04:00 PM
Simonis Inc,"2600 W Broadway Ste 102, Louisville, KY, 40211",Ruben Bond,"123 Mills Dr, Louisville, KY, 40216",IT,Louisville,9.7,12/30/1899 5:45:00 PM
"White, Mertz and Quigley","12611 Shelbyville Rd, Louisville, KY, 40243",Ruben Bond,"123 Mills Dr, Louisville, KY, 40216",IT,Louisville,20.9,12/30/1899 3:08:00 PM
"White, Mertz and Quigley","12611 Shelbyville Rd, Louisville, KY, 40243",Ruben Bond,"123 Mills Dr, Louisville, KY, 40216",IT,Louisville,20.9,12/30/1899 12:41:00 PM
Frami-Bednar,"3715 Bardstown Rd, Louisville, KY, 40218",Ruben Bond,"123 Mills Dr, Louisville, KY, 40216",IT,Louisville,12.2,12/30/1899 9:16:00 AM
"Hudson, MacGyver and Ritchie","306 Middletown Park Pl, Louisville, KY, 40243",Ruben Bond,"123 Mills Dr, Louisville, KY, 40216",IT,Louisville,20.4,12/30/1899 11:58:00 AM
Feil-Kassulke,"2805 N Hurstbourne Pkwy, Louisville, KY, 40223",Ruben Bond,"123 Mills Dr, Louisville, KY, 40216",IT,Louisville,19.7,12/30/1899 2:22:00 PM
"Effertz, Runolfsson and Breitenberg","1850 S Hurstbourne Pkwy Ste 131, Louisville, KY, 40220",Ruben Bond,"123 Mills Dr, Louisville, KY, 40216",IT,Louisville,17.8,12/30/1899 8:27:00 AM
"Parker, Gorczany and Jerde","156 N Hurstbourne Pkwy, Louisville, KY, 40222",Ruben Bond,"123 Mills Dr, Louisville, KY, 40216",IT,Louisville,17.7,12/30/1899 3:16:00 PM
Gislason-Sporer,"312 S 4th St Ste 700, Louisville, KY, 40202",Ruben Bond,"123 Mills Dr, Louisville, KY, 40216",IT,Louisville,12.5,12/30/1899 2:24:00 PM
Marvin-Hand,"11501 Main St, Louisville, KY, 40243",Ruben Bond,"123 Mills Dr, Louisville, KY, 40216",IT,Louisville,20.7,12/30/1899 2:19:00 PM
Schultz-Miller,"1800 W Jefferson St, Louisville, KY, 40203",Ruben Bond,"123 Mills Dr, Louisville, KY, 40216",IT,Louisville,10.2,12/30/1899 1:02:00 PM
Schultz-Miller,"1800 W Jefferson St, Louisville, KY, 40203",Ruben Bond,"123 Mills Dr, Louisville, KY, 40216",IT,Louisville,10.2,12/30/1899 4:38:00 PM
"Franecki, Bergnaum and Bartell","6501 Shepherdsville Rd Ste 119, Louisville, KY, 40228",Ruben Bond,"123 Mills Dr, Louisville, KY, 40216",IT,Louisville,13.4,12/30/1899 11:41:00 AM
Christiansen-Wiegand,"1841 Taylor Ave, Louisville, KY, 40213",Ruben Bond,"123 Mills Dr, Louisville, KY, 40216",IT,Louisville,9.5,12/30/1899 3:56:00 PM
Dickens Group,"1227 Goss Ave, Louisville, KY, 40217",Ruben Bond,"123 Mills Dr, Louisville, KY, 40216",IT,Louisville,11.3,12/30/1899 4:45:00 PM
Wilkinson-Maggio,"7116 Windham Pkwy, Louisville, KY, 40202",Ruben Bond,"123 Mills Dr, Louisville, KY, 40216",IT,Louisville,22.7,12/30/1899 11:51:00 AM
Fay Group,"1205 E Washington St, Suite 118b, Louisville, KY, 40206",Ruben Bond,"123 Mills Dr, Louisville, KY, 40216",IT,Louisville,13.8,12/30/1899 5:00:00 PM
Walker and Sons,"3101 Bardstown Rd, Louisville, KY, 40205",Ruben Bond,"123 Mills Dr, Louisville, KY, 40216",IT,Louisville,11.2,12/30/1899 2:18:00 PM
"Barton, Nader and Rath","3840 Ruckriegel Pkwy Ste 100, Louisville, KY, 40299",Ruben Bond,"123 Mills Dr, Louisville, KY, 40216",IT,Louisville,19,12/30/1899 8:05:00 AM
"Stark, Rowe and Kassulke","130 Rochester Dr, Louisville, KY, 40214",Ruben Bond,"123 Mills Dr, Louisville, KY, 40216",IT,Louisville,5.6,12/30/1899 4:36:00 PM
Bernier Inc,"12619 Saxony Park Cir, Louisville, KY, 40299",Ruben Bond,"123 Mills Dr, Louisville, KY, 40216",IT,Louisville,23.1,12/30/1899 1:35:00 PM
"Auer, Haag and Yost","11405 Park Rd, Louisville, KY, 40223",Ruben Bond,"123 Mills Dr, Louisville, KY, 40216",IT,Louisville,20.2,12/30/1899 2:53:00 PM
Eichmann LLC,"2533 Broadmeade Rd, Louisville, KY, 40205",Ruben Bond,"123 Mills Dr, Louisville, KY, 40216",IT,Louisville,12.2,12/30/1899 1:02:00 PM
Eichmann LLC,"2533 Broadmeade Rd, Louisville, KY, 40205",Ruben Bond,"123 Mills Dr, Louisville, KY, 40216",IT,Louisville,12.2,12/30/1899 12:18:00 PM
Yundt-Bergstrom,"9612 Taylorsville Rd Ste 1f, Louisville, KY, 40299",Ruben Bond,"123 Mills Dr, Louisville, KY, 40216",IT,Louisville,17.3,12/30/1899 12:37:00 PM
Reichert Group,"9600 Brownsboro Rd Ste 400, Louisville, KY, 40241",Ruben Bond,"123 Mills Dr, Louisville, KY, 40216",IT,Louisville,23.8,12/30/1899 3:51:00 PM
Reichert Group,"9600 Brownsboro Rd Ste 400, Louisville, KY, 40241",Ruben Bond,"123 Mills Dr, Louisville, KY, 40216",IT,Louisville,23.8,12/30/1899 4:05:00 PM
Powlowski-Swaniawski,"2163 Watterson Trl, Louisville, KY, 40299",Ruben Bond,"123 Mills Dr, Louisville, KY, 40216",IT,Louisville,19.6,12/30/1899 5:34:00 PM
Stokes Group,"6060 Dutchmans Ln Ste 320, Louisville, KY, 40205",Ruben Bond,"123 Mills Dr, Louisville, KY, 40216",IT,Louisville,13.8,12/30/1899 5:34:00 PM
Homenick and Sons,"5520 Fern Valley Rd Ste 110, Louisville, KY, 40228",Ruben Bond,"123 Mills Dr, Louisville, KY, 40216",IT,Louisville,13.4,12/30/1899 10:27:00 AM
Armstrong-Cummings,"1003 N Dupont Sq STE 9A, Louisville, KY, 40207",Ruben Bond,"123 Mills Dr, Louisville, KY, 40216",IT,Louisville,13.8,12/30/1899 5:30:00 PM
Marquardt-Romaguera,"2720 Cannons Ln, Louisville, KY, 40205",Ruben Bond,"123 Mills Dr, Louisville, KY, 40216",IT,Louisville,13.3,12/30/1899 1:42:00 PM
"Harvey, Rippin and Lebsack","7215 Vaughn Mill Rd, Louisville, KY, 40228",Ruben Bond,"123 Mills Dr, Louisville, KY, 40216",IT,Louisville,15.4,12/30/1899 4:49:00 PM
"Lynch, Jast and Lebsack","406 Blankenbaker Pkwy Ste C2, Louisville, KY, 40243",Ruben Bond,"123 Mills Dr, Louisville, KY, 40216",IT,Louisville,20.2,12/30/1899 12:38:00 PM
"Kutch, Greenfelder and Considine","720 Barret Ave, Louisville, KY, 40204",Ruben Bond,"123 Mills Dr, Louisville, KY, 40216",IT,Louisville,12.7,12/30/1899 10:02:00 AM
"Predovic, Trantow and Towne","806 Stone Creek Pkwy Ste 7, Louisville, KY, 40223",Ruben Bond,"123 Mills Dr, Louisville, KY, 40216",IT,Louisville,18,12/30/1899 2:27:00 PM
"Predovic, Trantow and Towne","806 Stone Creek Pkwy Ste 7, Louisville, KY, 40223",Ruben Bond,"123 Mills Dr, Louisville, KY, 40216",IT,Louisville,18,12/30/1899 1:30:00 PM
Hills-Morar,"4165 Westport Rd Ste 201, Louisville, KY, 40207",Ruben Bond,"123 Mills Dr, Louisville, KY, 40216",IT,Louisville,17.5,12/30/1899 4:58:00 PM
"Wunsch, Thompson and Powlowski","5433 New Cut Rd, Louisville, KY, 40214",Ruben Bond,"123 Mills Dr, Louisville, KY, 40216",IT,Louisville,3.5,12/30/1899 4:58:00 PM
"Rath, Bergnaum and Morar","4229 Bardstown Rd, Louisville, KY, 40218",Ruben Bond,"123 Mills Dr, Louisville, KY, 40216",IT,Louisville,13.6,12/30/1899 8:15:00 AM
"Will, Jacobi and Casper","600 Dr Martin Luther King Pl, Louisville, KY, 40202",Ruben Bond,"123 Mills Dr, Louisville, KY, 40216",IT,Louisville,12.4,12/30/1899 4:24:00 PM
Torphy LLC,"13200 Complete Ct, Louisville, KY, 40223",Ruben Bond,"123 Mills Dr, Louisville, KY, 40216",IT,Louisville,24.9,12/30/1899 8:50:00 AM
Kassulke Group,"4251 Outer Loop, Louisville, KY, 40219",Ruben Bond,"123 Mills Dr, Louisville, KY, 40216",IT,Louisville,13.1,12/30/1899 9:39:00 AM
"Roob, Koepp and Zieme","151 Chenoweth Ln, Louisville, KY, 40207",Ruben Bond,"123 Mills Dr, Louisville, KY, 40216",IT,Louisville,15.4,12/30/1899 12:13:00 PM
"Roob, Koepp and Zieme","151 Chenoweth Ln, Louisville, KY, 40207",Ruben Bond,"123 Mills Dr, Louisville, KY, 40216",IT,Louisville,15.4,12/30/1899 11:01:00 AM
McKenzie-Price,"11517 Shelbyville Rd, Louisville, KY, 40243",Ruben Bond,"123 Mills Dr, Louisville, KY, 40216",IT,Louisville,20.9,12/30/1899 1:56:00 PM
McClure and Sons,"8531 Terry Rd, Louisville, KY, 40258",Jana Lim,"1407 Hobart Dr, Louisville, KY, 40216",IT,Louisville,6.7,12/30/1899 4:27:00 PM
Senger-Beatty,"7520 Preston Hwy, Louisville, KY, 40219",Jana Lim,"1407 Hobart Dr, Louisville, KY, 40216",IT,Louisville,10,12/30/1899 11:18:00 AM
"Mueller, Heidenreich and Jakubowski","4500 Bowling Blvd Ste 100, Louisville, KY, 40207",Jana Lim,"1407 Hobart Dr, Louisville, KY, 40216",IT,Louisville,11.9,12/30/1899 1:50:00 PM
Heidenreich-Hahn,"9810 3rd Street Rd, Louisville, KY, 40272",Jana Lim,"1407 Hobart Dr, Louisville, KY, 40216",IT,Louisville,7.5,12/30/1899 9:55:00 AM
Lebsack Inc,"1205 E Washington St Ste 120, Louisville, KY, 40206",Jana Lim,"1407 Hobart Dr, Louisville, KY, 40216",IT,Louisville,10.9,12/30/1899 4:13:00 PM
Thiel LLC,"1757 Frankfort Ave Suite 102, Louisville, KY, 40206",Jana Lim,"1407 Hobart Dr, Louisville, KY, 40216",IT,Louisville,11.6,12/30/1899 5:40:00 PM
"Kreiger, Witting and Lesch","9007 Galene Dr, Louisville, KY, 40299",Jana Lim,"1407 Hobart Dr, Louisville, KY, 40216",IT,Louisville,14.3,12/30/1899 2:47:00 PM
Gerhold and Sons,"5203 Dixie Hwy, Louisville, KY, 40216",Jana Lim,"1407 Hobart Dr, Louisville, KY, 40216",IT,Louisville,2.5,12/30/1899 4:21:00 PM
Mann LLC,"10434 Shelbyville Rd, Louisville, KY, 40223",Jana Lim,"1407 Hobart Dr, Louisville, KY, 40216",IT,Louisville,15.5,12/30/1899 2:44:00 PM
"Dickens, Leuschke and Zemlak","4111 Champions Trace Ln, Louisville, KY, 40218",Jana Lim,"1407 Hobart Dr, Louisville, KY, 40216",IT,Louisville,8.2,12/30/1899 3:37:00 PM
"Gutkowski, Kassulke and Kuhic","11605 Shelbyville Rd, Louisville, KY, 40243",Jana Lim,"1407 Hobart Dr, Louisville, KY, 40216",IT,Louisville,18.1,12/30/1899 9:03:00 AM
"Gutkowski, Kassulke and Kuhic","11605 Shelbyville Rd, Louisville, KY, 40243",Jana Lim,"1407 Hobart Dr, Louisville, KY, 40216",IT,Louisville,18.1,12/30/1899 11:05:00 AM
Vandervort-Franecki,"8706 Bayberry Pl, Louisville, KY, 40242",Jana Lim,"1407 Hobart Dr, Louisville, KY, 40216",IT,Louisville,15.5,12/30/1899 8:13:00 AM
"Hartmann, Rutherford and Nader","8250 Watterson Trl, Louisville, KY, 40299",Jana Lim,"1407 Hobart Dr, Louisville, KY, 40216",IT,Louisville,12.8,12/30/1899 8:21:00 AM
"Wisoky, Heathcote and Cummings","2916 Frankfort Ave, Louisville, KY, 40206",Jana Lim,"1407 Hobart Dr, Louisville, KY, 40216",IT,Louisville,13.8,12/30/1899 10:12:00 AM
"Thompson, McCullough and Kulas","3401 College Dr, Louisville, KY, 40299",Jana Lim,"1407 Hobart Dr, Louisville, KY, 40216",IT,Louisville,15.3,12/30/1899 11:18:00 AM
"Greenholt, Hoeger and O'Reilly","5314 Bardstown Rd, Louisville, KY, 40291",Jana Lim,"1407 Hobart Dr, Louisville, KY, 40216",IT,Louisville,13.2,12/30/1899 10:27:00 AM
"Hudson, MacGyver and Ritchie","306 Middletown Park Pl, Louisville, KY, 40243",Jana Lim,"1407 Hobart Dr, Louisville, KY, 40216",IT,Louisville,18.9,12/30/1899 1:31:00 PM
O'Connell-Crona,"9814 Taylorsville Rd, Louisville, KY, 40299",Jana Lim,"1407 Hobart Dr, Louisville, KY, 40216",IT,Louisville,14.7,12/30/1899 2:34:00 PM
Kessler-Wuckert,"2200 Greene Way, Louisville, KY, 40220",Jana Lim,"1407 Hobart Dr, Louisville, KY, 40216",IT,Louisville,14.1,12/30/1899 11:27:00 AM
Toy-Fisher,"3832 Taylorsville Rd, Louisville, KY, 40220",Jana Lim,"1407 Hobart Dr, Louisville, KY, 40216",IT,Louisville,11.3,12/30/1899 10:19:00 AM
Volkman-Gleichner,"4957 S 3rd St, Louisville, KY, 40214",Jana Lim,"1407 Hobart Dr, Louisville, KY, 40216",IT,Louisville,2.1,12/30/1899 4:29:00 PM
"Spencer, Hansen and Kilback","9901 Linn Station Rd, Louisville, KY, 40223",Jana Lim,"1407 Hobart Dr, Louisville, KY, 40216",IT,Louisville,14.8,12/30/1899 11:40:00 AM
Lebsack-King,"7912 Fegenbush Ln, Louisville, KY, 40228",Jana Lim,"1407 Hobart Dr, Louisville, KY, 40216",IT,Louisville,16.1,12/30/1899 11:37:00 AM
Bogan-Feil,"2823 Alta Vista Ct, Louisville, KY, 40206",Jana Lim,"1407 Hobart Dr, Louisville, KY, 40216",IT,Louisville,12.7,12/30/1899 8:27:00 AM
Corkery and Sons,"1740 Frankfort Ave, Louisville, KY, 40206",Jana Lim,"1407 Hobart Dr, Louisville, KY, 40216",IT,Louisville,11.5,12/30/1899 3:59:00 PM
Wilkinson-Maggio,"7116 Windham Pkwy, Louisville, KY, 40202",Jana Lim,"1407 Hobart Dr, Louisville, KY, 40216",IT,Louisville,19.8,12/30/1899 1:16:00 PM
Reichert Inc,"3624b S Hurstbourne Pkwy, Louisville, KY, 40299",Jana Lim,"1407 Hobart Dr, Louisville, KY, 40216",IT,Louisville,13.9,12/30/1899 2:20:00 PM
Goyette-Bergstrom,"13201 Data Vault Dr, Louisville, KY, 40223",Jana Lim,"1407 Hobart Dr, Louisville, KY, 40216",IT,Louisville,20,12/30/1899 8:34:00 AM
"Haley, Welch and Dibbert","7530 Dixie Hwy, Louisville, KY, 40258",Jana Lim,"1407 Hobart Dr, Louisville, KY, 40216",IT,Louisville,5.3,12/30/1899 10:31:00 AM
"Sporer, Brekke and Hoppe","3206 Preston Hwy, Louisville, KY, 40213",Jana Lim,"1407 Hobart Dr, Louisville, KY, 40216",IT,Louisville,5.1,12/30/1899 10:24:00 AM
"Sporer, Brekke and Hoppe","3206 Preston Hwy, Louisville, KY, 40213",Jana Lim,"1407 Hobart Dr, Louisville, KY, 40216",IT,Louisville,5.1,12/30/1899 1:29:00 PM
"Barton, Nader and Rath","3840 Ruckriegel Pkwy Ste 100, Louisville, KY, 40299",Jana Lim,"1407 Hobart Dr, Louisville, KY, 40216",IT,Louisville,16.1,12/30/1899 12:59:00 PM
Pacocha-Gleason,"5908 Bardstown Rd, Louisville, KY, 40291",Jana Lim,"1407 Hobart Dr, Louisville, KY, 40216",IT,Louisville,13.8,12/30/1899 9:40:00 AM
Schumm-Mohr,"7900 Shelbyville Rd Ste F01, Louisville, KY, 40222",Jana Lim,"1407 Hobart Dr, Louisville, KY, 40216",IT,Louisville,13.4,12/30/1899 10:25:00 AM
"Stroman, D'Amore and Romaguera","707 Exmoor Ave, Louisville, KY, 40223",Jana Lim,"1407 Hobart Dr, Louisville, KY, 40216",IT,Louisville,16.5,12/30/1899 5:56:00 PM
"O'Conner, Jast and Mann","6708 Shepherdsville Rd, Louisville, KY, 40228",Jana Lim,"1407 Hobart Dr, Louisville, KY, 40216",IT,Louisville,10.5,12/30/1899 9:09:00 AM
"O'Conner, Jast and Mann","6708 Shepherdsville Rd, Louisville, KY, 40228",Jana Lim,"1407 Hobart Dr, Louisville, KY, 40216",IT,Louisville,10.5,12/30/1899 2:45:00 PM
Botsford Group,"129 Evergreen Rd, Louisville, KY, 40243",Jana Lim,"1407 Hobart Dr, Louisville, KY, 40216",IT,Louisville,18.8,12/30/1899 2:32:00 PM
Paucek LLC,"9501 Taylorsville Rd, Louisville, KY, 40299",Jana Lim,"1407 Hobart Dr, Louisville, KY, 40216",IT,Louisville,14.2,12/30/1899 11:21:00 AM
Harvey-Nicolas,"6801 Dixie Hwy, Louisville, KY, 40258",Jana Lim,"1407 Hobart Dr, Louisville, KY, 40216",IT,Louisville,3.5,12/30/1899 12:14:00 PM
Kassulke Group,"4251 Outer Loop, Louisville, KY, 40219",Jana Lim,"1407 Hobart Dr, Louisville, KY, 40216",IT,Louisville,10.2,12/30/1899 4:38:00 PM
"Roob, Koepp and Zieme","151 Chenoweth Ln, Louisville, KY, 40207",Jana Lim,"1407 Hobart Dr, Louisville, KY, 40216",IT,Louisville,12.5,12/30/1899 12:34:00 PM
McClure and Sons,"8531 Terry Rd, Louisville, KY, 40258",Mehak Rice,"1343 Eastern Pkwy, Louisville, KY, 40204",Sales,Louisville,13.3,12/30/1899 9:47:00 AM
McClure and Sons,"8531 Terry Rd, Louisville, KY, 40258",Mehak Rice,"1343 Eastern Pkwy, Louisville, KY, 40204",Sales,Louisville,13.3,12/30/1899 2:18:00 PM
Senger-Beatty,"7520 Preston Hwy, Louisville, KY, 40219",Mehak Rice,"1343 Eastern Pkwy, Louisville, KY, 40204",Sales,Louisville,9.8,12/30/1899 8:37:00 AM
"Herzog, Bogisich and Beatty","2843 Brownsboro Rd, Louisville, KY, 40257",Mehak Rice,"1343 Eastern Pkwy, Louisville, KY, 40204",Sales,Louisville,3.6,12/30/1899 10:27:00 AM
Moen-Streich,"5120 Dixie Hwy, Louisville, KY, 40216",Mehak Rice,"1343 Eastern Pkwy, Louisville, KY, 40204",Sales,Louisville,11.5,12/30/1899 10:50:00 AM
Lebsack-Hartmann,"4411 Peregrine Pl, Louisville, KY, 40241",Mehak Rice,"1343 Eastern Pkwy, Louisville, KY, 40204",Sales,Louisville,15.1,12/30/1899 5:45:00 PM
Johns-Beier,"462 S 4th St, Louisville, KY, 40202",Mehak Rice,"1343 Eastern Pkwy, Louisville, KY, 40204",Sales,Louisville,3.2,12/30/1899 3:06:00 PM
Gutkowski Group,"1233 Goss Ave Ste 15, Louisville, KY, 40217",Mehak Rice,"1343 Eastern Pkwy, Louisville, KY, 40204",Sales,Louisville,1.2,12/30/1899 8:46:00 AM
"Dickens, Leuschke and Zemlak","4111 Champions Trace Ln, Louisville, KY, 40218",Mehak Rice,"1343 Eastern Pkwy, Louisville, KY, 40204",Sales,Louisville,3.9,12/30/1899 5:46:00 PM
"Dickens, Leuschke and Zemlak","4111 Champions Trace Ln, Louisville, KY, 40218",Mehak Rice,"1343 Eastern Pkwy, Louisville, KY, 40204",Sales,Louisville,3.9,12/30/1899 1:55:00 PM
Strosin Inc,"4550 Poplar Level Rd, Louisville, KY, 40213",Mehak Rice,"1343 Eastern Pkwy, Louisville, KY, 40204",Sales,Louisville,4.4,12/30/1899 8:59:00 AM
Vandervort-Franecki,"8706 Bayberry Pl, Louisville, KY, 40242",Mehak Rice,"1343 Eastern Pkwy, Louisville, KY, 40204",Sales,Louisville,11.3,12/30/1899 9:44:00 AM
"Hartmann, Rutherford and Nader","8250 Watterson Trl, Louisville, KY, 40299",Mehak Rice,"1343 Eastern Pkwy, Louisville, KY, 40204",Sales,Louisville,7.9,12/30/1899 4:51:00 PM
"Hartmann, Rutherford and Nader","8250 Watterson Trl, Louisville, KY, 40299",Mehak Rice,"1343 Eastern Pkwy, Louisville, KY, 40204",Sales,Louisville,7.9,12/30/1899 3:17:00 PM
"Hartmann, Rutherford and Nader","8250 Watterson Trl, Louisville, KY, 40299",Mehak Rice,"1343 Eastern Pkwy, Louisville, KY, 40204",Sales,Louisville,7.9,12/30/1899 4:46:00 PM
"Cormier, Walsh and Torphy","2001 Hikes Ln, Louisville, KY, 40218",Mehak Rice,"1343 Eastern Pkwy, Louisville, KY, 40204",Sales,Louisville,4.5,12/30/1899 4:35:00 PM
Ullrich-Bogisich,"1004 Brookline Ave, Louisville, KY, 40215",Mehak Rice,"1343 Eastern Pkwy, Louisville, KY, 40204",Sales,Louisville,5.9,12/30/1899 10:27:00 AM
"Greenholt, Hoeger and O'Reilly","5314 Bardstown Rd, Louisville, KY, 40291",Mehak Rice,"1343 Eastern Pkwy, Louisville, KY, 40204",Sales,Louisville,8.3,12/30/1899 5:28:00 PM
"White, Mertz and Quigley","12611 Shelbyville Rd, Louisville, KY, 40243",Mehak Rice,"1343 Eastern Pkwy, Louisville, KY, 40204",Sales,Louisville,15.2,12/30/1899 1:08:00 PM
Frami-Bednar,"3715 Bardstown Rd, Louisville, KY, 40218",Mehak Rice,"1343 Eastern Pkwy, Louisville, KY, 40204",Sales,Louisville,4.4,12/30/1899 11:55:00 AM
"Rutherford, Schmitt and Mayert","500 N Hurstbourne Pkwy Ste 150, Louisville, KY, 40222",Mehak Rice,"1343 Eastern Pkwy, Louisville, KY, 40204",Sales,Louisville,10.8,12/30/1899 5:43:00 PM
Reichel-Dicki,"5751 Preston Hwy Ste 106, Louisville, KY, 40219",Mehak Rice,"1343 Eastern Pkwy, Louisville, KY, 40204",Sales,Louisville,5.9,12/30/1899 5:52:00 PM
Douglas and Sons,"1808 Watterson Trl, Louisville, KY, 40299",Mehak Rice,"1343 Eastern Pkwy, Louisville, KY, 40204",Sales,Louisville,11.5,12/30/1899 3:53:00 PM
Kessler-Wuckert,"2200 Greene Way, Louisville, KY, 40220",Mehak Rice,"1343 Eastern Pkwy, Louisville, KY, 40204",Sales,Louisville,7.9,12/30/1899 4:28:00 PM
Kessler-Wuckert,"2200 Greene Way, Louisville, KY, 40220",Mehak Rice,"1343 Eastern Pkwy, Louisville, KY, 40204",Sales,Louisville,7.9,12/30/1899 4:35:00 PM
Toy-Fisher,"3832 Taylorsville Rd, Louisville, KY, 40220",Mehak Rice,"1343 Eastern Pkwy, Louisville, KY, 40204",Sales,Louisville,7,12/30/1899 3:37:00 PM
"Klocko, Schamberger and Balistreri","716 E Market St, Louisville, KY, 40202",Mehak Rice,"1343 Eastern Pkwy, Louisville, KY, 40204",Sales,Louisville,2.5,12/30/1899 11:53:00 AM
"Klocko, Schamberger and Balistreri","716 E Market St, Louisville, KY, 40202",Mehak Rice,"1343 Eastern Pkwy, Louisville, KY, 40204",Sales,Louisville,2.5,12/30/1899 1:10:00 PM
"Klocko, Schamberger and Balistreri","716 E Market St, Louisville, KY, 40202",Mehak Rice,"1343 Eastern Pkwy, Louisville, KY, 40204",Sales,Louisville,2.5,12/30/1899 10:18:00 AM
Volkman-Gleichner,"4957 S 3rd St, Louisville, KY, 40214",Mehak Rice,"1343 Eastern Pkwy, Louisville, KY, 40204",Sales,Louisville,8.3,12/30/1899 12:22:00 PM
Volkman-Gleichner,"4957 S 3rd St, Louisville, KY, 40214",Mehak Rice,"1343 Eastern Pkwy, Louisville, KY, 40204",Sales,Louisville,8.3,12/30/1899 2:04:00 PM
Marvin-Hand,"11501 Main St, Louisville, KY, 40243",Mehak Rice,"1343 Eastern Pkwy, Louisville, KY, 40204",Sales,Louisville,12.7,12/30/1899 3:07:00 PM
Corkery and Sons,"1740 Frankfort Ave, Louisville, KY, 40206",Mehak Rice,"1343 Eastern Pkwy, Louisville, KY, 40204",Sales,Louisville,3.2,12/30/1899 10:33:00 AM
Lakin-Block,"400 W Market St Ste 2400, Louisville, KY, 40202",Mehak Rice,"1343 Eastern Pkwy, Louisville, KY, 40204",Sales,Louisville,3.5,12/30/1899 9:03:00 AM
Labadie-Reichel,"9301 Saint Moritz Dr, Louisville, KY, 40291",Mehak Rice,"1343 Eastern Pkwy, Louisville, KY, 40204",Sales,Louisville,9.7,12/30/1899 10:47:00 AM
Funk-Kub,"1938 Frankfort Ave, Louisville, KY, 40206",Mehak Rice,"1343 Eastern Pkwy, Louisville, KY, 40204",Sales,Louisville,3.5,12/30/1899 1:00:00 PM
Funk-Kub,"1938 Frankfort Ave, Louisville, KY, 40206",Mehak Rice,"1343 Eastern Pkwy, Louisville, KY, 40204",Sales,Louisville,3.5,12/30/1899 1:41:00 PM
Reichert Inc,"3624b S Hurstbourne Pkwy, Louisville, KY, 40299",Mehak Rice,"1343 Eastern Pkwy, Louisville, KY, 40204",Sales,Louisville,8.8,12/30/1899 10:32:00 AM
Weissnat LLC,"9300 Shelbyville Rd, Louisville, KY, 40222",Mehak Rice,"1343 Eastern Pkwy, Louisville, KY, 40204",Sales,Louisville,10.5,12/30/1899 10:18:00 AM
"Sporer, Brekke and Hoppe","3206 Preston Hwy, Louisville, KY, 40213",Mehak Rice,"1343 Eastern Pkwy, Louisville, KY, 40204",Sales,Louisville,2.7,12/30/1899 1:48:00 PM
"Barton, Nader and Rath","3840 Ruckriegel Pkwy Ste 100, Louisville, KY, 40299",Mehak Rice,"1343 Eastern Pkwy, Louisville, KY, 40204",Sales,Louisville,10,12/30/1899 9:04:00 AM
"Kertzmann, Abernathy and Jakubowski","5908 Bardstown Rd Ste B, Louisville, KY, 40291",Mehak Rice,"1343 Eastern Pkwy, Louisville, KY, 40204",Sales,Louisville,9,12/30/1899 4:13:00 PM
Pacocha-Gleason,"5908 Bardstown Rd, Louisville, KY, 40291",Mehak Rice,"1343 Eastern Pkwy, Louisville, KY, 40204",Sales,Louisville,9,12/30/1899 11:37:00 AM
Pacocha-Gleason,"5908 Bardstown Rd, Louisville, KY, 40291",Mehak Rice,"1343 Eastern Pkwy, Louisville, KY, 40204",Sales,Louisville,9,12/30/1899 8:59:00 AM
Reichert Group,"9600 Brownsboro Rd Ste 400, Louisville, KY, 40241",Mehak Rice,"1343 Eastern Pkwy, Louisville, KY, 40204",Sales,Louisville,16.7,12/30/1899 9:21:00 AM
Reichert Group,"9600 Brownsboro Rd Ste 400, Louisville, KY, 40241",Mehak Rice,"1343 Eastern Pkwy, Louisville, KY, 40204",Sales,Louisville,16.7,12/30/1899 12:45:00 PM
Christiansen Group,"2113 W Broadway, Louisville, KY, 40203",Mehak Rice,"1343 Eastern Pkwy, Louisville, KY, 40204",Sales,Louisville,4.4,12/30/1899 3:45:00 PM
"Harvey, Rippin and Lebsack","7215 Vaughn Mill Rd, Louisville, KY, 40228",Mehak Rice,"1343 Eastern Pkwy, Louisville, KY, 40204",Sales,Louisville,9,12/30/1899 3:09:00 PM
"Predovic, Trantow and Towne","806 Stone Creek Pkwy Ste 7, Louisville, KY, 40223",Mehak Rice,"1343 Eastern Pkwy, Louisville, KY, 40204",Sales,Louisville,9.9,12/30/1899 5:36:00 PM
"Stroman, D'Amore and Romaguera","707 Exmoor Ave, Louisville, KY, 40223",Mehak Rice,"1343 Eastern Pkwy, Louisville, KY, 40204",Sales,Louisville,12.2,12/30/1899 5:23:00 PM
Hills-Morar,"4165 Westport Rd Ste 201, Louisville, KY, 40207",Mehak Rice,"1343 Eastern Pkwy, Louisville, KY, 40204",Sales,Louisville,5.5,12/30/1899 8:13:00 AM
"O'Conner, Jast and Mann","6708 Shepherdsville Rd, Louisville, KY, 40228",Mehak Rice,"1343 Eastern Pkwy, Louisville, KY, 40204",Sales,Louisville,6.8,12/30/1899 8:14:00 AM
Paucek LLC,"9501 Taylorsville Rd, Louisville, KY, 40299",Mehak Rice,"1343 Eastern Pkwy, Louisville, KY, 40204",Sales,Louisville,10.9,12/30/1899 12:32:00 PM
Torphy LLC,"13200 Complete Ct, Louisville, KY, 40223",Mehak Rice,"1343 Eastern Pkwy, Louisville, KY, 40204",Sales,Louisville,16.9,12/30/1899 2:28:00 PM
Batz-Padberg,"10330 Venado Dr, Louisville, KY, 40291",Mehak Rice,"1343 Eastern Pkwy, Louisville, KY, 40204",Sales,Louisville,11.1,12/30/1899 3:14:00 PM
Lehner and Sons,"107 Fairmeade Rd, Louisville, KY, 40207",Mehak Rice,"1343 Eastern Pkwy, Louisville, KY, 40204",Sales,Louisville,8.8,12/30/1899 3:54:00 PM
"Harvey, Roob and Hills","2024 Brownsboro Rd, Louisville, KY, 40206",Mehak Rice,"1343 Eastern Pkwy, Louisville, KY, 40204",Sales,Louisville,3.2,12/30/1899 5:10:00 PM
Funk-Hermann,"8109 La Grange Rd, Louisville, KY, 40222",Mehak Rice,"1343 Eastern Pkwy, Louisville, KY, 40204",Sales,Louisville,9.7,12/30/1899 2:53:00 PM
"Reichel, Hickle and Williamson","5427 Bardstown Rd, Louisville, KY, 40291",Ava-May Foley,"1409 Hadleigh Pl, Louisville, KY, 40222",Sales,Louisville,6.2,12/30/1899 2:02:00 PM
McClure and Sons,"8531 Terry Rd, Louisville, KY, 40258",Ava-May Foley,"1409 Hadleigh Pl, Louisville, KY, 40222",Sales,Louisville,24,12/30/1899 9:40:00 AM
Hilpert LLC,"4017 Meadow Crest Ct, Louisville, KY, 40245",Ava-May Foley,"1409 Hadleigh Pl, Louisville, KY, 40222",Sales,Louisville,12,12/30/1899 11:37:00 AM
Klein-Hettinger,"325 W Market St, Louisville, KY, 40202",Ava-May Foley,"1409 Hadleigh Pl, Louisville, KY, 40222",Sales,Louisville,12.4,12/30/1899 9:14:00 AM
Moen-Streich,"5120 Dixie Hwy, Louisville, KY, 40216",Ava-May Foley,"1409 Hadleigh Pl, Louisville, KY, 40222",Sales,Louisville,17.2,12/30/1899 10:25:00 AM
Moen-Streich,"5120 Dixie Hwy, Louisville, KY, 40216",Ava-May Foley,"1409 Hadleigh Pl, Louisville, KY, 40222",Sales,Louisville,17.2,12/30/1899 2:04:00 PM
Kautzer-Weissnat,"5614 Barrett Ln, Louisville, KY, 40272",Ava-May Foley,"1409 Hadleigh Pl, Louisville, KY, 40222",Sales,Louisville,22.3,12/30/1899 9:55:00 AM
Kautzer-Weissnat,"5614 Barrett Ln, Louisville, KY, 40272",Ava-May Foley,"1409 Hadleigh Pl, Louisville, KY, 40222",Sales,Louisville,22.3,12/30/1899 12:32:00 PM
Flatley-Schmitt,"107 S 4th St Ste 200, Louisville, KY, 40202",Ava-May Foley,"1409 Hadleigh Pl, Louisville, KY, 40222",Sales,Louisville,12.4,12/30/1899 1:02:00 PM
Reinger Inc,"1426 Lincoln Ave, Louisville, KY, 40213",Ava-May Foley,"1409 Hadleigh Pl, Louisville, KY, 40222",Sales,Louisville,10.3,12/30/1899 8:20:00 AM
Olson-Sipes,"8312 Preston Hwy, Louisville, KY, 40219",Ava-May Foley,"1409 Hadleigh Pl, Louisville, KY, 40222",Sales,Louisville,16.3,12/30/1899 12:56:00 PM
Johns-Beier,"462 S 4th St, Louisville, KY, 40202",Ava-May Foley,"1409 Hadleigh Pl, Louisville, KY, 40222",Sales,Louisville,13.6,12/30/1899 11:31:00 AM
"Maggio, Carter and Grady","5454 New Cut Rd Ste 2, Louisville, KY, 40214",Ava-May Foley,"1409 Hadleigh Pl, Louisville, KY, 40222",Sales,Louisville,17,12/30/1899 2:46:00 PM
Strosin Inc,"4550 Poplar Level Rd, Louisville, KY, 40213",Ava-May Foley,"1409 Hadleigh Pl, Louisville, KY, 40222",Sales,Louisville,10.8,12/30/1899 3:45:00 PM
Jones-Blanda,"401 W Main St Ste 1500, Louisville, KY, 40202",Ava-May Foley,"1409 Hadleigh Pl, Louisville, KY, 40222",Sales,Louisville,13.2,12/30/1899 3:46:00 PM
Adams-Leuschke,"3701 Taylorsville Rd, Louisville, KY, 40220",Ava-May Foley,"1409 Hadleigh Pl, Louisville, KY, 40222",Sales,Louisville,6,12/30/1899 10:59:00 AM
Adams-Leuschke,"3701 Taylorsville Rd, Louisville, KY, 40220",Ava-May Foley,"1409 Hadleigh Pl, Louisville, KY, 40222",Sales,Louisville,6,12/30/1899 11:58:00 AM
"Wisoky, Heathcote and Cummings","2916 Frankfort Ave, Louisville, KY, 40206",Ava-May Foley,"1409 Hadleigh Pl, Louisville, KY, 40222",Sales,Louisville,6.3,12/30/1899 1:08:00 PM
"Cormier, Walsh and Torphy","2001 Hikes Ln, Louisville, KY, 40218",Ava-May Foley,"1409 Hadleigh Pl, Louisville, KY, 40222",Sales,Louisville,10.1,12/30/1899 10:02:00 AM
"Thompson, McCullough and Kulas","3401 College Dr, Louisville, KY, 40299",Ava-May Foley,"1409 Hadleigh Pl, Louisville, KY, 40222",Sales,Louisville,4.2,12/30/1899 1:10:00 PM
"Bernhard, Nitzsche and Olson","2307 River Rd Ste 100, Louisville, KY, 40206",Ava-May Foley,"1409 Hadleigh Pl, Louisville, KY, 40222",Sales,Louisville,10.4,12/30/1899 2:46:00 PM
Ullrich-Bogisich,"1004 Brookline Ave, Louisville, KY, 40215",Ava-May Foley,"1409 Hadleigh Pl, Louisville, KY, 40222",Sales,Louisville,14.3,12/30/1899 2:46:00 PM
"Greenholt, Hoeger and O'Reilly","5314 Bardstown Rd, Louisville, KY, 40291",Ava-May Foley,"1409 Hadleigh Pl, Louisville, KY, 40222",Sales,Louisville,6.1,12/30/1899 11:41:00 AM
"Leffler, Jacobi and Renner","7255 Leisure Ct, Louisville, KY, 40229",Ava-May Foley,"1409 Hadleigh Pl, Louisville, KY, 40222",Sales,Louisville,19.5,12/30/1899 10:08:00 AM
Simonis Inc,"2600 W Broadway Ste 102, Louisville, KY, 40211",Ava-May Foley,"1409 Hadleigh Pl, Louisville, KY, 40222",Sales,Louisville,15.8,12/30/1899 2:09:00 PM
Reichel-Dicki,"5751 Preston Hwy Ste 106, Louisville, KY, 40219",Ava-May Foley,"1409 Hadleigh Pl, Louisville, KY, 40222",Sales,Louisville,13.1,12/30/1899 12:33:00 PM
Douglas and Sons,"1808 Watterson Trl, Louisville, KY, 40299",Ava-May Foley,"1409 Hadleigh Pl, Louisville, KY, 40222",Sales,Louisville,3.6,12/30/1899 1:39:00 PM
O'Connell-Crona,"9814 Taylorsville Rd, Louisville, KY, 40299",Ava-May Foley,"1409 Hadleigh Pl, Louisville, KY, 40222",Sales,Louisville,3.7,12/30/1899 11:31:00 AM
Lesch and Sons,"2915 Frankfort Ave, Louisville, KY, 40206",Ava-May Foley,"1409 Hadleigh Pl, Louisville, KY, 40222",Sales,Louisville,6.3,12/30/1899 5:08:00 PM
Lebsack-King,"7912 Fegenbush Ln, Louisville, KY, 40228",Ava-May Foley,"1409 Hadleigh Pl, Louisville, KY, 40222",Sales,Louisville,8.4,12/30/1899 8:00:00 AM
"Parker, Gorczany and Jerde","156 N Hurstbourne Pkwy, Louisville, KY, 40222",Ava-May Foley,"1409 Hadleigh Pl, Louisville, KY, 40222",Sales,Louisville,2.5,12/30/1899 11:34:00 AM
Lang-Upton,"3810 Shepherdsville Rd, Louisville, KY, 40218",Ava-May Foley,"1409 Hadleigh Pl, Louisville, KY, 40222",Sales,Louisville,8.7,12/30/1899 2:58:00 PM
Gislason-Sporer,"312 S 4th St Ste 700, Louisville, KY, 40202",Ava-May Foley,"1409 Hadleigh Pl, Louisville, KY, 40222",Sales,Louisville,12.6,12/30/1899 1:46:00 PM
Dickens Group,"1227 Goss Ave, Louisville, KY, 40217",Ava-May Foley,"1409 Hadleigh Pl, Louisville, KY, 40222",Sales,Louisville,12.4,12/30/1899 5:21:00 PM
DuBuque-Donnelly,"11906 Longview Farm Dr, Louisville, KY, 40299",Ava-May Foley,"1409 Hadleigh Pl, Louisville, KY, 40222",Sales,Louisville,12.5,12/30/1899 2:28:00 PM
Kuhlman and Sons,"1961 Brownsboro Rd, Louisville, KY, 40206",Ava-May Foley,"1409 Hadleigh Pl, Louisville, KY, 40222",Sales,Louisville,11.2,12/30/1899 5:03:00 PM
Funk-Kub,"1938 Frankfort Ave, Louisville, KY, 40206",Ava-May Foley,"1409 Hadleigh Pl, Louisville, KY, 40222",Sales,Louisville,10.1,12/30/1899 3:36:00 PM
Wilkinson-Maggio,"7116 Windham Pkwy, Louisville, KY, 40202",Ava-May Foley,"1409 Hadleigh Pl, Louisville, KY, 40222",Sales,Louisville,10.5,12/30/1899 3:44:00 PM
Weissnat LLC,"9300 Shelbyville Rd, Louisville, KY, 40222",Ava-May Foley,"1409 Hadleigh Pl, Louisville, KY, 40222",Sales,Louisville,2.4,12/30/1899 4:24:00 PM
Goyette-Bergstrom,"13201 Data Vault Dr, Louisville, KY, 40223",Ava-May Foley,"1409 Hadleigh Pl, Louisville, KY, 40222",Sales,Louisville,7.2,12/30/1899 2:26:00 PM
"Haley, Welch and Dibbert","7530 Dixie Hwy, Louisville, KY, 40258",Ava-May Foley,"1409 Hadleigh Pl, Louisville, KY, 40222",Sales,Louisville,20,12/30/1899 12:12:00 PM
"Haley, Welch and Dibbert","7530 Dixie Hwy, Louisville, KY, 40258",Ava-May Foley,"1409 Hadleigh Pl, Louisville, KY, 40222",Sales,Louisville,20,12/30/1899 5:18:00 PM
"Haley, Welch and Dibbert","7530 Dixie Hwy, Louisville, KY, 40258",Ava-May Foley,"1409 Hadleigh Pl, Louisville, KY, 40222",Sales,Louisville,20,12/30/1899 5:55:00 PM
Ward-Nienow,"1523 Baxter Ave, Louisville, KY, 40205",Ava-May Foley,"1409 Hadleigh Pl, Louisville, KY, 40222",Sales,Louisville,11,12/30/1899 4:23:00 PM
Ward-Nienow,"1523 Baxter Ave, Louisville, KY, 40205",Ava-May Foley,"1409 Hadleigh Pl, Louisville, KY, 40222",Sales,Louisville,11,12/30/1899 4:30:00 PM
Sipes Inc,"4965 Us Highway 42 Ste 1000, Louisville, KY, 40222",Ava-May Foley,"1409 Hadleigh Pl, Louisville, KY, 40222",Sales,Louisville,5.9,12/30/1899 5:05:00 PM
"Barton, Nader and Rath","3840 Ruckriegel Pkwy Ste 100, Louisville, KY, 40299",Ava-May Foley,"1409 Hadleigh Pl, Louisville, KY, 40222",Sales,Louisville,5.1,12/30/1899 10:10:00 AM
"Bashirian, Herzog and Cremin","3030 Hunsinger Ln, Louisville, KY, 40220",Ava-May Foley,"1409 Hadleigh Pl, Louisville, KY, 40222",Sales,Louisville,4.5,12/30/1899 1:57:00 PM
Bernier Inc,"12619 Saxony Park Cir, Louisville, KY, 40299",Ava-May Foley,"1409 Hadleigh Pl, Louisville, KY, 40222",Sales,Louisville,8.9,12/30/1899 11:52:00 AM
Bernier Inc,"12619 Saxony Park Cir, Louisville, KY, 40299",Ava-May Foley,"1409 Hadleigh Pl, Louisville, KY, 40222",Sales,Louisville,8.9,12/30/1899 12:21:00 PM
Pacocha-Gleason,"5908 Bardstown Rd, Louisville, KY, 40291",Ava-May Foley,"1409 Hadleigh Pl, Louisville, KY, 40222",Sales,Louisville,6.8,12/30/1899 4:31:00 PM
Eichmann LLC,"2533 Broadmeade Rd, Louisville, KY, 40205",Ava-May Foley,"1409 Hadleigh Pl, Louisville, KY, 40222",Sales,Louisville,7.9,12/30/1899 1:03:00 PM
Yundt-Bergstrom,"9612 Taylorsville Rd Ste 1f, Louisville, KY, 40299",Ava-May Foley,"1409 Hadleigh Pl, Louisville, KY, 40222",Sales,Louisville,3.4,12/30/1899 8:31:00 AM
Yundt-Bergstrom,"9612 Taylorsville Rd Ste 1f, Louisville, KY, 40299",Ava-May Foley,"1409 Hadleigh Pl, Louisville, KY, 40222",Sales,Louisville,3.4,12/30/1899 3:37:00 PM
Powlowski-Swaniawski,"2163 Watterson Trl, Louisville, KY, 40299",Ava-May Foley,"1409 Hadleigh Pl, Louisville, KY, 40222",Sales,Louisville,3.7,12/30/1899 9:25:00 AM
Christiansen Group,"2113 W Broadway, Louisville, KY, 40203",Ava-May Foley,"1409 Hadleigh Pl, Louisville, KY, 40222",Sales,Louisville,15.3,12/30/1899 10:08:00 AM
Christiansen Group,"2113 W Broadway, Louisville, KY, 40203",Ava-May Foley,"1409 Hadleigh Pl, Louisville, KY, 40222",Sales,Louisville,15.3,12/30/1899 5:47:00 PM
Christiansen Group,"2113 W Broadway, Louisville, KY, 40203",Ava-May Foley,"1409 Hadleigh Pl, Louisville, KY, 40222",Sales,Louisville,15.3,12/30/1899 9:27:00 AM
Marquardt-Romaguera,"2720 Cannons Ln, Louisville, KY, 40205",Ava-May Foley,"1409 Hadleigh Pl, Louisville, KY, 40222",Sales,Louisville,6.8,12/30/1899 1:56:00 PM
Grant Group,"4175 Westport Rd, Louisville, KY, 40207",Ava-May Foley,"1409 Hadleigh Pl, Louisville, KY, 40222",Sales,Louisville,5.2,12/30/1899 12:13:00 PM
"Predovic, Trantow and Towne","806 Stone Creek Pkwy Ste 7, Louisville, KY, 40223",Ava-May Foley,"1409 Hadleigh Pl, Louisville, KY, 40222",Sales,Louisville,1.7,12/30/1899 10:37:00 AM
"Rath, Bergnaum and Morar","4229 Bardstown Rd, Louisville, KY, 40218",Ava-May Foley,"1409 Hadleigh Pl, Louisville, KY, 40222",Sales,Louisville,7.1,12/30/1899 1:02:00 PM
Paucek LLC,"9501 Taylorsville Rd, Louisville, KY, 40299",Ava-May Foley,"1409 Hadleigh Pl, Louisville, KY, 40222",Sales,Louisville,3.2,12/30/1899 3:18:00 PM
Beatty-Sanford,"4408 Dixie Hwy, Louisville, KY, 40216",Ava-May Foley,"1409 Hadleigh Pl, Louisville, KY, 40222",Sales,Louisville,16,12/30/1899 12:10:00 PM
Beatty-Sanford,"4408 Dixie Hwy, Louisville, KY, 40216",Ava-May Foley,"1409 Hadleigh Pl, Louisville, KY, 40222",Sales,Louisville,16,12/30/1899 2:04:00 PM
Torphy LLC,"13200 Complete Ct, Louisville, KY, 40223",Ava-May Foley,"1409 Hadleigh Pl, Louisville, KY, 40222",Sales,Louisville,9.3,12/30/1899 3:34:00 PM
"Grimes, Howe and Denesik","3865 Produce Rd, Louisville, KY, 40218",Ava-May Foley,"1409 Hadleigh Pl, Louisville, KY, 40222",Sales,Louisville,11.2,12/30/1899 1:53:00 PM
"Harvey, Roob and Hills","2024 Brownsboro Rd, Louisville, KY, 40206",Ava-May Foley,"1409 Hadleigh Pl, Louisville, KY, 40222",Sales,Louisville,11.5,12/30/1899 1:40:00 PM
Wilkinson-Jacobson,"801 W Broadway, Louisville, KY, 40202",Ava-May Foley,"1409 Hadleigh Pl, Louisville, KY, 40222",Sales,Louisville,13.6,12/30/1899 4:24:00 PM
"Reichel, Hickle and Williamson","5427 Bardstown Rd, Louisville, KY, 40291",Montell Dickson,"1407 Rosewood Ave, Louisville, KY, 40204",Sales,Louisville,8.9,12/30/1899 11:40:00 AM
McClure and Sons,"8531 Terry Rd, Louisville, KY, 40258",Montell Dickson,"1407 Rosewood Ave, Louisville, KY, 40204",Sales,Louisville,13.8,12/30/1899 9:01:00 AM
Senger-Beatty,"7520 Preston Hwy, Louisville, KY, 40219",Montell Dickson,"1407 Rosewood Ave, Louisville, KY, 40204",Sales,Louisville,7.9,12/30/1899 1:23:00 PM
Klein-Hettinger,"325 W Market St, Louisville, KY, 40202",Montell Dickson,"1407 Rosewood Ave, Louisville, KY, 40204",Sales,Louisville,3.1,12/30/1899 4:31:00 PM
Flatley-Schmitt,"107 S 4th St Ste 200, Louisville, KY, 40202",Montell Dickson,"1407 Rosewood Ave, Louisville, KY, 40204",Sales,Louisville,3.2,12/30/1899 10:28:00 AM
Wolf-Kirlin,"7403 Saint Andrews Church Rd, Louisville, KY, 40214",Montell Dickson,"1407 Rosewood Ave, Louisville, KY, 40204",Sales,Louisville,9.2,12/30/1899 12:00:00 PM
"Hintz, Dooley and Marquardt","626 W Main St Ste 500, Louisville, KY, 40202",Montell Dickson,"1407 Rosewood Ave, Louisville, KY, 40204",Sales,Louisville,5.9,12/30/1899 3:32:00 PM
Olson-Sipes,"8312 Preston Hwy, Louisville, KY, 40219",Montell Dickson,"1407 Rosewood Ave, Louisville, KY, 40204",Sales,Louisville,10.4,12/30/1899 3:00:00 PM
Gutkowski Group,"1233 Goss Ave Ste 15, Louisville, KY, 40217",Montell Dickson,"1407 Rosewood Ave, Louisville, KY, 40204",Sales,Louisville,1.2,12/30/1899 11:55:00 AM
Strosin Inc,"4550 Poplar Level Rd, Louisville, KY, 40213",Montell Dickson,"1407 Rosewood Ave, Louisville, KY, 40204",Sales,Louisville,4.7,12/30/1899 9:46:00 AM
Baumbach and Sons,"12484 La Grange Rd, Louisville, KY, 40245",Montell Dickson,"1407 Rosewood Ave, Louisville, KY, 40204",Sales,Louisville,18.6,12/30/1899 12:54:00 PM
Zemlak-Osinski,"9710 Park Plaza Ave Unit 207, Louisville, KY, 40241",Montell Dickson,"1407 Rosewood Ave, Louisville, KY, 40204",Sales,Louisville,14.4,12/30/1899 10:04:00 AM
Adams-Leuschke,"3701 Taylorsville Rd, Louisville, KY, 40220",Montell Dickson,"1407 Rosewood Ave, Louisville, KY, 40204",Sales,Louisville,5.8,12/30/1899 3:14:00 PM
"Bernhard, Nitzsche and Olson","2307 River Rd Ste 100, Louisville, KY, 40206",Montell Dickson,"1407 Rosewood Ave, Louisville, KY, 40204",Sales,Louisville,4.3,12/30/1899 2:05:00 PM
"Bernhard, Nitzsche and Olson","2307 River Rd Ste 100, Louisville, KY, 40206",Montell Dickson,"1407 Rosewood Ave, Louisville, KY, 40204",Sales,Louisville,4.3,12/30/1899 12:48:00 PM
Ullrich-Bogisich,"1004 Brookline Ave, Louisville, KY, 40215",Montell Dickson,"1407 Rosewood Ave, Louisville, KY, 40204",Sales,Louisville,6.2,12/30/1899 11:24:00 AM
"Leffler, Jacobi and Renner","7255 Leisure Ct, Louisville, KY, 40229",Montell Dickson,"1407 Rosewood Ave, Louisville, KY, 40204",Sales,Louisville,14.3,12/30/1899 8:35:00 AM
Simonis Inc,"2600 W Broadway Ste 102, Louisville, KY, 40211",Montell Dickson,"1407 Rosewood Ave, Louisville, KY, 40204",Sales,Louisville,4.6,12/30/1899 3:47:00 PM
Frami-Bednar,"3715 Bardstown Rd, Louisville, KY, 40218",Montell Dickson,"1407 Rosewood Ave, Louisville, KY, 40204",Sales,Louisville,5.3,12/30/1899 4:54:00 PM
Reichel-Dicki,"5751 Preston Hwy Ste 106, Louisville, KY, 40219",Montell Dickson,"1407 Rosewood Ave, Louisville, KY, 40204",Sales,Louisville,6.2,12/30/1899 3:39:00 PM
Feil-Kassulke,"2805 N Hurstbourne Pkwy, Louisville, KY, 40223",Montell Dickson,"1407 Rosewood Ave, Louisville, KY, 40204",Sales,Louisville,12.8,12/30/1899 10:49:00 AM
Feil-Kassulke,"2805 N Hurstbourne Pkwy, Louisville, KY, 40223",Montell Dickson,"1407 Rosewood Ave, Louisville, KY, 40204",Sales,Louisville,12.8,12/30/1899 4:48:00 PM
O'Connell-Crona,"9814 Taylorsville Rd, Louisville, KY, 40299",Montell Dickson,"1407 Rosewood Ave, Louisville, KY, 40204",Sales,Louisville,10.7,12/30/1899 3:45:00 PM
Kessler-Wuckert,"2200 Greene Way, Louisville, KY, 40220",Montell Dickson,"1407 Rosewood Ave, Louisville, KY, 40204",Sales,Louisville,8.3,12/30/1899 10:27:00 AM
Toy-Fisher,"3832 Taylorsville Rd, Louisville, KY, 40220",Montell Dickson,"1407 Rosewood Ave, Louisville, KY, 40204",Sales,Louisville,7.3,12/30/1899 5:00:00 PM
"Klocko, Schamberger and Balistreri","716 E Market St, Louisville, KY, 40202",Montell Dickson,"1407 Rosewood Ave, Louisville, KY, 40204",Sales,Louisville,2.3,12/30/1899 10:10:00 AM
Lesch and Sons,"2915 Frankfort Ave, Louisville, KY, 40206",Montell Dickson,"1407 Rosewood Ave, Louisville, KY, 40204",Sales,Louisville,3,12/30/1899 8:31:00 AM
O'Kon and Sons,"3510 Stony Brook Dr, Louisville, KY, 40299",Montell Dickson,"1407 Rosewood Ave, Louisville, KY, 40204",Sales,Louisville,10.6,12/30/1899 10:15:00 AM
Bogan-Feil,"2823 Alta Vista Ct, Louisville, KY, 40206",Montell Dickson,"1407 Rosewood Ave, Louisville, KY, 40204",Sales,Louisville,2.7,12/30/1899 12:37:00 PM
Schultz-Miller,"1800 W Jefferson St, Louisville, KY, 40203",Montell Dickson,"1407 Rosewood Ave, Louisville, KY, 40204",Sales,Louisville,4.3,12/30/1899 10:04:00 AM
"Franecki, Bergnaum and Bartell","6501 Shepherdsville Rd Ste 119, Louisville, KY, 40228",Montell Dickson,"1407 Rosewood Ave, Louisville, KY, 40204",Sales,Louisville,7,12/30/1899 11:48:00 AM
Labadie-Reichel,"9301 Saint Moritz Dr, Louisville, KY, 40291",Montell Dickson,"1407 Rosewood Ave, Louisville, KY, 40204",Sales,Louisville,10,12/30/1899 9:49:00 AM
Funk-Kub,"1938 Frankfort Ave, Louisville, KY, 40206",Montell Dickson,"1407 Rosewood Ave, Louisville, KY, 40204",Sales,Louisville,2.7,12/30/1899 5:10:00 PM
Weissnat LLC,"9300 Shelbyville Rd, Louisville, KY, 40222",Montell Dickson,"1407 Rosewood Ave, Louisville, KY, 40204",Sales,Louisville,9.6,12/30/1899 12:14:00 PM
Weissnat LLC,"9300 Shelbyville Rd, Louisville, KY, 40222",Montell Dickson,"1407 Rosewood Ave, Louisville, KY, 40204",Sales,Louisville,9.6,12/30/1899 5:25:00 PM
Weissnat LLC,"9300 Shelbyville Rd, Louisville, KY, 40222",Montell Dickson,"1407 Rosewood Ave, Louisville, KY, 40204",Sales,Louisville,9.6,12/30/1899 9:23:00 AM
Goyette-Bergstrom,"13201 Data Vault Dr, Louisville, KY, 40223",Montell Dickson,"1407 Rosewood Ave, Louisville, KY, 40204",Sales,Louisville,14.8,12/30/1899 4:31:00 PM
Goyette-Bergstrom,"13201 Data Vault Dr, Louisville, KY, 40223",Montell Dickson,"1407 Rosewood Ave, Louisville, KY, 40204",Sales,Louisville,14.8,12/30/1899 4:29:00 PM
Walker and Sons,"3101 Bardstown Rd, Louisville, KY, 40205",Montell Dickson,"1407 Rosewood Ave, Louisville, KY, 40204",Sales,Louisville,4.3,12/30/1899 4:59:00 PM
Boyer-Hagenes,"6200 Dutchmans Ln Ste 305, Louisville, KY, 40205",Montell Dickson,"1407 Rosewood Ave, Louisville, KY, 40204",Sales,Louisville,6.8,12/30/1899 12:24:00 PM
"Sporer, Brekke and Hoppe","3206 Preston Hwy, Louisville, KY, 40213",Montell Dickson,"1407 Rosewood Ave, Louisville, KY, 40204",Sales,Louisville,3,12/30/1899 5:08:00 PM
"Lockman, Mante and Hegmann","3412 Taylor Blvd, Louisville, KY, 40215",Montell Dickson,"1407 Rosewood Ave, Louisville, KY, 40204",Sales,Louisville,5,12/30/1899 11:24:00 AM
"Bashirian, Herzog and Cremin","3030 Hunsinger Ln, Louisville, KY, 40220",Montell Dickson,"1407 Rosewood Ave, Louisville, KY, 40204",Sales,Louisville,7.7,12/30/1899 3:12:00 PM
"Stark, Rowe and Kassulke","130 Rochester Dr, Louisville, KY, 40214",Montell Dickson,"1407 Rosewood Ave, Louisville, KY, 40204",Sales,Louisville,6.5,12/30/1899 11:34:00 AM
Bernier-Stokes,"5743 Preston Hwy, Louisville, KY, 40219",Montell Dickson,"1407 Rosewood Ave, Louisville, KY, 40204",Sales,Louisville,6.4,12/30/1899 1:15:00 PM
Christiansen Group,"2113 W Broadway, Louisville, KY, 40203",Montell Dickson,"1407 Rosewood Ave, Louisville, KY, 40204",Sales,Louisville,4.1,12/30/1899 1:55:00 PM
Homenick and Sons,"5520 Fern Valley Rd Ste 110, Louisville, KY, 40228",Montell Dickson,"1407 Rosewood Ave, Louisville, KY, 40204",Sales,Louisville,7,12/30/1899 9:13:00 AM
Schumm-Mohr,"7900 Shelbyville Rd Ste F01, Louisville, KY, 40222",Montell Dickson,"1407 Rosewood Ave, Louisville, KY, 40204",Sales,Louisville,8.2,12/30/1899 11:38:00 AM
Corwin-Gaylord,"307 W Muhammad Ali Blvd, Louisville, KY, 40202",Montell Dickson,"1407 Rosewood Ave, Louisville, KY, 40204",Sales,Louisville,2.9,12/30/1899 4:02:00 PM
Marquardt-Romaguera,"2720 Cannons Ln, Louisville, KY, 40205",Montell Dickson,"1407 Rosewood Ave, Louisville, KY, 40204",Sales,Louisville,5.1,12/30/1899 2:24:00 PM
"Lynch, Jast and Lebsack","406 Blankenbaker Pkwy Ste C2, Louisville, KY, 40243",Montell Dickson,"1407 Rosewood Ave, Louisville, KY, 40204",Sales,Louisville,12.1,12/30/1899 1:02:00 PM
Grant Group,"4175 Westport Rd, Louisville, KY, 40207",Montell Dickson,"1407 Rosewood Ave, Louisville, KY, 40204",Sales,Louisville,5.5,12/30/1899 10:27:00 AM
Harber Inc,"204 S Floyd St, Louisville, KY, 40202",Montell Dickson,"1407 Rosewood Ave, Louisville, KY, 40204",Sales,Louisville,2.6,12/30/1899 12:34:00 PM
Schowalter Group,"1857 Berry Blvd, Louisville, KY, 40215",Montell Dickson,"1407 Rosewood Ave, Louisville, KY, 40204",Sales,Louisville,6,12/30/1899 3:47:00 PM
Runte Inc,"205 Nob Hill Ln, Louisville, KY, 40206",Montell Dickson,"1407 Rosewood Ave, Louisville, KY, 40204",Sales,Louisville,3.4,12/30/1899 10:43:00 AM
"Rath, Bergnaum and Morar","4229 Bardstown Rd, Louisville, KY, 40218",Montell Dickson,"1407 Rosewood Ave, Louisville, KY, 40204",Sales,Louisville,6.4,12/30/1899 11:45:00 AM
Paucek LLC,"9501 Taylorsville Rd, Louisville, KY, 40299",Montell Dickson,"1407 Rosewood Ave, Louisville, KY, 40204",Sales,Louisville,10.2,12/30/1899 5:29:00 PM
Kassulke Group,"4251 Outer Loop, Louisville, KY, 40219",Montell Dickson,"1407 Rosewood Ave, Louisville, KY, 40204",Sales,Louisville,10.3,12/30/1899 9:01:00 AM
Lehner and Sons,"107 Fairmeade Rd, Louisville, KY, 40207",Montell Dickson,"1407 Rosewood Ave, Louisville, KY, 40204",Sales,Louisville,9,12/30/1899 11:43:00 AM
Lehner and Sons,"107 Fairmeade Rd, Louisville, KY, 40207",Montell Dickson,"1407 Rosewood Ave, Louisville, KY, 40204",Sales,Louisville,9,12/30/1899 4:49:00 PM
Funk-Hermann,"8109 La Grange Rd, Louisville, KY, 40222",Montell Dickson,"1407 Rosewood Ave, Louisville, KY, 40204",Sales,Louisville,9.9,12/30/1899 9:18:00 AM
Senger-Beatty,"7520 Preston Hwy, Louisville, KY, 40219",Tori Adams,"1659 Prentice St, Louisville, KY, 40210",Sales,Louisville,11.4,12/30/1899 9:39:00 AM
Klein-Hettinger,"325 W Market St, Louisville, KY, 40202",Tori Adams,"1659 Prentice St, Louisville, KY, 40210",Sales,Louisville,2.6,12/30/1899 2:47:00 PM
Bednar-Fahey,"1923 Woodbourne Ave, Louisville, KY, 40205",Tori Adams,"1659 Prentice St, Louisville, KY, 40210",Sales,Louisville,5.9,12/30/1899 4:00:00 PM
Lebsack-Hartmann,"4411 Peregrine Pl, Louisville, KY, 40241",Tori Adams,"1659 Prentice St, Louisville, KY, 40210",Sales,Louisville,17.3,12/30/1899 11:37:00 AM
Mann LLC,"10434 Shelbyville Rd, Louisville, KY, 40223",Tori Adams,"1659 Prentice St, Louisville, KY, 40210",Sales,Louisville,14.8,12/30/1899 11:49:00 AM
"Dickens, Leuschke and Zemlak","4111 Champions Trace Ln, Louisville, KY, 40218",Tori Adams,"1659 Prentice St, Louisville, KY, 40210",Sales,Louisville,9.7,12/30/1899 1:11:00 PM
Strosin Inc,"4550 Poplar Level Rd, Louisville, KY, 40213",Tori Adams,"1659 Prentice St, Louisville, KY, 40210",Sales,Louisville,8.7,12/30/1899 12:20:00 PM
Baumbach and Sons,"12484 La Grange Rd, Louisville, KY, 40245",Tori Adams,"1659 Prentice St, Louisville, KY, 40210",Sales,Louisville,19,12/30/1899 11:05:00 AM
"Hartmann, Rutherford and Nader","8250 Watterson Trl, Louisville, KY, 40299",Tori Adams,"1659 Prentice St, Louisville, KY, 40210",Sales,Louisville,14.2,12/30/1899 1:42:00 PM
Zemlak-Osinski,"9710 Park Plaza Ave Unit 207, Louisville, KY, 40241",Tori Adams,"1659 Prentice St, Louisville, KY, 40210",Sales,Louisville,15.9,12/30/1899 10:45:00 AM
Adams-Leuschke,"3701 Taylorsville Rd, Louisville, KY, 40220",Tori Adams,"1659 Prentice St, Louisville, KY, 40210",Sales,Louisville,11.3,12/30/1899 9:15:00 AM
Adams-Leuschke,"3701 Taylorsville Rd, Louisville, KY, 40220",Tori Adams,"1659 Prentice St, Louisville, KY, 40210",Sales,Louisville,11.3,12/30/1899 4:50:00 PM
Adams-Leuschke,"3701 Taylorsville Rd, Louisville, KY, 40220",Tori Adams,"1659 Prentice St, Louisville, KY, 40210",Sales,Louisville,11.3,12/30/1899 12:02:00 PM
Doyle Group,"13317 Vendetta Way Unit 201, Louisville, KY, 40245",Tori Adams,"1659 Prentice St, Louisville, KY, 40210",Sales,Louisville,19.2,12/30/1899 4:49:00 PM
"Cormier, Walsh and Torphy","2001 Hikes Ln, Louisville, KY, 40218",Tori Adams,"1659 Prentice St, Louisville, KY, 40210",Sales,Louisville,10.2,12/30/1899 3:23:00 PM
"Thompson, McCullough and Kulas","3401 College Dr, Louisville, KY, 40299",Tori Adams,"1659 Prentice St, Louisville, KY, 40210",Sales,Louisville,16.2,12/30/1899 3:17:00 PM
"Thompson, McCullough and Kulas","3401 College Dr, Louisville, KY, 40299",Tori Adams,"1659 Prentice St, Louisville, KY, 40210",Sales,Louisville,16.2,12/30/1899 3:33:00 PM
"Bernhard, Nitzsche and Olson","2307 River Rd Ste 100, Louisville, KY, 40206",Tori Adams,"1659 Prentice St, Louisville, KY, 40210",Sales,Louisville,7.3,12/30/1899 8:15:00 AM
Simonis Inc,"2600 W Broadway Ste 102, Louisville, KY, 40211",Tori Adams,"1659 Prentice St, Louisville, KY, 40210",Sales,Louisville,1.3,12/30/1899 8:55:00 AM
Frami-Bednar,"3715 Bardstown Rd, Louisville, KY, 40218",Tori Adams,"1659 Prentice St, Louisville, KY, 40210",Sales,Louisville,10.7,12/30/1899 10:05:00 AM
"Rutherford, Schmitt and Mayert","500 N Hurstbourne Pkwy Ste 150, Louisville, KY, 40222",Tori Adams,"1659 Prentice St, Louisville, KY, 40210",Sales,Louisville,14.4,12/30/1899 12:39:00 PM
"Rutherford, Schmitt and Mayert","500 N Hurstbourne Pkwy Ste 150, Louisville, KY, 40222",Tori Adams,"1659 Prentice St, Louisville, KY, 40210",Sales,Louisville,14.4,12/30/1899 12:20:00 PM
"Hudson, MacGyver and Ritchie","306 Middletown Park Pl, Louisville, KY, 40243",Tori Adams,"1659 Prentice St, Louisville, KY, 40210",Sales,Louisville,18.1,12/30/1899 1:18:00 PM
Douglas and Sons,"1808 Watterson Trl, Louisville, KY, 40299",Tori Adams,"1659 Prentice St, Louisville, KY, 40210",Sales,Louisville,15.8,12/30/1899 1:21:00 PM
Toy-Fisher,"3832 Taylorsville Rd, Louisville, KY, 40220",Tori Adams,"1659 Prentice St, Louisville, KY, 40210",Sales,Louisville,12.8,12/30/1899 10:56:00 AM
Toy-Fisher,"3832 Taylorsville Rd, Louisville, KY, 40220",Tori Adams,"1659 Prentice St, Louisville, KY, 40210",Sales,Louisville,12.8,12/30/1899 2:02:00 PM
"Effertz, Runolfsson and Breitenberg","1850 S Hurstbourne Pkwy Ste 131, Louisville, KY, 40220",Tori Adams,"1659 Prentice St, Louisville, KY, 40210",Sales,Louisville,14.1,12/30/1899 4:20:00 PM
O'Kon and Sons,"3510 Stony Brook Dr, Louisville, KY, 40299",Tori Adams,"1659 Prentice St, Louisville, KY, 40210",Sales,Louisville,16.1,12/30/1899 4:51:00 PM
Abernathy-Ullrich,"2950 Breckenridge Ln Ste 8, Louisville, KY, 40220",Tori Adams,"1659 Prentice St, Louisville, KY, 40210",Sales,Louisville,12.6,12/30/1899 11:41:00 AM
Marvin-Hand,"11501 Main St, Louisville, KY, 40243",Tori Adams,"1659 Prentice St, Louisville, KY, 40210",Sales,Louisville,17,12/30/1899 8:36:00 AM
Schultz-Miller,"1800 W Jefferson St, Louisville, KY, 40203",Tori Adams,"1659 Prentice St, Louisville, KY, 40210",Sales,Louisville,1.6,12/30/1899 9:59:00 AM
Lakin-Block,"400 W Market St Ste 2400, Louisville, KY, 40202",Tori Adams,"1659 Prentice St, Louisville, KY, 40210",Sales,Louisville,2.5,12/30/1899 9:09:00 AM
"Olson, Doyle and O'Connell","9127 Galene Dr, Louisville, KY, 40299",Tori Adams,"1659 Prentice St, Louisville, KY, 40210",Sales,Louisville,16.1,12/30/1899 2:42:00 PM
"Olson, Doyle and O'Connell","9127 Galene Dr, Louisville, KY, 40299",Tori Adams,"1659 Prentice St, Louisville, KY, 40210",Sales,Louisville,16.1,12/30/1899 5:57:00 PM
Kuhlman and Sons,"1961 Brownsboro Rd, Louisville, KY, 40206",Tori Adams,"1659 Prentice St, Louisville, KY, 40210",Sales,Louisville,5.6,12/30/1899 4:24:00 PM
Kuhlman and Sons,"1961 Brownsboro Rd, Louisville, KY, 40206",Tori Adams,"1659 Prentice St, Louisville, KY, 40210",Sales,Louisville,5.6,12/30/1899 10:36:00 AM
Fay Group,"1205 E Washington St, Suite 118b, Louisville, KY, 40206",Tori Adams,"1659 Prentice St, Louisville, KY, 40210",Sales,Louisville,4.2,12/30/1899 3:22:00 PM
"Haley, Welch and Dibbert","7530 Dixie Hwy, Louisville, KY, 40258",Tori Adams,"1659 Prentice St, Louisville, KY, 40210",Sales,Louisville,8.8,12/30/1899 2:19:00 PM
"Haley, Welch and Dibbert","7530 Dixie Hwy, Louisville, KY, 40258",Tori Adams,"1659 Prentice St, Louisville, KY, 40210",Sales,Louisville,8.8,12/30/1899 3:54:00 PM
Walker and Sons,"3101 Bardstown Rd, Louisville, KY, 40205",Tori Adams,"1659 Prentice St, Louisville, KY, 40210",Sales,Louisville,9.7,12/30/1899 9:08:00 AM
"Bashirian, Herzog and Cremin","3030 Hunsinger Ln, Louisville, KY, 40220",Tori Adams,"1659 Prentice St, Louisville, KY, 40210",Sales,Louisville,13.2,12/30/1899 2:37:00 PM
"Bashirian, Herzog and Cremin","3030 Hunsinger Ln, Louisville, KY, 40220",Tori Adams,"1659 Prentice St, Louisville, KY, 40210",Sales,Louisville,13.2,12/30/1899 8:28:00 AM
"Stark, Rowe and Kassulke","130 Rochester Dr, Louisville, KY, 40214",Tori Adams,"1659 Prentice St, Louisville, KY, 40210",Sales,Louisville,6.3,12/30/1899 3:47:00 PM
"Auer, Haag and Yost","11405 Park Rd, Louisville, KY, 40223",Tori Adams,"1659 Prentice St, Louisville, KY, 40210",Sales,Louisville,16.7,12/30/1899 5:06:00 PM
Bernier-Stokes,"5743 Preston Hwy, Louisville, KY, 40219",Tori Adams,"1659 Prentice St, Louisville, KY, 40210",Sales,Louisville,8.6,12/30/1899 12:10:00 PM
Eichmann LLC,"2533 Broadmeade Rd, Louisville, KY, 40205",Tori Adams,"1659 Prentice St, Louisville, KY, 40210",Sales,Louisville,6.7,12/30/1899 5:35:00 PM
Yundt-Bergstrom,"9612 Taylorsville Rd Ste 1f, Louisville, KY, 40299",Tori Adams,"1659 Prentice St, Louisville, KY, 40210",Sales,Louisville,15.4,12/30/1899 4:38:00 PM
Schamberger and Sons,"10367 Dixie Hwy, Louisville, KY, 40272",Tori Adams,"1659 Prentice St, Louisville, KY, 40210",Sales,Louisville,10.7,12/30/1899 11:22:00 AM
Schamberger and Sons,"10367 Dixie Hwy, Louisville, KY, 40272",Tori Adams,"1659 Prentice St, Louisville, KY, 40210",Sales,Louisville,10.7,12/30/1899 4:37:00 PM
Christiansen Group,"2113 W Broadway, Louisville, KY, 40203",Tori Adams,"1659 Prentice St, Louisville, KY, 40210",Sales,Louisville,0.9,12/30/1899 3:28:00 PM
"Hermann, Cummings and Grant","11214 Truman Park Dr, Louisville, KY, 40245",Tori Adams,"1659 Prentice St, Louisville, KY, 40210",Sales,Louisville,20.5,12/30/1899 1:03:00 PM
Grant Group,"4175 Westport Rd, Louisville, KY, 40207",Tori Adams,"1659 Prentice St, Louisville, KY, 40210",Sales,Louisville,11,12/30/1899 8:20:00 AM
Vandervort-Hackett,"4208 Bishop Ln, Louisville, KY, 40218",Tori Adams,"1659 Prentice St, Louisville, KY, 40210",Sales,Louisville,8.8,12/30/1899 8:17:00 AM
"Kutch, Greenfelder and Considine","720 Barret Ave, Louisville, KY, 40204",Tori Adams,"1659 Prentice St, Louisville, KY, 40210",Sales,Louisville,3.4,12/30/1899 3:50:00 PM
"Stroman, D'Amore and Romaguera","707 Exmoor Ave, Louisville, KY, 40223",Tori Adams,"1659 Prentice St, Louisville, KY, 40210",Sales,Louisville,15.8,12/30/1899 1:50:00 PM
Hills-Morar,"4165 Westport Rd Ste 201, Louisville, KY, 40207",Tori Adams,"1659 Prentice St, Louisville, KY, 40210",Sales,Louisville,10.9,12/30/1899 3:42:00 PM
Hills-Morar,"4165 Westport Rd Ste 201, Louisville, KY, 40207",Tori Adams,"1659 Prentice St, Louisville, KY, 40210",Sales,Louisville,10.9,12/30/1899 2:30:00 PM
"Rath, Bergnaum and Morar","4229 Bardstown Rd, Louisville, KY, 40218",Tori Adams,"1659 Prentice St, Louisville, KY, 40210",Sales,Louisville,12.2,12/30/1899 11:55:00 AM
Harvey-Nicolas,"6801 Dixie Hwy, Louisville, KY, 40258",Tori Adams,"1659 Prentice St, Louisville, KY, 40210",Sales,Louisville,7,12/30/1899 1:04:00 PM
Batz-Padberg,"10330 Venado Dr, Louisville, KY, 40291",Tori Adams,"1659 Prentice St, Louisville, KY, 40210",Sales,Louisville,20.5,12/30/1899 2:48:00 PM
"Grimes, Howe and Denesik","3865 Produce Rd, Louisville, KY, 40218",Tori Adams,"1659 Prentice St, Louisville, KY, 40210",Sales,Louisville,8.8,12/30/1899 5:44:00 PM
Funk-Hermann,"8109 La Grange Rd, Louisville, KY, 40222",Tori Adams,"1659 Prentice St, Louisville, KY, 40210",Sales,Louisville,12.9,12/30/1899 11:27:00 AM
Wilkinson-Jacobson,"801 W Broadway, Louisville, KY, 40202",Tori Adams,"1659 Prentice St, Louisville, KY, 40210",Sales,Louisville,1.5,12/30/1899 11:32:00 AM
"Reichel, Hickle and Williamson","5427 Bardstown Rd, Louisville, KY, 40291",Lawrence Amin,"1535 Slate Run Rd, New Albany, IN, 47150",Sales,Louisville,19.8,12/30/1899 2:36:00 PM
McClure and Sons,"8531 Terry Rd, Louisville, KY, 40258",Lawrence Amin,"1535 Slate Run Rd, New Albany, IN, 47150",Sales,Louisville,16.3,12/30/1899 9:43:00 AM
"Herzog, Bogisich and Beatty","2843 Brownsboro Rd, Louisville, KY, 40257",Lawrence Amin,"1535 Slate Run Rd, New Albany, IN, 47150",Sales,Louisville,9.2,12/30/1899 9:20:00 AM
Klein-Hettinger,"325 W Market St, Louisville, KY, 40202",Lawrence Amin,"1535 Slate Run Rd, New Albany, IN, 47150",Sales,Louisville,6.7,12/30/1899 9:34:00 AM
Heidenreich-Hahn,"9810 3rd Street Rd, Louisville, KY, 40272",Lawrence Amin,"1535 Slate Run Rd, New Albany, IN, 47150",Sales,Louisville,18,12/30/1899 2:49:00 PM
Flatley-Schmitt,"107 S 4th St Ste 200, Louisville, KY, 40202",Lawrence Amin,"1535 Slate Run Rd, New Albany, IN, 47150",Sales,Louisville,6.8,12/30/1899 8:11:00 AM
Bednar-Fahey,"1923 Woodbourne Ave, Louisville, KY, 40205",Lawrence Amin,"1535 Slate Run Rd, New Albany, IN, 47150",Sales,Louisville,11.3,12/30/1899 8:06:00 AM
Bednar-Fahey,"1923 Woodbourne Ave, Louisville, KY, 40205",Lawrence Amin,"1535 Slate Run Rd, New Albany, IN, 47150",Sales,Louisville,11.3,12/30/1899 10:16:00 AM
Bednar-Fahey,"1923 Woodbourne Ave, Louisville, KY, 40205",Lawrence Amin,"1535 Slate Run Rd, New Albany, IN, 47150",Sales,Louisville,11.3,12/30/1899 4:36:00 PM
Bednar-Fahey,"1923 Woodbourne Ave, Louisville, KY, 40205",Lawrence Amin,"1535 Slate Run Rd, New Albany, IN, 47150",Sales,Louisville,11.3,12/30/1899 9:26:00 AM
Bednar-Fahey,"1923 Woodbourne Ave, Louisville, KY, 40205",Lawrence Amin,"1535 Slate Run Rd, New Albany, IN, 47150",Sales,Louisville,11.3,12/30/1899 12:31:00 PM
"Quigley, Ward and Gorczany","330 Baxter Ave, Louisville, KY, 40204",Lawrence Amin,"1535 Slate Run Rd, New Albany, IN, 47150",Sales,Louisville,8.1,12/30/1899 11:55:00 AM
Wolf-Kirlin,"7403 Saint Andrews Church Rd, Louisville, KY, 40214",Lawrence Amin,"1535 Slate Run Rd, New Albany, IN, 47150",Sales,Louisville,15.8,12/30/1899 4:11:00 PM
Gerhold and Sons,"5203 Dixie Hwy, Louisville, KY, 40216",Lawrence Amin,"1535 Slate Run Rd, New Albany, IN, 47150",Sales,Louisville,14,12/30/1899 2:07:00 PM
Trantow Group,"10110 Dixie Hwy, Louisville, KY, 40272",Lawrence Amin,"1535 Slate Run Rd, New Albany, IN, 47150",Sales,Louisville,18.4,12/30/1899 5:31:00 PM
"Dickens, Leuschke and Zemlak","4111 Champions Trace Ln, Louisville, KY, 40218",Lawrence Amin,"1535 Slate Run Rd, New Albany, IN, 47150",Sales,Louisville,15.7,12/30/1899 3:12:00 PM
"Maggio, Carter and Grady","5454 New Cut Rd Ste 2, Louisville, KY, 40214",Lawrence Amin,"1535 Slate Run Rd, New Albany, IN, 47150",Sales,Louisville,16.7,12/30/1899 4:01:00 PM
"Renner, Turner and Schulist","450 Downes Ter, Louisville, KY, 40214",Lawrence Amin,"1535 Slate Run Rd, New Albany, IN, 47150",Sales,Louisville,17.5,12/30/1899 2:09:00 PM
"Wisoky, Heathcote and Cummings","2916 Frankfort Ave, Louisville, KY, 40206",Lawrence Amin,"1535 Slate Run Rd, New Albany, IN, 47150",Sales,Louisville,9.9,12/30/1899 1:11:00 PM
"Wisoky, Heathcote and Cummings","2916 Frankfort Ave, Louisville, KY, 40206",Lawrence Amin,"1535 Slate Run Rd, New Albany, IN, 47150",Sales,Louisville,9.9,12/30/1899 10:24:00 AM
Doyle Group,"13317 Vendetta Way Unit 201, Louisville, KY, 40245",Lawrence Amin,"1535 Slate Run Rd, New Albany, IN, 47150",Sales,Louisville,19.9,12/30/1899 1:30:00 PM
"Thompson, McCullough and Kulas","3401 College Dr, Louisville, KY, 40299",Lawrence Amin,"1535 Slate Run Rd, New Albany, IN, 47150",Sales,Louisville,18.7,12/30/1899 11:20:00 AM
"Leffler, Jacobi and Renner","7255 Leisure Ct, Louisville, KY, 40229",Lawrence Amin,"1535 Slate Run Rd, New Albany, IN, 47150",Sales,Louisville,21.6,12/30/1899 4:52:00 PM
"White, Mertz and Quigley","12611 Shelbyville Rd, Louisville, KY, 40243",Lawrence Amin,"1535 Slate Run Rd, New Albany, IN, 47150",Sales,Louisville,23.7,12/30/1899 12:28:00 PM
Frami-Bednar,"3715 Bardstown Rd, Louisville, KY, 40218",Lawrence Amin,"1535 Slate Run Rd, New Albany, IN, 47150",Sales,Louisville,16.7,12/30/1899 8:59:00 AM
Frami-Bednar,"3715 Bardstown Rd, Louisville, KY, 40218",Lawrence Amin,"1535 Slate Run Rd, New Albany, IN, 47150",Sales,Louisville,16.7,12/30/1899 10:42:00 AM
O'Connell-Crona,"9814 Taylorsville Rd, Louisville, KY, 40299",Lawrence Amin,"1535 Slate Run Rd, New Albany, IN, 47150",Sales,Louisville,18.1,12/30/1899 9:15:00 AM
Lesch and Sons,"2915 Frankfort Ave, Louisville, KY, 40206",Lawrence Amin,"1535 Slate Run Rd, New Albany, IN, 47150",Sales,Louisville,9.9,12/30/1899 10:22:00 AM
Abernathy-Ullrich,"2950 Breckenridge Ln Ste 8, Louisville, KY, 40220",Lawrence Amin,"1535 Slate Run Rd, New Albany, IN, 47150",Sales,Louisville,15.1,12/30/1899 5:57:00 PM
Lebsack-King,"7912 Fegenbush Ln, Louisville, KY, 40228",Lawrence Amin,"1535 Slate Run Rd, New Albany, IN, 47150",Sales,Louisville,23.5,12/30/1899 5:00:00 PM
Gislason-Sporer,"312 S 4th St Ste 700, Louisville, KY, 40202",Lawrence Amin,"1535 Slate Run Rd, New Albany, IN, 47150",Sales,Louisville,6.9,12/30/1899 5:42:00 PM
Marvin-Hand,"11501 Main St, Louisville, KY, 40243",Lawrence Amin,"1535 Slate Run Rd, New Albany, IN, 47150",Sales,Louisville,19.4,12/30/1899 2:12:00 PM
Dickens Group,"1227 Goss Ave, Louisville, KY, 40217",Lawrence Amin,"1535 Slate Run Rd, New Albany, IN, 47150",Sales,Louisville,9.8,12/30/1899 10:03:00 AM
Labadie-Reichel,"9301 Saint Moritz Dr, Louisville, KY, 40291",Lawrence Amin,"1535 Slate Run Rd, New Albany, IN, 47150",Sales,Louisville,20.7,12/30/1899 2:25:00 PM
DuBuque-Donnelly,"11906 Longview Farm Dr, Louisville, KY, 40299",Lawrence Amin,"1535 Slate Run Rd, New Albany, IN, 47150",Sales,Louisville,27.2,12/30/1899 10:29:00 AM
DuBuque-Donnelly,"11906 Longview Farm Dr, Louisville, KY, 40299",Lawrence Amin,"1535 Slate Run Rd, New Albany, IN, 47150",Sales,Louisville,27.2,12/30/1899 1:04:00 PM
Funk-Kub,"1938 Frankfort Ave, Louisville, KY, 40206",Lawrence Amin,"1535 Slate Run Rd, New Albany, IN, 47150",Sales,Louisville,8,12/30/1899 3:04:00 PM
"Mayert, Murphy and Schuster","6608 Bardstown Rd Ste C, Louisville, KY, 40291",Lawrence Amin,"1535 Slate Run Rd, New Albany, IN, 47150",Sales,Louisville,25.2,12/30/1899 4:34:00 PM
"Sporer, Brekke and Hoppe","3206 Preston Hwy, Louisville, KY, 40213",Lawrence Amin,"1535 Slate Run Rd, New Albany, IN, 47150",Sales,Louisville,10.9,12/30/1899 8:02:00 AM
"Bashirian, Herzog and Cremin","3030 Hunsinger Ln, Louisville, KY, 40220",Lawrence Amin,"1535 Slate Run Rd, New Albany, IN, 47150",Sales,Louisville,15.6,12/30/1899 4:50:00 PM
"Kertzmann, Abernathy and Jakubowski","5908 Bardstown Rd Ste B, Louisville, KY, 40291",Lawrence Amin,"1535 Slate Run Rd, New Albany, IN, 47150",Sales,Louisville,20.4,12/30/1899 2:49:00 PM
"Stark, Rowe and Kassulke","130 Rochester Dr, Louisville, KY, 40214",Lawrence Amin,"1535 Slate Run Rd, New Albany, IN, 47150",Sales,Louisville,16.2,12/30/1899 8:48:00 AM
"Stark, Rowe and Kassulke","130 Rochester Dr, Louisville, KY, 40214",Lawrence Amin,"1535 Slate Run Rd, New Albany, IN, 47150",Sales,Louisville,16.2,12/30/1899 3:28:00 PM
"Stark, Rowe and Kassulke","130 Rochester Dr, Louisville, KY, 40214",Lawrence Amin,"1535 Slate Run Rd, New Albany, IN, 47150",Sales,Louisville,16.2,12/30/1899 4:26:00 PM
"Stark, Rowe and Kassulke","130 Rochester Dr, Louisville, KY, 40214",Lawrence Amin,"1535 Slate Run Rd, New Albany, IN, 47150",Sales,Louisville,16.2,12/30/1899 2:54:00 PM
"Stark, Rowe and Kassulke","130 Rochester Dr, Louisville, KY, 40214",Lawrence Amin,"1535 Slate Run Rd, New Albany, IN, 47150",Sales,Louisville,16.2,12/30/1899 1:14:00 PM
Christiansen Group,"2113 W Broadway, Louisville, KY, 40203",Lawrence Amin,"1535 Slate Run Rd, New Albany, IN, 47150",Sales,Louisville,7.4,12/30/1899 9:32:00 AM
Armstrong-Cummings,"1003 N Dupont Sq STE 9A, Louisville, KY, 40207",Lawrence Amin,"1535 Slate Run Rd, New Albany, IN, 47150",Sales,Louisville,13.2,12/30/1899 11:06:00 AM
"Hermann, Cummings and Grant","11214 Truman Park Dr, Louisville, KY, 40245",Lawrence Amin,"1535 Slate Run Rd, New Albany, IN, 47150",Sales,Louisville,22.9,12/30/1899 11:54:00 AM
"Wunsch, Thompson and Powlowski","5433 New Cut Rd, Louisville, KY, 40214",Lawrence Amin,"1535 Slate Run Rd, New Albany, IN, 47150",Sales,Louisville,16.6,12/30/1899 5:44:00 PM
"O'Conner, Jast and Mann","6708 Shepherdsville Rd, Louisville, KY, 40228",Lawrence Amin,"1535 Slate Run Rd, New Albany, IN, 47150",Sales,Louisville,17.9,12/30/1899 10:59:00 AM
Paucek LLC,"9501 Taylorsville Rd, Louisville, KY, 40299",Lawrence Amin,"1535 Slate Run Rd, New Albany, IN, 47150",Sales,Louisville,17.6,12/30/1899 10:40:00 AM
Harvey-Nicolas,"6801 Dixie Hwy, Louisville, KY, 40258",Lawrence Amin,"1535 Slate Run Rd, New Albany, IN, 47150",Sales,Louisville,15,12/30/1899 5:04:00 PM
"Will, Jacobi and Casper","600 Dr Martin Luther King Pl, Louisville, KY, 40202",Lawrence Amin,"1535 Slate Run Rd, New Albany, IN, 47150",Sales,Louisville,7.4,12/30/1899 12:31:00 PM
Torphy LLC,"13200 Complete Ct, Louisville, KY, 40223",Lawrence Amin,"1535 Slate Run Rd, New Albany, IN, 47150",Sales,Louisville,21.6,12/30/1899 1:33:00 PM
Torphy LLC,"13200 Complete Ct, Louisville, KY, 40223",Lawrence Amin,"1535 Slate Run Rd, New Albany, IN, 47150",Sales,Louisville,21.6,12/30/1899 8:26:00 AM
Kassulke Group,"4251 Outer Loop, Louisville, KY, 40219",Lawrence Amin,"1535 Slate Run Rd, New Albany, IN, 47150",Sales,Louisville,17.6,12/30/1899 10:48:00 AM
Kassulke Group,"4251 Outer Loop, Louisville, KY, 40219",Lawrence Amin,"1535 Slate Run Rd, New Albany, IN, 47150",Sales,Louisville,17.6,12/30/1899 2:56:00 PM
McClure and Sons,"8531 Terry Rd, Louisville, KY, 40258",Moshe Simpson,"2207 Stephan Ln, Louisville, KY, 40214",Sales,Louisville,6,12/30/1899 11:36:00 AM
Senger-Beatty,"7520 Preston Hwy, Louisville, KY, 40219",Moshe Simpson,"2207 Stephan Ln, Louisville, KY, 40214",Sales,Louisville,10.4,12/30/1899 8:24:00 AM
"Herzog, Bogisich and Beatty","2843 Brownsboro Rd, Louisville, KY, 40257",Moshe Simpson,"2207 Stephan Ln, Louisville, KY, 40214",Sales,Louisville,13.6,12/30/1899 10:18:00 AM
Klein-Hettinger,"325 W Market St, Louisville, KY, 40202",Moshe Simpson,"2207 Stephan Ln, Louisville, KY, 40214",Sales,Louisville,7.5,12/30/1899 4:50:00 PM
Kautzer-Weissnat,"5614 Barrett Ln, Louisville, KY, 40272",Moshe Simpson,"2207 Stephan Ln, Louisville, KY, 40214",Sales,Louisville,6.9,12/30/1899 11:07:00 AM
Kautzer-Weissnat,"5614 Barrett Ln, Louisville, KY, 40272",Moshe Simpson,"2207 Stephan Ln, Louisville, KY, 40214",Sales,Louisville,6.9,12/30/1899 8:08:00 AM
Flatley-Schmitt,"107 S 4th St Ste 200, Louisville, KY, 40202",Moshe Simpson,"2207 Stephan Ln, Louisville, KY, 40214",Sales,Louisville,7.4,12/30/1899 2:35:00 PM
Wolf-Kirlin,"7403 Saint Andrews Church Rd, Louisville, KY, 40214",Moshe Simpson,"2207 Stephan Ln, Louisville, KY, 40214",Sales,Louisville,1.3,12/30/1899 12:53:00 PM
Lebsack-Hartmann,"4411 Peregrine Pl, Louisville, KY, 40241",Moshe Simpson,"2207 Stephan Ln, Louisville, KY, 40214",Sales,Louisville,19.7,12/30/1899 12:32:00 PM
"Hintz, Dooley and Marquardt","626 W Main St Ste 500, Louisville, KY, 40202",Moshe Simpson,"2207 Stephan Ln, Louisville, KY, 40214",Sales,Louisville,7.2,12/30/1899 10:16:00 AM
Mann LLC,"10434 Shelbyville Rd, Louisville, KY, 40223",Moshe Simpson,"2207 Stephan Ln, Louisville, KY, 40214",Sales,Louisville,16,12/30/1899 2:34:00 PM
Trantow Group,"10110 Dixie Hwy, Louisville, KY, 40272",Moshe Simpson,"2207 Stephan Ln, Louisville, KY, 40214",Sales,Louisville,6.2,12/30/1899 9:56:00 AM
"Parisian, Nolan and Wyman","508 Executive Park, Louisville, KY, 40207",Moshe Simpson,"2207 Stephan Ln, Louisville, KY, 40214",Sales,Louisville,13.6,12/30/1899 3:32:00 PM
"Parisian, Nolan and Wyman","508 Executive Park, Louisville, KY, 40207",Moshe Simpson,"2207 Stephan Ln, Louisville, KY, 40214",Sales,Louisville,13.6,12/30/1899 2:59:00 PM
"Parisian, Nolan and Wyman","508 Executive Park, Louisville, KY, 40207",Moshe Simpson,"2207 Stephan Ln, Louisville, KY, 40214",Sales,Louisville,13.6,12/30/1899 9:34:00 AM
Johns-Beier,"462 S 4th St, Louisville, KY, 40202",Moshe Simpson,"2207 Stephan Ln, Louisville, KY, 40214",Sales,Louisville,7.1,12/30/1899 4:08:00 PM
Johns-Beier,"462 S 4th St, Louisville, KY, 40202",Moshe Simpson,"2207 Stephan Ln, Louisville, KY, 40214",Sales,Louisville,7.1,12/30/1899 3:19:00 PM
Strosin Inc,"4550 Poplar Level Rd, Louisville, KY, 40213",Moshe Simpson,"2207 Stephan Ln, Louisville, KY, 40214",Sales,Louisville,7.7,12/30/1899 2:33:00 PM
"Renner, Turner and Schulist","450 Downes Ter, Louisville, KY, 40214",Moshe Simpson,"2207 Stephan Ln, Louisville, KY, 40214",Sales,Louisville,4.3,12/30/1899 4:28:00 PM
"Renner, Turner and Schulist","450 Downes Ter, Louisville, KY, 40214",Moshe Simpson,"2207 Stephan Ln, Louisville, KY, 40214",Sales,Louisville,4.3,12/30/1899 5:28:00 PM
Schmeler and Sons,"201 E Jefferson St, Louisville, KY, 40202",Moshe Simpson,"2207 Stephan Ln, Louisville, KY, 40214",Sales,Louisville,10.1,12/30/1899 11:31:00 AM
Adams-Leuschke,"3701 Taylorsville Rd, Louisville, KY, 40220",Moshe Simpson,"2207 Stephan Ln, Louisville, KY, 40214",Sales,Louisville,10.3,12/30/1899 12:07:00 PM
"Thompson, McCullough and Kulas","3401 College Dr, Louisville, KY, 40299",Moshe Simpson,"2207 Stephan Ln, Louisville, KY, 40214",Sales,Louisville,15.7,12/30/1899 1:22:00 PM
"Thompson, McCullough and Kulas","3401 College Dr, Louisville, KY, 40299",Moshe Simpson,"2207 Stephan Ln, Louisville, KY, 40214",Sales,Louisville,15.7,12/30/1899 9:28:00 AM
Wiza and Sons,"974 Breckenridge Ln, Louisville, KY, 40207",Moshe Simpson,"2207 Stephan Ln, Louisville, KY, 40214",Sales,Louisville,11.2,12/30/1899 11:03:00 AM
Wiza and Sons,"974 Breckenridge Ln, Louisville, KY, 40207",Moshe Simpson,"2207 Stephan Ln, Louisville, KY, 40214",Sales,Louisville,11.2,12/30/1899 2:07:00 PM
Pfannerstill-Steuber,"2920 Brownsboro Rd Ste B, Louisville, KY, 40206",Moshe Simpson,"2207 Stephan Ln, Louisville, KY, 40214",Sales,Louisville,13.7,12/30/1899 5:34:00 PM
Pfannerstill-Steuber,"2920 Brownsboro Rd Ste B, Louisville, KY, 40206",Moshe Simpson,"2207 Stephan Ln, Louisville, KY, 40214",Sales,Louisville,13.7,12/30/1899 1:56:00 PM
Ullrich-Bogisich,"1004 Brookline Ave, Louisville, KY, 40215",Moshe Simpson,"2207 Stephan Ln, Louisville, KY, 40214",Sales,Louisville,1.6,12/30/1899 1:11:00 PM
Simonis Inc,"2600 W Broadway Ste 102, Louisville, KY, 40211",Moshe Simpson,"2207 Stephan Ln, Louisville, KY, 40214",Sales,Louisville,7.1,12/30/1899 9:30:00 AM
"Hudson, MacGyver and Ritchie","306 Middletown Park Pl, Louisville, KY, 40243",Moshe Simpson,"2207 Stephan Ln, Louisville, KY, 40214",Sales,Louisville,19.3,12/30/1899 2:30:00 PM
"Mante, Mueller and Hegmann","13010 Factory Ln, Louisville, KY, 40245",Moshe Simpson,"2207 Stephan Ln, Louisville, KY, 40214",Sales,Louisville,24,12/30/1899 8:51:00 AM
Kassulke and Sons,"3793 Poplar Level Rd, Louisville, KY, 40213",Moshe Simpson,"2207 Stephan Ln, Louisville, KY, 40214",Sales,Louisville,7.5,12/30/1899 2:42:00 PM
"Klocko, Schamberger and Balistreri","716 E Market St, Louisville, KY, 40202",Moshe Simpson,"2207 Stephan Ln, Louisville, KY, 40214",Sales,Louisville,10.7,12/30/1899 8:33:00 AM
Volkman-Gleichner,"4957 S 3rd St, Louisville, KY, 40214",Moshe Simpson,"2207 Stephan Ln, Louisville, KY, 40214",Sales,Louisville,2.6,12/30/1899 9:15:00 AM
"Spencer, Hansen and Kilback","9901 Linn Station Rd, Louisville, KY, 40223",Moshe Simpson,"2207 Stephan Ln, Louisville, KY, 40214",Sales,Louisville,15.2,12/30/1899 9:54:00 AM
Lebsack-King,"7912 Fegenbush Ln, Louisville, KY, 40228",Moshe Simpson,"2207 Stephan Ln, Louisville, KY, 40214",Sales,Louisville,14.8,12/30/1899 10:59:00 AM
Lebsack-King,"7912 Fegenbush Ln, Louisville, KY, 40228",Moshe Simpson,"2207 Stephan Ln, Louisville, KY, 40214",Sales,Louisville,14.8,12/30/1899 1:32:00 PM
Lang-Upton,"3810 Shepherdsville Rd, Louisville, KY, 40218",Moshe Simpson,"2207 Stephan Ln, Louisville, KY, 40214",Sales,Louisville,9.3,12/30/1899 11:13:00 AM
Corkery and Sons,"1740 Frankfort Ave, Louisville, KY, 40206",Moshe Simpson,"2207 Stephan Ln, Louisville, KY, 40214",Sales,Louisville,12,12/30/1899 10:30:00 AM
"Franecki, Bergnaum and Bartell","6501 Shepherdsville Rd Ste 119, Louisville, KY, 40228",Moshe Simpson,"2207 Stephan Ln, Louisville, KY, 40214",Sales,Louisville,10.9,12/30/1899 1:00:00 PM
DuBuque-Donnelly,"11906 Longview Farm Dr, Louisville, KY, 40299",Moshe Simpson,"2207 Stephan Ln, Louisville, KY, 40214",Sales,Louisville,18.4,12/30/1899 1:49:00 PM
Funk-Kub,"1938 Frankfort Ave, Louisville, KY, 40206",Moshe Simpson,"2207 Stephan Ln, Louisville, KY, 40214",Sales,Louisville,12.4,12/30/1899 4:02:00 PM
Funk-Kub,"1938 Frankfort Ave, Louisville, KY, 40206",Moshe Simpson,"2207 Stephan Ln, Louisville, KY, 40214",Sales,Louisville,12.4,12/30/1899 5:04:00 PM
Wilkinson-Maggio,"7116 Windham Pkwy, Louisville, KY, 40202",Moshe Simpson,"2207 Stephan Ln, Louisville, KY, 40214",Sales,Louisville,20.2,12/30/1899 11:52:00 AM
"Haley, Welch and Dibbert","7530 Dixie Hwy, Louisville, KY, 40258",Moshe Simpson,"2207 Stephan Ln, Louisville, KY, 40214",Sales,Louisville,4.6,12/30/1899 11:30:00 AM
"Haley, Welch and Dibbert","7530 Dixie Hwy, Louisville, KY, 40258",Moshe Simpson,"2207 Stephan Ln, Louisville, KY, 40214",Sales,Louisville,4.6,12/30/1899 5:02:00 PM
Walker and Sons,"3101 Bardstown Rd, Louisville, KY, 40205",Moshe Simpson,"2207 Stephan Ln, Louisville, KY, 40214",Sales,Louisville,8.7,12/30/1899 10:33:00 AM
"Mayert, Murphy and Schuster","6608 Bardstown Rd Ste C, Louisville, KY, 40291",Moshe Simpson,"2207 Stephan Ln, Louisville, KY, 40214",Sales,Louisville,16.5,12/30/1899 12:56:00 PM
"Lockman, Mante and Hegmann","3412 Taylor Blvd, Louisville, KY, 40215",Moshe Simpson,"2207 Stephan Ln, Louisville, KY, 40214",Sales,Louisville,3.2,12/30/1899 12:15:00 PM
"Barton, Nader and Rath","3840 Ruckriegel Pkwy Ste 100, Louisville, KY, 40299",Moshe Simpson,"2207 Stephan Ln, Louisville, KY, 40214",Sales,Louisville,16.5,12/30/1899 5:45:00 PM
"Kertzmann, Abernathy and Jakubowski","5908 Bardstown Rd Ste B, Louisville, KY, 40291",Moshe Simpson,"2207 Stephan Ln, Louisville, KY, 40214",Sales,Louisville,17.2,12/30/1899 10:45:00 AM
Bernier Inc,"12619 Saxony Park Cir, Louisville, KY, 40299",Moshe Simpson,"2207 Stephan Ln, Louisville, KY, 40214",Sales,Louisville,22.3,12/30/1899 1:06:00 PM
Schamberger and Sons,"10367 Dixie Hwy, Louisville, KY, 40272",Moshe Simpson,"2207 Stephan Ln, Louisville, KY, 40214",Sales,Louisville,6.5,12/30/1899 4:11:00 PM
Homenick and Sons,"5520 Fern Valley Rd Ste 110, Louisville, KY, 40228",Moshe Simpson,"2207 Stephan Ln, Louisville, KY, 40214",Sales,Louisville,10.9,12/30/1899 8:59:00 AM
Armstrong-Cummings,"1003 N Dupont Sq STE 9A, Louisville, KY, 40207",Moshe Simpson,"2207 Stephan Ln, Louisville, KY, 40214",Sales,Louisville,11.3,12/30/1899 11:36:00 AM
Marquardt-Romaguera,"2720 Cannons Ln, Louisville, KY, 40205",Moshe Simpson,"2207 Stephan Ln, Louisville, KY, 40214",Sales,Louisville,10.8,12/30/1899 12:31:00 PM
Marquardt-Romaguera,"2720 Cannons Ln, Louisville, KY, 40205",Moshe Simpson,"2207 Stephan Ln, Louisville, KY, 40214",Sales,Louisville,10.8,12/30/1899 12:51:00 PM
Runte Inc,"205 Nob Hill Ln, Louisville, KY, 40206",Moshe Simpson,"2207 Stephan Ln, Louisville, KY, 40214",Sales,Louisville,12.9,12/30/1899 10:18:00 AM
"Predovic, Trantow and Towne","806 Stone Creek Pkwy Ste 7, Louisville, KY, 40223",Moshe Simpson,"2207 Stephan Ln, Louisville, KY, 40214",Sales,Louisville,15.5,12/30/1899 1:01:00 PM
"Stroman, D'Amore and Romaguera","707 Exmoor Ave, Louisville, KY, 40223",Moshe Simpson,"2207 Stephan Ln, Louisville, KY, 40214",Sales,Louisville,16.9,12/30/1899 10:09:00 AM
"Rath, Bergnaum and Morar","4229 Bardstown Rd, Louisville, KY, 40218",Moshe Simpson,"2207 Stephan Ln, Louisville, KY, 40214",Sales,Louisville,11.2,12/30/1899 4:53:00 PM
Paucek LLC,"9501 Taylorsville Rd, Louisville, KY, 40299",Moshe Simpson,"2207 Stephan Ln, Louisville, KY, 40214",Sales,Louisville,14.7,12/30/1899 5:38:00 PM
Harvey-Nicolas,"6801 Dixie Hwy, Louisville, KY, 40258",Moshe Simpson,"2207 Stephan Ln, Louisville, KY, 40214",Sales,Louisville,3.6,12/30/1899 5:16:00 PM
Harvey-Nicolas,"6801 Dixie Hwy, Louisville, KY, 40258",Moshe Simpson,"2207 Stephan Ln, Louisville, KY, 40214",Sales,Louisville,3.6,12/30/1899 10:03:00 AM
Beatty-Sanford,"4408 Dixie Hwy, Louisville, KY, 40216",Moshe Simpson,"2207 Stephan Ln, Louisville, KY, 40214",Sales,Louisville,2.2,12/30/1899 12:19:00 PM
Beatty-Sanford,"4408 Dixie Hwy, Louisville, KY, 40216",Moshe Simpson,"2207 Stephan Ln, Louisville, KY, 40214",Sales,Louisville,2.2,12/30/1899 4:31:00 PM
Torphy LLC,"13200 Complete Ct, Louisville, KY, 40223",Moshe Simpson,"2207 Stephan Ln, Louisville, KY, 40214",Sales,Louisville,22.5,12/30/1899 9:49:00 AM
Torphy LLC,"13200 Complete Ct, Louisville, KY, 40223",Moshe Simpson,"2207 Stephan Ln, Louisville, KY, 40214",Sales,Louisville,22.5,12/30/1899 4:04:00 PM
Torphy LLC,"13200 Complete Ct, Louisville, KY, 40223",Moshe Simpson,"2207 Stephan Ln, Louisville, KY, 40214",Sales,Louisville,22.5,12/30/1899 9:34:00 AM
Lehner and Sons,"107 Fairmeade Rd, Louisville, KY, 40207",Moshe Simpson,"2207 Stephan Ln, Louisville, KY, 40214",Sales,Louisville,13.4,12/30/1899 9:00:00 AM
McKenzie-Price,"11517 Shelbyville Rd, Louisville, KY, 40243",Moshe Simpson,"2207 Stephan Ln, Louisville, KY, 40214",Sales,Louisville,18.4,12/30/1899 9:01:00 AM
Beatty Group,"77 Park Place Blvd, Avon, IN, 46123",Cindy Lunt,"4355 W Gifford Rd, Bloomington, IN, 47403",Sales,Indianapolis,48.4,12/30/1899 11:05:00 AM
Considine-Ratke,"7810 E Us Highway 36 Ste B, Avon, IN, 46123",Cindy Lunt,"4355 W Gifford Rd, Bloomington, IN, 47403",Sales,Indianapolis,49,12/30/1899 5:30:00 PM
Fritsch Group,"10223 E County Road 100 S, Avon, IN, 46123",Cindy Lunt,"4355 W Gifford Rd, Bloomington, IN, 47403",Sales,Indianapolis,49.3,12/30/1899 5:05:00 PM
Gleichner-Green,"9769 Gibbon Ln, Avon, IN, 46123",Cindy Lunt,"4355 W Gifford Rd, Bloomington, IN, 47403",Sales,Indianapolis,51.9,12/30/1899 11:20:00 AM
O'Keefe Inc,"10746 E Us Highway 36, Avon, IN, 46123",Cindy Lunt,"4355 W Gifford Rd, Bloomington, IN, 47403",Sales,Indianapolis,50.6,12/30/1899 11:26:00 AM
O'Keefe Inc,"10746 E Us Highway 36, Avon, IN, 46123",Cindy Lunt,"4355 W Gifford Rd, Bloomington, IN, 47403",Sales,Indianapolis,50.6,12/30/1899 8:47:00 AM
"Heidenreich, Bruen and Friesen","180 N Avon Ave Ste 210, Avon, IN, 46123",Cindy Lunt,"4355 W Gifford Rd, Bloomington, IN, 47403",Sales,Indianapolis,48.2,12/30/1899 11:00:00 AM
"Beahan, Runolfsdottir and Bogan","136 York Dr, Carmel, IN, 46032",Cindy Lunt,"4355 W Gifford Rd, Bloomington, IN, 47403",Sales,Indianapolis,77.5,12/30/1899 1:20:00 PM
Rau Inc,"736 Hanover Pl Suite 100F, Carmel, IN, 46032",Cindy Lunt,"4355 W Gifford Rd, Bloomington, IN, 47403",Sales,Indianapolis,75,12/30/1899 2:13:00 PM
"Baumbach, Bernier and Toy","620 S Rangeline Rd Ste 2b, Carmel, IN, 46032",Cindy Lunt,"4355 W Gifford Rd, Bloomington, IN, 47403",Sales,Indianapolis,75,12/30/1899 11:40:00 AM
Walsh-Koepp,"12401 Old Meridian St, Carmel, IN, 46032",Cindy Lunt,"4355 W Gifford Rd, Bloomington, IN, 47403",Sales,Indianapolis,75.2,12/30/1899 10:17:00 AM
Kihn LLC,"248 E Carmel Dr, Carmel, IN, 46032",Cindy Lunt,"4355 W Gifford Rd, Bloomington, IN, 47403",Sales,Indianapolis,73.9,12/30/1899 8:22:00 AM
Denesik Inc,"416 W Main St, Carmel, IN, 46032",Cindy Lunt,"4355 W Gifford Rd, Bloomington, IN, 47403",Sales,Indianapolis,77.5,12/30/1899 3:58:00 PM
Koch-Walker,"11350 N Meridian St Ste 120, Carmel, IN, 46032",Cindy Lunt,"4355 W Gifford Rd, Bloomington, IN, 47403",Sales,Indianapolis,74.4,12/30/1899 12:01:00 PM
"Romaguera, Hoppe and Bode","11711 N Pennsylvania St Ste 250, Carmel, IN, 46032",Cindy Lunt,"4355 W Gifford Rd, Bloomington, IN, 47403",Sales,Indianapolis,74.4,12/30/1899 5:42:00 PM
Becker-Erdman,"720 S Rangeline Rd Apt 410, Carmel, IN, 46032",Cindy Lunt,"4355 W Gifford Rd, Bloomington, IN, 47403",Sales,Indianapolis,74.7,12/30/1899 12:29:00 PM
Stamm LLC,"484 E Carmel Dr Ste 389, Carmel, IN, 46032",Cindy Lunt,"4355 W Gifford Rd, Bloomington, IN, 47403",Sales,Indianapolis,73.7,12/30/1899 1:25:00 PM
Pagac Inc,"2325 Pointe Pkwy Ste 100, Carmel, IN, 46032",Cindy Lunt,"4355 W Gifford Rd, Bloomington, IN, 47403",Sales,Indianapolis,73.2,12/30/1899 9:06:00 AM
Cormier-Satterfield,"2259 E 151st St, Carmel, IN, 46033",Cindy Lunt,"4355 W Gifford Rd, Bloomington, IN, 47403",Sales,Indianapolis,77.7,12/30/1899 4:36:00 PM
Little and Sons,"820 Pawnee Rd, Carmel, IN, 46032",Cindy Lunt,"4355 W Gifford Rd, Bloomington, IN, 47403",Sales,Indianapolis,74.8,12/30/1899 12:53:00 PM
Willms-Donnelly,"426 Cool Ridge Dr, Carmel, IN, 46032",Cindy Lunt,"4355 W Gifford Rd, Bloomington, IN, 47403",Sales,Indianapolis,77.6,12/30/1899 10:54:00 AM
Towne-Rippin,"13473 salamone way, carmel, IN, 46074",Cindy Lunt,"4355 W Gifford Rd, Bloomington, IN, 47403",Sales,Indianapolis,73.4,12/30/1899 3:23:00 PM
Berge-Wolf,"110 N Rangeline Rd, Carmel, IN, 46032",Cindy Lunt,"4355 W Gifford Rd, Bloomington, IN, 47403",Sales,Indianapolis,75.4,12/30/1899 11:09:00 AM
Boyer-Rath,"121 Commerce Dr, Danville, IN, 46122",Cindy Lunt,"4355 W Gifford Rd, Bloomington, IN, 47403",Sales,Indianapolis,48,12/30/1899 5:38:00 PM
Botsford LLC,"1440 Sierra Pass, Danville, IN, 46122",Cindy Lunt,"4355 W Gifford Rd, Bloomington, IN, 47403",Sales,Indianapolis,48.1,12/30/1899 10:20:00 AM
Kertzmann-MacGyver,"2002 S East St, Indianapolis, IN, 46225",Cindy Lunt,"4355 W Gifford Rd, Bloomington, IN, 47403",Sales,Indianapolis,51.1,12/30/1899 12:09:00 PM
"Kshlerin, Schimmel and Koepp","10585 N Meridian St, Indianapolis, IN, 46290",Cindy Lunt,"4355 W Gifford Rd, Bloomington, IN, 47403",Sales,Indianapolis,73.4,12/30/1899 4:38:00 PM
Shanahan-Johnston,"930 E Hanna Ave, Indianapolis, IN, 46227",Cindy Lunt,"4355 W Gifford Rd, Bloomington, IN, 47403",Sales,Indianapolis,49,12/30/1899 4:40:00 PM
"Braun, Murazik and Daugherty","8888 Keystone Xing, Indianapolis, IN, 46240",Cindy Lunt,"4355 W Gifford Rd, Bloomington, IN, 47403",Sales,Indianapolis,71.4,12/30/1899 3:35:00 PM
"Gorczany, Walker and Kris","929 W 16th St, Indianapolis, IN, 46202",Cindy Lunt,"4355 W Gifford Rd, Bloomington, IN, 47403",Sales,Indianapolis,53.7,12/30/1899 11:43:00 AM
"Gorczany, Walker and Kris","929 W 16th St, Indianapolis, IN, 46202",Cindy Lunt,"4355 W Gifford Rd, Bloomington, IN, 47403",Sales,Indianapolis,53.7,12/30/1899 2:35:00 PM
Keebler-Witting,"7210 Madison Ave Ste L, Indianapolis, IN, 46227",Cindy Lunt,"4355 W Gifford Rd, Bloomington, IN, 47403",Sales,Indianapolis,47.6,12/30/1899 5:04:00 PM
Bogisich Inc,"9040 E 30th St, Indianapolis, IN, 46229",Cindy Lunt,"4355 W Gifford Rd, Bloomington, IN, 47403",Sales,Indianapolis,62,12/30/1899 5:22:00 PM
"Stehr, Hayes and Walter","450 E 96th St Ste 500, Indianapolis, IN, 46240",Cindy Lunt,"4355 W Gifford Rd, Bloomington, IN, 47403",Sales,Indianapolis,73.3,12/30/1899 10:22:00 AM
Abernathy-Legros,"2905 E 46th St, Indianapolis, IN, 46205",Cindy Lunt,"4355 W Gifford Rd, Bloomington, IN, 47403",Sales,Indianapolis,61.9,12/30/1899 10:50:00 AM
Heaney LLC,"1764 E 86th St, Indianapolis, IN, 46240",Cindy Lunt,"4355 W Gifford Rd, Bloomington, IN, 47403",Sales,Indianapolis,72.3,12/30/1899 11:12:00 AM
"Mraz, Kovacek and Kozey","6329 Hollister Dr, Indianapolis, IN, 46224",Cindy Lunt,"4355 W Gifford Rd, Bloomington, IN, 47403",Sales,Indianapolis,58,12/30/1899 1:04:00 PM
Harris-Ullrich,"855 N High School Rd Ste 10, Indianapolis, IN, 46214",Cindy Lunt,"4355 W Gifford Rd, Bloomington, IN, 47403",Sales,Indianapolis,55.9,12/30/1899 10:57:00 AM
"Halvorson, Lindgren and Wintheiser","11903 E Welland St, Indianapolis, IN, 46229",Cindy Lunt,"4355 W Gifford Rd, Bloomington, IN, 47403",Sales,Indianapolis,62.5,12/30/1899 4:40:00 PM
"Lang, Lesch and Murphy","1027 E Main St, Plainfield, IN, 46168",Cindy Lunt,"4355 W Gifford Rd, Bloomington, IN, 47403",Sales,Indianapolis,44.6,12/30/1899 4:05:00 PM
"Bergstrom, Goldner and Kunde","2680 E Main St, Plainfield, IN, 46168",Cindy Lunt,"4355 W Gifford Rd, Bloomington, IN, 47403",Sales,Indianapolis,46,12/30/1899 10:43:00 AM
Lynch Group,"2680 E Main St Ste 216, Plainfield, IN, 46168",Cindy Lunt,"4355 W Gifford Rd, Bloomington, IN, 47403",Sales,Indianapolis,46,12/30/1899 3:25:00 PM
Douglas-Ortiz,"1660 E Main St Ste 105, Plainfield, IN, 46168",Cindy Lunt,"4355 W Gifford Rd, Bloomington, IN, 47403",Sales,Indianapolis,44.9,12/30/1899 4:27:00 PM
"Weber, Kessler and Abbott","965 Heathrow Ln, Avon, IN, 46123",Gaia Evans,"4402 Clayburn Dr, Indianapolis, IN, 46268",Sales,Indianapolis,22.1,12/30/1899 10:39:00 AM
"Armstrong, Mertz and Hills","7047 Lancaster Ln, Avon, IN, 46123",Gaia Evans,"4402 Clayburn Dr, Indianapolis, IN, 46268",Sales,Indianapolis,20,12/30/1899 2:20:00 PM
"Denesik, Wolff and McCullough","1371 Bur Oak Ct, Avon, IN, 46123",Gaia Evans,"4402 Clayburn Dr, Indianapolis, IN, 46268",Sales,Indianapolis,17.7,12/30/1899 4:34:00 PM
Bergnaum-Trantow,"1033 3rd Ave SW Ste 202, Carmel, IN, 46032",Gaia Evans,"4402 Clayburn Dr, Indianapolis, IN, 46268",Sales,Indianapolis,10.2,12/30/1899 4:48:00 PM
"Wuckert, Greenfelder and Balistreri","14433 Hawthorne Dr, Carmel, IN, 46033",Gaia Evans,"4402 Clayburn Dr, Indianapolis, IN, 46268",Sales,Indianapolis,14.3,12/30/1899 12:58:00 PM
"Muller, Bradtke and Stanton","240 S Rangeline Rd, Carmel, IN, 46032",Gaia Evans,"4402 Clayburn Dr, Indianapolis, IN, 46268",Sales,Indianapolis,11.9,12/30/1899 9:40:00 AM
Schuppe-Altenwerth,"55 4th St NW, Carmel, IN, 46032",Gaia Evans,"4402 Clayburn Dr, Indianapolis, IN, 46268",Sales,Indianapolis,11.5,12/30/1899 12:47:00 PM
Kihn LLC,"248 E Carmel Dr, Carmel, IN, 46032",Gaia Evans,"4402 Clayburn Dr, Indianapolis, IN, 46268",Sales,Indianapolis,11.9,12/30/1899 5:05:00 PM
Wyman-Champlin,"525 Worth Ct, Carmel, IN, 46032",Gaia Evans,"4402 Clayburn Dr, Indianapolis, IN, 46268",Sales,Indianapolis,11.9,12/30/1899 11:07:00 AM
"Durgan, Yost and Tillman","11611 N Meridian St Ste 300, Carmel, IN, 46032",Gaia Evans,"4402 Clayburn Dr, Indianapolis, IN, 46268",Sales,Indianapolis,8.3,12/30/1899 2:49:00 PM
"Beier, VonRueden and Mueller","11711 N Meridian St Ste 110, Carmel, IN, 46032",Gaia Evans,"4402 Clayburn Dr, Indianapolis, IN, 46268",Sales,Indianapolis,8.4,12/30/1899 1:23:00 PM
"Luettgen, Roberts and Schimmel","14484 Alderbrook Trl, Carmel, IN, 46033",Gaia Evans,"4402 Clayburn Dr, Indianapolis, IN, 46268",Sales,Indianapolis,13.7,12/30/1899 9:09:00 AM
Flatley LLC,"11555 N Meridian St Ste 100, Carmel, IN, 46032",Gaia Evans,"4402 Clayburn Dr, Indianapolis, IN, 46268",Sales,Indianapolis,7.9,12/30/1899 2:26:00 PM
Flatley LLC,"11555 N Meridian St Ste 100, Carmel, IN, 46032",Gaia Evans,"4402 Clayburn Dr, Indianapolis, IN, 46268",Sales,Indianapolis,7.9,12/30/1899 3:28:00 PM
Pagac Inc,"2325 Pointe Pkwy Ste 100, Carmel, IN, 46032",Gaia Evans,"4402 Clayburn Dr, Indianapolis, IN, 46268",Sales,Indianapolis,11.2,12/30/1899 9:43:00 AM
Pagac Inc,"2325 Pointe Pkwy Ste 100, Carmel, IN, 46032",Gaia Evans,"4402 Clayburn Dr, Indianapolis, IN, 46268",Sales,Indianapolis,11.2,12/30/1899 9:34:00 AM
Abshire-Kuvalis,"921 N Rangeline Rd, Carmel, IN, 46032",Gaia Evans,"4402 Clayburn Dr, Indianapolis, IN, 46268",Sales,Indianapolis,11.7,12/30/1899 9:09:00 AM
"Weber, Dach and Fritsch","316 N Rangeline Rd, Carmel, IN, 46032",Gaia Evans,"4402 Clayburn Dr, Indianapolis, IN, 46268",Sales,Indianapolis,11.5,12/30/1899 8:16:00 AM
Pfeffer and Sons,"718 Adams St Ste B, Carmel, IN, 46032",Gaia Evans,"4402 Clayburn Dr, Indianapolis, IN, 46268",Sales,Indianapolis,9.6,12/30/1899 3:24:00 PM
Pfeffer and Sons,"718 Adams St Ste B, Carmel, IN, 46032",Gaia Evans,"4402 Clayburn Dr, Indianapolis, IN, 46268",Sales,Indianapolis,9.6,12/30/1899 9:18:00 AM
Pfeffer and Sons,"718 Adams St Ste B, Carmel, IN, 46032",Gaia Evans,"4402 Clayburn Dr, Indianapolis, IN, 46268",Sales,Indianapolis,9.6,12/30/1899 1:50:00 PM
"Glover, Strosin and Orn","14610 N Meridian St, Carmel, IN, 46032",Gaia Evans,"4402 Clayburn Dr, Indianapolis, IN, 46268",Sales,Indianapolis,12.2,12/30/1899 4:21:00 PM
Halvorson-Mosciski,"495 Firefly Ln, Carmel, IN, 46032",Gaia Evans,"4402 Clayburn Dr, Indianapolis, IN, 46268",Sales,Indianapolis,9.7,12/30/1899 8:14:00 AM
Medhurst-Franecki,"484 E Carmel Dr, Carmel, IN, 46032",Gaia Evans,"4402 Clayburn Dr, Indianapolis, IN, 46268",Sales,Indianapolis,11.7,12/30/1899 9:51:00 AM
Carroll-Gleichner,"8028 S Emerson Ave Ste Aa, Indianapolis, IN, 46237",Gaia Evans,"4402 Clayburn Dr, Indianapolis, IN, 46268",Sales,Indianapolis,28.1,12/30/1899 5:37:00 PM
Kohler and Sons,"5401 S East St Ste 102, Indianapolis, IN, 46227",Gaia Evans,"4402 Clayburn Dr, Indianapolis, IN, 46268",Sales,Indianapolis,22.8,12/30/1899 2:51:00 PM
Shanahan LLC,"5337 W 38th St, Indianapolis, IN, 46254",Gaia Evans,"4402 Clayburn Dr, Indianapolis, IN, 46268",Sales,Indianapolis,6.3,12/30/1899 8:53:00 AM
Witting-Hudson,"916 N Shadeland Ave, Indianapolis, IN, 46219",Gaia Evans,"4402 Clayburn Dr, Indianapolis, IN, 46268",Sales,Indianapolis,21.8,12/30/1899 12:12:00 PM
Rempel-Hudson,"941 E 86th St Ste 111, Indianapolis, IN, 46240",Gaia Evans,"4402 Clayburn Dr, Indianapolis, IN, 46268",Sales,Indianapolis,5.8,12/30/1899 8:58:00 AM
"Fadel, Mosciski and Towne","3810 E Southport Rd, Indianapolis, IN, 46237",Gaia Evans,"4402 Clayburn Dr, Indianapolis, IN, 46268",Sales,Indianapolis,25.1,12/30/1899 8:44:00 AM
"Bode, Kirlin and Harris","3133 E Thompson Rd, Indianapolis, IN, 46227",Gaia Evans,"4402 Clayburn Dr, Indianapolis, IN, 46268",Sales,Indianapolis,21.7,12/30/1899 9:05:00 AM
Heathcote-Schowalter,"940 W 16th St, Indianapolis, IN, 46202",Gaia Evans,"4402 Clayburn Dr, Indianapolis, IN, 46268",Sales,Indianapolis,9.9,12/30/1899 12:38:00 PM
"Turcotte, Abernathy and Harris","1311 N Arlington Ave, Indianapolis, IN, 46219",Gaia Evans,"4402 Clayburn Dr, Indianapolis, IN, 46268",Sales,Indianapolis,20.6,12/30/1899 12:24:00 PM
Schinner-Crist,"5805 Beech Hollow Dr, Indianapolis, IN, 46254",Gaia Evans,"4402 Clayburn Dr, Indianapolis, IN, 46268",Sales,Indianapolis,3.4,12/30/1899 3:38:00 PM
Schinner-Crist,"5805 Beech Hollow Dr, Indianapolis, IN, 46254",Gaia Evans,"4402 Clayburn Dr, Indianapolis, IN, 46268",Sales,Indianapolis,3.4,12/30/1899 3:16:00 PM
Bogisich Inc,"9040 E 30th St, Indianapolis, IN, 46229",Gaia Evans,"4402 Clayburn Dr, Indianapolis, IN, 46268",Sales,Indianapolis,21.3,12/30/1899 8:13:00 AM
"Larkin, Robel and Cartwright","4701 N Keystone Ave, Indianapolis, IN, 46205",Gaia Evans,"4402 Clayburn Dr, Indianapolis, IN, 46268",Sales,Indianapolis,9.5,12/30/1899 12:50:00 PM
Mann-Sipes,"5868 E 71st St Ste B, Indianapolis, IN, 46220",Gaia Evans,"4402 Clayburn Dr, Indianapolis, IN, 46268",Sales,Indianapolis,13.8,12/30/1899 2:07:00 PM
Mann-Sipes,"5868 E 71st St Ste B, Indianapolis, IN, 46220",Gaia Evans,"4402 Clayburn Dr, Indianapolis, IN, 46268",Sales,Indianapolis,13.8,12/30/1899 12:00:00 PM
Hahn Inc,"6430 E 75th St, Indianapolis, IN, 46250",Gaia Evans,"4402 Clayburn Dr, Indianapolis, IN, 46268",Sales,Indianapolis,13.2,12/30/1899 5:11:00 PM
"Sauer, Waters and Bashirian","325 N Delaware St, Indianapolis, IN, 46204",Gaia Evans,"4402 Clayburn Dr, Indianapolis, IN, 46268",Sales,Indianapolis,14.8,12/30/1899 12:47:00 PM
Abernathy-Legros,"2905 E 46th St, Indianapolis, IN, 46205",Gaia Evans,"4402 Clayburn Dr, Indianapolis, IN, 46268",Sales,Indianapolis,11,12/30/1899 5:43:00 PM
Jerde-Blanda,"6470 N Shadeland Ave Ste D, Indianapolis, IN, 46220",Gaia Evans,"4402 Clayburn Dr, Indianapolis, IN, 46268",Sales,Indianapolis,14.7,12/30/1899 5:03:00 PM
"Rutherford, O'Reilly and Purdy","5145 E 65th St, Indianapolis, IN, 46220",Gaia Evans,"4402 Clayburn Dr, Indianapolis, IN, 46268",Sales,Indianapolis,14.7,12/30/1899 9:04:00 AM
"Halvorson, Lindgren and Wintheiser","11903 E Welland St, Indianapolis, IN, 46229",Gaia Evans,"4402 Clayburn Dr, Indianapolis, IN, 46268",Sales,Indianapolis,25.3,12/30/1899 10:09:00 AM
Kiehn-Larson,"9184 Summerfield Dr, Plainfield, IN, 46168",Gaia Evans,"4402 Clayburn Dr, Indianapolis, IN, 46268",Sales,Indianapolis,18.4,12/30/1899 9:54:00 AM
Carroll Inc,"2375 E Main St, Plainfield, IN, 46168",Gaia Evans,"4402 Clayburn Dr, Indianapolis, IN, 46268",Sales,Indianapolis,18.6,12/30/1899 9:11:00 AM
Beatty Group,"77 Park Place Blvd, Avon, IN, 46123",Jessica Armstrong,"1319 S East St, Indianapolis, IN, 46203",Sales,Indianapolis,14.2,12/30/1899 12:50:00 PM
Beatty Group,"77 Park Place Blvd, Avon, IN, 46123",Jessica Armstrong,"1319 S East St, Indianapolis, IN, 46203",Sales,Indianapolis,14.2,12/30/1899 9:01:00 AM
"Weber, Kessler and Abbott","965 Heathrow Ln, Avon, IN, 46123",Jessica Armstrong,"1319 S East St, Indianapolis, IN, 46203",Sales,Indianapolis,19.2,12/30/1899 12:59:00 PM
Toy Group,"8100 E Us Highway 36, Avon, IN, 46123",Jessica Armstrong,"1319 S East St, Indianapolis, IN, 46203",Sales,Indianapolis,13.5,12/30/1899 9:38:00 AM
"Fisher, Bogan and Kutch","5530 E Us Highway 36 Ste 230, Avon, IN, 46123",Jessica Armstrong,"1319 S East St, Indianapolis, IN, 46203",Sales,Indianapolis,16.1,12/30/1899 10:09:00 AM
Fritsch Group,"10223 E County Road 100 S, Avon, IN, 46123",Jessica Armstrong,"1319 S East St, Indianapolis, IN, 46203",Sales,Indianapolis,13.3,12/30/1899 3:57:00 PM
Parisian Group,"2042 Talisker Ct, Avon, IN, 46123",Jessica Armstrong,"1319 S East St, Indianapolis, IN, 46203",Sales,Indianapolis,17.6,12/30/1899 4:51:00 PM
O'Keefe Inc,"10746 E Us Highway 36, Avon, IN, 46123",Jessica Armstrong,"1319 S East St, Indianapolis, IN, 46203",Sales,Indianapolis,10.9,12/30/1899 12:11:00 PM
Kertzmann and Sons,"1117 Timber Climb Dr, Avon, IN, 46123",Jessica Armstrong,"1319 S East St, Indianapolis, IN, 46203",Sales,Indianapolis,19,12/30/1899 12:59:00 PM
"Anderson, Homenick and Emard","5641 Station Hill Dr, Avon, IN, 46123",Jessica Armstrong,"1319 S East St, Indianapolis, IN, 46203",Sales,Indianapolis,16.5,12/30/1899 5:09:00 PM
Ondricka-Murphy,"1572 Bearcub Ln, Avon, IN, 46123",Jessica Armstrong,"1319 S East St, Indianapolis, IN, 46203",Sales,Indianapolis,17.1,12/30/1899 12:46:00 PM
Rau Inc,"736 Hanover Pl Suite 100F, Carmel, IN, 46032",Jessica Armstrong,"1319 S East St, Indianapolis, IN, 46203",Sales,Indianapolis,24.3,12/30/1899 3:44:00 PM
Schuppe-Altenwerth,"55 4th St NW, Carmel, IN, 46032",Jessica Armstrong,"1319 S East St, Indianapolis, IN, 46203",Sales,Indianapolis,25.3,12/30/1899 2:17:00 PM
"Baumbach, Bernier and Toy","620 S Rangeline Rd Ste 2b, Carmel, IN, 46032",Jessica Armstrong,"1319 S East St, Indianapolis, IN, 46203",Sales,Indianapolis,24.3,12/30/1899 11:00:00 AM
"Baumbach, Bernier and Toy","620 S Rangeline Rd Ste 2b, Carmel, IN, 46032",Jessica Armstrong,"1319 S East St, Indianapolis, IN, 46203",Sales,Indianapolis,24.3,12/30/1899 8:41:00 AM
"Jast, Grant and Jaskolski","3422 Beech Dr, Carmel, IN, 46033",Jessica Armstrong,"1319 S East St, Indianapolis, IN, 46203",Sales,Indianapolis,25,12/30/1899 10:06:00 AM
Kihn LLC,"248 E Carmel Dr, Carmel, IN, 46032",Jessica Armstrong,"1319 S East St, Indianapolis, IN, 46203",Sales,Indianapolis,23.2,12/30/1899 1:42:00 PM
Denesik Inc,"416 W Main St, Carmel, IN, 46032",Jessica Armstrong,"1319 S East St, Indianapolis, IN, 46203",Sales,Indianapolis,27.7,12/30/1899 1:05:00 PM
Legros-Eichmann,"30 E Main St Ste A, Carmel, IN, 46032",Jessica Armstrong,"1319 S East St, Indianapolis, IN, 46203",Sales,Indianapolis,24.5,12/30/1899 10:24:00 AM
"Durgan, Yost and Tillman","11611 N Meridian St Ste 300, Carmel, IN, 46032",Jessica Armstrong,"1319 S East St, Indianapolis, IN, 46203",Sales,Indianapolis,24.6,12/30/1899 3:43:00 PM
"Rau, Rowe and Howe","301 E Carmel Dr, Carmel, IN, 46032",Jessica Armstrong,"1319 S East St, Indianapolis, IN, 46203",Sales,Indianapolis,23.1,12/30/1899 9:10:00 AM
"Beier, VonRueden and Mueller","11711 N Meridian St Ste 110, Carmel, IN, 46032",Jessica Armstrong,"1319 S East St, Indianapolis, IN, 46203",Sales,Indianapolis,24.8,12/30/1899 1:24:00 PM
Spencer LLC,"160 W Carmel Dr Ste 265, Carmel, IN, 46032",Jessica Armstrong,"1319 S East St, Indianapolis, IN, 46203",Sales,Indianapolis,23.6,12/30/1899 2:33:00 PM
Schumm LLC,"12900 N Meridian St Ste 125, Carmel, IN, 46032",Jessica Armstrong,"1319 S East St, Indianapolis, IN, 46203",Sales,Indianapolis,26.3,12/30/1899 2:19:00 PM
"O'Kon, Ankunding and Kshlerin","160 W Carmel Dr, Suite 229, Carmel, IN, 46032",Jessica Armstrong,"1319 S East St, Indianapolis, IN, 46203",Sales,Indianapolis,23.6,12/30/1899 10:48:00 AM
"O'Kon, Ankunding and Kshlerin","160 W Carmel Dr, Suite 229, Carmel, IN, 46032",Jessica Armstrong,"1319 S East St, Indianapolis, IN, 46203",Sales,Indianapolis,23.6,12/30/1899 2:42:00 PM
Beer-Parker,"650 E Carmel Dr, Carmel, IN, 46032",Jessica Armstrong,"1319 S East St, Indianapolis, IN, 46203",Sales,Indianapolis,22.8,12/30/1899 2:35:00 PM
Cormier-Satterfield,"2259 E 151st St, Carmel, IN, 46033",Jessica Armstrong,"1319 S East St, Indianapolis, IN, 46203",Sales,Indianapolis,27,12/30/1899 11:09:00 AM
Sipes and Sons,"1905 S New Market St Ste 166, Carmel, IN, 46032",Jessica Armstrong,"1319 S East St, Indianapolis, IN, 46203",Sales,Indianapolis,19,12/30/1899 10:09:00 AM
"Turcotte, Abernathy and Harris","1311 N Arlington Ave, Indianapolis, IN, 46219",Albi Oneal,"49 S Linwood Ave, Indianapolis, IN, 46201",IT,Indianapolis,2.6,12/30/1899 12:29:00 PM
Hane-Kertzmann,"8101 E Washington St, Indianapolis, IN, 46219",Albi Oneal,"49 S Linwood Ave, Indianapolis, IN, 46201",IT,Indianapolis,3.7,12/30/1899 9:20:00 AM
Rippin-Hudson,"55 Monument Cir Ste 416, Indianapolis, IN, 46204",Albi Oneal,"49 S Linwood Ave, Indianapolis, IN, 46201",IT,Indianapolis,4,12/30/1899 2:09:00 PM
Abernathy-Legros,"2905 E 46th St, Indianapolis, IN, 46205",Albi Oneal,"49 S Linwood Ave, Indianapolis, IN, 46201",IT,Indianapolis,7.1,12/30/1899 2:18:00 PM
"Walker, Hessel and Dooley","5936 N Keystone Ave, Indianapolis, IN, 46220",Albi Oneal,"49 S Linwood Ave, Indianapolis, IN, 46201",IT,Indianapolis,9,12/30/1899 3:51:00 PM
"Predovic, Okuneva and Ruecker","6434 N College Ave Ste E, Indianapolis, IN, 46220",Albi Oneal,"49 S Linwood Ave, Indianapolis, IN, 46201",IT,Indianapolis,10.9,12/30/1899 4:57:00 PM
Johnson-Schroeder,"2421 Production Dr Ste 206, Indianapolis, IN, 46241",Albi Oneal,"49 S Linwood Ave, Indianapolis, IN, 46201",IT,Indianapolis,11.3,12/30/1899 11:40:00 AM
Hahn Inc,"6430 E 75th St, Indianapolis, IN, 46250",Albi Oneal,"49 S Linwood Ave, Indianapolis, IN, 46201",IT,Indianapolis,12.3,12/30/1899 12:17:00 PM
"Turner, Sawayn and Cole","5750 Crawfordsville Rd, Indianapolis, IN, 46224",Albi Oneal,"49 S Linwood Ave, Indianapolis, IN, 46201",IT,Indianapolis,13.2,12/30/1899 9:04:00 AM
Treutel-Fisher,"310 W Southport Rd, Indianapolis, IN, 46217",Albi Oneal,"49 S Linwood Ave, Indianapolis, IN, 46201",IT,Indianapolis,13.5,12/30/1899 2:32:00 PM
"Boyle, Adams and Klein","8033 S Meridian St, Indianapolis, IN, 46217",Albi Oneal,"49 S Linwood Ave, Indianapolis, IN, 46201",IT,Indianapolis,14.2,12/30/1899 9:09:00 AM
Grant-Walter,"8345 Clearvista Pl Unit 200, Indianapolis, IN, 46256",Albi Oneal,"49 S Linwood Ave, Indianapolis, IN, 46201",IT,Indianapolis,14.3,12/30/1899 11:26:00 AM
Schinner-Crist,"5805 Beech Hollow Dr, Indianapolis, IN, 46254",Albi Oneal,"49 S Linwood Ave, Indianapolis, IN, 46201",IT,Indianapolis,14.4,12/30/1899 8:01:00 AM
Schinner-Crist,"5805 Beech Hollow Dr, Indianapolis, IN, 46254",Albi Oneal,"49 S Linwood Ave, Indianapolis, IN, 46201",IT,Indianapolis,14.4,12/30/1899 1:59:00 PM
Schinner-Crist,"5805 Beech Hollow Dr, Indianapolis, IN, 46254",Albi Oneal,"49 S Linwood Ave, Indianapolis, IN, 46201",IT,Indianapolis,14.4,12/30/1899 3:12:00 PM
Goyette-Bartell,"8751 Us 31 S, Indianapolis, IN, 46227",Albi Oneal,"49 S Linwood Ave, Indianapolis, IN, 46201",IT,Indianapolis,14.8,12/30/1899 9:26:00 AM
"Wuckert, Zboncak and O'Kon","8103 E Us Highway 36, Avon, IN, 46123",Albi Oneal,"49 S Linwood Ave, Indianapolis, IN, 46201",IT,Indianapolis,16.3,12/30/1899 5:42:00 PM
O'Hara-Hills,"9430 Priority Way West Dr, Indianapolis, IN, 46240",Albi Oneal,"49 S Linwood Ave, Indianapolis, IN, 46201",IT,Indianapolis,16.9,12/30/1899 9:07:00 AM
Toy Group,"8100 E Us Highway 36, Avon, IN, 46123",Albi Oneal,"49 S Linwood Ave, Indianapolis, IN, 46201",IT,Indianapolis,17.2,12/30/1899 1:41:00 PM
Klocko-Braun,"7754 Cobblesprings Dr, Avon, IN, 46123",Albi Oneal,"49 S Linwood Ave, Indianapolis, IN, 46201",IT,Indianapolis,17.5,12/30/1899 11:09:00 AM
O'Reilly Group,"8081 Zionsville Rd, Indianapolis, IN, 46268",Albi Oneal,"49 S Linwood Ave, Indianapolis, IN, 46201",IT,Indianapolis,18.1,12/30/1899 10:26:00 AM
"Bartell, Hoppe and Schaefer","6319 E Us Highway 36, Avon, IN, 46123",Albi Oneal,"49 S Linwood Ave, Indianapolis, IN, 46201",IT,Indianapolis,18.9,12/30/1899 12:58:00 PM
"Bergstrom, Goldner and Kunde","2680 E Main St, Plainfield, IN, 46168",Albi Oneal,"49 S Linwood Ave, Indianapolis, IN, 46201",IT,Indianapolis,19.7,12/30/1899 2:35:00 PM
Feeney-Botsford,"2680 E Main St Ste 331, Plainfield, IN, 46168",Albi Oneal,"49 S Linwood Ave, Indianapolis, IN, 46201",IT,Indianapolis,19.7,12/30/1899 4:39:00 PM
Lynch Group,"2680 E Main St Ste 216, Plainfield, IN, 46168",Albi Oneal,"49 S Linwood Ave, Indianapolis, IN, 46201",IT,Indianapolis,19.7,12/30/1899 4:42:00 PM
Pfannerstill-Schroeder,"280 W Carmel Dr, Carmel, IN, 46032",Albi Oneal,"49 S Linwood Ave, Indianapolis, IN, 46201",IT,Indianapolis,19.8,12/30/1899 8:46:00 AM
"Fisher, Bogan and Kutch","5530 E Us Highway 36 Ste 230, Avon, IN, 46123",Albi Oneal,"49 S Linwood Ave, Indianapolis, IN, 46201",IT,Indianapolis,19.8,12/30/1899 2:11:00 PM
"McKenzie, Jast and Dickens","5505 E US Highway 36, Avon, IN, 46123",Albi Oneal,"49 S Linwood Ave, Indianapolis, IN, 46201",IT,Indianapolis,19.9,12/30/1899 8:59:00 AM
Mraz and Sons,"5151 E Us Highway 36 Ste 100, Avon, IN, 46123",Albi Oneal,"49 S Linwood Ave, Indianapolis, IN, 46201",IT,Indianapolis,20.1,12/30/1899 8:06:00 AM
"Baumbach, Bernier and Toy","620 S Rangeline Rd Ste 2b, Carmel, IN, 46032",Albi Oneal,"49 S Linwood Ave, Indianapolis, IN, 46201",IT,Indianapolis,20.4,12/30/1899 5:18:00 PM
Cremin-Ruecker,"11460 N Meridian St, Carmel, IN, 46032",Albi Oneal,"49 S Linwood Ave, Indianapolis, IN, 46201",IT,Indianapolis,20.5,12/30/1899 12:39:00 PM
Kiehn-Larson,"9184 Summerfield Dr, Plainfield, IN, 46168",Albi Oneal,"49 S Linwood Ave, Indianapolis, IN, 46201",IT,Indianapolis,20.6,12/30/1899 11:07:00 AM
Cremin Group,"8 W Main St, Carmel, IN, 46032",Albi Oneal,"49 S Linwood Ave, Indianapolis, IN, 46201",IT,Indianapolis,20.7,12/30/1899 1:51:00 PM
"Durgan, Yost and Tillman","11611 N Meridian St Ste 300, Carmel, IN, 46032",Albi Oneal,"49 S Linwood Ave, Indianapolis, IN, 46201",IT,Indianapolis,20.7,12/30/1899 5:46:00 PM
"Miller, Koch and Howe","11805 N Pennsylvania St, Carmel, IN, 46032",Albi Oneal,"49 S Linwood Ave, Indianapolis, IN, 46201",IT,Indianapolis,20.8,12/30/1899 5:41:00 PM
"Rau, Morissette and Fadel","811 N Rangeline Rd, Carmel, IN, 46032",Albi Oneal,"49 S Linwood Ave, Indianapolis, IN, 46201",IT,Indianapolis,21.2,12/30/1899 3:27:00 PM
Halvorson-Mosciski,"495 Firefly Ln, Carmel, IN, 46032",Albi Oneal,"49 S Linwood Ave, Indianapolis, IN, 46201",IT,Indianapolis,21.3,12/30/1899 4:40:00 PM
Blick Group,"310 1st Ave NW, Carmel, IN, 46032",Albi Oneal,"49 S Linwood Ave, Indianapolis, IN, 46201",IT,Indianapolis,21.5,12/30/1899 10:17:00 AM
"Wuckert, Greenfelder and Balistreri","14433 Hawthorne Dr, Carmel, IN, 46033",Albi Oneal,"49 S Linwood Ave, Indianapolis, IN, 46201",IT,Indianapolis,21.7,12/30/1899 11:25:00 AM
Botsford LLC,"1440 Sierra Pass, Danville, IN, 46122",Albi Oneal,"49 S Linwood Ave, Indianapolis, IN, 46201",IT,Indianapolis,21.9,12/30/1899 8:36:00 AM
Cormier-Satterfield,"2259 E 151st St, Carmel, IN, 46033",Albi Oneal,"49 S Linwood Ave, Indianapolis, IN, 46201",IT,Indianapolis,23,12/30/1899 12:16:00 PM
"Armstrong, Mertz and Hills","7047 Lancaster Ln, Avon, IN, 46123",Albi Oneal,"49 S Linwood Ave, Indianapolis, IN, 46201",IT,Indianapolis,23.2,12/30/1899 8:58:00 AM
"Luettgen, Roberts and Schimmel","14484 Alderbrook Trl, Carmel, IN, 46033",Albi Oneal,"49 S Linwood Ave, Indianapolis, IN, 46201",IT,Indianapolis,23.2,12/30/1899 5:32:00 PM
D'Amore-Swaniawski,"7385 Oakview Dr, Avon, IN, 46123",Albi Oneal,"49 S Linwood Ave, Indianapolis, IN, 46201",IT,Indianapolis,24.6,12/30/1899 4:08:00 PM
Runte-Bode,"701 Heartland Ln, Brownsburg, IN, 46112",Albi Oneal,"49 S Linwood Ave, Indianapolis, IN, 46201",IT,Indianapolis,26.2,12/30/1899 8:53:00 AM
Prosacco-Conn,"133 W Market St, Indianapolis, IN, 46204",Fearne Frye,"1430 W Ohio St, Indianapolis, IN, 46222",IT,Indianapolis,1.9,12/30/1899 9:58:00 AM
Prosacco-Conn,"133 W Market St, Indianapolis, IN, 46204",Fearne Frye,"1430 W Ohio St, Indianapolis, IN, 46222",IT,Indianapolis,1.9,12/30/1899 3:59:00 PM
Heidenreich-Rogahn,"54 S Girls School Rd, Indianapolis, IN, 46231",Fearne Frye,"1430 W Ohio St, Indianapolis, IN, 46222",IT,Indianapolis,5.9,12/30/1899 5:22:00 PM
Shanahan-Johnston,"930 E Hanna Ave, Indianapolis, IN, 46227",Fearne Frye,"1430 W Ohio St, Indianapolis, IN, 46222",IT,Indianapolis,6.9,12/30/1899 2:16:00 PM
Yundt LLC,"6143 Brookville Rd, Indianapolis, IN, 46219",Fearne Frye,"1430 W Ohio St, Indianapolis, IN, 46222",IT,Indianapolis,8.9,12/30/1899 1:11:00 PM
Friesen-Torphy,"9500 E Us Highway 36, Avon, IN, 46123",Fearne Frye,"1430 W Ohio St, Indianapolis, IN, 46222",IT,Indianapolis,9.3,12/30/1899 12:29:00 PM
Treutel-Fisher,"310 W Southport Rd, Indianapolis, IN, 46217",Fearne Frye,"1430 W Ohio St, Indianapolis, IN, 46222",IT,Indianapolis,9.4,12/30/1899 1:10:00 PM
Gleichner-Green,"9769 Gibbon Ln, Avon, IN, 46123",Fearne Frye,"1430 W Ohio St, Indianapolis, IN, 46222",IT,Indianapolis,9.8,12/30/1899 9:00:00 AM
Witting-Kshlerin,"761 Daybreak Dr, Avon, IN, 46123",Fearne Frye,"1430 W Ohio St, Indianapolis, IN, 46222",IT,Indianapolis,9.9,12/30/1899 9:50:00 AM
Witting-Kshlerin,"761 Daybreak Dr, Avon, IN, 46123",Fearne Frye,"1430 W Ohio St, Indianapolis, IN, 46222",IT,Indianapolis,9.9,12/30/1899 12:17:00 PM
"Bergstrom, Goldner and Kunde","2680 E Main St, Plainfield, IN, 46168",Fearne Frye,"1430 W Ohio St, Indianapolis, IN, 46222",IT,Indianapolis,10,12/30/1899 9:55:00 AM
"Boyle, Adams and Klein","8033 S Meridian St, Indianapolis, IN, 46217",Fearne Frye,"1430 W Ohio St, Indianapolis, IN, 46222",IT,Indianapolis,10.1,12/30/1899 10:17:00 AM
Kiehn-Larson,"9184 Summerfield Dr, Plainfield, IN, 46168",Fearne Frye,"1430 W Ohio St, Indianapolis, IN, 46222",IT,Indianapolis,10.3,12/30/1899 5:59:00 PM
"Champlin, Gorczany and Heidenreich","2364 e main st, Plainfield, IN, 46168",Fearne Frye,"1430 W Ohio St, Indianapolis, IN, 46222",IT,Indianapolis,10.7,12/30/1899 10:25:00 AM
"Champlin, Gorczany and Heidenreich","2364 e main st, Plainfield, IN, 46168",Fearne Frye,"1430 W Ohio St, Indianapolis, IN, 46222",IT,Indianapolis,10.7,12/30/1899 4:10:00 PM
Ondricka-Murphy,"1572 Bearcub Ln, Avon, IN, 46123",Fearne Frye,"1430 W Ohio St, Indianapolis, IN, 46222",IT,Indianapolis,11.2,12/30/1899 4:53:00 PM
Mayer-Homenick,"1647 E Main St Ste C, Plainfield, IN, 46168",Fearne Frye,"1430 W Ohio St, Indianapolis, IN, 46222",IT,Indianapolis,11.3,12/30/1899 9:09:00 AM
Ullrich Group,"7384 Business Center Dr, Avon, IN, 46123",Fearne Frye,"1430 W Ohio St, Indianapolis, IN, 46222",IT,Indianapolis,11.3,12/30/1899 10:14:00 AM
Keeling Group,"315 N Dan Jones Rd, Plainfield, IN, 46168",Fearne Frye,"1430 W Ohio St, Indianapolis, IN, 46222",IT,Indianapolis,11.8,12/30/1899 9:04:00 AM
"Pouros, Ernser and Maggio","1812 Ballyganner Dr, Avon, IN, 46123",Fearne Frye,"1430 W Ohio St, Indianapolis, IN, 46222",IT,Indianapolis,12.1,12/30/1899 8:29:00 AM
"Bartell, Hoppe and Schaefer","6319 E Us Highway 36, Avon, IN, 46123",Fearne Frye,"1430 W Ohio St, Indianapolis, IN, 46222",IT,Indianapolis,12.3,12/30/1899 1:22:00 PM
O'Reilly Group,"8081 Zionsville Rd, Indianapolis, IN, 46268",Fearne Frye,"1430 W Ohio St, Indianapolis, IN, 46222",IT,Indianapolis,12.9,12/30/1899 3:00:00 PM
"Anderson, Homenick and Emard","5641 Station Hill Dr, Avon, IN, 46123",Fearne Frye,"1430 W Ohio St, Indianapolis, IN, 46222",IT,Indianapolis,13.6,12/30/1899 10:27:00 AM
Runte-Bode,"701 Heartland Ln, Brownsburg, IN, 46112",Fearne Frye,"1430 W Ohio St, Indianapolis, IN, 46222",IT,Indianapolis,13.7,12/30/1899 4:52:00 PM
"Jakubowski, Hamill and Hessel","6284 E County Road 200 N, Avon, IN, 46123",Fearne Frye,"1430 W Ohio St, Indianapolis, IN, 46222",IT,Indianapolis,13.9,12/30/1899 12:37:00 PM
Rempel-Hudson,"941 E 86th St Ste 111, Indianapolis, IN, 46240",Fearne Frye,"1430 W Ohio St, Indianapolis, IN, 46222",IT,Indianapolis,14.4,12/30/1899 10:31:00 AM
"Weber, Kessler and Abbott","965 Heathrow Ln, Avon, IN, 46123",Fearne Frye,"1430 W Ohio St, Indianapolis, IN, 46222",IT,Indianapolis,15.4,12/30/1899 12:43:00 PM
Cummings Group,"7212 N Shadeland Ave, Indianapolis, IN, 46250",Fearne Frye,"1430 W Ohio St, Indianapolis, IN, 46222",IT,Indianapolis,16.5,12/30/1899 1:29:00 PM
"Renner, Bashirian and Haley","102 Granby Dr, Indianapolis, IN, 46229",Fearne Frye,"1430 W Ohio St, Indianapolis, IN, 46222",IT,Indianapolis,16.7,12/30/1899 8:24:00 AM
Sipes and Sons,"1905 S New Market St Ste 166, Carmel, IN, 46032",Fearne Frye,"1430 W Ohio St, Indianapolis, IN, 46222",IT,Indianapolis,16.8,12/30/1899 1:11:00 PM
Sipes and Sons,"1905 S New Market St Ste 166, Carmel, IN, 46032",Fearne Frye,"1430 W Ohio St, Indianapolis, IN, 46222",IT,Indianapolis,16.8,12/30/1899 2:01:00 PM
Grant-Walter,"8345 Clearvista Pl Unit 200, Indianapolis, IN, 46256",Fearne Frye,"1430 W Ohio St, Indianapolis, IN, 46222",IT,Indianapolis,19.3,12/30/1899 8:13:00 AM
O'Hara and Sons,"12664 Tuscany Blvd, Carmel, IN, 46032",Fearne Frye,"1430 W Ohio St, Indianapolis, IN, 46222",IT,Indianapolis,20.3,12/30/1899 4:14:00 PM
"Kshlerin, Schimmel and Koepp","10585 N Meridian St, Indianapolis, IN, 46290",Fearne Frye,"1430 W Ohio St, Indianapolis, IN, 46222",IT,Indianapolis,21.3,12/30/1899 11:26:00 AM
Flatley LLC,"11555 N Meridian St Ste 100, Carmel, IN, 46032",Fearne Frye,"1430 W Ohio St, Indianapolis, IN, 46222",IT,Indianapolis,21.9,12/30/1899 5:15:00 PM
Sporer-Labadie,"12800 N Meridian St Ste 300, Carmel, IN, 46032",Fearne Frye,"1430 W Ohio St, Indianapolis, IN, 46222",IT,Indianapolis,23.5,12/30/1899 10:48:00 AM
Sporer-Labadie,"12800 N Meridian St Ste 300, Carmel, IN, 46032",Fearne Frye,"1430 W Ohio St, Indianapolis, IN, 46222",IT,Indianapolis,23.5,12/30/1899 2:02:00 PM
Hammes-Paucek,"13295 Illinois St Ste 329, Carmel, IN, 46032",Fearne Frye,"1430 W Ohio St, Indianapolis, IN, 46222",IT,Indianapolis,23.9,12/30/1899 12:16:00 PM
Schumm LLC,"12900 N Meridian St Ste 125, Carmel, IN, 46032",Fearne Frye,"1430 W Ohio St, Indianapolis, IN, 46222",IT,Indianapolis,23.9,12/30/1899 12:16:00 PM
Pfannerstill-Schroeder,"280 W Carmel Dr, Carmel, IN, 46032",Fearne Frye,"1430 W Ohio St, Indianapolis, IN, 46222",IT,Indianapolis,24,12/30/1899 10:34:00 AM
Towne-Farrell,"600 E Carmel Dr Ste 267, Carmel, IN, 46032",Fearne Frye,"1430 W Ohio St, Indianapolis, IN, 46222",IT,Indianapolis,24.1,12/30/1899 10:05:00 AM
Stamm LLC,"484 E Carmel Dr Ste 389, Carmel, IN, 46032",Fearne Frye,"1430 W Ohio St, Indianapolis, IN, 46222",IT,Indianapolis,24.1,12/30/1899 2:39:00 PM
"Rau, Rowe and Howe","301 E Carmel Dr, Carmel, IN, 46032",Fearne Frye,"1430 W Ohio St, Indianapolis, IN, 46222",IT,Indianapolis,24.2,12/30/1899 4:16:00 PM
"Lynch, Reynolds and Gaylord","1001 3rd Ave SW, Carmel, IN, 46032",Fearne Frye,"1430 W Ohio St, Indianapolis, IN, 46222",IT,Indianapolis,24.3,12/30/1899 8:35:00 AM
Kihn LLC,"248 E Carmel Dr, Carmel, IN, 46032",Fearne Frye,"1430 W Ohio St, Indianapolis, IN, 46222",IT,Indianapolis,24.3,12/30/1899 2:35:00 PM
"Daniel, Bartoletti and Erdman","40 Executive Dr Ste B, Carmel, IN, 46032",Fearne Frye,"1430 W Ohio St, Indianapolis, IN, 46222",IT,Indianapolis,24.5,12/30/1899 1:09:00 PM
Bergnaum-Trantow,"1033 3rd Ave SW Ste 202, Carmel, IN, 46032",Fearne Frye,"1430 W Ohio St, Indianapolis, IN, 46222",IT,Indianapolis,25,12/30/1899 3:58:00 PM
"Jast, Grant and Jaskolski","3422 Beech Dr, Carmel, IN, 46033",Fearne Frye,"1430 W Ohio St, Indianapolis, IN, 46222",IT,Indianapolis,26.1,12/30/1899 2:26:00 PM
"Rau, Morissette and Fadel","811 N Rangeline Rd, Carmel, IN, 46032",Fearne Frye,"1430 W Ohio St, Indianapolis, IN, 46222",IT,Indianapolis,26.2,12/30/1899 2:46:00 PM
"Wuckert, Greenfelder and Balistreri","14433 Hawthorne Dr, Carmel, IN, 46033",Fearne Frye,"1430 W Ohio St, Indianapolis, IN, 46222",IT,Indianapolis,26.8,12/30/1899 11:26:00 AM
Prosacco LLC,"2912 Flora Ave, Kansas City, MO, 64109",Ace Park,"2527 Brooklyn Ave, Kansas City, MO, 64127",IT,Kansas City,1.3,12/30/1899 2:48:00 PM
Prosacco LLC,"2912 Flora Ave, Kansas City, MO, 64109",Ace Park,"2527 Brooklyn Ave, Kansas City, MO, 64127",IT,Kansas City,1.3,12/30/1899 3:27:00 PM
Sauer-Renner,"1210 E Truman Rd, Kansas City, MO, 64106",Ace Park,"2527 Brooklyn Ave, Kansas City, MO, 64127",IT,Kansas City,1.7,12/30/1899 11:29:00 AM
Ankunding LLC,"2600 Grand Blvd Ste 440, Kansas City, MO, 64108",Ace Park,"2527 Brooklyn Ave, Kansas City, MO, 64127",IT,Kansas City,1.7,12/30/1899 4:35:00 PM
Brakus-Zemlak,"2323 Grand Blvd Ste 1100, Kansas City, MO, 64108",Ace Park,"2527 Brooklyn Ave, Kansas City, MO, 64127",IT,Kansas City,1.9,12/30/1899 2:27:00 PM
Bashirian-Pagac,"2323 Grand Blvd, Kansas City, MO, 64108",Ace Park,"2527 Brooklyn Ave, Kansas City, MO, 64127",IT,Kansas City,1.9,12/30/1899 3:08:00 PM
Schumm and Sons,"1113 E 13th St, Kansas City, MO, 64106",Ace Park,"2527 Brooklyn Ave, Kansas City, MO, 64127",IT,Kansas City,2,12/30/1899 12:36:00 PM
Crooks Inc,"2001 Grand Blvd Suite 203, Kansas City, MO, 64108",Ace Park,"2527 Brooklyn Ave, Kansas City, MO, 64127",IT,Kansas City,2.2,12/30/1899 12:15:00 PM
Crooks Inc,"2001 Grand Blvd Suite 203, Kansas City, MO, 64108",Ace Park,"2527 Brooklyn Ave, Kansas City, MO, 64127",IT,Kansas City,2.2,12/30/1899 2:31:00 PM
Hessel-Schmeler,"30 W Pershing Rd, Kansas City, MO, 64108",Ace Park,"2527 Brooklyn Ave, Kansas City, MO, 64127",IT,Kansas City,2.5,12/30/1899 4:24:00 PM
Bernier Group,"1201 Walnut St Ste 2000, Kansas City, MO, 64106",Ace Park,"2527 Brooklyn Ave, Kansas City, MO, 64127",IT,Kansas City,2.6,12/30/1899 8:28:00 AM
"Schiller, Kuhlman and Ziemann","2450 Summit St, Kansas City, MO, 64108",Ace Park,"2527 Brooklyn Ave, Kansas City, MO, 64127",IT,Kansas City,2.6,12/30/1899 11:06:00 AM
"Boyer, Bayer and Parisian","1616 Grand Blvd, Kansas City, MO, 64108",Ace Park,"2527 Brooklyn Ave, Kansas City, MO, 64127",IT,Kansas City,2.6,12/30/1899 5:35:00 PM
Cartwright-Ziemann,"1000 Walnut St Ste 500, Kansas City, MO, 64106",Ace Park,"2527 Brooklyn Ave, Kansas City, MO, 64127",IT,Kansas City,2.8,12/30/1899 10:46:00 AM
Block and Sons,"1111 Main St Ste 450, Kansas City, MO, 64105",Ace Park,"2527 Brooklyn Ave, Kansas City, MO, 64127",IT,Kansas City,2.8,12/30/1899 12:54:00 PM
Feest-Kuhic,"1000 Walnut St Ste 1000, Kansas City, MO, 64106",Ace Park,"2527 Brooklyn Ave, Kansas City, MO, 64127",IT,Kansas City,2.8,12/30/1899 2:07:00 PM
Rempel Inc,"920 Main St Ste 100, Kansas City, MO, 64105",Ace Park,"2527 Brooklyn Ave, Kansas City, MO, 64127",IT,Kansas City,2.8,12/30/1899 2:45:00 PM
Rempel Inc,"920 Main St Ste 100, Kansas City, MO, 64105",Ace Park,"2527 Brooklyn Ave, Kansas City, MO, 64127",IT,Kansas City,2.8,12/30/1899 4:51:00 PM
"Bosco, Murazik and Harvey","510 Walnut St Ste 301, Kansas City, MO, 64106",Ace Park,"2527 Brooklyn Ave, Kansas City, MO, 64127",IT,Kansas City,3.2,12/30/1899 8:51:00 AM
Zemlak-Pacocha,"521 Walnut St, Kansas City, MO, 64106",Ace Park,"2527 Brooklyn Ave, Kansas City, MO, 64127",IT,Kansas City,3.2,12/30/1899 2:19:00 PM
Zemlak-Pacocha,"521 Walnut St, Kansas City, MO, 64106",Ace Park,"2527 Brooklyn Ave, Kansas City, MO, 64127",IT,Kansas City,3.2,12/30/1899 5:48:00 PM
"Waelchi, Ebert and Abernathy","511 Delaware St, Kansas City, MO, 64105",Ace Park,"2527 Brooklyn Ave, Kansas City, MO, 64127",IT,Kansas City,3.5,12/30/1899 10:15:00 AM
Keeling LLC,"715 May St, Kansas City, MO, 64105",Ace Park,"2527 Brooklyn Ave, Kansas City, MO, 64127",IT,Kansas City,3.5,12/30/1899 4:00:00 PM
Keeling LLC,"715 May St, Kansas City, MO, 64105",Ace Park,"2527 Brooklyn Ave, Kansas City, MO, 64127",IT,Kansas City,3.5,12/30/1899 4:12:00 PM
"Hoeger, Pagac and Schulist","4049 Pennsylvania Ave Ste 201, Kansas City, MO, 64111",Ace Park,"2527 Brooklyn Ave, Kansas City, MO, 64127",IT,Kansas City,3.7,12/30/1899 11:07:00 AM
Ferry-Gerhold,"4251 Pennsylvania Ave, Kansas City, MO, 64111",Ace Park,"2527 Brooklyn Ave, Kansas City, MO, 64127",IT,Kansas City,3.9,12/30/1899 5:12:00 PM
Schuppe-Marks,"4420 Madison Ave, Kansas City, MO, 64111",Ace Park,"2527 Brooklyn Ave, Kansas City, MO, 64127",IT,Kansas City,4.3,12/30/1899 1:45:00 PM
Hegmann Group,"212 Emanuel Cleaver Ii Blvd, Kansas City, MO, 64112",Ace Park,"2527 Brooklyn Ave, Kansas City, MO, 64127",IT,Kansas City,4.4,12/30/1899 1:13:00 PM
Kutch-MacGyver,"231 E 46th St Apt 2w, Kansas City, MO, 64112",Ace Park,"2527 Brooklyn Ave, Kansas City, MO, 64127",IT,Kansas City,4.5,12/30/1899 12:24:00 PM
"Jacobs, Mohr and Volkman","4600 Madison Ave Ste 1500, Kansas City, MO, 64112",Ace Park,"2527 Brooklyn Ave, Kansas City, MO, 64127",IT,Kansas City,4.5,12/30/1899 3:17:00 PM
Kris-Muller,"4741 Central St Ste 447, Kansas City, MO, 64112",Ace Park,"2527 Brooklyn Ave, Kansas City, MO, 64127",IT,Kansas City,4.6,12/30/1899 11:57:00 AM
Streich LLC,"4741 Central St, Kansas City, MO, 64112",Ace Park,"2527 Brooklyn Ave, Kansas City, MO, 64127",IT,Kansas City,4.6,12/30/1899 2:35:00 PM
"Brekke, Hansen and Wuckert","4550 Belleview Ave Fl 2, Kansas City, MO, 64111",Ace Park,"2527 Brooklyn Ave, Kansas City, MO, 64127",IT,Kansas City,4.6,12/30/1899 2:36:00 PM
Huels-Wolff,"4800 Main St Ste 236, Kansas City, MO, 64112",Ace Park,"2527 Brooklyn Ave, Kansas City, MO, 64127",IT,Kansas City,4.7,12/30/1899 8:29:00 AM
"Emard, Kilback and Russel","435 Nichols Rd Ste 200, Kansas City, MO, 64112",Ace Park,"2527 Brooklyn Ave, Kansas City, MO, 64127",IT,Kansas City,4.7,12/30/1899 10:42:00 AM
"Emard, Kilback and Russel","435 Nichols Rd Ste 200, Kansas City, MO, 64112",Ace Park,"2527 Brooklyn Ave, Kansas City, MO, 64127",IT,Kansas City,4.7,12/30/1899 10:44:00 AM
Connelly-Brown,"700 W 47th St Ste 1000, Kansas City, MO, 64112",Ace Park,"2527 Brooklyn Ave, Kansas City, MO, 64127",IT,Kansas City,4.8,12/30/1899 8:58:00 AM
"Borer, Quitzon and Abbott","801 W 47th St Ste 202, Kansas City, MO, 64112",Ace Park,"2527 Brooklyn Ave, Kansas City, MO, 64127",IT,Kansas City,4.9,12/30/1899 2:45:00 PM
Kuphal-Gutkowski,"3421 S Blue Ridge Cut Off, Independence, MO, 64055",Ace Park,"2527 Brooklyn Ave, Kansas City, MO, 64127",IT,Kansas City,5.8,12/30/1899 5:52:00 PM
Stark-McGlynn,"10229 E Us Highway 40, Independence, MO, 64055",Ace Park,"2527 Brooklyn Ave, Kansas City, MO, 64127",IT,Kansas City,6,12/30/1899 11:11:00 AM
Stark-McGlynn,"10229 E Us Highway 40, Independence, MO, 64055",Ace Park,"2527 Brooklyn Ave, Kansas City, MO, 64127",IT,Kansas City,6,12/30/1899 4:54:00 PM
Jenkins LLC,"700 N Grand Ave, Independence, MO, 64050",Ace Park,"2527 Brooklyn Ave, Kansas City, MO, 64127",IT,Kansas City,8.3,12/30/1899 3:51:00 PM
Powlowski-Ortiz,"233 W Walnut St, Independence, MO, 64050",Ace Park,"2527 Brooklyn Ave, Kansas City, MO, 64127",IT,Kansas City,8.9,12/30/1899 8:18:00 AM
Hegmann Inc,"14825 E 42nd St S Ste 110, Independence, MO, 64055",Ace Park,"2527 Brooklyn Ave, Kansas City, MO, 64127",IT,Kansas City,9,12/30/1899 12:06:00 PM
Kihn-Becker,"7240 Newton Dr, Overland Park, KS, 66204",Ace Park,"2527 Brooklyn Ave, Kansas City, MO, 64127",IT,Kansas City,12.6,12/30/1899 9:06:00 AM
Mann Group,"4710 S Cedar Crest Ct Ste 500, Independence, MO, 64055",Ace Park,"2527 Brooklyn Ave, Kansas City, MO, 64127",IT,Kansas City,12.8,12/30/1899 12:03:00 PM
Schroeder Group,"8826 Santa Fe Dr Ste 207, Overland Park, KS, 66212",Ace Park,"2527 Brooklyn Ave, Kansas City, MO, 64127",IT,Kansas City,15.3,12/30/1899 2:28:00 PM
Goldner-Nader,"10900 W 86th St Ste 100, Overland Park, KS, 66214",Ace Park,"2527 Brooklyn Ave, Kansas City, MO, 64127",IT,Kansas City,15.6,12/30/1899 8:55:00 AM
"Wuckert, Kilback and Terry","9401 W 87th St Ste 215, Overland Park, KS, 66212",Ace Park,"2527 Brooklyn Ave, Kansas City, MO, 64127",IT,Kansas City,16.4,12/30/1899 11:07:00 AM
Block Inc,"7400 College Blvd Ste 500, Overland Park, KS, 66210",Ace Park,"2527 Brooklyn Ave, Kansas City, MO, 64127",IT,Kansas City,20,12/30/1899 3:04:00 PM
Daugherty-Kovacek,"7300 W 110th St Ste 800, Overland Park, KS, 66210",Ace Park,"2527 Brooklyn Ave, Kansas City, MO, 64127",IT,Kansas City,20.1,12/30/1899 10:07:00 AM
Daugherty-Kovacek,"7300 W 110th St Ste 800, Overland Park, KS, 66210",Ace Park,"2527 Brooklyn Ave, Kansas City, MO, 64127",IT,Kansas City,20.1,12/30/1899 3:55:00 PM
Crooks-Mitchell,"10551 Barkley St Ste 507, Overland Park, KS, 66212",Ace Park,"2527 Brooklyn Ave, Kansas City, MO, 64127",IT,Kansas City,20.2,12/30/1899 12:11:00 PM
Jones and Sons,"7101 College Blvd, Overland Park, KS, 66210",Ace Park,"2527 Brooklyn Ave, Kansas City, MO, 64127",IT,Kansas City,20.5,12/30/1899 11:35:00 AM
Jones and Sons,"7101 College Blvd, Overland Park, KS, 66210",Ace Park,"2527 Brooklyn Ave, Kansas City, MO, 64127",IT,Kansas City,20.5,12/30/1899 12:22:00 PM
Kemmer-Feil,"11808 Quivira Rd, Overland Park, KS, 66210",Ace Park,"2527 Brooklyn Ave, Kansas City, MO, 64127",IT,Kansas City,20.9,12/30/1899 11:43:00 AM
"Hartmann, Baumbach and Zboncak","12980 Metcalf Ave Ste 320, Overland Park, KS, 66213",Ace Park,"2527 Brooklyn Ave, Kansas City, MO, 64127",IT,Kansas City,23.1,12/30/1899 1:36:00 PM
"Hartmann, Baumbach and Zboncak","12980 Metcalf Ave Ste 320, Overland Park, KS, 66213",Ace Park,"2527 Brooklyn Ave, Kansas City, MO, 64127",IT,Kansas City,23.1,12/30/1899 3:33:00 PM
Jakubowski-Miller,"7699 W 151st St, Overland Park, KS, 66223",Ace Park,"2527 Brooklyn Ave, Kansas City, MO, 64127",IT,Kansas City,24.2,12/30/1899 10:56:00 AM
Carroll Group,"314 W 10th St, Kansas City, MO, 64105",Archibald Farrington,"1917 N 6th St, Kansas City, MO, 66101",IT,Kansas City,3.6,12/30/1899 2:48:00 PM
Wuckert Inc,"218 Delaware St Ste 107, Kansas City, MO, 64105",Archibald Farrington,"1917 N 6th St, Kansas City, MO, 66101",IT,Kansas City,3.6,12/30/1899 2:57:00 PM
Nitzsche-Ritchie,"114 W 11th St Ste 700, Kansas City, MO, 64105",Archibald Farrington,"1917 N 6th St, Kansas City, MO, 66101",IT,Kansas City,3.6,12/30/1899 3:22:00 PM
"Christiansen, Connelly and Carter","330 W 9th St, Kansas City, MO, 64105",Archibald Farrington,"1917 N 6th St, Kansas City, MO, 66101",IT,Kansas City,3.7,12/30/1899 9:38:00 AM
"Koelpin, Morar and Lang","106 W 11th St, Kansas City, MO, 64105",Archibald Farrington,"1917 N 6th St, Kansas City, MO, 66101",IT,Kansas City,3.7,12/30/1899 3:55:00 PM
"Bosco, Murazik and Harvey","510 Walnut St Ste 301, Kansas City, MO, 64106",Archibald Farrington,"1917 N 6th St, Kansas City, MO, 66101",IT,Kansas City,3.8,12/30/1899 11:00:00 AM
"Robel, Weber and Bernier","1125 Grand Blvd, Kansas City, MO, 64106",Archibald Farrington,"1917 N 6th St, Kansas City, MO, 66101",IT,Kansas City,4,12/30/1899 10:00:00 AM
"Robel, Weber and Bernier","1125 Grand Blvd, Kansas City, MO, 64106",Archibald Farrington,"1917 N 6th St, Kansas City, MO, 66101",IT,Kansas City,4,12/30/1899 11:45:00 AM
Goldner and Sons,"150 NW Richards Rd, Kansas City, MO, 64116",Archibald Farrington,"1917 N 6th St, Kansas City, MO, 66101",IT,Kansas City,4.1,12/30/1899 2:35:00 PM
Spinka and Sons,"929 Walnut St, Kansas City, MO, 64106",Archibald Farrington,"1917 N 6th St, Kansas City, MO, 66101",IT,Kansas City,4.1,12/30/1899 4:05:00 PM
Olson Group,"1717 Oak St, Kansas City, MO, 64108",Archibald Farrington,"1917 N 6th St, Kansas City, MO, 66101",IT,Kansas City,4.4,12/30/1899 9:27:00 AM
Kovacek Group,"609 E 17th St, Kansas City, MO, 64108",Archibald Farrington,"1917 N 6th St, Kansas City, MO, 66101",IT,Kansas City,4.5,12/30/1899 3:24:00 PM
Schumm-Vandervort,"2345 Grand Blvd Ste 2100, Kansas City, MO, 64108",Archibald Farrington,"1917 N 6th St, Kansas City, MO, 66101",IT,Kansas City,4.8,12/30/1899 10:37:00 AM
Daniel-Schultz,"2345 Grand Blvd Ste 1650, Kansas City, MO, 64108",Archibald Farrington,"1917 N 6th St, Kansas City, MO, 66101",IT,Kansas City,4.8,12/30/1899 12:02:00 PM
Hessel-Schmeler,"30 W Pershing Rd, Kansas City, MO, 64108",Archibald Farrington,"1917 N 6th St, Kansas City, MO, 66101",IT,Kansas City,4.9,12/30/1899 2:25:00 PM
Block Group,"324 E 11th St Ste 500, Kansas City, MO, 64106",Archibald Farrington,"1917 N 6th St, Kansas City, MO, 66101",IT,Kansas City,5.3,12/30/1899 3:51:00 PM
Harber LLC,"3041 Main St, Kansas City, MO, 64108",Archibald Farrington,"1917 N 6th St, Kansas City, MO, 66101",IT,Kansas City,5.6,12/30/1899 12:41:00 PM
Harber LLC,"3041 Main St, Kansas City, MO, 64108",Archibald Farrington,"1917 N 6th St, Kansas City, MO, 66101",IT,Kansas City,5.6,12/30/1899 2:09:00 PM
"Hackett, Robel and Hermann","1600 Olive St, Kansas City, MO, 64127",Archibald Farrington,"1917 N 6th St, Kansas City, MO, 66101",IT,Kansas City,6,12/30/1899 9:33:00 AM
Bashirian-Pagac,"2323 Grand Blvd, Kansas City, MO, 64108",Archibald Farrington,"1917 N 6th St, Kansas City, MO, 66101",IT,Kansas City,6,12/30/1899 10:25:00 AM
"Douglas, Williamson and Kling","2600 Grand Blvd Ste 1100, Kansas City, MO, 64108",Archibald Farrington,"1917 N 6th St, Kansas City, MO, 66101",IT,Kansas City,6.2,12/30/1899 12:20:00 PM
"Jacobi, Morar and Jacobson","1901 W 47th Pl, Mission, KS, 66205",Archibald Farrington,"1917 N 6th St, Kansas City, MO, 66101",IT,Kansas City,6.4,12/30/1899 3:47:00 PM
Lockman Group,"900 Westport Rd, Kansas City, MO, 64111",Archibald Farrington,"1917 N 6th St, Kansas City, MO, 66101",IT,Kansas City,6.7,12/30/1899 9:34:00 AM
Lockman Group,"900 Westport Rd, Kansas City, MO, 64111",Archibald Farrington,"1917 N 6th St, Kansas City, MO, 66101",IT,Kansas City,6.7,12/30/1899 9:40:00 AM
Schuppe-Marks,"4420 Madison Ave, Kansas City, MO, 64111",Archibald Farrington,"1917 N 6th St, Kansas City, MO, 66101",IT,Kansas City,7,12/30/1899 2:52:00 PM
Schuppe-Marks,"4420 Madison Ave, Kansas City, MO, 64111",Archibald Farrington,"1917 N 6th St, Kansas City, MO, 66101",IT,Kansas City,7,12/30/1899 3:58:00 PM
Abernathy-Thompson,"4520 Madison Ave Ste 100, Kansas City, MO, 64111",Archibald Farrington,"1917 N 6th St, Kansas City, MO, 66101",IT,Kansas City,7.1,12/30/1899 1:08:00 PM
Spinka Group,"4550 Belleview Ave, Kansas City, MO, 64111",Archibald Farrington,"1917 N 6th St, Kansas City, MO, 66101",IT,Kansas City,7.3,12/30/1899 12:01:00 PM
"Brekke, Hansen and Wuckert","4550 Belleview Ave Fl 2, Kansas City, MO, 64111",Archibald Farrington,"1917 N 6th St, Kansas City, MO, 66101",IT,Kansas City,7.3,12/30/1899 1:30:00 PM
Lehner-Johnston,"4635 Wyandotte St Ste 202, Kansas City, MO, 64112",Archibald Farrington,"1917 N 6th St, Kansas City, MO, 66101",IT,Kansas City,7.4,12/30/1899 4:42:00 PM
"Roob, Becker and Balistreri","801 W 47th St Ste 300, Kansas City, MO, 64112",Archibald Farrington,"1917 N 6th St, Kansas City, MO, 66101",IT,Kansas City,7.5,12/30/1899 8:01:00 AM
"Roob, Becker and Balistreri","801 W 47th St Ste 300, Kansas City, MO, 64112",Archibald Farrington,"1917 N 6th St, Kansas City, MO, 66101",IT,Kansas City,7.5,12/30/1899 1:50:00 PM
Larson-O'Kon,"605 W 47th St Ste 350, Kansas City, MO, 64112",Archibald Farrington,"1917 N 6th St, Kansas City, MO, 66101",IT,Kansas City,7.5,12/30/1899 1:54:00 PM
Mraz-Altenwerth,"4800 Main St Ste 263, Kansas City, MO, 64112",Archibald Farrington,"1917 N 6th St, Kansas City, MO, 66101",IT,Kansas City,7.6,12/30/1899 9:11:00 AM
"Renner, Legros and Gibson","4800 Main St, Kansas City, MO, 64112",Archibald Farrington,"1917 N 6th St, Kansas City, MO, 66101",IT,Kansas City,7.6,12/30/1899 9:14:00 AM
"Buckridge, Marquardt and Durgan","1 Ward Pkwy, Kansas City, MO, 64112",Archibald Farrington,"1917 N 6th St, Kansas City, MO, 66101",IT,Kansas City,7.6,12/30/1899 11:10:00 AM
Huels-Wolff,"4800 Main St Ste 236, Kansas City, MO, 64112",Archibald Farrington,"1917 N 6th St, Kansas City, MO, 66101",IT,Kansas City,7.6,12/30/1899 1:15:00 PM
"Goodwin, Cruickshank and Lowe","1225 S Glenwood Ave, Independence, MO, 64052",Archibald Farrington,"1917 N 6th St, Kansas City, MO, 66101",IT,Kansas City,10.5,12/30/1899 12:46:00 PM
"Rowe, Feeney and Willms","6750 Antioch Rd Ste 303, Overland Park, KS, 66204",Archibald Farrington,"1917 N 6th St, Kansas City, MO, 66101",IT,Kansas City,11.8,12/30/1899 8:04:00 AM
Jenkins LLC,"700 N Grand Ave, Independence, MO, 64050",Archibald Farrington,"1917 N 6th St, Kansas City, MO, 66101",IT,Kansas City,12.7,12/30/1899 4:58:00 PM
Kihn-Becker,"7240 Newton Dr, Overland Park, KS, 66204",Archibald Farrington,"1917 N 6th St, Kansas City, MO, 66101",IT,Kansas City,13.2,12/30/1899 3:33:00 PM
Powlowski-Ortiz,"233 W Walnut St, Independence, MO, 64050",Archibald Farrington,"1917 N 6th St, Kansas City, MO, 66101",IT,Kansas City,13.3,12/30/1899 12:30:00 PM
"Lakin, King and Medhurst","13005 E 40th Ter S, Independence, MO, 64055",Archibald Farrington,"1917 N 6th St, Kansas City, MO, 66101",IT,Kansas City,14.6,12/30/1899 9:57:00 AM
"Ritchie, O'Conner and Kling","14310 E 42nd St S, Independence, MO, 64055",Archibald Farrington,"1917 N 6th St, Kansas City, MO, 66101",IT,Kansas City,15,12/30/1899 11:18:00 AM
"Gutmann, Fritsch and Kuhlman","14309 E 44th St S, Independence, MO, 64055",Archibald Farrington,"1917 N 6th St, Kansas City, MO, 66101",IT,Kansas City,15.3,12/30/1899 12:41:00 PM
Crooks-Herzog,"9401 W 87th St, Overland Park, KS, 66212",Archibald Farrington,"1917 N 6th St, Kansas City, MO, 66101",IT,Kansas City,15.5,12/30/1899 4:35:00 PM
Koss Group,"9426 Reeder Dr, Overland Park, KS, 66214",Archibald Farrington,"1917 N 6th St, Kansas City, MO, 66101",IT,Kansas City,15.9,12/30/1899 9:46:00 AM
Hickle Group,"4000 S Bolger Rd, Independence, MO, 64055",Archibald Farrington,"1917 N 6th St, Kansas City, MO, 66101",IT,Kansas City,17.5,12/30/1899 11:13:00 AM
"Bashirian, Hilll and Sanford","10925 Antioch Rd Ste 204, Overland Park, KS, 66210",Archibald Farrington,"1917 N 6th St, Kansas City, MO, 66101",IT,Kansas City,18,12/30/1899 2:32:00 PM
"Turner, Botsford and Schoen","8900 Indian Creek Pkwy Ste 270, Overland Park, KS, 66210",Archibald Farrington,"1917 N 6th St, Kansas City, MO, 66101",IT,Kansas City,18.1,12/30/1899 9:29:00 AM
"Tromp, Pollich and Bednar","3720 Arrowhead Ave Ste 103, Independence, MO, 64057",Archibald Farrington,"1917 N 6th St, Kansas City, MO, 66101",IT,Kansas City,18.4,12/30/1899 9:42:00 AM
Gusikowski Inc,"16012 E 23rd St S, Independence, MO, 64055",Archibald Farrington,"1917 N 6th St, Kansas City, MO, 66101",IT,Kansas City,18.7,12/30/1899 9:32:00 AM
"Marquardt, Robel and Lebsack","7500 College Blvd, Overland Park, KS, 66210",Archibald Farrington,"1917 N 6th St, Kansas City, MO, 66101",IT,Kansas City,18.7,12/30/1899 12:29:00 PM
"Connelly, Dickinson and Corkery","7300 W 110th St Ste 850, Overland Park, KS, 66210",Archibald Farrington,"1917 N 6th St, Kansas City, MO, 66101",IT,Kansas City,19.2,12/30/1899 12:09:00 PM
"Franecki, Parisian and Howe","4200 Little Blue Pkwy, Independence, MO, 64057",Archibald Farrington,"1917 N 6th St, Kansas City, MO, 66101",IT,Kansas City,19.2,12/30/1899 1:03:00 PM
Daugherty-Kovacek,"7300 W 110th St Ste 800, Overland Park, KS, 66210",Archibald Farrington,"1917 N 6th St, Kansas City, MO, 66101",IT,Kansas City,19.2,12/30/1899 1:48:00 PM
Senger-Price,"11075 Hauser St, Overland Park, KS, 66210",Archibald Farrington,"1917 N 6th St, Kansas City, MO, 66101",IT,Kansas City,19.5,12/30/1899 4:40:00 PM
Stehr LLC,"2400 E R D Mize Rd, Independence, MO, 64057",Archibald Farrington,"1917 N 6th St, Kansas City, MO, 66101",IT,Kansas City,19.9,12/30/1899 5:21:00 PM
"Schmitt, Kemmer and Keeling","7570 W 119th St, Overland Park, KS, 66213",Archibald Farrington,"1917 N 6th St, Kansas City, MO, 66101",IT,Kansas City,19.9,12/30/1899 5:47:00 PM
Gottlieb-Altenwerth,"11824 Quivira Rd, Overland Park, KS, 66210",Archibald Farrington,"1917 N 6th St, Kansas City, MO, 66101",IT,Kansas City,20,12/30/1899 5:27:00 PM
Powlowski-Langosh,"14221 Metcalf Ave Ste 102, Overland Park, KS, 66223",Archibald Farrington,"1917 N 6th St, Kansas City, MO, 66101",IT,Kansas City,22.4,12/30/1899 1:00:00 PM
Powlowski-Langosh,"14221 Metcalf Ave Ste 102, Overland Park, KS, 66223",Archibald Farrington,"1917 N 6th St, Kansas City, MO, 66101",IT,Kansas City,22.4,12/30/1899 4:36:00 PM
"Jaskolski, Steuber and Herzog","6300 W 143rd St Ste 120, Overland Park, KS, 66223",Archibald Farrington,"1917 N 6th St, Kansas City, MO, 66101",IT,Kansas City,22.7,12/30/1899 5:28:00 PM
Shanahan-Satterfield,"14650 Travis St Apt 20203, Overland Park, KS, 66223",Archibald Farrington,"1917 N 6th St, Kansas City, MO, 66101",IT,Kansas City,22.9,12/30/1899 10:29:00 AM
"Armstrong, Stamm and McKenzie","10515 W 148th Ter, Overland Park, KS, 66221",Archibald Farrington,"1917 N 6th St, Kansas City, MO, 66101",IT,Kansas City,23,12/30/1899 8:48:00 AM
Jakubowski-Miller,"7699 W 151st St, Overland Park, KS, 66223",Archibald Farrington,"1917 N 6th St, Kansas City, MO, 66101",IT,Kansas City,23.3,12/30/1899 12:46:00 PM
"Maggio, Lehner and Kautzer","4800 Rainbow Blvd, Westwood, KS, 66205",Brayden Krause,"3800 S Thompson Cir, Kansas City, MO, 66103",IT,Kansas City,1.8,12/30/1899 9:12:00 AM
"Donnelly, Walter and Fisher","4211 Holly St, Kansas City, MO, 64111",Brayden Krause,"3800 S Thompson Cir, Kansas City, MO, 66103",IT,Kansas City,1.8,12/30/1899 11:46:00 AM
"Shanahan, Ritchie and Kuvalis","1901 W 47th Pl Ste 200, Mission, KS, 66205",Brayden Krause,"3800 S Thompson Cir, Kansas City, MO, 66103",IT,Kansas City,1.8,12/30/1899 1:21:00 PM
Grant-Mayert,"4512 Roanoke Pkwy, Kansas City, MO, 64111",Brayden Krause,"3800 S Thompson Cir, Kansas City, MO, 66103",IT,Kansas City,1.9,12/30/1899 11:28:00 AM
Spinka Group,"4550 Belleview Ave, Kansas City, MO, 64111",Brayden Krause,"3800 S Thompson Cir, Kansas City, MO, 66103",IT,Kansas City,2,12/30/1899 8:10:00 AM
Emmerich LLC,"4700 Roanoke Pkwy, Kansas City, MO, 64112",Brayden Krause,"3800 S Thompson Cir, Kansas City, MO, 66103",IT,Kansas City,2.2,12/30/1899 8:48:00 AM
Franecki-Steuber,"800 W 47th St Ste 430, Kansas City, MO, 64112",Brayden Krause,"3800 S Thompson Cir, Kansas City, MO, 66103",IT,Kansas City,2.2,12/30/1899 10:50:00 AM
Ferry-Gerhold,"4251 Pennsylvania Ave, Kansas City, MO, 64111",Brayden Krause,"3800 S Thompson Cir, Kansas City, MO, 66103",IT,Kansas City,2.2,12/30/1899 4:16:00 PM
Connelly-Brown,"700 W 47th St Ste 1000, Kansas City, MO, 64112",Brayden Krause,"3800 S Thompson Cir, Kansas City, MO, 66103",IT,Kansas City,2.3,12/30/1899 3:11:00 PM
Abernathy-Thompson,"4520 Madison Ave Ste 100, Kansas City, MO, 64111",Brayden Krause,"3800 S Thompson Cir, Kansas City, MO, 66103",IT,Kansas City,2.3,12/30/1899 4:44:00 PM
"Greenholt, Lueilwitz and Pacocha","916 W 47th St, Kansas City, MO, 64112",Brayden Krause,"3800 S Thompson Cir, Kansas City, MO, 66103",IT,Kansas City,2.4,12/30/1899 10:48:00 AM
"Wyman, Bartell and Hoeger","116 W 47th St Ste 200, Kansas City, MO, 64112",Brayden Krause,"3800 S Thompson Cir, Kansas City, MO, 66103",IT,Kansas City,2.7,12/30/1899 1:20:00 PM
Kris-Muller,"4741 Central St Ste 447, Kansas City, MO, 64112",Brayden Krause,"3800 S Thompson Cir, Kansas City, MO, 66103",IT,Kansas City,2.8,12/30/1899 4:04:00 PM
"Buckridge, Marquardt and Durgan","1 Ward Pkwy, Kansas City, MO, 64112",Brayden Krause,"3800 S Thompson Cir, Kansas City, MO, 66103",IT,Kansas City,3,12/30/1899 3:28:00 PM
West-Weissnat,"4801 Main St, Kansas City, MO, 64112",Brayden Krause,"3800 S Thompson Cir, Kansas City, MO, 66103",IT,Kansas City,3.1,12/30/1899 12:46:00 PM
Graham Group,"4901 Main St Ste 210, Kansas City, MO, 64112",Brayden Krause,"3800 S Thompson Cir, Kansas City, MO, 66103",IT,Kansas City,3.2,12/30/1899 5:36:00 PM
Hessel-Schmeler,"30 W Pershing Rd, Kansas City, MO, 64108",Brayden Krause,"3800 S Thompson Cir, Kansas City, MO, 66103",IT,Kansas City,3.3,12/30/1899 4:38:00 PM
"Luettgen, Lynch and Muller","101 W 22nd St, Kansas City, MO, 64108",Brayden Krause,"3800 S Thompson Cir, Kansas City, MO, 66103",IT,Kansas City,3.4,12/30/1899 8:59:00 AM
"Luettgen, Lynch and Muller","101 W 22nd St, Kansas City, MO, 64108",Brayden Krause,"3800 S Thompson Cir, Kansas City, MO, 66103",IT,Kansas City,3.4,12/30/1899 9:28:00 AM
Schuster-Dooley,"1810 Cherry St Ste 100, Kansas City, MO, 64108",Brayden Krause,"3800 S Thompson Cir, Kansas City, MO, 66103",IT,Kansas City,3.9,12/30/1899 12:28:00 PM
Macejkovic-Wolff,"1600 Genessee St, Kansas City, MO, 64102",Brayden Krause,"3800 S Thompson Cir, Kansas City, MO, 66103",IT,Kansas City,4,12/30/1899 11:37:00 AM
Nitzsche-Ritchie,"114 W 11th St Ste 700, Kansas City, MO, 64105",Brayden Krause,"3800 S Thompson Cir, Kansas City, MO, 66103",IT,Kansas City,5,12/30/1899 1:06:00 PM
Crooks-Kutch,"1201 Walnut St, Kansas City, MO, 64106",Brayden Krause,"3800 S Thompson Cir, Kansas City, MO, 66103",IT,Kansas City,5.1,12/30/1899 5:08:00 PM
"Robel, Weber and Bernier","1125 Grand Blvd, Kansas City, MO, 64106",Brayden Krause,"3800 S Thompson Cir, Kansas City, MO, 66103",IT,Kansas City,5.2,12/30/1899 8:29:00 AM
Rempel Inc,"920 Main St Ste 100, Kansas City, MO, 64105",Brayden Krause,"3800 S Thompson Cir, Kansas City, MO, 66103",IT,Kansas City,5.2,12/30/1899 9:50:00 AM
Ritchie and Sons,"1125 Grand Blvd Ste 1100, Kansas City, MO, 64106",Brayden Krause,"3800 S Thompson Cir, Kansas City, MO, 66103",IT,Kansas City,5.2,12/30/1899 4:13:00 PM
Cartwright-Ziemann,"1000 Walnut St Ste 500, Kansas City, MO, 64106",Brayden Krause,"3800 S Thompson Cir, Kansas City, MO, 66103",IT,Kansas City,5.2,12/30/1899 5:18:00 PM
Adams-Mann,"929 Walnut, Suite 300, Kansas City, MO, 64106",Brayden Krause,"3800 S Thompson Cir, Kansas City, MO, 66103",IT,Kansas City,5.3,12/30/1899 8:45:00 AM
Adams-Mann,"929 Walnut, Suite 300, Kansas City, MO, 64106",Brayden Krause,"3800 S Thompson Cir, Kansas City, MO, 66103",IT,Kansas City,5.3,12/30/1899 9:16:00 AM
"Will, Koelpin and O'Conner","1225 Union Ave, Kansas City, MO, 64101",Brayden Krause,"3800 S Thompson Cir, Kansas City, MO, 66103",IT,Kansas City,5.4,12/30/1899 9:42:00 AM
"Miller, Orn and Auer","415 Delaware St Ste 2w, Kansas City, MO, 64105",Brayden Krause,"3800 S Thompson Cir, Kansas City, MO, 66103",IT,Kansas City,5.6,12/30/1899 2:52:00 PM
"Waelchi, Ebert and Abernathy","511 Delaware St, Kansas City, MO, 64105",Brayden Krause,"3800 S Thompson Cir, Kansas City, MO, 66103",IT,Kansas City,5.6,12/30/1899 3:42:00 PM
"Waelchi, Ebert and Abernathy","511 Delaware St, Kansas City, MO, 64105",Brayden Krause,"3800 S Thompson Cir, Kansas City, MO, 66103",IT,Kansas City,5.6,12/30/1899 5:40:00 PM
"Goodwin, Beer and Rutherford","1325 Tracy Ave, Kansas City, MO, 64106",Brayden Krause,"3800 S Thompson Cir, Kansas City, MO, 66103",IT,Kansas City,5.8,12/30/1899 9:12:00 AM
Zemlak-Pacocha,"521 Walnut St, Kansas City, MO, 64106",Brayden Krause,"3800 S Thompson Cir, Kansas City, MO, 66103",IT,Kansas City,5.8,12/30/1899 5:28:00 PM
Rice LLC,"723 Tracy Ave, Kansas City, MO, 64106",Brayden Krause,"3800 S Thompson Cir, Kansas City, MO, 66103",IT,Kansas City,6.2,12/30/1899 8:45:00 AM
Sauer-Gleason,"1015 E 8th St, Kansas City, MO, 64106",Brayden Krause,"3800 S Thompson Cir, Kansas City, MO, 66103",IT,Kansas City,6.2,12/30/1899 4:27:00 PM
Macejkovic and Sons,"8119 Robinson St, Shawnee Mission, KS, 66204",Brayden Krause,"3800 S Thompson Cir, Kansas City, MO, 66103",IT,Kansas City,8.2,12/30/1899 9:31:00 AM
"Fisher, Hartmann and Kub","9120 Nieman Rd, Overland Park, KS, 66214",Brayden Krause,"3800 S Thompson Cir, Kansas City, MO, 66103",IT,Kansas City,10.3,12/30/1899 5:25:00 PM
"Bayer, Mraz and Quitzon","9040 Cody St, Overland Park, KS, 66214",Brayden Krause,"3800 S Thompson Cir, Kansas City, MO, 66103",IT,Kansas City,10.6,12/30/1899 8:24:00 AM
Crooks-Herzog,"9401 W 87th St, Overland Park, KS, 66212",Brayden Krause,"3800 S Thompson Cir, Kansas City, MO, 66103",IT,Kansas City,10.8,12/30/1899 10:53:00 AM
"Wuckert, Kilback and Terry","9401 W 87th St Ste 215, Overland Park, KS, 66212",Brayden Krause,"3800 S Thompson Cir, Kansas City, MO, 66103",IT,Kansas City,10.8,12/30/1899 3:11:00 PM
Koss Group,"9426 Reeder Dr, Overland Park, KS, 66214",Brayden Krause,"3800 S Thompson Cir, Kansas City, MO, 66103",IT,Kansas City,11.2,12/30/1899 1:37:00 PM
Bednar-Macejkovic,"10324 Mastin St, Overland Park, KS, 66212",Brayden Krause,"3800 S Thompson Cir, Kansas City, MO, 66103",IT,Kansas City,11.9,12/30/1899 3:18:00 PM
Veum-Schinner,"11201 E US Highway 24, Independence, MO, 64054",Brayden Krause,"3800 S Thompson Cir, Kansas City, MO, 66103",IT,Kansas City,12.9,12/30/1899 11:30:00 AM
Sawayn-Breitenberg,"8700 Indian Creek Pkwy, Overland Park, KS, 66210",Brayden Krause,"3800 S Thompson Cir, Kansas City, MO, 66103",IT,Kansas City,13.4,12/30/1899 3:58:00 PM
Torp-Fritsch,"8695 College Blvd Ste 200, Overland Park, KS, 66210",Brayden Krause,"3800 S Thompson Cir, Kansas City, MO, 66103",IT,Kansas City,13.7,12/30/1899 1:25:00 PM
Weber-Lindgren,"1030h W 23rd St, Independence, MO, 64055",Brayden Krause,"3800 S Thompson Cir, Kansas City, MO, 66103",IT,Kansas City,13.8,12/30/1899 4:58:00 PM
Treutel LLC,"7500 College Blvd, Suite 500, Overland Park, KS, 66210",Brayden Krause,"3800 S Thompson Cir, Kansas City, MO, 66103",IT,Kansas City,14,12/30/1899 12:05:00 PM
White Group,"7500 College Blvd Ste 500, Overland Park, KS, 66210",Brayden Krause,"3800 S Thompson Cir, Kansas City, MO, 66103",IT,Kansas City,14,12/30/1899 12:28:00 PM
"Connelly, Dickinson and Corkery","7300 W 110th St Ste 850, Overland Park, KS, 66210",Brayden Krause,"3800 S Thompson Cir, Kansas City, MO, 66103",IT,Kansas City,14.5,12/30/1899 11:53:00 AM
"Lindgren, Paucek and Collier","7101 College Blvd Ste 400, Overland Park, KS, 66210",Brayden Krause,"3800 S Thompson Cir, Kansas City, MO, 66103",IT,Kansas City,14.9,12/30/1899 10:01:00 AM
"Lindgren, Paucek and Collier","7101 College Blvd Ste 400, Overland Park, KS, 66210",Brayden Krause,"3800 S Thompson Cir, Kansas City, MO, 66103",IT,Kansas City,14.9,12/30/1899 2:58:00 PM
Bayer-Barton,"415 E Walnut St, Independence, MO, 64050",Brayden Krause,"3800 S Thompson Cir, Kansas City, MO, 66103",IT,Kansas City,15.6,12/30/1899 10:09:00 AM
"Jenkins, Wisozk and Ferry","14310 E 42nd St S Ste B, Independence, MO, 64055",Brayden Krause,"3800 S Thompson Cir, Kansas City, MO, 66103",IT,Kansas City,15.9,12/30/1899 4:01:00 PM
"Hartmann, Baumbach and Zboncak","12980 Metcalf Ave Ste 320, Overland Park, KS, 66213",Brayden Krause,"3800 S Thompson Cir, Kansas City, MO, 66103",IT,Kansas City,17.5,12/30/1899 11:31:00 AM
"Flatley, Jaskolski and Weber","7709 W 151st St, Overland Park, KS, 66223",Brayden Krause,"3800 S Thompson Cir, Kansas City, MO, 66103",IT,Kansas City,18.6,12/30/1899 4:59:00 PM
Schmitt Group,"7111 W 151st St, Overland Park, KS, 66223",Brayden Krause,"3800 S Thompson Cir, Kansas City, MO, 66103",IT,Kansas City,18.8,12/30/1899 1:07:00 PM
"Tromp, Pollich and Bednar","3720 Arrowhead Ave Ste 103, Independence, MO, 64057",Brayden Krause,"3800 S Thompson Cir, Kansas City, MO, 66103",IT,Kansas City,19.2,12/30/1899 8:21:00 AM
Murazik-Kuhn,"1524 E 23rd St S Ste 101, Independence, MO, 64055",Brayden Krause,"3800 S Thompson Cir, Kansas City, MO, 66103",IT,Kansas City,19.5,12/30/1899 1:19:00 PM
Murazik-Kuhn,"1524 E 23rd St S Ste 101, Independence, MO, 64055",Brayden Krause,"3800 S Thompson Cir, Kansas City, MO, 66103",IT,Kansas City,19.5,12/30/1899 4:09:00 PM
"Herzog, Cremin and Maggio","14446 Aberdeen Ct, Overland Park, KS, 66224",Brayden Krause,"3800 S Thompson Cir, Kansas City, MO, 66103",IT,Kansas City,20.7,12/30/1899 10:50:00 AM
Wolf Inc,"2112 S State Route 291 Ste B, Independence, MO, 64057",Brayden Krause,"3800 S Thompson Cir, Kansas City, MO, 66103",IT,Kansas City,21,12/30/1899 11:21:00 AM
Hauck and Sons,"2400 Pershing Rd, Kansas City, MO, 64108",Chelsie Sanderson,"2913 Wayne Ave, Kansas City, MO, 64109",IT,Kansas City,1.6,12/30/1899 11:16:00 AM
"Douglas, Williamson and Kling","2600 Grand Blvd Ste 1100, Kansas City, MO, 64108",Chelsie Sanderson,"2913 Wayne Ave, Kansas City, MO, 64109",IT,Kansas City,1.6,12/30/1899 12:09:00 PM
Price-Strosin,"2405 Grand Blvd Ste 1000, Kansas City, MO, 64108",Chelsie Sanderson,"2913 Wayne Ave, Kansas City, MO, 64109",IT,Kansas City,1.7,12/30/1899 10:15:00 AM
"Skiles, Boyle and Franecki","2345 Grand Blvd Ste 400, Kansas City, MO, 64108",Chelsie Sanderson,"2913 Wayne Ave, Kansas City, MO, 64109",IT,Kansas City,1.7,12/30/1899 11:30:00 AM
Daniel-Schultz,"2345 Grand Blvd Ste 1650, Kansas City, MO, 64108",Chelsie Sanderson,"2913 Wayne Ave, Kansas City, MO, 64109",IT,Kansas City,1.7,12/30/1899 1:27:00 PM
Jerde-Cartwright,"2345 Grand Blvd, Kansas City, MO, 64108",Chelsie Sanderson,"2913 Wayne Ave, Kansas City, MO, 64109",IT,Kansas City,1.7,12/30/1899 4:37:00 PM
Daniel-Schultz,"2345 Grand Blvd Ste 1650, Kansas City, MO, 64108",Chelsie Sanderson,"2913 Wayne Ave, Kansas City, MO, 64109",IT,Kansas City,1.7,12/30/1899 5:21:00 PM
"Skiles, Boyle and Franecki","2345 Grand Blvd Ste 400, Kansas City, MO, 64108",Chelsie Sanderson,"2913 Wayne Ave, Kansas City, MO, 64109",IT,Kansas City,1.7,12/30/1899 5:35:00 PM
Crist-Maggio,"3611 Main St Ste 107, Kansas City, MO, 64111",Chelsie Sanderson,"2913 Wayne Ave, Kansas City, MO, 64109",IT,Kansas City,2,12/30/1899 10:48:00 AM
Schumm and Sons,"1113 E 13th St, Kansas City, MO, 64106",Chelsie Sanderson,"2913 Wayne Ave, Kansas City, MO, 64109",IT,Kansas City,2.2,12/30/1899 2:19:00 PM
"Kuhic, Crona and Wunsch","1212 Tracy Ave, Kansas City, MO, 64106",Chelsie Sanderson,"2913 Wayne Ave, Kansas City, MO, 64109",IT,Kansas City,2.3,12/30/1899 3:19:00 PM
"Schiller, Kuhlman and Ziemann","2450 Summit St, Kansas City, MO, 64108",Chelsie Sanderson,"2913 Wayne Ave, Kansas City, MO, 64109",IT,Kansas City,2.6,12/30/1899 1:46:00 PM
Crooks-Kutch,"1201 Walnut St, Kansas City, MO, 64106",Chelsie Sanderson,"2913 Wayne Ave, Kansas City, MO, 64109",IT,Kansas City,2.7,12/30/1899 9:54:00 AM
Feest-Kuhic,"1000 Walnut St Ste 1000, Kansas City, MO, 64106",Chelsie Sanderson,"2913 Wayne Ave, Kansas City, MO, 64109",IT,Kansas City,2.8,12/30/1899 5:14:00 PM
Sauer-Gleason,"1015 E 8th St, Kansas City, MO, 64106",Chelsie Sanderson,"2913 Wayne Ave, Kansas City, MO, 64109",IT,Kansas City,2.8,12/30/1899 5:34:00 PM
Rempel Inc,"920 Main St Ste 100, Kansas City, MO, 64105",Chelsie Sanderson,"2913 Wayne Ave, Kansas City, MO, 64109",IT,Kansas City,2.9,12/30/1899 11:32:00 AM
"Bosco, Murazik and Harvey","510 Walnut St Ste 301, Kansas City, MO, 64106",Chelsie Sanderson,"2913 Wayne Ave, Kansas City, MO, 64109",IT,Kansas City,3.2,12/30/1899 3:35:00 PM
"Hoeger, Pagac and Schulist","4049 Pennsylvania Ave Ste 201, Kansas City, MO, 64111",Chelsie Sanderson,"2913 Wayne Ave, Kansas City, MO, 64109",IT,Kansas City,3.3,12/30/1899 2:39:00 PM
"Miller, Orn and Auer","415 Delaware St Ste 2w, Kansas City, MO, 64105",Chelsie Sanderson,"2913 Wayne Ave, Kansas City, MO, 64109",IT,Kansas City,3.5,12/30/1899 8:54:00 AM
"Trantow, Sauer and Boyer","304 W 8th St, Kansas City, MO, 64105",Chelsie Sanderson,"2913 Wayne Ave, Kansas City, MO, 64109",IT,Kansas City,3.5,12/30/1899 9:27:00 AM
Barrows-Jones,"511 Delaware St Ste 200, Kansas City, MO, 64105",Chelsie Sanderson,"2913 Wayne Ave, Kansas City, MO, 64109",IT,Kansas City,3.5,12/30/1899 9:49:00 AM
"Donnelly, Walter and Fisher","4211 Holly St, Kansas City, MO, 64111",Chelsie Sanderson,"2913 Wayne Ave, Kansas City, MO, 64109",IT,Kansas City,3.5,12/30/1899 5:14:00 PM
Wuckert Inc,"218 Delaware St Ste 107, Kansas City, MO, 64105",Chelsie Sanderson,"2913 Wayne Ave, Kansas City, MO, 64109",IT,Kansas City,3.6,12/30/1899 12:44:00 PM
Osinski-Keeling,"4705 Central St, Kansas City, MO, 64112",Chelsie Sanderson,"2913 Wayne Ave, Kansas City, MO, 64109",IT,Kansas City,3.6,12/30/1899 2:47:00 PM
"Pacocha, Nitzsche and Feil","4330 Belleview Ave Ste 300, Kansas City, MO, 64111",Chelsie Sanderson,"2913 Wayne Ave, Kansas City, MO, 64109",IT,Kansas City,3.6,12/30/1899 2:51:00 PM
"Pacocha, Nitzsche and Feil","4330 Belleview Ave Ste 300, Kansas City, MO, 64111",Chelsie Sanderson,"2913 Wayne Ave, Kansas City, MO, 64109",IT,Kansas City,3.6,12/30/1899 4:57:00 PM
"Heller, Blick and Shanahan","315 Nichols Rd Ste 250, Kansas City, MO, 64112",Chelsie Sanderson,"2913 Wayne Ave, Kansas City, MO, 64109",IT,Kansas City,3.7,12/30/1899 8:16:00 AM
Abernathy-Thompson,"4520 Madison Ave Ste 100, Kansas City, MO, 64111",Chelsie Sanderson,"2913 Wayne Ave, Kansas City, MO, 64109",IT,Kansas City,3.7,12/30/1899 2:37:00 PM
Jenkins-Ullrich,"420 Nichols Rd, Kansas City, MO, 64112",Chelsie Sanderson,"2913 Wayne Ave, Kansas City, MO, 64109",IT,Kansas City,3.8,12/30/1899 5:46:00 PM
Emmerich LLC,"4700 Roanoke Pkwy, Kansas City, MO, 64112",Chelsie Sanderson,"2913 Wayne Ave, Kansas City, MO, 64109",IT,Kansas City,3.9,12/30/1899 2:32:00 PM
Streich-Boyer,"4510 Belleview Ave, Kansas City, MO, 64111",Chelsie Sanderson,"2913 Wayne Ave, Kansas City, MO, 64109",IT,Kansas City,4.1,12/30/1899 3:06:00 PM
Bogisich LLC,"444 W 47th St, Kansas City, MO, 64112",Chelsie Sanderson,"2913 Wayne Ave, Kansas City, MO, 64109",IT,Kansas City,4.3,12/30/1899 12:13:00 PM
Huels-Wolff,"4800 Main St Ste 236, Kansas City, MO, 64112",Chelsie Sanderson,"2913 Wayne Ave, Kansas City, MO, 64109",IT,Kansas City,4.3,12/30/1899 3:39:00 PM
Bartell-Aufderhar,"9615 E 23rd St S, Independence, MO, 64052",Chelsie Sanderson,"2913 Wayne Ave, Kansas City, MO, 64109",IT,Kansas City,6.2,12/30/1899 9:33:00 AM
"Fay, Hettinger and Douglas","10808 E 23rd St S Ste B, Independence, MO, 64052",Chelsie Sanderson,"2913 Wayne Ave, Kansas City, MO, 64109",IT,Kansas City,7,12/30/1899 8:12:00 AM
Bahringer-King,"1401 W Truman Rd, Independence, MO, 64050",Chelsie Sanderson,"2913 Wayne Ave, Kansas City, MO, 64109",IT,Kansas City,8.7,12/30/1899 3:01:00 PM
"Jenkins, Wisozk and Ferry","14310 E 42nd St S Ste B, Independence, MO, 64055",Chelsie Sanderson,"2913 Wayne Ave, Kansas City, MO, 64109",IT,Kansas City,9.3,12/30/1899 1:17:00 PM
"Gutmann, Fritsch and Kuhlman","14309 E 44th St S, Independence, MO, 64055",Chelsie Sanderson,"2913 Wayne Ave, Kansas City, MO, 64109",IT,Kansas City,9.5,12/30/1899 9:02:00 AM
"Gutmann, Fritsch and Kuhlman","14309 E 44th St S, Independence, MO, 64055",Chelsie Sanderson,"2913 Wayne Ave, Kansas City, MO, 64109",IT,Kansas City,9.5,12/30/1899 11:49:00 AM
Wolff Group,"147 E Lexington Ave, Independence, MO, 64050",Chelsie Sanderson,"2913 Wayne Ave, Kansas City, MO, 64109",IT,Kansas City,9.9,12/30/1899 8:14:00 AM
Hickle Group,"4000 S Bolger Rd, Independence, MO, 64055",Chelsie Sanderson,"2913 Wayne Ave, Kansas City, MO, 64109",IT,Kansas City,12.1,12/30/1899 3:50:00 PM
"Franecki, Parisian and Howe","4200 Little Blue Pkwy, Independence, MO, 64057",Chelsie Sanderson,"2913 Wayne Ave, Kansas City, MO, 64109",IT,Kansas City,13.5,12/30/1899 11:26:00 AM
Harvey-Pfeffer,"4200 Little Blue Pkwy Ste 490, Independence, MO, 64057",Chelsie Sanderson,"2913 Wayne Ave, Kansas City, MO, 64109",IT,Kansas City,13.5,12/30/1899 1:43:00 PM
Schroeder Group,"8826 Santa Fe Dr Ste 207, Overland Park, KS, 66212",Chelsie Sanderson,"2913 Wayne Ave, Kansas City, MO, 64109",IT,Kansas City,15.2,12/30/1899 4:25:00 PM
"Wuckert, Kilback and Terry","9401 W 87th St Ste 215, Overland Park, KS, 66212",Chelsie Sanderson,"2913 Wayne Ave, Kansas City, MO, 64109",IT,Kansas City,16.3,12/30/1899 2:34:00 PM
"Waters, Legros and Stokes","9036 W 95th St Ste 2, Overland Park, KS, 66212",Chelsie Sanderson,"2913 Wayne Ave, Kansas City, MO, 64109",IT,Kansas City,17,12/30/1899 4:30:00 PM
"Connelly, Dickinson and Corkery","7300 W 110th St Ste 850, Overland Park, KS, 66210",Chelsie Sanderson,"2913 Wayne Ave, Kansas City, MO, 64109",IT,Kansas City,17.3,12/30/1899 2:15:00 PM
"Crona, Reynolds and Schaefer","10104 w 105th st, Overland Park, KS, 66212",Chelsie Sanderson,"2913 Wayne Ave, Kansas City, MO, 64109",IT,Kansas City,17.5,12/30/1899 9:39:00 AM
"Ortiz, Abshire and Lakin","8400 W 110th St Ste 230, Overland Park, KS, 66210",Chelsie Sanderson,"2913 Wayne Ave, Kansas City, MO, 64109",IT,Kansas City,18.6,12/30/1899 5:09:00 PM
Simonis-Will,"11837 College Blvd, Overland Park, KS, 66210",Chelsie Sanderson,"2913 Wayne Ave, Kansas City, MO, 64109",IT,Kansas City,19.4,12/30/1899 5:16:00 PM
Senger-Price,"11075 Hauser St, Overland Park, KS, 66210",Chelsie Sanderson,"2913 Wayne Ave, Kansas City, MO, 64109",IT,Kansas City,20.2,12/30/1899 4:42:00 PM
Gottlieb Group,"7572 W 119th St, Overland Park, KS, 66213",Chelsie Sanderson,"2913 Wayne Ave, Kansas City, MO, 64109",IT,Kansas City,20.6,12/30/1899 4:10:00 PM
"Herzog, Cremin and Maggio","14446 Aberdeen Ct, Overland Park, KS, 66224",Chelsie Sanderson,"2913 Wayne Ave, Kansas City, MO, 64109",IT,Kansas City,20.6,12/30/1899 5:16:00 PM
Gottlieb-Altenwerth,"11824 Quivira Rd, Overland Park, KS, 66210",Chelsie Sanderson,"2913 Wayne Ave, Kansas City, MO, 64109",IT,Kansas City,20.8,12/30/1899 10:32:00 AM
Gottlieb-Altenwerth,"11824 Quivira Rd, Overland Park, KS, 66210",Chelsie Sanderson,"2913 Wayne Ave, Kansas City, MO, 64109",IT,Kansas City,20.8,12/30/1899 12:19:00 PM
Kemmer-Feil,"11808 Quivira Rd, Overland Park, KS, 66210",Chelsie Sanderson,"2913 Wayne Ave, Kansas City, MO, 64109",IT,Kansas City,20.8,12/30/1899 4:57:00 PM
"Lakin, Beatty and Cremin","6300 W 143rd St, Overland Park, KS, 66223",Chelsie Sanderson,"2913 Wayne Ave, Kansas City, MO, 64109",IT,Kansas City,23.4,12/30/1899 5:20:00 PM
Shanahan-Satterfield,"14650 Travis St Apt 20203, Overland Park, KS, 66223",Chelsie Sanderson,"2913 Wayne Ave, Kansas City, MO, 64109",IT,Kansas City,23.7,12/30/1899 1:23:00 PM
Jakubowski-Miller,"7699 W 151st St, Overland Park, KS, 66223",Chelsie Sanderson,"2913 Wayne Ave, Kansas City, MO, 64109",IT,Kansas City,24.1,12/30/1899 11:43:00 AM
Wuckert Inc,"218 Delaware St Ste 107, Kansas City, MO, 64105",Kacy Wilkins,"8325 Waverly Ave, Kansas City, MO, 66109",IT,Kansas City,12.5,12/30/1899 10:51:00 AM
Wuckert Inc,"218 Delaware St Ste 107, Kansas City, MO, 64105",Kacy Wilkins,"8325 Waverly Ave, Kansas City, MO, 66109",IT,Kansas City,12.5,12/30/1899 4:28:00 PM
Bosco-Schimmel,"2537 Madison Ave, Kansas City, MO, 64108",Kacy Wilkins,"8325 Waverly Ave, Kansas City, MO, 66109",IT,Kansas City,13.1,12/30/1899 10:13:00 AM
Cartwright-Ziemann,"1000 Walnut St Ste 500, Kansas City, MO, 64106",Kacy Wilkins,"8325 Waverly Ave, Kansas City, MO, 66109",IT,Kansas City,13.4,12/30/1899 8:49:00 AM
Block Group,"324 E 11th St Ste 500, Kansas City, MO, 64106",Kacy Wilkins,"8325 Waverly Ave, Kansas City, MO, 66109",IT,Kansas City,13.4,12/30/1899 9:36:00 AM
Schumm and Sons,"1113 E 13th St, Kansas City, MO, 64106",Kacy Wilkins,"8325 Waverly Ave, Kansas City, MO, 66109",IT,Kansas City,13.5,12/30/1899 12:55:00 PM
"Bosco, Murazik and Harvey","510 Walnut St Ste 301, Kansas City, MO, 64106",Kacy Wilkins,"8325 Waverly Ave, Kansas City, MO, 66109",IT,Kansas City,13.8,12/30/1899 3:19:00 PM
Jerde-Cartwright,"2345 Grand Blvd, Kansas City, MO, 64108",Kacy Wilkins,"8325 Waverly Ave, Kansas City, MO, 66109",IT,Kansas City,14.2,12/30/1899 3:13:00 PM
Sauer-Renner,"1210 E Truman Rd, Kansas City, MO, 64106",Kacy Wilkins,"8325 Waverly Ave, Kansas City, MO, 66109",IT,Kansas City,14.3,12/30/1899 8:13:00 AM
Crist-Maggio,"3611 Main St Ste 107, Kansas City, MO, 64111",Kacy Wilkins,"8325 Waverly Ave, Kansas City, MO, 66109",IT,Kansas City,14.3,12/30/1899 10:14:00 AM
"Reilly, Swift and Kiehn","1900 W 47th Pl Ste 200, Mission, KS, 66205",Kacy Wilkins,"8325 Waverly Ave, Kansas City, MO, 66109",IT,Kansas City,14.3,12/30/1899 10:23:00 AM
Crist-Maggio,"3611 Main St Ste 107, Kansas City, MO, 64111",Kacy Wilkins,"8325 Waverly Ave, Kansas City, MO, 66109",IT,Kansas City,14.3,12/30/1899 5:21:00 PM
Nolan and Sons,"6933 W 75th St, Overland Park, KS, 66204",Kacy Wilkins,"8325 Waverly Ave, Kansas City, MO, 66109",IT,Kansas City,14.5,12/30/1899 12:33:00 PM
Nolan and Sons,"6933 W 75th St, Overland Park, KS, 66204",Kacy Wilkins,"8325 Waverly Ave, Kansas City, MO, 66109",IT,Kansas City,14.5,12/30/1899 4:12:00 PM
"Hoeger, Pagac and Schulist","4049 Pennsylvania Ave Ste 201, Kansas City, MO, 64111",Kacy Wilkins,"8325 Waverly Ave, Kansas City, MO, 66109",IT,Kansas City,14.8,12/30/1899 2:25:00 PM
Abernathy-Thompson,"4520 Madison Ave Ste 100, Kansas City, MO, 64111",Kacy Wilkins,"8325 Waverly Ave, Kansas City, MO, 66109",IT,Kansas City,15.2,12/30/1899 8:42:00 AM
Rowe-Dickens,"4443 Jefferson St, Kansas City, MO, 64111",Kacy Wilkins,"8325 Waverly Ave, Kansas City, MO, 66109",IT,Kansas City,15.2,12/30/1899 1:44:00 PM
"Goodwin, Gerhold and Predovic","4600 Madison Ave, Kansas City, MO, 64112",Kacy Wilkins,"8325 Waverly Ave, Kansas City, MO, 66109",IT,Kansas City,15.2,12/30/1899 3:08:00 PM
Abernathy-Thompson,"4520 Madison Ave Ste 100, Kansas City, MO, 64111",Kacy Wilkins,"8325 Waverly Ave, Kansas City, MO, 66109",IT,Kansas City,15.2,12/30/1899 4:02:00 PM
Grant-Mayert,"4512 Roanoke Pkwy, Kansas City, MO, 64111",Kacy Wilkins,"8325 Waverly Ave, Kansas City, MO, 66109",IT,Kansas City,15.4,12/30/1899 9:50:00 AM
"Brekke, Hansen and Wuckert","4550 Belleview Ave Fl 2, Kansas City, MO, 64111",Kacy Wilkins,"8325 Waverly Ave, Kansas City, MO, 66109",IT,Kansas City,15.4,12/30/1899 3:34:00 PM
Jerde-Macejkovic,"700 W 47th St, Kansas City, MO, 64112",Kacy Wilkins,"8325 Waverly Ave, Kansas City, MO, 66109",IT,Kansas City,15.5,12/30/1899 5:20:00 PM
Hegmann Group,"212 Emanuel Cleaver Ii Blvd, Kansas City, MO, 64112",Kacy Wilkins,"8325 Waverly Ave, Kansas City, MO, 66109",IT,Kansas City,15.6,12/30/1899 2:50:00 PM
"Bauch, Stiedemann and Conn","435 Nichols Rd, Kansas City, MO, 64112",Kacy Wilkins,"8325 Waverly Ave, Kansas City, MO, 66109",IT,Kansas City,15.7,12/30/1899 12:40:00 PM
"Bauch, Stiedemann and Conn","435 Nichols Rd, Kansas City, MO, 64112",Kacy Wilkins,"8325 Waverly Ave, Kansas City, MO, 66109",IT,Kansas City,15.7,12/30/1899 5:30:00 PM
"Wyman, Bartell and Hoeger","116 W 47th St Ste 200, Kansas City, MO, 64112",Kacy Wilkins,"8325 Waverly Ave, Kansas City, MO, 66109",IT,Kansas City,15.8,12/30/1899 11:21:00 AM
Kris-Muller,"4741 Central St Ste 447, Kansas City, MO, 64112",Kacy Wilkins,"8325 Waverly Ave, Kansas City, MO, 66109",IT,Kansas City,16,12/30/1899 3:00:00 PM
Streich LLC,"4741 Central St, Kansas City, MO, 64112",Kacy Wilkins,"8325 Waverly Ave, Kansas City, MO, 66109",IT,Kansas City,16,12/30/1899 3:58:00 PM
Streich LLC,"4741 Central St, Kansas City, MO, 64112",Kacy Wilkins,"8325 Waverly Ave, Kansas City, MO, 66109",IT,Kansas City,16,12/30/1899 4:16:00 PM
Flatley-Little,"4741 Central St Ste 424, Kansas City, MO, 64112",Kacy Wilkins,"8325 Waverly Ave, Kansas City, MO, 66109",IT,Kansas City,16,12/30/1899 4:44:00 PM
Mayert LLC,"8826 Santa Fe Dr, Overland Park, KS, 66212",Kacy Wilkins,"8325 Waverly Ave, Kansas City, MO, 66109",IT,Kansas City,16.9,12/30/1899 2:55:00 PM
Blick-Yost,"7223 W 95th St Suite 220, Shawnee Mission, KS, 66212",Kacy Wilkins,"8325 Waverly Ave, Kansas City, MO, 66109",IT,Kansas City,17,12/30/1899 9:50:00 AM
Blick-Yost,"7223 W 95th St Suite 220, Shawnee Mission, KS, 66212",Kacy Wilkins,"8325 Waverly Ave, Kansas City, MO, 66109",IT,Kansas City,17,12/30/1899 1:59:00 PM
"Bayer, Mraz and Quitzon","9040 Cody St, Overland Park, KS, 66214",Kacy Wilkins,"8325 Waverly Ave, Kansas City, MO, 66109",IT,Kansas City,17.2,12/30/1899 9:44:00 AM
"Pfeffer, McGlynn and Stamm","5237 W 95th St, Overland Park, KS, 66207",Kacy Wilkins,"8325 Waverly Ave, Kansas City, MO, 66109",IT,Kansas City,18,12/30/1899 8:02:00 AM
Crooks-Herzog,"9401 W 87th St, Overland Park, KS, 66212",Kacy Wilkins,"8325 Waverly Ave, Kansas City, MO, 66109",IT,Kansas City,18,12/30/1899 3:03:00 PM
"Waters, Legros and Stokes","9036 W 95th St Ste 2, Overland Park, KS, 66212",Kacy Wilkins,"8325 Waverly Ave, Kansas City, MO, 66109",IT,Kansas City,18.6,12/30/1899 11:39:00 AM
"Goodwin, Cruickshank and Lowe","1225 S Glenwood Ave, Independence, MO, 64052",Kacy Wilkins,"8325 Waverly Ave, Kansas City, MO, 66109",IT,Kansas City,18.6,12/30/1899 12:06:00 PM
Harber-Crooks,"9036 W 95th St, Overland Park, KS, 66212",Kacy Wilkins,"8325 Waverly Ave, Kansas City, MO, 66109",IT,Kansas City,18.6,12/30/1899 3:18:00 PM
Stark-McGlynn,"10229 E Us Highway 40, Independence, MO, 64055",Kacy Wilkins,"8325 Waverly Ave, Kansas City, MO, 66109",IT,Kansas City,20.4,12/30/1899 4:03:00 PM
White Group,"7500 College Blvd Ste 500, Overland Park, KS, 66210",Kacy Wilkins,"8325 Waverly Ave, Kansas City, MO, 66109",IT,Kansas City,21.3,12/30/1899 11:38:00 AM
Powlowski-Ortiz,"233 W Walnut St, Independence, MO, 64050",Kacy Wilkins,"8325 Waverly Ave, Kansas City, MO, 66109",IT,Kansas City,21.4,12/30/1899 9:19:00 AM
Gottlieb Group,"7572 W 119th St, Overland Park, KS, 66213",Kacy Wilkins,"8325 Waverly Ave, Kansas City, MO, 66109",IT,Kansas City,22.6,12/30/1899 4:02:00 PM
Nitzsche-Brekke,"14701 E 42nd St S, Independence, MO, 64055",Kacy Wilkins,"8325 Waverly Ave, Kansas City, MO, 66109",IT,Kansas City,23.3,12/30/1899 3:12:00 PM
Hegmann Inc,"14825 E 42nd St S Ste 110, Independence, MO, 64055",Kacy Wilkins,"8325 Waverly Ave, Kansas City, MO, 66109",IT,Kansas City,23.4,12/30/1899 12:29:00 PM
Walker Inc,"1301 S Noland Rd, Independence, MO, 64055",Kacy Wilkins,"8325 Waverly Ave, Kansas City, MO, 66109",IT,Kansas City,24.9,12/30/1899 9:47:00 AM
"Stroman, McLaughlin and Kassulke","3737 S Elizabeth St Ste 103, Independence, MO, 64057",Kacy Wilkins,"8325 Waverly Ave, Kansas City, MO, 66109",IT,Kansas City,26.4,12/30/1899 10:45:00 AM
Rau Group,"3200 S State Route 291, Independence, MO, 64057",Kacy Wilkins,"8325 Waverly Ave, Kansas City, MO, 66109",IT,Kansas City,27,12/30/1899 3:46:00 PM
"Goodwin, Beer and Rutherford","1325 Tracy Ave, Kansas City, MO, 64106",Marianna Zuniga,"426 Gladstone Blvd, Kansas City, MO, 64124",IT,Kansas City,2,12/30/1899 8:24:00 AM
Schumm and Sons,"1113 E 13th St, Kansas City, MO, 64106",Marianna Zuniga,"426 Gladstone Blvd, Kansas City, MO, 64124",IT,Kansas City,2,12/30/1899 11:56:00 AM
Sauer-Renner,"1210 E Truman Rd, Kansas City, MO, 64106",Marianna Zuniga,"426 Gladstone Blvd, Kansas City, MO, 64124",IT,Kansas City,2.2,12/30/1899 9:29:00 AM
Cartwright-Ziemann,"1000 Walnut St Ste 500, Kansas City, MO, 64106",Marianna Zuniga,"426 Gladstone Blvd, Kansas City, MO, 64124",IT,Kansas City,2.4,12/30/1899 11:59:00 AM
Cartwright-Ziemann,"1000 Walnut St Ste 500, Kansas City, MO, 64106",Marianna Zuniga,"426 Gladstone Blvd, Kansas City, MO, 64124",IT,Kansas City,2.4,12/30/1899 12:50:00 PM
Adams-Mann,"929 Walnut, Suite 300, Kansas City, MO, 64106",Marianna Zuniga,"426 Gladstone Blvd, Kansas City, MO, 64124",IT,Kansas City,2.4,12/30/1899 2:31:00 PM
Wuckert Inc,"218 Delaware St Ste 107, Kansas City, MO, 64105",Marianna Zuniga,"426 Gladstone Blvd, Kansas City, MO, 64124",IT,Kansas City,2.5,12/30/1899 2:20:00 PM
Block and Sons,"1111 Main St Ste 450, Kansas City, MO, 64105",Marianna Zuniga,"426 Gladstone Blvd, Kansas City, MO, 64124",IT,Kansas City,2.6,12/30/1899 2:29:00 PM
Block and Sons,"1111 Main St Ste 450, Kansas City, MO, 64105",Marianna Zuniga,"426 Gladstone Blvd, Kansas City, MO, 64124",IT,Kansas City,2.6,12/30/1899 3:08:00 PM
Kutch Group,"106 W 11th St Ste 1107, Kansas City, MO, 64105",Marianna Zuniga,"426 Gladstone Blvd, Kansas City, MO, 64124",IT,Kansas City,2.7,12/30/1899 11:13:00 AM
Olson Group,"1717 Oak St, Kansas City, MO, 64108",Marianna Zuniga,"426 Gladstone Blvd, Kansas City, MO, 64124",IT,Kansas City,2.9,12/30/1899 3:26:00 PM
Gorczany-Tillman,"2400 City Center Sq, Kansas City, MO, 64105",Marianna Zuniga,"426 Gladstone Blvd, Kansas City, MO, 64124",IT,Kansas City,3,12/30/1899 3:39:00 PM
"Will, Koelpin and O'Conner","1225 Union Ave, Kansas City, MO, 64101",Marianna Zuniga,"426 Gladstone Blvd, Kansas City, MO, 64124",IT,Kansas City,3.2,12/30/1899 1:56:00 PM
Brakus-Zemlak,"2323 Grand Blvd Ste 1100, Kansas City, MO, 64108",Marianna Zuniga,"426 Gladstone Blvd, Kansas City, MO, 64124",IT,Kansas City,3.4,12/30/1899 2:32:00 PM
"Skiles, Boyle and Franecki","2345 Grand Blvd Ste 400, Kansas City, MO, 64108",Marianna Zuniga,"426 Gladstone Blvd, Kansas City, MO, 64124",IT,Kansas City,3.5,12/30/1899 9:01:00 AM
Witting LLC,"2300 Main St Ste 900, Kansas City, MO, 64108",Marianna Zuniga,"426 Gladstone Blvd, Kansas City, MO, 64124",IT,Kansas City,3.5,12/30/1899 3:39:00 PM
"Schiller, Kuhlman and Ziemann","2450 Summit St, Kansas City, MO, 64108",Marianna Zuniga,"426 Gladstone Blvd, Kansas City, MO, 64124",IT,Kansas City,4.7,12/30/1899 3:57:00 PM
Harber LLC,"3041 Main St, Kansas City, MO, 64108",Marianna Zuniga,"426 Gladstone Blvd, Kansas City, MO, 64124",IT,Kansas City,5.2,12/30/1899 11:13:00 AM
"White, Kris and Kihn","10313 E Us Highway 24, Independence, MO, 64053",Marianna Zuniga,"426 Gladstone Blvd, Kansas City, MO, 64124",IT,Kansas City,5.4,12/30/1899 10:35:00 AM
Wyman and Sons,"1815 S Arlington Ave, Independence, MO, 64052",Marianna Zuniga,"426 Gladstone Blvd, Kansas City, MO, 64124",IT,Kansas City,5.7,12/30/1899 11:53:00 AM
Veum-Schinner,"11201 E US Highway 24, Independence, MO, 64054",Marianna Zuniga,"426 Gladstone Blvd, Kansas City, MO, 64124",IT,Kansas City,5.9,12/30/1899 2:58:00 PM
Lockman Group,"900 Westport Rd, Kansas City, MO, 64111",Marianna Zuniga,"426 Gladstone Blvd, Kansas City, MO, 64124",IT,Kansas City,6.4,12/30/1899 8:17:00 AM
"Schimmel, Spinka and Lakin","4505 Madison Ave, Kansas City, MO, 64111",Marianna Zuniga,"426 Gladstone Blvd, Kansas City, MO, 64124",IT,Kansas City,6.7,12/30/1899 12:05:00 PM
Abernathy-Thompson,"4520 Madison Ave Ste 100, Kansas City, MO, 64111",Marianna Zuniga,"426 Gladstone Blvd, Kansas City, MO, 64124",IT,Kansas City,6.8,12/30/1899 11:27:00 AM
Bahringer-King,"1401 W Truman Rd, Independence, MO, 64050",Marianna Zuniga,"426 Gladstone Blvd, Kansas City, MO, 64124",IT,Kansas City,6.8,12/30/1899 12:34:00 PM
Abernathy-Thompson,"4520 Madison Ave Ste 100, Kansas City, MO, 64111",Marianna Zuniga,"426 Gladstone Blvd, Kansas City, MO, 64124",IT,Kansas City,6.8,12/30/1899 4:01:00 PM
Franecki-Steuber,"800 W 47th St Ste 430, Kansas City, MO, 64112",Marianna Zuniga,"426 Gladstone Blvd, Kansas City, MO, 64124",IT,Kansas City,7,12/30/1899 11:51:00 AM
"Roob, Becker and Balistreri","801 W 47th St Ste 300, Kansas City, MO, 64112",Marianna Zuniga,"426 Gladstone Blvd, Kansas City, MO, 64124",IT,Kansas City,7.2,12/30/1899 3:54:00 PM
Von Inc,"330 W 47th St, Kansas City, MO, 64112",Marianna Zuniga,"426 Gladstone Blvd, Kansas City, MO, 64124",IT,Kansas City,7.3,12/30/1899 9:04:00 AM
Terry-Brown,"4717 Grand Ave, Kansas City, MO, 64112",Marianna Zuniga,"426 Gladstone Blvd, Kansas City, MO, 64124",IT,Kansas City,7.6,12/30/1899 9:56:00 AM
Powlowski-Ortiz,"233 W Walnut St, Independence, MO, 64050",Marianna Zuniga,"426 Gladstone Blvd, Kansas City, MO, 64124",IT,Kansas City,7.8,12/30/1899 9:42:00 AM
Osinski-Keeling,"4705 Central St, Kansas City, MO, 64112",Marianna Zuniga,"426 Gladstone Blvd, Kansas City, MO, 64124",IT,Kansas City,7.9,12/30/1899 10:45:00 AM
Osinski-Keeling,"4705 Central St, Kansas City, MO, 64112",Marianna Zuniga,"426 Gladstone Blvd, Kansas City, MO, 64124",IT,Kansas City,7.9,12/30/1899 3:49:00 PM
Larson-O'Kon,"605 W 47th St Ste 350, Kansas City, MO, 64112",Marianna Zuniga,"426 Gladstone Blvd, Kansas City, MO, 64124",IT,Kansas City,8,12/30/1899 8:11:00 AM
Huels-Wolff,"4800 Main St Ste 236, Kansas City, MO, 64112",Marianna Zuniga,"426 Gladstone Blvd, Kansas City, MO, 64124",IT,Kansas City,8,12/30/1899 9:50:00 AM
Mraz-Altenwerth,"4800 Main St Ste 263, Kansas City, MO, 64112",Marianna Zuniga,"426 Gladstone Blvd, Kansas City, MO, 64124",IT,Kansas City,8,12/30/1899 2:07:00 PM
"Renner, Legros and Gibson","4800 Main St, Kansas City, MO, 64112",Marianna Zuniga,"426 Gladstone Blvd, Kansas City, MO, 64124",IT,Kansas City,8,12/30/1899 3:57:00 PM
"Buckridge, Marquardt and Durgan","1 Ward Pkwy, Kansas City, MO, 64112",Marianna Zuniga,"426 Gladstone Blvd, Kansas City, MO, 64124",IT,Kansas City,8.1,12/30/1899 10:08:00 AM
"Buckridge, Marquardt and Durgan","1 Ward Pkwy, Kansas City, MO, 64112",Marianna Zuniga,"426 Gladstone Blvd, Kansas City, MO, 64124",IT,Kansas City,8.1,12/30/1899 11:03:00 AM
Wolff Group,"147 E Lexington Ave, Independence, MO, 64050",Marianna Zuniga,"426 Gladstone Blvd, Kansas City, MO, 64124",IT,Kansas City,8.3,12/30/1899 11:39:00 AM
"Gulgowski, Koss and Keeling","1303 W Bryson St, Independence, MO, 64052",Marianna Zuniga,"426 Gladstone Blvd, Kansas City, MO, 64124",IT,Kansas City,8.7,12/30/1899 1:20:00 PM
"Reilly, Swift and Kiehn","1900 W 47th Pl Ste 200, Mission, KS, 66205",Marianna Zuniga,"426 Gladstone Blvd, Kansas City, MO, 64124",IT,Kansas City,8.8,12/30/1899 2:51:00 PM
"Jenkins, Wisozk and Ferry","14310 E 42nd St S Ste B, Independence, MO, 64055",Marianna Zuniga,"426 Gladstone Blvd, Kansas City, MO, 64124",IT,Kansas City,10.4,12/30/1899 8:43:00 AM
Hickle Group,"4000 S Bolger Rd, Independence, MO, 64055",Marianna Zuniga,"426 Gladstone Blvd, Kansas City, MO, 64124",IT,Kansas City,12.9,12/30/1899 1:03:00 PM
Hickle Group,"4000 S Bolger Rd, Independence, MO, 64055",Marianna Zuniga,"426 Gladstone Blvd, Kansas City, MO, 64124",IT,Kansas City,12.9,12/30/1899 2:48:00 PM
Kihn-Becker,"7240 Newton Dr, Overland Park, KS, 66204",Marianna Zuniga,"426 Gladstone Blvd, Kansas City, MO, 64124",IT,Kansas City,13,12/30/1899 9:42:00 AM
Daniel LLC,"19110 E 39th St S, Independence, MO, 64057",Marianna Zuniga,"426 Gladstone Blvd, Kansas City, MO, 64124",IT,Kansas City,13.9,12/30/1899 2:39:00 PM
Gusikowski Inc,"16012 E 23rd St S, Independence, MO, 64055",Marianna Zuniga,"426 Gladstone Blvd, Kansas City, MO, 64124",IT,Kansas City,14.1,12/30/1899 8:52:00 AM
Fadel-Schuster,"11656 W 75th St, Overland Park, KS, 66214",Marianna Zuniga,"426 Gladstone Blvd, Kansas City, MO, 64124",IT,Kansas City,14.9,12/30/1899 2:10:00 PM
Mayert LLC,"8826 Santa Fe Dr, Overland Park, KS, 66212",Marianna Zuniga,"426 Gladstone Blvd, Kansas City, MO, 64124",IT,Kansas City,15.7,12/30/1899 3:15:00 PM
Mayert LLC,"8826 Santa Fe Dr, Overland Park, KS, 66212",Marianna Zuniga,"426 Gladstone Blvd, Kansas City, MO, 64124",IT,Kansas City,15.7,12/30/1899 3:25:00 PM
"Fisher, Hartmann and Kub","9120 Nieman Rd, Overland Park, KS, 66214",Marianna Zuniga,"426 Gladstone Blvd, Kansas City, MO, 64124",IT,Kansas City,16.2,12/30/1899 9:55:00 AM
Crooks-Herzog,"9401 W 87th St, Overland Park, KS, 66212",Marianna Zuniga,"426 Gladstone Blvd, Kansas City, MO, 64124",IT,Kansas City,16.7,12/30/1899 1:04:00 PM
Little Inc,"19208 E 17th Terrace Ct S, Independence, MO, 64057",Marianna Zuniga,"426 Gladstone Blvd, Kansas City, MO, 64124",IT,Kansas City,17.4,12/30/1899 12:25:00 PM
Harber-Crooks,"9036 W 95th St, Overland Park, KS, 66212",Marianna Zuniga,"426 Gladstone Blvd, Kansas City, MO, 64124",IT,Kansas City,17.4,12/30/1899 2:04:00 PM
"Crona, Reynolds and Schaefer","10104 w 105th st, Overland Park, KS, 66212",Marianna Zuniga,"426 Gladstone Blvd, Kansas City, MO, 64124",IT,Kansas City,17.9,12/30/1899 2:15:00 PM
Sawayn-Breitenberg,"8700 Indian Creek Pkwy, Overland Park, KS, 66210",Marianna Zuniga,"426 Gladstone Blvd, Kansas City, MO, 64124",IT,Kansas City,19.3,12/30/1899 12:34:00 PM
White Group,"7500 College Blvd Ste 500, Overland Park, KS, 66210",Marianna Zuniga,"426 Gladstone Blvd, Kansas City, MO, 64124",IT,Kansas City,19.9,12/30/1899 10:00:00 AM
"Erdman, Jacobi and Bauch","10975 Metcalf Ave, Overland Park, KS, 66210",Marianna Zuniga,"426 Gladstone Blvd, Kansas City, MO, 64124",IT,Kansas City,20.3,12/30/1899 4:28:00 PM
Schiller LLC,"10540 Metcalf Ave, Overland Park, KS, 66212",Marianna Zuniga,"426 Gladstone Blvd, Kansas City, MO, 64124",IT,Kansas City,20.4,12/30/1899 9:04:00 AM
Daugherty-Kovacek,"7300 W 110th St Ste 800, Overland Park, KS, 66210",Marianna Zuniga,"426 Gladstone Blvd, Kansas City, MO, 64124",IT,Kansas City,20.4,12/30/1899 4:06:00 PM
"Connelly, Dickinson and Corkery","7300 W 110th St Ste 850, Overland Park, KS, 66210",Marianna Zuniga,"426 Gladstone Blvd, Kansas City, MO, 64124",IT,Kansas City,20.4,12/30/1899 5:31:00 PM
Crooks-Mitchell,"10551 Barkley St Ste 507, Overland Park, KS, 66212",Marianna Zuniga,"426 Gladstone Blvd, Kansas City, MO, 64124",IT,Kansas City,20.5,12/30/1899 5:55:00 PM
Senger-Price,"11075 Hauser St, Overland Park, KS, 66210",Marianna Zuniga,"426 Gladstone Blvd, Kansas City, MO, 64124",IT,Kansas City,20.7,12/30/1899 4:05:00 PM
Koelpin and Sons,"6800 W 107th St Ste 210, Overland Park, KS, 66212",Marianna Zuniga,"426 Gladstone Blvd, Kansas City, MO, 64124",IT,Kansas City,20.8,12/30/1899 4:04:00 PM
"Lindgren, Paucek and Collier","7101 College Blvd Ste 400, Overland Park, KS, 66210",Marianna Zuniga,"426 Gladstone Blvd, Kansas City, MO, 64124",IT,Kansas City,20.8,12/30/1899 5:54:00 PM
Schmitt Group,"7111 W 151st St, Overland Park, KS, 66223",Nina Dolan,"107 E Blue Ridge Blvd, Kansas City, MO, 64145",IT,Kansas City,6.6,12/30/1899 10:22:00 AM
Schiller LLC,"10540 Metcalf Ave, Overland Park, KS, 66212",Nina Dolan,"107 E Blue Ridge Blvd, Kansas City, MO, 64145",IT,Kansas City,7.7,12/30/1899 8:18:00 AM
Grant-Tremblay,"9401 Nall Ave, Overland Park, KS, 66207",Nina Dolan,"107 E Blue Ridge Blvd, Kansas City, MO, 64145",IT,Kansas City,7.9,12/30/1899 9:05:00 AM
Sawayn-Breitenberg,"8700 Indian Creek Pkwy, Overland Park, KS, 66210",Nina Dolan,"107 E Blue Ridge Blvd, Kansas City, MO, 64145",IT,Kansas City,8.4,12/30/1899 1:51:00 PM
Kemmer-Feil,"11808 Quivira Rd, Overland Park, KS, 66210",Nina Dolan,"107 E Blue Ridge Blvd, Kansas City, MO, 64145",IT,Kansas City,9,12/30/1899 9:35:00 AM
Bednar-Macejkovic,"10324 Mastin St, Overland Park, KS, 66212",Nina Dolan,"107 E Blue Ridge Blvd, Kansas City, MO, 64145",IT,Kansas City,10.2,12/30/1899 3:13:00 PM
"Eichmann, Jerde and Stanton","11920 College Blvd, Overland Park, KS, 66210",Nina Dolan,"107 E Blue Ridge Blvd, Kansas City, MO, 64145",IT,Kansas City,10.5,12/30/1899 9:03:00 AM
Mraz-Altenwerth,"4800 Main St Ste 263, Kansas City, MO, 64112",Nina Dolan,"107 E Blue Ridge Blvd, Kansas City, MO, 64145",IT,Kansas City,10.7,12/30/1899 1:35:00 PM
Huels-Wolff,"4800 Main St Ste 236, Kansas City, MO, 64112",Nina Dolan,"107 E Blue Ridge Blvd, Kansas City, MO, 64145",IT,Kansas City,10.7,12/30/1899 5:51:00 PM
Smitham LLC,"4800 Main St Ste 262, Kansas City, MO, 64112",Nina Dolan,"107 E Blue Ridge Blvd, Kansas City, MO, 64145",IT,Kansas City,10.7,12/30/1899 5:53:00 PM
Mayert LLC,"8826 Santa Fe Dr, Overland Park, KS, 66212",Nina Dolan,"107 E Blue Ridge Blvd, Kansas City, MO, 64145",IT,Kansas City,11,12/30/1899 2:13:00 PM
Kutch-MacGyver,"231 E 46th St Apt 2w, Kansas City, MO, 64112",Nina Dolan,"107 E Blue Ridge Blvd, Kansas City, MO, 64145",IT,Kansas City,11.2,12/30/1899 2:05:00 PM
"Greenholt, Lueilwitz and Pacocha","916 W 47th St, Kansas City, MO, 64112",Nina Dolan,"107 E Blue Ridge Blvd, Kansas City, MO, 64145",IT,Kansas City,11.2,12/30/1899 5:09:00 PM
"Borer, Quitzon and Abbott","801 W 47th St Ste 202, Kansas City, MO, 64112",Nina Dolan,"107 E Blue Ridge Blvd, Kansas City, MO, 64145",IT,Kansas City,11.3,12/30/1899 3:48:00 PM
"Fisher, Hartmann and Kub","9120 Nieman Rd, Overland Park, KS, 66214",Nina Dolan,"107 E Blue Ridge Blvd, Kansas City, MO, 64145",IT,Kansas City,11.3,12/30/1899 4:27:00 PM
Streich-Boyer,"4510 Belleview Ave, Kansas City, MO, 64111",Nina Dolan,"107 E Blue Ridge Blvd, Kansas City, MO, 64145",IT,Kansas City,11.4,12/30/1899 11:32:00 AM
Bode and Sons,"12345 College Blvd, Overland Park, KS, 66210",Nina Dolan,"107 E Blue Ridge Blvd, Kansas City, MO, 64145",IT,Kansas City,11.4,12/30/1899 11:42:00 AM
Goyette-Cassin,"4504 Holly St, Kansas City, MO, 64111",Nina Dolan,"107 E Blue Ridge Blvd, Kansas City, MO, 64145",IT,Kansas City,11.4,12/30/1899 1:34:00 PM
Spinka Group,"4550 Belleview Ave, Kansas City, MO, 64111",Nina Dolan,"107 E Blue Ridge Blvd, Kansas City, MO, 64145",IT,Kansas City,11.4,12/30/1899 2:01:00 PM
Jerde-Macejkovic,"700 W 47th St, Kansas City, MO, 64112",Nina Dolan,"107 E Blue Ridge Blvd, Kansas City, MO, 64145",IT,Kansas City,11.4,12/30/1899 2:05:00 PM
Streich LLC,"4741 Central St, Kansas City, MO, 64112",Nina Dolan,"107 E Blue Ridge Blvd, Kansas City, MO, 64145",IT,Kansas City,11.5,12/30/1899 8:16:00 AM
"Waters, Legros and Stokes","9036 W 95th St Ste 2, Overland Park, KS, 66212",Nina Dolan,"107 E Blue Ridge Blvd, Kansas City, MO, 64145",IT,Kansas City,11.6,12/30/1899 1:35:00 PM
"Lockman, Kshlerin and Casper","1721 Westport Rd, Kansas City, MO, 64111",Nina Dolan,"107 E Blue Ridge Blvd, Kansas City, MO, 64145",IT,Kansas City,12,12/30/1899 8:55:00 AM
Schroeder Group,"8826 Santa Fe Dr Ste 207, Overland Park, KS, 66212",Nina Dolan,"107 E Blue Ridge Blvd, Kansas City, MO, 64145",IT,Kansas City,13.3,12/30/1899 11:24:00 AM
Schroeder Group,"8826 Santa Fe Dr Ste 207, Overland Park, KS, 66212",Nina Dolan,"107 E Blue Ridge Blvd, Kansas City, MO, 64145",IT,Kansas City,13.3,12/30/1899 1:06:00 PM
Schroeder Group,"8826 Santa Fe Dr Ste 207, Overland Park, KS, 66212",Nina Dolan,"107 E Blue Ridge Blvd, Kansas City, MO, 64145",IT,Kansas City,13.3,12/30/1899 4:42:00 PM
Fadel-Schuster,"11656 W 75th St, Overland Park, KS, 66214",Nina Dolan,"107 E Blue Ridge Blvd, Kansas City, MO, 64145",IT,Kansas City,13.8,12/30/1899 3:37:00 PM
"Schiller, Kuhlman and Ziemann","2450 Summit St, Kansas City, MO, 64108",Nina Dolan,"107 E Blue Ridge Blvd, Kansas City, MO, 64145",IT,Kansas City,14,12/30/1899 2:51:00 PM
Hauck and Sons,"2400 Pershing Rd, Kansas City, MO, 64108",Nina Dolan,"107 E Blue Ridge Blvd, Kansas City, MO, 64145",IT,Kansas City,17.9,12/30/1899 4:20:00 PM
Daniel-Schultz,"2345 Grand Blvd Ste 1650, Kansas City, MO, 64108",Nina Dolan,"107 E Blue Ridge Blvd, Kansas City, MO, 64145",IT,Kansas City,18,12/30/1899 4:30:00 PM
Ritchie and Sons,"1125 Grand Blvd Ste 1100, Kansas City, MO, 64106",Nina Dolan,"107 E Blue Ridge Blvd, Kansas City, MO, 64145",IT,Kansas City,18.8,12/30/1899 11:33:00 AM
Spinka and Sons,"929 Walnut St, Kansas City, MO, 64106",Nina Dolan,"107 E Blue Ridge Blvd, Kansas City, MO, 64145",IT,Kansas City,18.9,12/30/1899 5:00:00 PM
Feest-Kuhic,"1000 Walnut St Ste 1000, Kansas City, MO, 64106",Nina Dolan,"107 E Blue Ridge Blvd, Kansas City, MO, 64145",IT,Kansas City,18.9,12/30/1899 5:01:00 PM
Gorczany-Tillman,"2400 City Center Sq, Kansas City, MO, 64105",Nina Dolan,"107 E Blue Ridge Blvd, Kansas City, MO, 64145",IT,Kansas City,19.1,12/30/1899 12:02:00 PM
"Bosco, Murazik and Harvey","510 Walnut St Ste 301, Kansas City, MO, 64106",Nina Dolan,"107 E Blue Ridge Blvd, Kansas City, MO, 64145",IT,Kansas City,19.3,12/30/1899 10:01:00 AM
"Koelpin, Morar and Lang","106 W 11th St, Kansas City, MO, 64105",Nina Dolan,"107 E Blue Ridge Blvd, Kansas City, MO, 64145",IT,Kansas City,19.4,12/30/1899 5:10:00 PM
"Miller, Orn and Auer","415 Delaware St Ste 2w, Kansas City, MO, 64105",Nina Dolan,"107 E Blue Ridge Blvd, Kansas City, MO, 64145",IT,Kansas City,19.6,12/30/1899 1:39:00 PM
McDermott-Hilll,"811 Main St, Kansas City, MO, 64105",Nina Dolan,"107 E Blue Ridge Blvd, Kansas City, MO, 64145",IT,Kansas City,19.6,12/30/1899 1:40:00 PM
"Luettgen, Lynch and Muller","101 W 22nd St, Kansas City, MO, 64108",Nina Dolan,"107 E Blue Ridge Blvd, Kansas City, MO, 64145",IT,Kansas City,19.7,12/30/1899 1:57:00 PM
Wuckert Inc,"218 Delaware St Ste 107, Kansas City, MO, 64105",Nina Dolan,"107 E Blue Ridge Blvd, Kansas City, MO, 64145",IT,Kansas City,19.7,12/30/1899 2:36:00 PM
Corkery-Bashirian,"107 W 9th St, Kansas City, MO, 64105",Nina Dolan,"107 E Blue Ridge Blvd, Kansas City, MO, 64145",IT,Kansas City,19.8,12/30/1899 10:44:00 AM
"Will, Koelpin and O'Conner","1225 Union Ave, Kansas City, MO, 64101",Nina Dolan,"107 E Blue Ridge Blvd, Kansas City, MO, 64145",IT,Kansas City,20.1,12/30/1899 12:55:00 PM
Macejkovic-Wolff,"1600 Genessee St, Kansas City, MO, 64102",Nina Dolan,"107 E Blue Ridge Blvd, Kansas City, MO, 64145",IT,Kansas City,20.2,12/30/1899 10:12:00 AM
"Hackett, Robel and Hermann","1600 Olive St, Kansas City, MO, 64127",Nina Dolan,"107 E Blue Ridge Blvd, Kansas City, MO, 64145",IT,Kansas City,20.3,12/30/1899 12:43:00 PM
Cormier-Schmitt,"10815 E Winner Rd, Independence, MO, 64052",Nina Dolan,"107 E Blue Ridge Blvd, Kansas City, MO, 64145",IT,Kansas City,20.5,12/30/1899 3:21:00 PM
"Gulgowski, Koss and Keeling","1303 W Bryson St, Independence, MO, 64052",Nina Dolan,"107 E Blue Ridge Blvd, Kansas City, MO, 64145",IT,Kansas City,21,12/30/1899 11:13:00 AM
"White, Kris and Kihn","10313 E Us Highway 24, Independence, MO, 64053",Nina Dolan,"107 E Blue Ridge Blvd, Kansas City, MO, 64145",IT,Kansas City,21.3,12/30/1899 5:32:00 PM
Mohr Group,"19401 E Us Highway 40, Independence, MO, 64055",Nina Dolan,"107 E Blue Ridge Blvd, Kansas City, MO, 64145",IT,Kansas City,21.4,12/30/1899 8:06:00 AM
Mohr Group,"19401 E Us Highway 40, Independence, MO, 64055",Nina Dolan,"107 E Blue Ridge Blvd, Kansas City, MO, 64145",IT,Kansas City,21.4,12/30/1899 2:32:00 PM
"Jenkins, Wisozk and Ferry","14310 E 42nd St S Ste B, Independence, MO, 64055",Nina Dolan,"107 E Blue Ridge Blvd, Kansas City, MO, 64145",IT,Kansas City,21.8,12/30/1899 1:55:00 PM
Padberg-Feeney,"524 S Osage St, Independence, MO, 64050",Nina Dolan,"107 E Blue Ridge Blvd, Kansas City, MO, 64145",IT,Kansas City,21.9,12/30/1899 5:17:00 PM
Konopelski LLC,"3675 S Noland Rd, Independence, MO, 64055",Nina Dolan,"107 E Blue Ridge Blvd, Kansas City, MO, 64145",IT,Kansas City,22,12/30/1899 2:25:00 PM
"Bauch, Crona and O'Hara","619 E 23rd St S, Independence, MO, 64055",Nina Dolan,"107 E Blue Ridge Blvd, Kansas City, MO, 64145",IT,Kansas City,22,12/30/1899 4:37:00 PM
Powlowski-Ortiz,"233 W Walnut St, Independence, MO, 64050",Nina Dolan,"107 E Blue Ridge Blvd, Kansas City, MO, 64145",IT,Kansas City,22.5,12/30/1899 2:46:00 PM
Bayer-Barton,"415 E Walnut St, Independence, MO, 64050",Nina Dolan,"107 E Blue Ridge Blvd, Kansas City, MO, 64145",IT,Kansas City,22.6,12/30/1899 3:06:00 PM
"Tromp, Pollich and Bednar","3720 Arrowhead Ave Ste 103, Independence, MO, 64057",Nina Dolan,"107 E Blue Ridge Blvd, Kansas City, MO, 64145",IT,Kansas City,23.1,12/30/1899 3:26:00 PM
"Tromp, Pollich and Bednar","3720 Arrowhead Ave Ste 103, Independence, MO, 64057",Nina Dolan,"107 E Blue Ridge Blvd, Kansas City, MO, 64145",IT,Kansas City,23.1,12/30/1899 4:21:00 PM
Hickle Group,"4000 S Bolger Rd, Independence, MO, 64055",Nina Dolan,"107 E Blue Ridge Blvd, Kansas City, MO, 64145",IT,Kansas City,24.2,12/30/1899 9:21:00 AM
"Cassin, Hermann and Graham","111 Hillside Dr, Independence, MO, 64050",Nina Dolan,"107 E Blue Ridge Blvd, Kansas City, MO, 64145",IT,Kansas City,26.3,12/30/1899 1:55:00 PM
Nitzsche and Sons,"640 Spence Ln, Nashville, TN, 37217",Aidan Wolfe,"220 Amherst Dr, Nashville, TN, 37214",IT,Nashville,3.4,12/30/1899 9:34:00 AM
"Konopelski, Mante and Herzog","801 Royal Pkwy, Nashville, TN, 37214",Aidan Wolfe,"220 Amherst Dr, Nashville, TN, 37214",IT,Nashville,3.7,12/30/1899 2:54:00 PM
"Rippin, Gorczany and Herman","2 International Plz Ste 704, Nashville, TN, 37217",Aidan Wolfe,"220 Amherst Dr, Nashville, TN, 37214",IT,Nashville,3.9,12/30/1899 9:01:00 AM
"Stanton, Hegmann and Braun","171 Little Green St, Nashville, TN, 37210",Aidan Wolfe,"220 Amherst Dr, Nashville, TN, 37214",IT,Nashville,4.1,12/30/1899 9:33:00 AM
Wilderman Inc,"700 2nd Ave S, Nashville, TN, 37210",Aidan Wolfe,"220 Amherst Dr, Nashville, TN, 37214",IT,Nashville,5.1,12/30/1899 8:25:00 AM
"Miller, Klein and Casper","209 10th Ave S, Nashville, TN, 37203",Aidan Wolfe,"220 Amherst Dr, Nashville, TN, 37214",IT,Nashville,6.1,12/30/1899 1:48:00 PM
Boehm and Sons,"127 9th Ave N, Nashville, TN, 37234",Aidan Wolfe,"220 Amherst Dr, Nashville, TN, 37214",IT,Nashville,6.3,12/30/1899 1:37:00 PM
"Jacobson, Gislason and Streich","732 Melrose Ave, Nashville, TN, 37211",Aidan Wolfe,"220 Amherst Dr, Nashville, TN, 37214",IT,Nashville,7.5,12/30/1899 11:16:00 AM
Hamill-Littel,"3322 Nolensville Pike, Nashville, TN, 37211",Aidan Wolfe,"220 Amherst Dr, Nashville, TN, 37214",IT,Nashville,7.6,12/30/1899 5:00:00 PM
"Nikolaus, Gislason and Pouros","2702 Greystone Rd, Nashville, TN, 37204",Aidan Wolfe,"220 Amherst Dr, Nashville, TN, 37214",IT,Nashville,8,12/30/1899 8:46:00 AM
"Davis, Hettinger and Sawayn","404 James Robertson Parkway, Suite 1613, Nashville, TN, 37219",Aidan Wolfe,"220 Amherst Dr, Nashville, TN, 37214",IT,Nashville,8.7,12/30/1899 10:22:00 AM
"Rippin, Schumm and Marvin","2030 Lindell Ave Suite 190, Nashville, TN, 37203",Aidan Wolfe,"220 Amherst Dr, Nashville, TN, 37214",IT,Nashville,8.8,12/30/1899 11:36:00 AM
Ledner-Bradtke,"113 17th Ave S, Nashville, TN, 37203",Aidan Wolfe,"220 Amherst Dr, Nashville, TN, 37214",IT,Nashville,8.9,12/30/1899 1:53:00 PM
"Rutherford, Frami and Harris","7 Music Cir N, Nashville, TN, 37203",Aidan Wolfe,"220 Amherst Dr, Nashville, TN, 37214",IT,Nashville,8.9,12/30/1899 5:41:00 PM
Smitham-Von,"20 Music Sq W, Nashville, TN, 37203",Aidan Wolfe,"220 Amherst Dr, Nashville, TN, 37214",IT,Nashville,9.2,12/30/1899 3:23:00 PM
Strosin-Gutmann,"33 Music Sq W , Nashville, TN, 37203",Aidan Wolfe,"220 Amherst Dr, Nashville, TN, 37214",IT,Nashville,9.3,12/30/1899 8:49:00 AM
"Morar, Simonis and Ritchie","333 Arena Ave, Nashville, TN, 37203",Aidan Wolfe,"220 Amherst Dr, Nashville, TN, 37214",IT,Nashville,9.8,12/30/1899 2:49:00 PM
"Konopelski, Kihn and Fritsch","458 Bell Rd, Nashville, TN, 37217",Aidan Wolfe,"220 Amherst Dr, Nashville, TN, 37214",IT,Nashville,9.9,12/30/1899 2:37:00 PM
Dach and Sons,"1709 19th Ave S, Nashville, TN, 37212",Aidan Wolfe,"220 Amherst Dr, Nashville, TN, 37214",IT,Nashville,10,12/30/1899 5:27:00 PM
Cronin-Lockman,"4300 Sidco Dr Ste 201, Nashville, TN, 37204",Aidan Wolfe,"220 Amherst Dr, Nashville, TN, 37214",IT,Nashville,10.6,12/30/1899 3:05:00 PM
Roob-Macejkovic,"4230 Harding Pike, Nashville, TN, 37205",Aidan Wolfe,"220 Amherst Dr, Nashville, TN, 37214",IT,Nashville,10.8,12/30/1899 4:29:00 PM
"Douglas, Cartwright and Beier","4715 Nolensville Pike, Nashville, TN, 37211",Aidan Wolfe,"220 Amherst Dr, Nashville, TN, 37214",IT,Nashville,12,12/30/1899 11:52:00 AM
Effertz-Dickinson,"5531 Edmondson Pike, Nashville, TN, 37211",Aidan Wolfe,"220 Amherst Dr, Nashville, TN, 37214",IT,Nashville,15.7,12/30/1899 12:52:00 PM
"Schumm, Stamm and DuBuque","3744 Annex Ave, Nashville, TN, 37209",Aidan Wolfe,"220 Amherst Dr, Nashville, TN, 37214",IT,Nashville,17.6,12/30/1899 9:57:00 AM
"Greenholt, Dickinson and Sauer","21 Vaughns Gap Rd, Nashville, TN, 37205",Aidan Wolfe,"220 Amherst Dr, Nashville, TN, 37214",IT,Nashville,19,12/30/1899 3:23:00 PM
Flatley-Lindgren,"830 Crescent Centre Dr Ste 180, Franklin, TN, 37067",Aidan Wolfe,"220 Amherst Dr, Nashville, TN, 37214",IT,Nashville,21.1,12/30/1899 8:12:00 AM
Flatley-Lindgren,"830 Crescent Centre Dr Ste 180, Franklin, TN, 37067",Aidan Wolfe,"220 Amherst Dr, Nashville, TN, 37214",IT,Nashville,21.1,12/30/1899 2:40:00 PM
Howell-Emmerich,"4115 Mallory Ln Ste 200, Franklin, TN, 37067",Aidan Wolfe,"220 Amherst Dr, Nashville, TN, 37214",IT,Nashville,22.2,12/30/1899 10:18:00 AM
Dibbert-Reynolds,"1617 Erin Ln, Nashville, TN, 37221",Aidan Wolfe,"220 Amherst Dr, Nashville, TN, 37214",IT,Nashville,22.3,12/30/1899 12:27:00 PM
Hoppe Inc,"1228 Liberty Pike, Franklin, TN, 37067",Aidan Wolfe,"220 Amherst Dr, Nashville, TN, 37214",IT,Nashville,22.5,12/30/1899 9:51:00 AM
Williamson-Pouros,"114 29th Ave S, Nashville, TN, 37212",Bobbi Rayner,"239 Colt Dr, Nashville, TN, 37221",IT,Nashville,10.1,12/30/1899 3:05:00 PM
"White, Johnston and West","1509 Dresden Cir, Nashville, TN, 37215",Bobbi Rayner,"239 Colt Dr, Nashville, TN, 37221",IT,Nashville,10.4,12/30/1899 12:08:00 PM
Bruen-Ratke,"4021 Albert Dr, Nashville, TN, 37204",Bobbi Rayner,"239 Colt Dr, Nashville, TN, 37221",IT,Nashville,11.3,12/30/1899 11:41:00 AM
Reichert and Sons,"1210 7th Ave N, Nashville, TN, 37208",Bobbi Rayner,"239 Colt Dr, Nashville, TN, 37221",IT,Nashville,12.1,12/30/1899 4:13:00 PM
Bartoletti and Sons,"315 Deaderick St Ste 1500, Nashville, TN, 37238",Bobbi Rayner,"239 Colt Dr, Nashville, TN, 37221",IT,Nashville,13.2,12/30/1899 11:31:00 AM
"McGlynn, Kreiger and Rolfson","118 16th Ave S, Nashville, TN, 37203",Bobbi Rayner,"239 Colt Dr, Nashville, TN, 37221",IT,Nashville,13.2,12/30/1899 4:52:00 PM
"Rolfson, Dibbert and Rath","424 Church St Ste 2500, Nashville, TN, 37219",Bobbi Rayner,"239 Colt Dr, Nashville, TN, 37221",IT,Nashville,13.3,12/30/1899 1:11:00 PM
Howell and Sons,"55 Music Sq E, Nashville, TN, 37203",Bobbi Rayner,"239 Colt Dr, Nashville, TN, 37221",IT,Nashville,13.6,12/30/1899 4:16:00 PM
Towne and Sons,"5515 Edmondson Pike Ste 118, Nashville, TN, 37211",Bobbi Rayner,"239 Colt Dr, Nashville, TN, 37221",IT,Nashville,13.7,12/30/1899 4:43:00 PM
Weissnat-Beatty,"1206 17th Ave S, Nashville, TN, 37212",Bobbi Rayner,"239 Colt Dr, Nashville, TN, 37221",IT,Nashville,13.9,12/30/1899 4:39:00 PM
Auer Group,"41 Peabody St, Nashville, TN, 37210",Bobbi Rayner,"239 Colt Dr, Nashville, TN, 37221",IT,Nashville,14.8,12/30/1899 3:17:00 PM
Krajcik Group,"2917 Ellington Cir, Nashville, TN, 37211",Bobbi Rayner,"239 Colt Dr, Nashville, TN, 37221",IT,Nashville,15.1,12/30/1899 3:51:00 PM
Thompson Inc,"1414 3rd Ave S, Nashville, TN, 37210",Bobbi Rayner,"239 Colt Dr, Nashville, TN, 37221",IT,Nashville,15.2,12/30/1899 10:21:00 AM
"Turner, Mohr and Schinner","303 Bridge St, Franklin, TN, 37064",Bobbi Rayner,"239 Colt Dr, Nashville, TN, 37221",IT,Nashville,15.4,12/30/1899 10:08:00 AM
Thiel and Sons,"424 Rosedale Ave, Nashville, TN, 37211",Bobbi Rayner,"239 Colt Dr, Nashville, TN, 37221",IT,Nashville,16.1,12/30/1899 12:36:00 PM
Lang-Funk,"388 Harding Pl Ste A, Nashville, TN, 37211",Bobbi Rayner,"239 Colt Dr, Nashville, TN, 37221",IT,Nashville,19.5,12/30/1899 4:19:00 PM
Olson LLC,"3709 Moss Rose Dr, Nashville, TN, 37216",Bobbi Rayner,"239 Colt Dr, Nashville, TN, 37221",IT,Nashville,19.7,12/30/1899 11:42:00 AM
"Douglas, Cartwright and Beier","4715 Nolensville Pike, Nashville, TN, 37211",Bobbi Rayner,"239 Colt Dr, Nashville, TN, 37221",IT,Nashville,20,12/30/1899 3:18:00 PM
Toy Inc,"2740 Old Elm Hill Pike, Nashville, TN, 37214",Bobbi Rayner,"239 Colt Dr, Nashville, TN, 37221",IT,Nashville,21,12/30/1899 12:22:00 PM
Hilpert-O'Connell,"2719 Lebanon Pike, Nashville, TN, 37214",Bobbi Rayner,"239 Colt Dr, Nashville, TN, 37221",IT,Nashville,21.9,12/30/1899 12:10:00 PM
Zieme and Sons,"2001 Hayes St, Nashville, TN, 37203",Liana Mcclain,"5114 Annesway Dr, Nashville, TN, 37205",IT,Nashville,5,12/30/1899 9:12:00 AM
"Pagac, Keebler and Russel","1900 Church St, Nashville, TN, 37203",Liana Mcclain,"5114 Annesway Dr, Nashville, TN, 37205",IT,Nashville,5.1,12/30/1899 3:54:00 PM
Hessel and Sons,"16th Ave N, Nashville, TN, 37208",Liana Mcclain,"5114 Annesway Dr, Nashville, TN, 37205",IT,Nashville,6.3,12/30/1899 8:23:00 AM
"Lubowitz, Friesen and Kiehn","411 Broadway, Nashville, TN, 37203",Liana Mcclain,"5114 Annesway Dr, Nashville, TN, 37205",IT,Nashville,6.3,12/30/1899 2:55:00 PM
Monahan and Sons,"424 Church St Ste 2000, Nashville, TN, 37219",Liana Mcclain,"5114 Annesway Dr, Nashville, TN, 37205",IT,Nashville,6.3,12/30/1899 5:12:00 PM
"Conn, Ullrich and Boyer","2528 Franklin Pike, Nashville, TN, 37204",Liana Mcclain,"5114 Annesway Dr, Nashville, TN, 37205",IT,Nashville,6.6,12/30/1899 3:33:00 PM
Bednar-Gerhold,"2808 Bransford Ave, Nashville, TN, 37204",Liana Mcclain,"5114 Annesway Dr, Nashville, TN, 37205",IT,Nashville,6.7,12/30/1899 8:58:00 AM
Becker-Mraz,"8161 Highway 100, Nashville, TN, 37221",Liana Mcclain,"5114 Annesway Dr, Nashville, TN, 37205",IT,Nashville,8.3,12/30/1899 2:13:00 PM
Trantow-Douglas,"300 7th Ave S, Nashville, TN, 37203",Liana Mcclain,"5114 Annesway Dr, Nashville, TN, 37205",IT,Nashville,8.5,12/30/1899 3:33:00 PM
"Steuber, O'Conner and Stiedemann","1024 4th Ave S, Nashville, TN, 37210",Liana Mcclain,"5114 Annesway Dr, Nashville, TN, 37205",IT,Nashville,9.7,12/30/1899 3:04:00 PM
Konopelski Group,"615 Main St, Nashville, TN, 37206",Liana Mcclain,"5114 Annesway Dr, Nashville, TN, 37205",IT,Nashville,10.5,12/30/1899 10:14:00 AM
Hoppe Inc,"1228 Liberty Pike, Franklin, TN, 37067",Liana Mcclain,"5114 Annesway Dr, Nashville, TN, 37205",IT,Nashville,21.5,12/30/1899 4:39:00 PM
"Becker, Cormier and Moen","357 Riverside Dr Ste 234, Franklin, TN, 37064",Liana Mcclain,"5114 Annesway Dr, Nashville, TN, 37205",IT,Nashville,22.7,12/30/1899 8:46:00 AM
Nitzsche and Sons,"640 Spence Ln, Nashville, TN, 37217",Maddy Browne,"278 Ivywood Dr, Nashville, TN, 37210",IT,Nashville,2.1,12/30/1899 3:13:00 PM
Herman-Walsh,"2517 Lebanon Pike Ste 301, Nashville, TN, 37214",Maddy Browne,"278 Ivywood Dr, Nashville, TN, 37210",IT,Nashville,2.7,12/30/1899 1:39:00 PM
"Lebsack, Boehm and Ward","711 Hill Ave, Nashville, TN, 37210",Maddy Browne,"278 Ivywood Dr, Nashville, TN, 37210",IT,Nashville,2.7,12/30/1899 3:29:00 PM
Jerde LLC,"1249 Massman Dr, Nashville, TN, 37217",Maddy Browne,"278 Ivywood Dr, Nashville, TN, 37210",IT,Nashville,3.5,12/30/1899 12:17:00 PM
Boyle-O'Kon,"535 Marriott Dr Ste 225, Nashville, TN, 37214",Maddy Browne,"278 Ivywood Dr, Nashville, TN, 37210",IT,Nashville,3.8,12/30/1899 8:32:00 AM
Schulist-Jakubowski,"211 Donelson Pike Ste 1, Nashville, TN, 37214",Maddy Browne,"278 Ivywood Dr, Nashville, TN, 37210",IT,Nashville,3.9,12/30/1899 12:26:00 PM
Shields Group,"555 Marriott Dr Ste 325, Nashville, TN, 37214",Maddy Browne,"278 Ivywood Dr, Nashville, TN, 37210",IT,Nashville,4,12/30/1899 12:13:00 PM
Lowe-O'Kon,"701 Division St, Nashville, TN, 37203",Maddy Browne,"278 Ivywood Dr, Nashville, TN, 37210",IT,Nashville,4.5,12/30/1899 11:38:00 AM
Spinka-Reichel,"611 Commerce St Ste 2802, Nashville, TN, 37203",Maddy Browne,"278 Ivywood Dr, Nashville, TN, 37210",IT,Nashville,5,12/30/1899 3:00:00 PM
Mohr and Sons,"1201 Demonbreun St Ste 1200, Nashville, TN, 37203",Maddy Browne,"278 Ivywood Dr, Nashville, TN, 37210",IT,Nashville,5.7,12/30/1899 8:12:00 AM
Kuhn Group,"33 Music Sq W Ste 102B, Nashville, TN, 37203",Maddy Browne,"278 Ivywood Dr, Nashville, TN, 37210",IT,Nashville,6.2,12/30/1899 10:10:00 AM
Schowalter Inc,"33 Music Sq W, Nashville, TN, 37203",Maddy Browne,"278 Ivywood Dr, Nashville, TN, 37210",IT,Nashville,6.2,12/30/1899 4:40:00 PM
Cruickshank Group,"49 Music Square West Suite 505, Nashville, TN, 37203",Maddy Browne,"278 Ivywood Dr, Nashville, TN, 37210",IT,Nashville,6.3,12/30/1899 12:28:00 PM
Cruickshank Group,"49 Music Square West Suite 505, Nashville, TN, 37203",Maddy Browne,"278 Ivywood Dr, Nashville, TN, 37210",IT,Nashville,6.3,12/30/1899 1:15:00 PM
Rodriguez-Thompson,"2010 Church St, Nashville, TN, 37203",Maddy Browne,"278 Ivywood Dr, Nashville, TN, 37210",IT,Nashville,6.8,12/30/1899 1:55:00 PM
Predovic-Marquardt,"2222 State St, Nashville, TN, 37203",Maddy Browne,"278 Ivywood Dr, Nashville, TN, 37210",IT,Nashville,7,12/30/1899 12:06:00 PM
"Hettinger, Hane and Nader","2400 Parman Pl Ste B, Nashville, TN, 37203",Maddy Browne,"278 Ivywood Dr, Nashville, TN, 37210",IT,Nashville,7.4,12/30/1899 10:43:00 AM
"Reichel, Herman and Abernathy","2303 21st Ave S, Nashville, TN, 37212",Maddy Browne,"278 Ivywood Dr, Nashville, TN, 37210",IT,Nashville,8.3,12/30/1899 12:36:00 PM
Mueller Group,"5217 Linbar Dr Ste 306, Nashville, TN, 37211",Maddy Browne,"278 Ivywood Dr, Nashville, TN, 37210",IT,Nashville,8.6,12/30/1899 4:33:00 PM
Nikolaus-Dare,"2557 Murfreesboro Pike, Nashville, TN, 37217",Maddy Browne,"278 Ivywood Dr, Nashville, TN, 37210",IT,Nashville,8.8,12/30/1899 1:40:00 PM
Towne and Sons,"5515 Edmondson Pike Ste 118, Nashville, TN, 37211",Maddy Browne,"278 Ivywood Dr, Nashville, TN, 37210",IT,Nashville,10.8,12/30/1899 11:18:00 AM
"Klein, Hintz and Gleason","5517 Charlotte Pike, Nashville, TN, 37209",Maddy Browne,"278 Ivywood Dr, Nashville, TN, 37210",IT,Nashville,11,12/30/1899 1:28:00 PM
"Torphy, Jakubowski and Collins","5916 Charlotte Pike, Nashville, TN, 37209",Maddy Browne,"278 Ivywood Dr, Nashville, TN, 37210",IT,Nashville,11.3,12/30/1899 2:49:00 PM
"Bernier, Reinger and Torphy","5814 Nolensville Pike Ste 5, Nashville, TN, 37211",Maddy Browne,"278 Ivywood Dr, Nashville, TN, 37210",IT,Nashville,11.3,12/30/1899 5:35:00 PM
"Schumm, Stamm and DuBuque","3744 Annex Ave, Nashville, TN, 37209",Maddy Browne,"278 Ivywood Dr, Nashville, TN, 37210",IT,Nashville,14.7,12/30/1899 3:16:00 PM
Spinka Inc,"321 Billingsly Ct Ste 13, Franklin, TN, 37067",Maddy Browne,"278 Ivywood Dr, Nashville, TN, 37210",IT,Nashville,20.2,12/30/1899 8:16:00 AM
Brown-Powlowski,"4000 Meridian Blvd, Franklin, TN, 37067",Maddy Browne,"278 Ivywood Dr, Nashville, TN, 37210",IT,Nashville,20.2,12/30/1899 12:22:00 PM
Brown-Powlowski,"4000 Meridian Blvd, Franklin, TN, 37067",Maddy Browne,"278 Ivywood Dr, Nashville, TN, 37210",IT,Nashville,20.2,12/30/1899 12:24:00 PM
Denesik-Bosco,"6550 Carothers Parkway Suite 160, Franklin, TN, 37067",Maddy Browne,"278 Ivywood Dr, Nashville, TN, 37210",IT,Nashville,20.2,12/30/1899 1:14:00 PM
"Kulas, Blick and Reilly","751 Cool Springs Blvd. Ste 206, Franklin, TN, 37067",Maddy Browne,"278 Ivywood Dr, Nashville, TN, 37210",IT,Nashville,20.5,12/30/1899 10:45:00 AM
Stracke-Larkin,"330 Mallory Station Rd, Franklin, TN, 37067",Maddy Browne,"278 Ivywood Dr, Nashville, TN, 37210",IT,Nashville,20.8,12/30/1899 1:22:00 PM
Feest-Goodwin,"148 5th Ave N, Franklin, TN, 37064",Maddy Browne,"278 Ivywood Dr, Nashville, TN, 37210",IT,Nashville,24.9,12/30/1899 9:11:00 AM
Lueilwitz-Bode,"1606 16th Ave S, Nashville, TN, 37212",Milana Sampson,"2048 Castleman Dr, Nashville, TN, 37215",IT,Nashville,3.7,12/30/1899 4:05:00 PM
Osinski Group,"200 31st Ave N, Nashville, TN, 37203",Milana Sampson,"2048 Castleman Dr, Nashville, TN, 37215",IT,Nashville,4,12/30/1899 5:17:00 PM
Bednar-Gerhold,"2808 Bransford Ave, Nashville, TN, 37204",Milana Sampson,"2048 Castleman Dr, Nashville, TN, 37215",IT,Nashville,4.2,12/30/1899 9:11:00 AM
"Conn, Ullrich and Boyer","2528 Franklin Pike, Nashville, TN, 37204",Milana Sampson,"2048 Castleman Dr, Nashville, TN, 37215",IT,Nashville,4.3,12/30/1899 11:45:00 AM
Hirthe-Sanford,"2811 Clifton Ave, Nashville, TN, 37209",Milana Sampson,"2048 Castleman Dr, Nashville, TN, 37215",IT,Nashville,6.5,12/30/1899 11:51:00 AM
Barton-Bartell,"117 Lyle Ln, Nashville, TN, 37210",Milana Sampson,"2048 Castleman Dr, Nashville, TN, 37215",IT,Nashville,6.9,12/30/1899 1:50:00 PM
"Tremblay, Sipes and Spencer","214 2nd Ave N, Nashville, TN, 37201",Milana Sampson,"2048 Castleman Dr, Nashville, TN, 37215",IT,Nashville,9.4,12/30/1899 9:29:00 AM
Schulist-Jakubowski,"211 Donelson Pike Ste 1, Nashville, TN, 37214",Milana Sampson,"2048 Castleman Dr, Nashville, TN, 37215",IT,Nashville,12.8,12/30/1899 5:58:00 PM
Hilpert-O'Connell,"2719 Lebanon Pike, Nashville, TN, 37214",Milana Sampson,"2048 Castleman Dr, Nashville, TN, 37215",IT,Nashville,13,12/30/1899 4:06:00 PM
"Schuster, Wolff and Hermann","113 Seaboard Ln Ste 150b, Franklin, TN, 37067",Milana Sampson,"2048 Castleman Dr, Nashville, TN, 37215",IT,Nashville,14,12/30/1899 12:44:00 PM
Crist-Schowalter,"2000 Mallory Ln Ste 130-257, Franklin, TN, 37067",Milana Sampson,"2048 Castleman Dr, Nashville, TN, 37215",IT,Nashville,14.7,12/30/1899 10:32:00 AM
Kuhic-Gleichner,"123 Ewing Dr, Nashville, TN, 37207",Milana Sampson,"2048 Castleman Dr, Nashville, TN, 37215",IT,Nashville,14.7,12/30/1899 1:58:00 PM
Fay-Bashirian,"1650 Murfreesboro Rd, Franklin, TN, 37067",Milana Sampson,"2048 Castleman Dr, Nashville, TN, 37215",IT,Nashville,16.8,12/30/1899 5:01:00 PM
Bartell-Murphy,"1215 9th Ave N Ste 201, Nashville, TN, 37208",Rajan Rogers,"201 Becklea Dr, Madison, TN, 37115",IT,Nashville,11.2,12/30/1899 1:20:00 PM
Schulist-Jakubowski,"211 Donelson Pike Ste 1, Nashville, TN, 37214",Rajan Rogers,"201 Becklea Dr, Madison, TN, 37115",IT,Nashville,11.7,12/30/1899 11:39:00 AM
"Little, Wunsch and Turcotte","230 4th Ave N, Nashville, TN, 37219",Rajan Rogers,"201 Becklea Dr, Madison, TN, 37115",IT,Nashville,11.8,12/30/1899 10:42:00 AM
Shields Group,"555 Marriott Dr Ste 325, Nashville, TN, 37214",Rajan Rogers,"201 Becklea Dr, Madison, TN, 37115",IT,Nashville,11.9,12/30/1899 2:31:00 PM
Auer Group,"41 Peabody St, Nashville, TN, 37210",Rajan Rogers,"201 Becklea Dr, Madison, TN, 37115",IT,Nashville,12.3,12/30/1899 9:55:00 AM
"Hamill, Lakin and Swift","404 Bna Dr Ste 105, Nashville, TN, 37217",Rajan Rogers,"201 Becklea Dr, Madison, TN, 37115",IT,Nashville,12.8,12/30/1899 11:19:00 AM
"Rohan, Ferry and Daniel","1900 Church St Ste 300, Nashville, TN, 37203",Rajan Rogers,"201 Becklea Dr, Madison, TN, 37115",IT,Nashville,12.9,12/30/1899 3:58:00 PM
Fadel-Anderson,"530 Church St Ste 401, Nashville, TN, 37219",Rajan Rogers,"201 Becklea Dr, Madison, TN, 37115",IT,Nashville,13,12/30/1899 11:22:00 AM
Harris Group,"150 20th Ave N, Nashville, TN, 37203",Rajan Rogers,"201 Becklea Dr, Madison, TN, 37115",IT,Nashville,13.1,12/30/1899 10:09:00 AM
Stanton Group,"1524 Demonbreun St, Nashville, TN, 37203",Rajan Rogers,"201 Becklea Dr, Madison, TN, 37115",IT,Nashville,13.8,12/30/1899 9:53:00 AM
"Rippin, Schumm and Marvin","2030 Lindell Ave Suite 190, Nashville, TN, 37203",Rajan Rogers,"201 Becklea Dr, Madison, TN, 37115",IT,Nashville,14,12/30/1899 5:55:00 PM
"Funk, Glover and Quigley","9 Music Sq S, Nashville, TN, 37203",Rajan Rogers,"201 Becklea Dr, Madison, TN, 37115",IT,Nashville,14.3,12/30/1899 5:22:00 PM
Turcotte-Willms,"2218 8th ave S, Nashville, TN, 37204",Rajan Rogers,"201 Becklea Dr, Madison, TN, 37115",IT,Nashville,14.4,12/30/1899 9:00:00 AM
Lowe-O'Kon,"701 Division St, Nashville, TN, 37203",Rajan Rogers,"201 Becklea Dr, Madison, TN, 37115",IT,Nashville,14.4,12/30/1899 2:09:00 PM
Medhurst-Davis,"720 Thompson Ln, Nashville, TN, 37204",Rajan Rogers,"201 Becklea Dr, Madison, TN, 37115",IT,Nashville,17.1,12/30/1899 1:36:00 PM
"Lowe, Ortiz and Thompson","2126 Abbott Martin Rd, Nashville, TN, 37215",Rajan Rogers,"201 Becklea Dr, Madison, TN, 37115",IT,Nashville,17.2,12/30/1899 11:02:00 AM
"Zulauf, McKenzie and Kunze","5133 Harding Pike Ste A10, Nashville, TN, 37205",Rajan Rogers,"201 Becklea Dr, Madison, TN, 37115",IT,Nashville,18.1,12/30/1899 10:40:00 AM
"Schuster, Wolff and Hermann","113 Seaboard Ln Ste 150b, Franklin, TN, 37067",Rajan Rogers,"201 Becklea Dr, Madison, TN, 37115",IT,Nashville,27.7,12/30/1899 3:03:00 PM
Beier Group,"810 Crescent Centre Dr, Franklin, TN, 37067",Rajan Rogers,"201 Becklea Dr, Madison, TN, 37115",IT,Nashville,28.1,12/30/1899 11:19:00 AM
Beier Group,"810 Crescent Centre Dr, Franklin, TN, 37067",Rajan Rogers,"201 Becklea Dr, Madison, TN, 37115",IT,Nashville,28.1,12/30/1899 12:54:00 PM
"Brakus, Padberg and Stiedemann","2219 Hillsboro Rd, Franklin, TN, 37069",Rajan Rogers,"201 Becklea Dr, Madison, TN, 37115",IT,Nashville,29.4,12/30/1899 8:27:00 AM
"Williamson, Emard and Rau","431 Forrest Park Cir, Franklin, TN, 37064",Rajan Rogers,"201 Becklea Dr, Madison, TN, 37115",IT,Nashville,32.2,12/30/1899 11:37:00 AM
"Turner, Mohr and Schinner","303 Bridge St, Franklin, TN, 37064",Rajan Rogers,"201 Becklea Dr, Madison, TN, 37115",IT,Nashville,32.9,12/30/1899 5:46:00 PM
"Tromp, Krajcik and Connelly","105 SE Parkway Ste 104, Franklin, TN, 37064",Rajan Rogers,"201 Becklea Dr, Madison, TN, 37115",IT,Nashville,33.9,12/30/1899 8:02:00 AM
Dicki-Kutch,"3046 Columbia Ave Ste 206, Franklin, TN, 37064",Rajan Rogers,"201 Becklea Dr, Madison, TN, 37115",IT,Nashville,34.2,12/30/1899 9:13:00 AM
"Fisher, Robel and Cummings","926 Main St, Nashville, TN, 37206",Rania Daniel,"102 Donna Dr, Hendersonville, TN, 37075",IT,Nashville,16.4,12/30/1899 11:17:00 AM
"Davis, Hettinger and Sawayn","404 James Robertson Parkway, Suite 1613, Nashville, TN, 37219",Rania Daniel,"102 Donna Dr, Hendersonville, TN, 37075",IT,Nashville,17.5,12/30/1899 9:10:00 AM
Hirthe-Schoen,"810 Russell St, Nashville, TN, 37206",Rania Daniel,"102 Donna Dr, Hendersonville, TN, 37075",IT,Nashville,17.7,12/30/1899 12:26:00 PM
"Abbott, Bins and Connelly","201 4th Ave N, Nashville, TN, 37219",Rania Daniel,"102 Donna Dr, Hendersonville, TN, 37075",IT,Nashville,18.1,12/30/1899 2:58:00 PM
"Krajcik, Wiegand and Breitenberg","150 4th Ave N Ste 1100, Nashville, TN, 37219",Rania Daniel,"102 Donna Dr, Hendersonville, TN, 37075",IT,Nashville,18.2,12/30/1899 8:34:00 AM
Howell-Lehner,"150 3rd Ave S Ste 2800, Nashville, TN, 37201",Rania Daniel,"102 Donna Dr, Hendersonville, TN, 37075",IT,Nashville,18.6,12/30/1899 12:06:00 PM
Hirthe-Sanford,"2811 Clifton Ave, Nashville, TN, 37209",Rania Daniel,"102 Donna Dr, Hendersonville, TN, 37075",IT,Nashville,19.2,12/30/1899 1:22:00 PM
"Jakubowski, Bauch and Sauer","611 Commerce St Ste 2920, Nashville, TN, 37203",Rania Daniel,"102 Donna Dr, Hendersonville, TN, 37075",IT,Nashville,19.3,12/30/1899 2:39:00 PM
"Schmeler, Barton and Schoen","928 6th Ave S, Nashville, TN, 37203",Rania Daniel,"102 Donna Dr, Hendersonville, TN, 37075",IT,Nashville,20.6,12/30/1899 3:39:00 PM
Turcotte-Willms,"2218 8th ave S, Nashville, TN, 37204",Rania Daniel,"102 Donna Dr, Hendersonville, TN, 37075",IT,Nashville,20.7,12/30/1899 11:20:00 AM
Barton-Bartell,"117 Lyle Ln, Nashville, TN, 37210",Rania Daniel,"102 Donna Dr, Hendersonville, TN, 37075",IT,Nashville,20.9,12/30/1899 10:33:00 AM
VonRueden-Hilpert,"2605 Elm Hill Pike, Nashville, TN, 37214",Rania Daniel,"102 Donna Dr, Hendersonville, TN, 37075",IT,Nashville,21,12/30/1899 8:54:00 AM
VonRueden-Hilpert,"2605 Elm Hill Pike, Nashville, TN, 37214",Rania Daniel,"102 Donna Dr, Hendersonville, TN, 37075",IT,Nashville,21,12/30/1899 10:45:00 AM
"Conn, Ullrich and Boyer","2528 Franklin Pike, Nashville, TN, 37204",Rania Daniel,"102 Donna Dr, Hendersonville, TN, 37075",IT,Nashville,21.2,12/30/1899 2:13:00 PM
Toy Inc,"2740 Old Elm Hill Pike, Nashville, TN, 37214",Rania Daniel,"102 Donna Dr, Hendersonville, TN, 37075",IT,Nashville,21.4,12/30/1899 8:01:00 AM
Russel-Vandervort,"138 Space Park S, Nashville, TN, 37211",Rania Daniel,"102 Donna Dr, Hendersonville, TN, 37075",IT,Nashville,25,12/30/1899 1:49:00 PM
"Kulas, Blick and Reilly","751 Cool Springs Blvd. Ste 206, Franklin, TN, 37067",Rania Daniel,"102 Donna Dr, Hendersonville, TN, 37075",IT,Nashville,34.8,12/30/1899 11:17:00 AM
Hackett LLC,"3401 Mallory Ln Suite 200, Franklin, TN, 37067",Rania Daniel,"102 Donna Dr, Hendersonville, TN, 37075",IT,Nashville,35.5,12/30/1899 12:41:00 PM
Kiehn LLC,"510 Columbia Ave Unit 14, Franklin, TN, 37065",Rania Daniel,"102 Donna Dr, Hendersonville, TN, 37075",IT,Nashville,39.2,12/30/1899 9:26:00 AM
Padberg-Dare,"11 New Highway 96 W Suite 204, Franklin, TN, 37064",Rania Daniel,"102 Donna Dr, Hendersonville, TN, 37075",IT,Nashville,39.4,12/30/1899 8:28:00 AM
"Fisher, Robel and Cummings","926 Main St, Nashville, TN, 37206",Viaan Leach,"206 Meridian St, Nashville, TN, 37207",IT,Nashville,1.4,12/30/1899 8:55:00 AM
Pollich-Jakubowski,"235 4th Ave N, Nashville, TN, 37219",Viaan Leach,"206 Meridian St, Nashville, TN, 37207",IT,Nashville,2,12/30/1899 8:19:00 AM
Spinka-Reichel,"611 Commerce St Ste 2802, Nashville, TN, 37203",Viaan Leach,"206 Meridian St, Nashville, TN, 37207",IT,Nashville,2.8,12/30/1899 3:10:00 PM
Kihn and Sons,"38 Music Sq E, Nashville, TN, 37203",Viaan Leach,"206 Meridian St, Nashville, TN, 37207",IT,Nashville,4.3,12/30/1899 11:09:00 AM
"Baumbach, Ruecker and Gerlach","1024 16th Ave S, Nashville, TN, 37212",Viaan Leach,"206 Meridian St, Nashville, TN, 37207",IT,Nashville,4.5,12/30/1899 9:38:00 AM
Witting Inc,"1010 16th Ave S, Nashville, TN, 37212",Viaan Leach,"206 Meridian St, Nashville, TN, 37207",IT,Nashville,4.5,12/30/1899 3:08:00 PM
Bayer Group,"643 Spence Ln, Nashville, TN, 37217",Viaan Leach,"206 Meridian St, Nashville, TN, 37207",IT,Nashville,4.7,12/30/1899 12:51:00 PM
Bechtelar-Lind,"730 Freeland Station Rd, Nashville, TN, 37228",Viaan Leach,"206 Meridian St, Nashville, TN, 37207",IT,Nashville,4.9,12/30/1899 1:07:00 PM
Harris-Kautzer,"2606 Eugenia Ave, Nashville, TN, 37211",Viaan Leach,"206 Meridian St, Nashville, TN, 37207",IT,Nashville,7.1,12/30/1899 5:29:00 PM
Medhurst-Davis,"720 Thompson Ln, Nashville, TN, 37204",Viaan Leach,"206 Meridian St, Nashville, TN, 37207",IT,Nashville,7.3,12/30/1899 11:10:00 AM
"McClure, O'Connell and Heidenreich","53 Century Blvd Ste 250, Nashville, TN, 37214",Viaan Leach,"206 Meridian St, Nashville, TN, 37207",IT,Nashville,7.6,12/30/1899 4:28:00 PM
Hamill-Littel,"3322 Nolensville Pike, Nashville, TN, 37211",Viaan Leach,"206 Meridian St, Nashville, TN, 37207",IT,Nashville,8.2,12/30/1899 9:20:00 AM
Hamill-Littel,"3322 Nolensville Pike, Nashville, TN, 37211",Viaan Leach,"206 Meridian St, Nashville, TN, 37207",IT,Nashville,8.2,12/30/1899 3:36:00 PM
Farrell Inc,"121 Fairway Dr, Nashville, TN, 37214",Viaan Leach,"206 Meridian St, Nashville, TN, 37207",IT,Nashville,8.3,12/30/1899 10:14:00 AM
Roob-Macejkovic,"4230 Harding Pike, Nashville, TN, 37205",Viaan Leach,"206 Meridian St, Nashville, TN, 37207",IT,Nashville,8.5,12/30/1899 10:51:00 AM
Roob-Bogisich,"307 Donelson Pike, Nashville, TN, 37214",Viaan Leach,"206 Meridian St, Nashville, TN, 37207",IT,Nashville,8.6,12/30/1899 2:00:00 PM
"Rosenbaum, Spencer and Koss","4121 Hillsboro Pike, Nashville, TN, 37215",Viaan Leach,"206 Meridian St, Nashville, TN, 37207",IT,Nashville,9.1,12/30/1899 2:04:00 PM
Greenholt LLC,"850 Hillwood Blvd Ste 11, Nashville, TN, 37209",Viaan Leach,"206 Meridian St, Nashville, TN, 37207",IT,Nashville,9.2,12/30/1899 4:15:00 PM
"Parker, DuBuque and Jenkins","1410 Donelson Pike, Nashville, TN, 37217",Viaan Leach,"206 Meridian St, Nashville, TN, 37207",IT,Nashville,9.8,12/30/1899 12:14:00 PM
"Konopelski, Stanton and Mraz","321 Billingsly Ct Ste 22, Franklin, TN, 37067",Viaan Leach,"206 Meridian St, Nashville, TN, 37207",IT,Nashville,18.4,12/30/1899 11:31:00 AM
Spinka Inc,"321 Billingsly Ct Ste 13, Franklin, TN, 37067",Viaan Leach,"206 Meridian St, Nashville, TN, 37207",IT,Nashville,18.4,12/30/1899 2:09:00 PM
VonRueden LLC,"512 Autumn Springs Ct, Franklin, TN, 37067",Viaan Leach,"206 Meridian St, Nashville, TN, 37207",IT,Nashville,19.6,12/30/1899 2:45:00 PM
Kiehn LLC,"510 Columbia Ave Unit 14, Franklin, TN, 37065",Viaan Leach,"206 Meridian St, Nashville, TN, 37207",IT,Nashville,23.1,12/30/1899 10:10:00 AM
"Koelpin, Huels and Fahey","436 Main St Ste 202, Franklin, TN, 37064",Viaan Leach,"206 Meridian St, Nashville, TN, 37207",IT,Nashville,23.1,12/30/1899 3:25:00 PM
Lesch-Howell,"1251 Lewisburg Pike, Franklin, TN, 37064",Viaan Leach,"206 Meridian St, Nashville, TN, 37207",IT,Nashville,25.8,12/30/1899 4:58:00 PM
"Mosciski, Wilderman and Oberbrunner","2308 S Grand Blvd, Saint Louis, MO, 63104",Huzaifah Harrington,"2166 Tower Grove Ave, St. Louis, MO, 63110",IT,St. Louis,1.5,12/30/1899 4:23:00 PM
Lemke-Stracke,"2355 Hampton Ave, Saint Louis, MO, 63139",Huzaifah Harrington,"2166 Tower Grove Ave, St. Louis, MO, 63110",IT,St. Louis,2.3,12/30/1899 3:14:00 PM
Bernier-Sanford,"2315 Pine St, Saint Louis, MO, 63103",Huzaifah Harrington,"2166 Tower Grove Ave, St. Louis, MO, 63110",IT,St. Louis,3.8,12/30/1899 2:36:00 PM
Kreiger-Kuphal,"5600 Delmar Blvd, Saint Louis, MO, 63112",Huzaifah Harrington,"2166 Tower Grove Ave, St. Louis, MO, 63110",IT,St. Louis,4.1,12/30/1899 10:05:00 AM
Friesen Inc,"1204 Washington Ave, Saint Louis, MO, 63103",Huzaifah Harrington,"2166 Tower Grove Ave, St. Louis, MO, 63110",IT,St. Louis,4.9,12/30/1899 4:55:00 PM
Welch-Oberbrunner,"100 S 4th St, Saint Louis, MO, 63102",Huzaifah Harrington,"2166 Tower Grove Ave, St. Louis, MO, 63110",IT,St. Louis,5.1,12/30/1899 11:16:00 AM
Skiles Inc,"906 Olive St, Saint Louis, MO, 63101",Huzaifah Harrington,"2166 Tower Grove Ave, St. Louis, MO, 63110",IT,St. Louis,5.3,12/30/1899 3:20:00 PM
Dach-Marquardt,"701 Convention Plz, Saint Louis, MO, 63101",Huzaifah Harrington,"2166 Tower Grove Ave, St. Louis, MO, 63110",IT,St. Louis,5.7,12/30/1899 11:57:00 AM
"White, Roberts and Gulgowski","710 N 2nd St, Saint Louis, MO, 63102",Huzaifah Harrington,"2166 Tower Grove Ave, St. Louis, MO, 63110",IT,St. Louis,5.7,12/30/1899 5:11:00 PM
Franecki-Dare,"20 Morgan St, Saint Louis, MO, 63102",Huzaifah Harrington,"2166 Tower Grove Ave, St. Louis, MO, 63110",IT,St. Louis,5.9,12/30/1899 12:21:00 PM
Mosciski Inc,"1334 Strassner Dr, Saint Louis, MO, 63144",Huzaifah Harrington,"2166 Tower Grove Ave, St. Louis, MO, 63110",IT,St. Louis,6.4,12/30/1899 8:09:00 AM
"Kris, Runolfsson and Becker","87 Brentwood Promenade Ct, Saint Louis, MO, 63144",Huzaifah Harrington,"2166 Tower Grove Ave, St. Louis, MO, 63110",IT,St. Louis,6.5,12/30/1899 4:15:00 PM
Bosco Inc,"292 East Ave, Saint Louis, MO, 63119",Huzaifah Harrington,"2166 Tower Grove Ave, St. Louis, MO, 63110",IT,St. Louis,6.8,12/30/1899 10:35:00 AM
"Bernhard, Quitzon and Jacobson","292 East Ave Ste 7, Saint Louis, MO, 63119",Huzaifah Harrington,"2166 Tower Grove Ave, St. Louis, MO, 63110",IT,St. Louis,6.8,12/30/1899 2:07:00 PM
Prosacco-Armstrong,"110 N Main St, East Saint Louis, IL, 62201",Huzaifah Harrington,"2166 Tower Grove Ave, St. Louis, MO, 63110",IT,St. Louis,6.9,12/30/1899 3:40:00 PM
Kozey Group,"7777 Bonhomme Ave Ste 1910, Saint Louis, MO, 63105",Huzaifah Harrington,"2166 Tower Grove Ave, St. Louis, MO, 63110",IT,St. Louis,7,12/30/1899 11:00:00 AM
Mills Group,"101 S Hanley Rd Ste 1350, Saint Louis, MO, 63105",Huzaifah Harrington,"2166 Tower Grove Ave, St. Louis, MO, 63110",IT,St. Louis,7,12/30/1899 12:19:00 PM
Mills Group,"101 S Hanley Rd Ste 1350, Saint Louis, MO, 63105",Huzaifah Harrington,"2166 Tower Grove Ave, St. Louis, MO, 63110",IT,St. Louis,7,12/30/1899 1:52:00 PM
Kerluke LLC,"3915 Mississippi Ave, East Saint Louis, IL, 62206",Huzaifah Harrington,"2166 Tower Grove Ave, St. Louis, MO, 63110",IT,St. Louis,8.5,12/30/1899 9:06:00 AM
MacGyver-Rutherford,"3917 Mississippi Ave, East Saint Louis, IL, 62206",Huzaifah Harrington,"2166 Tower Grove Ave, St. Louis, MO, 63110",IT,St. Louis,8.5,12/30/1899 9:51:00 AM
Vandervort-Cormier,"1606 State St, East Saint Louis, IL, 62205",Huzaifah Harrington,"2166 Tower Grove Ave, St. Louis, MO, 63110",IT,St. Louis,9.4,12/30/1899 10:34:00 AM
McLaughlin-Hirthe,"2701 State St, East Saint Louis, IL, 62205",Huzaifah Harrington,"2166 Tower Grove Ave, St. Louis, MO, 63110",IT,St. Louis,10,12/30/1899 12:24:00 PM
"Mitchell, Harris and Wisoky","325 N Kirkwood Rd Ste 200, Saint Louis, MO, 63122",Huzaifah Harrington,"2166 Tower Grove Ave, St. Louis, MO, 63110",IT,St. Louis,10.1,12/30/1899 5:17:00 PM
Koepp and Sons,"10805 Sunset Office Dr Ste 300, Saint Louis, MO, 63127",Huzaifah Harrington,"2166 Tower Grove Ave, St. Louis, MO, 63110",IT,St. Louis,10.6,12/30/1899 9:37:00 AM
"Kertzmann, Treutel and Wyman","4413 Cookson Rd, East Saint Louis, IL, 62201",Huzaifah Harrington,"2166 Tower Grove Ave, St. Louis, MO, 63110",IT,St. Louis,11.7,12/30/1899 11:21:00 AM
Lang LLC,"10000 Page Ave, Saint Louis, MO, 63132",Huzaifah Harrington,"2166 Tower Grove Ave, St. Louis, MO, 63110",IT,St. Louis,11.9,12/30/1899 3:01:00 PM
"Nader, Luettgen and Nitzsche","1706 5th St, Madison, IL, 62060",Huzaifah Harrington,"2166 Tower Grove Ave, St. Louis, MO, 63110",IT,St. Louis,12,12/30/1899 11:27:00 AM
Boyer-Macejkovic,"10725 Manchester Rd, Saint Louis, MO, 63122",Huzaifah Harrington,"2166 Tower Grove Ave, St. Louis, MO, 63110",IT,St. Louis,12.1,12/30/1899 9:31:00 AM
"McKenzie, Funk and Stark","10434 Page Ave, Saint Louis, MO, 63132",Huzaifah Harrington,"2166 Tower Grove Ave, St. Louis, MO, 63110",IT,St. Louis,12.4,12/30/1899 5:53:00 PM
"Kub, Reichert and Boyer","105 Concord Plaza Shopping Ctr, Saint Louis, MO, 63128",Huzaifah Harrington,"2166 Tower Grove Ave, St. Louis, MO, 63110",IT,St. Louis,13.7,12/30/1899 12:58:00 PM
"Bauch, Koelpin and Hegmann","25 Ronnies Plz, Saint Louis, MO, 63126",Huzaifah Harrington,"2166 Tower Grove Ave, St. Louis, MO, 63110",IT,St. Louis,13.8,12/30/1899 11:05:00 AM
Smith-Hessel,"12647 Olive Blvd Ste 120, Saint Louis, MO, 63141",Huzaifah Harrington,"2166 Tower Grove Ave, St. Louis, MO, 63110",IT,St. Louis,15.6,12/30/1899 8:08:00 AM
Lemke-Stracke,"2355 Hampton Ave, Saint Louis, MO, 63139",Izabelle Landry,"4030 McRee Ave, St. Louis, MO, 63110",IT,St. Louis,3.1,12/30/1899 11:40:00 AM
"Yost, Vandervort and Swift","4438 Chippewa St., Saint Louis, MO, 63116",Izabelle Landry,"4030 McRee Ave, St. Louis, MO, 63110",IT,St. Louis,3.4,12/30/1899 5:12:00 PM
Lemke Inc,"1617 Locust St, Saint Louis, MO, 63103",Izabelle Landry,"4030 McRee Ave, St. Louis, MO, 63110",IT,St. Louis,3.6,12/30/1899 8:35:00 AM
"Wolf, Lindgren and Zemlak","5501 Pershing Ave, Saint Louis, MO, 63112",Izabelle Landry,"4030 McRee Ave, St. Louis, MO, 63110",IT,St. Louis,3.6,12/30/1899 1:23:00 PM
Lemke Inc,"1617 Locust St, Saint Louis, MO, 63103",Izabelle Landry,"4030 McRee Ave, St. Louis, MO, 63110",IT,St. Louis,3.6,12/30/1899 1:39:00 PM
"Carroll, Carroll and Lindgren","15400 S Grand Blvd, Saint Louis, MO, 63111",Izabelle Landry,"4030 McRee Ave, St. Louis, MO, 63110",IT,St. Louis,3.8,12/30/1899 2:04:00 PM
Steuber-Rippin,"701 Market St Ste 1100, Saint Louis, MO, 63101",Izabelle Landry,"4030 McRee Ave, St. Louis, MO, 63110",IT,St. Louis,3.9,12/30/1899 4:39:00 PM
"Spencer, Dickinson and Lakin","904 S 4th St, Saint Louis, MO, 63102",Izabelle Landry,"4030 McRee Ave, St. Louis, MO, 63110",IT,St. Louis,4.1,12/30/1899 8:37:00 AM
Cronin-Schuppe,"211 N Broadway Ste 2060, Saint Louis, MO, 63102",Izabelle Landry,"4030 McRee Ave, St. Louis, MO, 63110",IT,St. Louis,4.2,12/30/1899 12:50:00 PM
Friesen and Sons,"707 N 2nd St, Saint Louis, MO, 63102",Izabelle Landry,"4030 McRee Ave, St. Louis, MO, 63110",IT,St. Louis,4.6,12/30/1899 9:46:00 AM
Friesen and Sons,"707 N 2nd St, Saint Louis, MO, 63102",Izabelle Landry,"4030 McRee Ave, St. Louis, MO, 63110",IT,St. Louis,4.6,12/30/1899 10:42:00 AM
Goldner-Lind,"710 N 2nd St Ste 200s, Saint Louis, MO, 63102",Izabelle Landry,"4030 McRee Ave, St. Louis, MO, 63110",IT,St. Louis,4.6,12/30/1899 11:59:00 AM
Goldner-Lind,"710 N 2nd St Ste 200s, Saint Louis, MO, 63102",Izabelle Landry,"4030 McRee Ave, St. Louis, MO, 63110",IT,St. Louis,4.6,12/30/1899 12:29:00 PM
Dach-Marquardt,"701 Convention Plz, Saint Louis, MO, 63101",Izabelle Landry,"4030 McRee Ave, St. Louis, MO, 63110",IT,St. Louis,4.6,12/30/1899 12:59:00 PM
Friesen and Sons,"707 N 2nd St, Saint Louis, MO, 63102",Izabelle Landry,"4030 McRee Ave, St. Louis, MO, 63110",IT,St. Louis,4.6,12/30/1899 1:19:00 PM
Franecki-Dare,"20 Morgan St, Saint Louis, MO, 63102",Izabelle Landry,"4030 McRee Ave, St. Louis, MO, 63110",IT,St. Louis,4.7,12/30/1899 2:25:00 PM
Friesen Inc,"1204 Washington Ave, Saint Louis, MO, 63103",Izabelle Landry,"4030 McRee Ave, St. Louis, MO, 63110",IT,St. Louis,4.9,12/30/1899 1:43:00 PM
"Olson, Torp and Kuhn","7253 Watson Rd, Saint Louis, MO, 63119",Izabelle Landry,"4030 McRee Ave, St. Louis, MO, 63110",IT,St. Louis,6.6,12/30/1899 5:57:00 PM
Prosacco-Gerlach,"8224 Manchester Rd Ste 200, Saint Louis, MO, 63144",Izabelle Landry,"4030 McRee Ave, St. Louis, MO, 63110",IT,St. Louis,7.3,12/30/1899 9:43:00 AM
Steuber and Sons,"2411 State St, East Saint Louis, IL, 62205",Izabelle Landry,"4030 McRee Ave, St. Louis, MO, 63110",IT,St. Louis,8.7,12/30/1899 5:33:00 PM
"Ondricka, Murray and Maggio","8645 S Broadway, Saint Louis, MO, 63111",Izabelle Landry,"4030 McRee Ave, St. Louis, MO, 63110",IT,St. Louis,9.1,12/30/1899 2:37:00 PM
"Rolfson, McCullough and Ullrich","3808 Cookson Rd, East Saint Louis, IL, 62201",Izabelle Landry,"4030 McRee Ave, St. Louis, MO, 63110",IT,St. Louis,9.6,12/30/1899 10:51:00 AM
Mante LLC,"4601 State St Ste 220a, East Saint Louis, IL, 62205",Izabelle Landry,"4030 McRee Ave, St. Louis, MO, 63110",IT,St. Louis,10.1,12/30/1899 11:08:00 AM
Roob Inc,"4028 N Kingshighway Blvd, Saint Louis, MO, 63115",Izabelle Landry,"4030 McRee Ave, St. Louis, MO, 63110",IT,St. Louis,10.6,12/30/1899 9:44:00 AM
Wolf Group,"1033 Corporate Square Dr, Saint Louis, MO, 63132",Izabelle Landry,"4030 McRee Ave, St. Louis, MO, 63110",IT,St. Louis,11.7,12/30/1899 12:43:00 PM
Boyer-Macejkovic,"10725 Manchester Rd, Saint Louis, MO, 63122",Izabelle Landry,"4030 McRee Ave, St. Louis, MO, 63110",IT,St. Louis,12.2,12/30/1899 8:06:00 AM
Boyer-Macejkovic,"10725 Manchester Rd, Saint Louis, MO, 63122",Izabelle Landry,"4030 McRee Ave, St. Louis, MO, 63110",IT,St. Louis,12.2,12/30/1899 1:17:00 PM
Gottlieb-Harvey,"7001 State St, East Saint Louis, IL, 62203",Izabelle Landry,"4030 McRee Ave, St. Louis, MO, 63110",IT,St. Louis,12.2,12/30/1899 2:04:00 PM
McKenzie-Tremblay,"105 Concord Plaza Shopping Ctr Ste 211, Saint Louis, MO, 63128",Izabelle Landry,"4030 McRee Ave, St. Louis, MO, 63110",IT,St. Louis,14.2,12/30/1899 9:54:00 AM
"Kub, Reichert and Boyer","105 Concord Plaza Shopping Ctr, Saint Louis, MO, 63128",Izabelle Landry,"4030 McRee Ave, St. Louis, MO, 63110",IT,St. Louis,14.2,12/30/1899 4:05:00 PM
Pfannerstill LLC,"1630 Des Peres Rd Suite 210, Saint Louis, MO, 63131",Izabelle Landry,"4030 McRee Ave, St. Louis, MO, 63110",IT,St. Louis,14.7,12/30/1899 4:03:00 PM
Carroll-Daniel,"11964 Niehaus Ln, Saint Louis, MO, 63146",Izabelle Landry,"4030 McRee Ave, St. Louis, MO, 63110",IT,St. Louis,15.5,12/30/1899 1:21:00 PM
Kerluke-Hackett,"12430 Tesson Ferry Road, Saint Louis, MO, 63128",Izabelle Landry,"4030 McRee Ave, St. Louis, MO, 63110",IT,St. Louis,15.8,12/30/1899 10:50:00 AM
McKenzie-Tremblay,"105 Concord Plaza Shopping Ctr Ste 211, Saint Louis, MO, 63128",Mikhail Tyler,"10928 Clydesdale Manors Ct, St. Louis, MO, 63123",IT,St. Louis,2,12/30/1899 5:42:00 PM
"Bauch, Koelpin and Hegmann","25 Ronnies Plz, Saint Louis, MO, 63126",Mikhail Tyler,"10928 Clydesdale Manors Ct, St. Louis, MO, 63123",IT,St. Louis,2.2,12/30/1899 11:06:00 AM
Kerluke-Hackett,"12430 Tesson Ferry Road, Saint Louis, MO, 63128",Mikhail Tyler,"10928 Clydesdale Manors Ct, St. Louis, MO, 63123",IT,St. Louis,3.2,12/30/1899 11:53:00 AM
"Ondricka, Murray and Maggio","8645 S Broadway, Saint Louis, MO, 63111",Mikhail Tyler,"10928 Clydesdale Manors Ct, St. Louis, MO, 63123",IT,St. Louis,5,12/30/1899 8:09:00 AM
"Ondricka, Murray and Maggio","8645 S Broadway, Saint Louis, MO, 63111",Mikhail Tyler,"10928 Clydesdale Manors Ct, St. Louis, MO, 63123",IT,St. Louis,5,12/30/1899 1:02:00 PM
"Jaskolski, Heaney and Smith","5415 Hampton Ave, Saint Louis, MO, 63109",Mikhail Tyler,"10928 Clydesdale Manors Ct, St. Louis, MO, 63123",IT,St. Louis,6.1,12/30/1899 10:53:00 AM
Corkery-Marquardt,"7503 Big Bend Blvd, Saint Louis, MO, 63119",Mikhail Tyler,"10928 Clydesdale Manors Ct, St. Louis, MO, 63123",IT,St. Louis,6.3,12/30/1899 12:25:00 PM
Bartoletti-Schulist,"34 N Gore Ave, Saint Louis, MO, 63119",Mikhail Tyler,"10928 Clydesdale Manors Ct, St. Louis, MO, 63123",IT,St. Louis,6.5,12/30/1899 4:52:00 PM
"Hudson, Dickinson and Crooks","117 N Kirkwood Rd Ste 201, Saint Louis, MO, 63122",Mikhail Tyler,"10928 Clydesdale Manors Ct, St. Louis, MO, 63123",IT,St. Louis,7.2,12/30/1899 4:50:00 PM
Kutch Inc,"5044 lindenwood ave, Saint Louis, MO, 63109",Mikhail Tyler,"10928 Clydesdale Manors Ct, St. Louis, MO, 63123",IT,St. Louis,7.6,12/30/1899 5:50:00 PM
"Kris, Runolfsson and Becker","87 Brentwood Promenade Ct, Saint Louis, MO, 63144",Mikhail Tyler,"10928 Clydesdale Manors Ct, St. Louis, MO, 63123",IT,St. Louis,8.4,12/30/1899 11:29:00 AM
"Douglas, Stracke and Rolfson","8229 Clayton Rd Ste 200b, Saint Louis, MO, 63117",Mikhail Tyler,"10928 Clydesdale Manors Ct, St. Louis, MO, 63123",IT,St. Louis,9.7,12/30/1899 11:47:00 AM
"Purdy, Lueilwitz and Simonis","8000 Maryland Ave Ste 1060, Saint Louis, MO, 63105",Mikhail Tyler,"10928 Clydesdale Manors Ct, St. Louis, MO, 63123",IT,St. Louis,10.2,12/30/1899 8:35:00 AM
Weimann Inc,"911 Locust St Apt 103, Saint Louis, MO, 63101",Mikhail Tyler,"10928 Clydesdale Manors Ct, St. Louis, MO, 63123",IT,St. Louis,12.4,12/30/1899 3:20:00 PM
Moore-Barton,"555 Washington Ave, Suite 510, St. Louis, MO, 63101",Mikhail Tyler,"10928 Clydesdale Manors Ct, St. Louis, MO, 63123",IT,St. Louis,12.7,12/30/1899 1:55:00 PM
Rath-Friesen,"911 Washington Avenue Suite 501, Saint Louis, MO, 63101",Mikhail Tyler,"10928 Clydesdale Manors Ct, St. Louis, MO, 63123",IT,St. Louis,13,12/30/1899 10:32:00 AM
Franecki-Dare,"20 Morgan St, Saint Louis, MO, 63102",Mikhail Tyler,"10928 Clydesdale Manors Ct, St. Louis, MO, 63123",IT,St. Louis,13,12/30/1899 1:33:00 PM
"Kemmer, Daugherty and Shanahan","327 Missouri Ave, East Saint Louis, IL, 62201",Mikhail Tyler,"10928 Clydesdale Manors Ct, St. Louis, MO, 63123",IT,St. Louis,14.1,12/30/1899 1:38:00 PM
"Kemmer, Daugherty and Shanahan","327 Missouri Ave, East Saint Louis, IL, 62201",Mikhail Tyler,"10928 Clydesdale Manors Ct, St. Louis, MO, 63123",IT,St. Louis,14.1,12/30/1899 4:32:00 PM
Kautzer Inc,"600 Martin Luther King Dr, East Saint Louis, IL, 62201",Mikhail Tyler,"10928 Clydesdale Manors Ct, St. Louis, MO, 63123",IT,St. Louis,14.4,12/30/1899 12:24:00 PM
"Runte, Effertz and Barrows","13422 Clayton Rd Ste 220, Saint Louis, MO, 63131",Mikhail Tyler,"10928 Clydesdale Manors Ct, St. Louis, MO, 63123",IT,St. Louis,15.8,12/30/1899 9:08:00 AM
Jacobs-Stroman,"1234 Camp Jackson Rd, East Saint Louis, IL, 62206",Mikhail Tyler,"10928 Clydesdale Manors Ct, St. Louis, MO, 63123",IT,St. Louis,16.2,12/30/1899 8:41:00 AM
Carroll-Daniel,"11964 Niehaus Ln, Saint Louis, MO, 63146",Mikhail Tyler,"10928 Clydesdale Manors Ct, St. Louis, MO, 63123",IT,St. Louis,16.7,12/30/1899 4:21:00 PM
Morar-Torphy,"699 State Route 203, East Saint Louis, IL, 62201",Mikhail Tyler,"10928 Clydesdale Manors Ct, St. Louis, MO, 63123",IT,St. Louis,16.9,12/30/1899 11:24:00 AM
"Bayer, Gerhold and Bogisich","4300 Church Rd, East Saint Louis, IL, 62207",Mikhail Tyler,"10928 Clydesdale Manors Ct, St. Louis, MO, 63123",IT,St. Louis,17.8,12/30/1899 1:52:00 PM
Conroy-O'Hara,"5506 Caseyville Ave, East Saint Louis, IL, 62204",Mikhail Tyler,"10928 Clydesdale Manors Ct, St. Louis, MO, 63123",IT,St. Louis,18.9,12/30/1899 5:46:00 PM
Bednar-Leannon,"640 N 61st St, East Saint Louis, IL, 62203",Mikhail Tyler,"10928 Clydesdale Manors Ct, St. Louis, MO, 63123",IT,St. Louis,21,12/30/1899 4:08:00 PM
"Schultz, Kuhlman and Romaguera","8213 State St, East Saint Louis, IL, 62203",Mikhail Tyler,"10928 Clydesdale Manors Ct, St. Louis, MO, 63123",IT,St. Louis,22.1,12/30/1899 8:58:00 AM
"Runolfsson, Swaniawski and Baumbach","10041 Lewis And Clark Blvd Suite 3126, Saint Louis, MO, 63136",Mikhail Tyler,"10928 Clydesdale Manors Ct, St. Louis, MO, 63123",IT,St. Louis,22.1,12/30/1899 12:54:00 PM
Adams and Sons,"8202 Us 31 S, Indianapolis, IN, 46227",Alima Whitney,"316 Hargeo Dr, Indianapolis, IN, 46217",Sales,Indianapolis,1.8,12/30/1899 1:48:00 PM
Goyette-Bartell,"8751 Us 31 S, Indianapolis, IN, 46227",Alima Whitney,"316 Hargeo Dr, Indianapolis, IN, 46217",Sales,Indianapolis,2.5,12/30/1899 1:22:00 PM
Keebler-Witting,"7210 Madison Ave Ste L, Indianapolis, IN, 46227",Alima Whitney,"316 Hargeo Dr, Indianapolis, IN, 46217",Sales,Indianapolis,3.2,12/30/1899 10:31:00 AM
Herman-Reynolds,"2222 W Southport Rd Ste J, Indianapolis, IN, 46217",Alima Whitney,"316 Hargeo Dr, Indianapolis, IN, 46217",Sales,Indianapolis,3.6,12/30/1899 12:14:00 PM
Gislason-Barton,"5140 Madison Ave, Indianapolis, IN, 46227",Alima Whitney,"316 Hargeo Dr, Indianapolis, IN, 46217",Sales,Indianapolis,4.4,12/30/1899 11:05:00 AM
"Fadel, Mosciski and Towne","3810 E Southport Rd, Indianapolis, IN, 46237",Alima Whitney,"316 Hargeo Dr, Indianapolis, IN, 46217",Sales,Indianapolis,4.6,12/30/1899 8:08:00 AM
Shanahan-Johnston,"930 E Hanna Ave, Indianapolis, IN, 46227",Alima Whitney,"316 Hargeo Dr, Indianapolis, IN, 46217",Sales,Indianapolis,5.3,12/30/1899 9:39:00 AM
"Sanford, Jacobson and Osinski","55 Monument Cir Ste 1300, Indianapolis, IN, 46204",Alima Whitney,"316 Hargeo Dr, Indianapolis, IN, 46217",Sales,Indianapolis,8.8,12/30/1899 10:26:00 AM
Marquardt-Bednar,"320 N Meridian St, Indianapolis, IN, 46204",Alima Whitney,"316 Hargeo Dr, Indianapolis, IN, 46217",Sales,Indianapolis,9.1,12/30/1899 1:17:00 PM
Howe-Hessel,"8354 Little Eagle Ct Ste C, Indianapolis, IN, 46234",Alima Whitney,"316 Hargeo Dr, Indianapolis, IN, 46217",Sales,Indianapolis,18.1,12/30/1899 1:16:00 PM
Bogisich Inc,"9040 E 30th St, Indianapolis, IN, 46229",Alima Whitney,"316 Hargeo Dr, Indianapolis, IN, 46217",Sales,Indianapolis,18.4,12/30/1899 10:34:00 AM
"Renner, Bashirian and Haley","102 Granby Dr, Indianapolis, IN, 46229",Alima Whitney,"316 Hargeo Dr, Indianapolis, IN, 46217",Sales,Indianapolis,18.9,12/30/1899 2:21:00 PM
"Bergstrom, Goldner and Kunde","2680 E Main St, Plainfield, IN, 46168",Alima Whitney,"316 Hargeo Dr, Indianapolis, IN, 46217",Sales,Indianapolis,19.2,12/30/1899 4:36:00 PM
"Walker, Hessel and Dooley","5936 N Keystone Ave, Indianapolis, IN, 46220",Alima Whitney,"316 Hargeo Dr, Indianapolis, IN, 46217",Sales,Indianapolis,19.5,12/30/1899 1:27:00 PM
"Champlin, Gorczany and Heidenreich","2364 e main st, Plainfield, IN, 46168",Alima Whitney,"316 Hargeo Dr, Indianapolis, IN, 46217",Sales,Indianapolis,19.6,12/30/1899 5:16:00 PM
"Lang, Lesch and Murphy","1027 E Main St, Plainfield, IN, 46168",Alima Whitney,"316 Hargeo Dr, Indianapolis, IN, 46217",Sales,Indianapolis,20,12/30/1899 1:04:00 PM
Gleichner-Green,"9769 Gibbon Ln, Avon, IN, 46123",Alima Whitney,"316 Hargeo Dr, Indianapolis, IN, 46217",Sales,Indianapolis,20.6,12/30/1899 3:15:00 PM
Gleichner-Green,"9769 Gibbon Ln, Avon, IN, 46123",Alima Whitney,"316 Hargeo Dr, Indianapolis, IN, 46217",Sales,Indianapolis,20.6,12/30/1899 4:19:00 PM
Considine-Ratke,"7810 E Us Highway 36 Ste B, Avon, IN, 46123",Alima Whitney,"316 Hargeo Dr, Indianapolis, IN, 46217",Sales,Indianapolis,21.3,12/30/1899 5:36:00 PM
Considine-Ratke,"7810 E Us Highway 36 Ste B, Avon, IN, 46123",Alima Whitney,"316 Hargeo Dr, Indianapolis, IN, 46217",Sales,Indianapolis,21.3,12/30/1899 5:53:00 PM
Ullrich Group,"7384 Business Center Dr, Avon, IN, 46123",Alima Whitney,"316 Hargeo Dr, Indianapolis, IN, 46217",Sales,Indianapolis,21.7,12/30/1899 1:37:00 PM
Beatty Group,"77 Park Place Blvd, Avon, IN, 46123",Alima Whitney,"316 Hargeo Dr, Indianapolis, IN, 46217",Sales,Indianapolis,21.7,12/30/1899 4:15:00 PM
"Satterfield, Sporer and Anderson","7411 Glendale Dr, Avon, IN, 46123",Alima Whitney,"316 Hargeo Dr, Indianapolis, IN, 46217",Sales,Indianapolis,22.1,12/30/1899 11:46:00 AM
D'Amore-Swaniawski,"7385 Oakview Dr, Avon, IN, 46123",Alima Whitney,"316 Hargeo Dr, Indianapolis, IN, 46217",Sales,Indianapolis,22.5,12/30/1899 5:44:00 PM
Heathcote and Sons,"11135 Pendleton Pike Ste 1200, Indianapolis, IN, 46236",Alima Whitney,"316 Hargeo Dr, Indianapolis, IN, 46217",Sales,Indianapolis,22.8,12/30/1899 9:34:00 AM
Heathcote and Sons,"11135 Pendleton Pike Ste 1200, Indianapolis, IN, 46236",Alima Whitney,"316 Hargeo Dr, Indianapolis, IN, 46217",Sales,Indianapolis,22.8,12/30/1899 11:08:00 AM
Mraz and Sons,"5151 E Us Highway 36 Ste 100, Avon, IN, 46123",Alima Whitney,"316 Hargeo Dr, Indianapolis, IN, 46217",Sales,Indianapolis,23.9,12/30/1899 1:07:00 PM
Kuhn and Sons,"2294 Laurel Leaf Ln, Avon, IN, 46123",Alima Whitney,"316 Hargeo Dr, Indianapolis, IN, 46217",Sales,Indianapolis,24,12/30/1899 8:42:00 AM
"Anderson, Homenick and Emard","5641 Station Hill Dr, Avon, IN, 46123",Alima Whitney,"316 Hargeo Dr, Indianapolis, IN, 46217",Sales,Indianapolis,24,12/30/1899 12:25:00 PM
"Anderson, Homenick and Emard","5641 Station Hill Dr, Avon, IN, 46123",Alima Whitney,"316 Hargeo Dr, Indianapolis, IN, 46217",Sales,Indianapolis,24,12/30/1899 1:01:00 PM
Kuhn and Sons,"2294 Laurel Leaf Ln, Avon, IN, 46123",Alima Whitney,"316 Hargeo Dr, Indianapolis, IN, 46217",Sales,Indianapolis,24,12/30/1899 2:53:00 PM
"Conn, Rice and Waelchi","1236 W 86th St, Indianapolis, IN, 46260",Alima Whitney,"316 Hargeo Dr, Indianapolis, IN, 46217",Sales,Indianapolis,24.4,12/30/1899 5:35:00 PM
"Veum, Hills and Boehm","9850 N Michigan Rd Ste F, Carmel, IN, 46032",Alima Whitney,"316 Hargeo Dr, Indianapolis, IN, 46217",Sales,Indianapolis,29.3,12/30/1899 10:26:00 AM
Pagac Inc,"2325 Pointe Pkwy Ste 100, Carmel, IN, 46032",Alima Whitney,"316 Hargeo Dr, Indianapolis, IN, 46217",Sales,Indianapolis,29.6,12/30/1899 5:29:00 PM
Koch LLC,"600 E Carmel Dr Ste 245, Carmel, IN, 46032",Alima Whitney,"316 Hargeo Dr, Indianapolis, IN, 46217",Sales,Indianapolis,30,12/30/1899 11:07:00 AM
"Rau, Rowe and Howe","301 E Carmel Dr, Carmel, IN, 46032",Alima Whitney,"316 Hargeo Dr, Indianapolis, IN, 46217",Sales,Indianapolis,30.2,12/30/1899 10:11:00 AM
Kihn LLC,"248 E Carmel Dr, Carmel, IN, 46032",Alima Whitney,"316 Hargeo Dr, Indianapolis, IN, 46217",Sales,Indianapolis,30.2,12/30/1899 11:51:00 AM
Kihn LLC,"248 E Carmel Dr, Carmel, IN, 46032",Alima Whitney,"316 Hargeo Dr, Indianapolis, IN, 46217",Sales,Indianapolis,30.2,12/30/1899 12:14:00 PM
Walsh-Zboncak,"1089 3rd Ave SW, Carmel, IN, 46032",Alima Whitney,"316 Hargeo Dr, Indianapolis, IN, 46217",Sales,Indianapolis,30.9,12/30/1899 8:49:00 AM
Von-Olson,"5708 Ottawa Pass, Carmel, IN, 46033",Alima Whitney,"316 Hargeo Dr, Indianapolis, IN, 46217",Sales,Indianapolis,31.1,12/30/1899 12:37:00 PM
Von-Olson,"5708 Ottawa Pass, Carmel, IN, 46033",Alima Whitney,"316 Hargeo Dr, Indianapolis, IN, 46217",Sales,Indianapolis,31.1,12/30/1899 1:24:00 PM
"Miller, Koch and Howe","11805 N Pennsylvania St, Carmel, IN, 46032",Alima Whitney,"316 Hargeo Dr, Indianapolis, IN, 46217",Sales,Indianapolis,31.7,12/30/1899 3:11:00 PM
Mitchell-Walter,"11825 N Pennsylvania St, Carmel, IN, 46032",Alima Whitney,"316 Hargeo Dr, Indianapolis, IN, 46217",Sales,Indianapolis,32.1,12/30/1899 9:57:00 AM
"Rau, Morissette and Fadel","811 N Rangeline Rd, Carmel, IN, 46032",Alima Whitney,"316 Hargeo Dr, Indianapolis, IN, 46217",Sales,Indianapolis,32.1,12/30/1899 12:42:00 PM
Schuppe-Altenwerth,"55 4th St NW, Carmel, IN, 46032",Alima Whitney,"316 Hargeo Dr, Indianapolis, IN, 46217",Sales,Indianapolis,32.4,12/30/1899 5:30:00 PM
Blick Group,"310 1st Ave NW, Carmel, IN, 46032",Alima Whitney,"316 Hargeo Dr, Indianapolis, IN, 46217",Sales,Indianapolis,32.5,12/30/1899 8:59:00 AM
Hammes-Paucek,"13295 Illinois St Ste 329, Carmel, IN, 46032",Alima Whitney,"316 Hargeo Dr, Indianapolis, IN, 46217",Sales,Indianapolis,33.3,12/30/1899 9:06:00 AM
Cormier-Satterfield,"2259 E 151st St, Carmel, IN, 46033",Alima Whitney,"316 Hargeo Dr, Indianapolis, IN, 46217",Sales,Indianapolis,34,12/30/1899 8:26:00 AM
"Harvey, Hirthe and Leuschke","1601 E Main St, Plainfield, IN, 46168",Anastasia Greer,"1667 Willard Ct, Plainfield, IN, 46168",Sales,Indianapolis,3.1,12/30/1899 4:27:00 PM
"Champlin, Gorczany and Heidenreich","2364 e main st, Plainfield, IN, 46168",Anastasia Greer,"1667 Willard Ct, Plainfield, IN, 46168",Sales,Indianapolis,3.2,12/30/1899 1:12:00 PM
"Reichel, Grant and Prosacco","2601 Metropolis Pkwy, Plainfield, IN, 46168",Anastasia Greer,"1667 Willard Ct, Plainfield, IN, 46168",Sales,Indianapolis,3.3,12/30/1899 3:20:00 PM
Mraz and Sons,"5151 E Us Highway 36 Ste 100, Avon, IN, 46123",Anastasia Greer,"1667 Willard Ct, Plainfield, IN, 46168",Sales,Indianapolis,7.5,12/30/1899 2:40:00 PM
Hyatt-Wisoky,"10346 E Us Highway 36, Avon, IN, 46123",Anastasia Greer,"1667 Willard Ct, Plainfield, IN, 46168",Sales,Indianapolis,8.1,12/30/1899 4:32:00 PM
"Pouros, Ernser and Maggio","1812 Ballyganner Dr, Avon, IN, 46123",Anastasia Greer,"1667 Willard Ct, Plainfield, IN, 46168",Sales,Indianapolis,8.9,12/30/1899 9:53:00 AM
Gleichner-Green,"9769 Gibbon Ln, Avon, IN, 46123",Anastasia Greer,"1667 Willard Ct, Plainfield, IN, 46168",Sales,Indianapolis,9.4,12/30/1899 3:27:00 PM
McLaughlin-McLaughlin,"2346 S Lynhurst Dr Ste 601, Indianapolis, IN, 46241",Anastasia Greer,"1667 Willard Ct, Plainfield, IN, 46168",Sales,Indianapolis,10.3,12/30/1899 9:51:00 AM
Johnson-Schroeder,"2421 Production Dr Ste 206, Indianapolis, IN, 46241",Anastasia Greer,"1667 Willard Ct, Plainfield, IN, 46168",Sales,Indianapolis,10.5,12/30/1899 9:12:00 AM
Roob Group,"700 N High School Rd Ste 203, Indianapolis, IN, 46214",Anastasia Greer,"1667 Willard Ct, Plainfield, IN, 46168",Sales,Indianapolis,13.3,12/30/1899 11:52:00 AM
"Nicolas, Bayer and D'Amore","1200 Madison Ave, Indianapolis, IN, 46225",Anastasia Greer,"1667 Willard Ct, Plainfield, IN, 46168",Sales,Indianapolis,16,12/30/1899 8:07:00 AM
Herman-Reynolds,"2222 W Southport Rd Ste J, Indianapolis, IN, 46217",Anastasia Greer,"1667 Willard Ct, Plainfield, IN, 46168",Sales,Indianapolis,16.1,12/30/1899 1:32:00 PM
Shanahan-Johnston,"930 E Hanna Ave, Indianapolis, IN, 46227",Anastasia Greer,"1667 Willard Ct, Plainfield, IN, 46168",Sales,Indianapolis,16.4,12/30/1899 1:46:00 PM
Kohler and Sons,"5401 S East St Ste 102, Indianapolis, IN, 46227",Anastasia Greer,"1667 Willard Ct, Plainfield, IN, 46168",Sales,Indianapolis,16.5,12/30/1899 1:39:00 PM
Treutel-Fisher,"310 W Southport Rd, Indianapolis, IN, 46217",Anastasia Greer,"1667 Willard Ct, Plainfield, IN, 46168",Sales,Indianapolis,17,12/30/1899 9:16:00 AM
Keebler-Witting,"7210 Madison Ave Ste L, Indianapolis, IN, 46227",Anastasia Greer,"1667 Willard Ct, Plainfield, IN, 46168",Sales,Indianapolis,19,12/30/1899 1:36:00 PM
Goyette-Bartell,"8751 Us 31 S, Indianapolis, IN, 46227",Anastasia Greer,"1667 Willard Ct, Plainfield, IN, 46168",Sales,Indianapolis,20.2,12/30/1899 3:35:00 PM
"Towne, Miller and Torphy","6120 Churchman Byp, Indianapolis, IN, 46203",Anastasia Greer,"1667 Willard Ct, Plainfield, IN, 46168",Sales,Indianapolis,20.8,12/30/1899 3:57:00 PM
"Towne, Miller and Torphy","6120 Churchman Byp, Indianapolis, IN, 46203",Anastasia Greer,"1667 Willard Ct, Plainfield, IN, 46168",Sales,Indianapolis,20.8,12/30/1899 5:34:00 PM
"Fadel, Mosciski and Towne","3810 E Southport Rd, Indianapolis, IN, 46237",Anastasia Greer,"1667 Willard Ct, Plainfield, IN, 46168",Sales,Indianapolis,21.9,12/30/1899 8:04:00 AM
Witting-Hudson,"916 N Shadeland Ave, Indianapolis, IN, 46219",Anastasia Greer,"1667 Willard Ct, Plainfield, IN, 46168",Sales,Indianapolis,25.8,12/30/1899 11:02:00 AM
Stracke Inc,"9630 Shelborne Rd, Carmel, IN, 46032",Anastasia Greer,"1667 Willard Ct, Plainfield, IN, 46168",Sales,Indianapolis,26.2,12/30/1899 5:36:00 PM
"Renner, Bashirian and Haley","102 Granby Dr, Indianapolis, IN, 46229",Anastasia Greer,"1667 Willard Ct, Plainfield, IN, 46168",Sales,Indianapolis,29.9,12/30/1899 9:46:00 AM
Gleason Group,"1924 Rhettsbury St, Carmel, IN, 46032",Anastasia Greer,"1667 Willard Ct, Plainfield, IN, 46168",Sales,Indianapolis,30.6,12/30/1899 11:01:00 AM
Sipes and Sons,"1905 S New Market St Ste 166, Carmel, IN, 46032",Anastasia Greer,"1667 Willard Ct, Plainfield, IN, 46168",Sales,Indianapolis,30.8,12/30/1899 1:22:00 PM
Flatley LLC,"11555 N Meridian St Ste 100, Carmel, IN, 46032",Anastasia Greer,"1667 Willard Ct, Plainfield, IN, 46168",Sales,Indianapolis,31.1,12/30/1899 12:14:00 PM
Cremin-Ruecker,"11460 N Meridian St, Carmel, IN, 46032",Anastasia Greer,"1667 Willard Ct, Plainfield, IN, 46168",Sales,Indianapolis,31.3,12/30/1899 5:24:00 PM
"Durgan, Yost and Tillman","11611 N Meridian St Ste 300, Carmel, IN, 46032",Anastasia Greer,"1667 Willard Ct, Plainfield, IN, 46168",Sales,Indianapolis,31.5,12/30/1899 1:30:00 PM
"Beier, VonRueden and Mueller","11711 N Meridian St Ste 110, Carmel, IN, 46032",Anastasia Greer,"1667 Willard Ct, Plainfield, IN, 46168",Sales,Indianapolis,31.7,12/30/1899 5:35:00 PM
"MacGyver, Rogahn and Gleason","14295 Chariots Whisper Dr, Carmel, IN, 46074",Anastasia Greer,"1667 Willard Ct, Plainfield, IN, 46168",Sales,Indianapolis,32.5,12/30/1899 10:10:00 AM
Sporer-Labadie,"12800 N Meridian St Ste 300, Carmel, IN, 46032",Anastasia Greer,"1667 Willard Ct, Plainfield, IN, 46168",Sales,Indianapolis,32.7,12/30/1899 3:41:00 PM
Towne Group,"13295 Illinois St Ste 228, Carmel, IN, 46032",Anastasia Greer,"1667 Willard Ct, Plainfield, IN, 46168",Sales,Indianapolis,33.2,12/30/1899 9:21:00 AM
"Braun, Murazik and Daugherty","8888 Keystone Xing, Indianapolis, IN, 46240",Anastasia Greer,"1667 Willard Ct, Plainfield, IN, 46168",Sales,Indianapolis,33.4,12/30/1899 10:25:00 AM
"Lynch, Reynolds and Gaylord","1001 3rd Ave SW, Carmel, IN, 46032",Anastasia Greer,"1667 Willard Ct, Plainfield, IN, 46168",Sales,Indianapolis,33.5,12/30/1899 1:54:00 PM
Berge-Wolf,"110 N Rangeline Rd, Carmel, IN, 46032",Anastasia Greer,"1667 Willard Ct, Plainfield, IN, 46168",Sales,Indianapolis,34.9,12/30/1899 12:26:00 PM
Bruen-Dickinson,"9840 Westpoint Dr Ste 300, Indianapolis, IN, 46256",Anastasia Greer,"1667 Willard Ct, Plainfield, IN, 46168",Sales,Indianapolis,35.1,12/30/1899 4:19:00 PM
Volkman-Feil,"921 Ironwood Dr, Carmel, IN, 46033",Anastasia Greer,"1667 Willard Ct, Plainfield, IN, 46168",Sales,Indianapolis,37.5,12/30/1899 8:02:00 AM
Bogisich Inc,"9040 E 30th St, Indianapolis, IN, 46229",Aniela Skinner,"3011 River Birch Dr, Indianapolis, IN, 46235",Sales,Indianapolis,2.2,12/30/1899 5:02:00 PM
"Halvorson, Lindgren and Wintheiser","11903 E Welland St, Indianapolis, IN, 46229",Aniela Skinner,"3011 River Birch Dr, Indianapolis, IN, 46235",Sales,Indianapolis,3,12/30/1899 3:29:00 PM
Heathcote and Sons,"11135 Pendleton Pike Ste 1200, Indianapolis, IN, 46236",Aniela Skinner,"3011 River Birch Dr, Indianapolis, IN, 46235",Sales,Indianapolis,3.8,12/30/1899 8:19:00 AM
Hane-Kertzmann,"8101 E Washington St, Indianapolis, IN, 46219",Aniela Skinner,"3011 River Birch Dr, Indianapolis, IN, 46235",Sales,Indianapolis,5.6,12/30/1899 3:26:00 PM
Hahn Inc,"6430 E 75th St, Indianapolis, IN, 46250",Aniela Skinner,"3011 River Birch Dr, Indianapolis, IN, 46235",Sales,Indianapolis,11.8,12/30/1899 8:43:00 AM
"Sanford, Jacobson and Osinski","55 Monument Cir Ste 1300, Indianapolis, IN, 46204",Aniela Skinner,"3011 River Birch Dr, Indianapolis, IN, 46235",Sales,Indianapolis,12.6,12/30/1899 12:52:00 PM
Kertzmann-MacGyver,"2002 S East St, Indianapolis, IN, 46225",Aniela Skinner,"3011 River Birch Dr, Indianapolis, IN, 46235",Sales,Indianapolis,15.1,12/30/1899 12:21:00 PM
Pagac Inc,"2325 Pointe Pkwy Ste 100, Carmel, IN, 46032",Aniela Skinner,"3011 River Birch Dr, Indianapolis, IN, 46235",Sales,Indianapolis,18.1,12/30/1899 10:44:00 AM
"Stehr, Hayes and Walter","450 E 96th St Ste 500, Indianapolis, IN, 46240",Aniela Skinner,"3011 River Birch Dr, Indianapolis, IN, 46235",Sales,Indianapolis,18.3,12/30/1899 4:17:00 PM
Beer-Parker,"650 E Carmel Dr, Carmel, IN, 46032",Aniela Skinner,"3011 River Birch Dr, Indianapolis, IN, 46235",Sales,Indianapolis,18.4,12/30/1899 12:07:00 PM
Towne-Farrell,"600 E Carmel Dr Ste 267, Carmel, IN, 46032",Aniela Skinner,"3011 River Birch Dr, Indianapolis, IN, 46235",Sales,Indianapolis,18.6,12/30/1899 8:25:00 AM
Shanahan LLC,"5337 W 38th St, Indianapolis, IN, 46254",Aniela Skinner,"3011 River Birch Dr, Indianapolis, IN, 46235",Sales,Indianapolis,18.8,12/30/1899 9:12:00 AM
Treutel-Fisher,"310 W Southport Rd, Indianapolis, IN, 46217",Aniela Skinner,"3011 River Birch Dr, Indianapolis, IN, 46235",Sales,Indianapolis,18.8,12/30/1899 10:33:00 AM
Treutel-Fisher,"310 W Southport Rd, Indianapolis, IN, 46217",Aniela Skinner,"3011 River Birch Dr, Indianapolis, IN, 46235",Sales,Indianapolis,18.8,12/30/1899 10:35:00 AM
Keebler-Witting,"7210 Madison Ave Ste L, Indianapolis, IN, 46227",Aniela Skinner,"3011 River Birch Dr, Indianapolis, IN, 46235",Sales,Indianapolis,18.8,12/30/1899 3:23:00 PM
"Daniel, Bartoletti and Erdman","40 Executive Dr Ste B, Carmel, IN, 46032",Aniela Skinner,"3011 River Birch Dr, Indianapolis, IN, 46235",Sales,Indianapolis,19,12/30/1899 3:20:00 PM
Brakus-Christiansen,"725 S Rangeline Rd, Carmel, IN, 46032",Aniela Skinner,"3011 River Birch Dr, Indianapolis, IN, 46235",Sales,Indianapolis,19.6,12/30/1899 5:50:00 PM
"Baumbach, Bernier and Toy","620 S Rangeline Rd Ste 2b, Carmel, IN, 46032",Aniela Skinner,"3011 River Birch Dr, Indianapolis, IN, 46235",Sales,Indianapolis,19.9,12/30/1899 8:26:00 AM
Legros-Eichmann,"30 E Main St Ste A, Carmel, IN, 46032",Aniela Skinner,"3011 River Birch Dr, Indianapolis, IN, 46235",Sales,Indianapolis,20.1,12/30/1899 11:16:00 AM
Legros-Eichmann,"30 E Main St Ste A, Carmel, IN, 46032",Aniela Skinner,"3011 River Birch Dr, Indianapolis, IN, 46235",Sales,Indianapolis,20.1,12/30/1899 12:10:00 PM
Berge-Wolf,"110 N Rangeline Rd, Carmel, IN, 46032",Aniela Skinner,"3011 River Birch Dr, Indianapolis, IN, 46235",Sales,Indianapolis,20.2,12/30/1899 9:46:00 AM
Kuhn-Waters,"11711 N Pennsylvania St, Carmel, IN, 46032",Aniela Skinner,"3011 River Birch Dr, Indianapolis, IN, 46235",Sales,Indianapolis,20.2,12/30/1899 2:50:00 PM
"Conn, Rice and Waelchi","1236 W 86th St, Indianapolis, IN, 46260",Aniela Skinner,"3011 River Birch Dr, Indianapolis, IN, 46235",Sales,Indianapolis,20.4,12/30/1899 9:01:00 AM
Mitchell-Walter,"11825 N Pennsylvania St, Carmel, IN, 46032",Aniela Skinner,"3011 River Birch Dr, Indianapolis, IN, 46235",Sales,Indianapolis,20.6,12/30/1899 8:46:00 AM
"Gorczany, Miller and Swift","11711 N College Ave Ste 160, Carmel, IN, 46032",Aniela Skinner,"3011 River Birch Dr, Indianapolis, IN, 46235",Sales,Indianapolis,20.8,12/30/1899 8:32:00 AM
Sipes Group,"950 N Rangeline Rd Ste E, Carmel, IN, 46032",Aniela Skinner,"3011 River Birch Dr, Indianapolis, IN, 46235",Sales,Indianapolis,20.9,12/30/1899 3:45:00 PM
"Weber, Dach and Fritsch","316 N Rangeline Rd, Carmel, IN, 46032",Aniela Skinner,"3011 River Birch Dr, Indianapolis, IN, 46235",Sales,Indianapolis,20.9,12/30/1899 3:59:00 PM
Walsh-Koepp,"12401 Old Meridian St, Carmel, IN, 46032",Aniela Skinner,"3011 River Birch Dr, Indianapolis, IN, 46235",Sales,Indianapolis,21,12/30/1899 4:21:00 PM
"Veum, Padberg and Turner","7901 W 21st St, Indianapolis, IN, 46214",Aniela Skinner,"3011 River Birch Dr, Indianapolis, IN, 46235",Sales,Indianapolis,21.3,12/30/1899 10:11:00 AM
Schumm LLC,"12900 N Meridian St Ste 125, Carmel, IN, 46032",Aniela Skinner,"3011 River Birch Dr, Indianapolis, IN, 46235",Sales,Indianapolis,21.8,12/30/1899 12:18:00 PM
Stracke Inc,"9630 Shelborne Rd, Carmel, IN, 46032",Aniela Skinner,"3011 River Birch Dr, Indianapolis, IN, 46235",Sales,Indianapolis,22.4,12/30/1899 8:54:00 AM
"Glover, Strosin and Orn","14610 N Meridian St, Carmel, IN, 46032",Aniela Skinner,"3011 River Birch Dr, Indianapolis, IN, 46235",Sales,Indianapolis,22.6,12/30/1899 4:35:00 PM
Homenick-Wisoky,"10744 E Us Highway 36, Avon, IN, 46123",Aniela Skinner,"3011 River Birch Dr, Indianapolis, IN, 46235",Sales,Indianapolis,23.7,12/30/1899 8:52:00 AM
O'Hara and Sons,"12664 Tuscany Blvd, Carmel, IN, 46032",Aniela Skinner,"3011 River Birch Dr, Indianapolis, IN, 46235",Sales,Indianapolis,23.9,12/30/1899 2:57:00 PM
Fritsch Group,"10223 E County Road 100 S, Avon, IN, 46123",Aniela Skinner,"3011 River Birch Dr, Indianapolis, IN, 46235",Sales,Indianapolis,26.1,12/30/1899 12:16:00 PM
Considine-Ratke,"7810 E Us Highway 36 Ste B, Avon, IN, 46123",Aniela Skinner,"3011 River Birch Dr, Indianapolis, IN, 46235",Sales,Indianapolis,26.6,12/30/1899 8:21:00 AM
Considine-Ratke,"7810 E Us Highway 36 Ste B, Avon, IN, 46123",Aniela Skinner,"3011 River Birch Dr, Indianapolis, IN, 46235",Sales,Indianapolis,26.6,12/30/1899 11:25:00 AM
"Jacobson, Gleason and Grimes","7494 Welch Cir, Avon, IN, 46123",Aniela Skinner,"3011 River Birch Dr, Indianapolis, IN, 46235",Sales,Indianapolis,27.6,12/30/1899 8:35:00 AM
"Reichel, Grant and Prosacco","2601 Metropolis Pkwy, Plainfield, IN, 46168",Aniela Skinner,"3011 River Birch Dr, Indianapolis, IN, 46235",Sales,Indianapolis,27.7,12/30/1899 2:30:00 PM
Pollich-Bechtelar,"6319 E Us Highway 36 Ste 201, Avon, IN, 46123",Aniela Skinner,"3011 River Birch Dr, Indianapolis, IN, 46235",Sales,Indianapolis,28,12/30/1899 1:04:00 PM
Gleichner-Green,"9769 Gibbon Ln, Avon, IN, 46123",Aniela Skinner,"3011 River Birch Dr, Indianapolis, IN, 46235",Sales,Indianapolis,28.6,12/30/1899 8:11:00 AM
Ondricka-Murphy,"1572 Bearcub Ln, Avon, IN, 46123",Aniela Skinner,"3011 River Birch Dr, Indianapolis, IN, 46235",Sales,Indianapolis,29.9,12/30/1899 9:15:00 AM
D'Amore-Swaniawski,"7385 Oakview Dr, Avon, IN, 46123",Aniela Skinner,"3011 River Birch Dr, Indianapolis, IN, 46235",Sales,Indianapolis,33.7,12/30/1899 3:17:00 PM
Hyatt-Wisoky,"10346 E Us Highway 36, Avon, IN, 46123",Ayaan Cantrell,"10531 County Rd 600 N, Indianapolis, IN, 46234",Sales,Indianapolis,7.1,12/30/1899 3:08:00 PM
"Wuckert, Zboncak and O'Kon","8103 E Us Highway 36, Avon, IN, 46123",Ayaan Cantrell,"10531 County Rd 600 N, Indianapolis, IN, 46234",Sales,Indianapolis,7.7,12/30/1899 4:21:00 PM
"Jakubowski, Hamill and Hessel","6284 E County Road 200 N, Avon, IN, 46123",Ayaan Cantrell,"10531 County Rd 600 N, Indianapolis, IN, 46234",Sales,Indianapolis,8.3,12/30/1899 8:21:00 AM
Considine-Ratke,"7810 E Us Highway 36 Ste B, Avon, IN, 46123",Ayaan Cantrell,"10531 County Rd 600 N, Indianapolis, IN, 46234",Sales,Indianapolis,8.6,12/30/1899 3:28:00 PM
Harris-Ullrich,"855 N High School Rd Ste 10, Indianapolis, IN, 46214",Ayaan Cantrell,"10531 County Rd 600 N, Indianapolis, IN, 46234",Sales,Indianapolis,9.2,12/30/1899 9:55:00 AM
Carter Group,"180 N Avon Ave, Avon, IN, 46123",Ayaan Cantrell,"10531 County Rd 600 N, Indianapolis, IN, 46234",Sales,Indianapolis,9.3,12/30/1899 5:22:00 PM
Ullrich Group,"7384 Business Center Dr, Avon, IN, 46123",Ayaan Cantrell,"10531 County Rd 600 N, Indianapolis, IN, 46234",Sales,Indianapolis,9.6,12/30/1899 5:20:00 PM
Denesik and Sons,"7588 E County Road 100 S, Avon, IN, 46123",Ayaan Cantrell,"10531 County Rd 600 N, Indianapolis, IN, 46234",Sales,Indianapolis,9.9,12/30/1899 11:59:00 AM
"Bartell, Hoppe and Schaefer","6319 E Us Highway 36, Avon, IN, 46123",Ayaan Cantrell,"10531 County Rd 600 N, Indianapolis, IN, 46234",Sales,Indianapolis,10.2,12/30/1899 4:22:00 PM
"Schumm, Oberbrunner and Cassin","5250 E Us Highway 36 Ste 100, Avon, IN, 46123",Ayaan Cantrell,"10531 County Rd 600 N, Indianapolis, IN, 46234",Sales,Indianapolis,11.5,12/30/1899 11:14:00 AM
"Reichel, Grant and Prosacco","2601 Metropolis Pkwy, Plainfield, IN, 46168",Ayaan Cantrell,"10531 County Rd 600 N, Indianapolis, IN, 46234",Sales,Indianapolis,12,12/30/1899 10:01:00 AM
D'Amore-Swaniawski,"7385 Oakview Dr, Avon, IN, 46123",Ayaan Cantrell,"10531 County Rd 600 N, Indianapolis, IN, 46234",Sales,Indianapolis,12,12/30/1899 2:05:00 PM
"Reichel, Grant and Prosacco","2601 Metropolis Pkwy, Plainfield, IN, 46168",Ayaan Cantrell,"10531 County Rd 600 N, Indianapolis, IN, 46234",Sales,Indianapolis,12,12/30/1899 4:39:00 PM
McLaughlin-McLaughlin,"2346 S Lynhurst Dr Ste 601, Indianapolis, IN, 46241",Ayaan Cantrell,"10531 County Rd 600 N, Indianapolis, IN, 46234",Sales,Indianapolis,12.9,12/30/1899 8:05:00 AM
Botsford LLC,"1440 Sierra Pass, Danville, IN, 46122",Ayaan Cantrell,"10531 County Rd 600 N, Indianapolis, IN, 46234",Sales,Indianapolis,13.1,12/30/1899 12:18:00 PM
"Sauer, Waters and Bashirian","325 N Delaware St, Indianapolis, IN, 46204",Ayaan Cantrell,"10531 County Rd 600 N, Indianapolis, IN, 46234",Sales,Indianapolis,14.1,12/30/1899 10:00:00 AM
"Sanford, Jacobson and Osinski","55 Monument Cir Ste 1300, Indianapolis, IN, 46204",Ayaan Cantrell,"10531 County Rd 600 N, Indianapolis, IN, 46234",Sales,Indianapolis,14.2,12/30/1899 8:05:00 AM
Rippin-Hudson,"55 Monument Cir Ste 416, Indianapolis, IN, 46204",Ayaan Cantrell,"10531 County Rd 600 N, Indianapolis, IN, 46234",Sales,Indianapolis,14.2,12/30/1899 4:50:00 PM
"Sanford, Jacobson and Osinski","55 Monument Cir Ste 1300, Indianapolis, IN, 46204",Ayaan Cantrell,"10531 County Rd 600 N, Indianapolis, IN, 46234",Sales,Indianapolis,14.2,12/30/1899 4:54:00 PM
Rempel-Hudson,"941 E 86th St Ste 111, Indianapolis, IN, 46240",Ayaan Cantrell,"10531 County Rd 600 N, Indianapolis, IN, 46234",Sales,Indianapolis,14.9,12/30/1899 10:37:00 AM
Mann-Sipes,"5868 E 71st St Ste B, Indianapolis, IN, 46220",Ayaan Cantrell,"10531 County Rd 600 N, Indianapolis, IN, 46234",Sales,Indianapolis,18,12/30/1899 9:11:00 AM
Yundt LLC,"6143 Brookville Rd, Indianapolis, IN, 46219",Ayaan Cantrell,"10531 County Rd 600 N, Indianapolis, IN, 46234",Sales,Indianapolis,20.2,12/30/1899 12:08:00 PM
O'Hara and Sons,"12664 Tuscany Blvd, Carmel, IN, 46032",Ayaan Cantrell,"10531 County Rd 600 N, Indianapolis, IN, 46234",Sales,Indianapolis,21.3,12/30/1899 9:03:00 AM
Farrell and Sons,"5018 Madison Ave, Indianapolis, IN, 46227",Ayaan Cantrell,"10531 County Rd 600 N, Indianapolis, IN, 46234",Sales,Indianapolis,21.5,12/30/1899 3:47:00 PM
"Kshlerin, Schimmel and Koepp","10585 N Meridian St, Indianapolis, IN, 46290",Ayaan Cantrell,"10531 County Rd 600 N, Indianapolis, IN, 46234",Sales,Indianapolis,22.3,12/30/1899 2:43:00 PM
Cremin-Ruecker,"11460 N Meridian St, Carmel, IN, 46032",Ayaan Cantrell,"10531 County Rd 600 N, Indianapolis, IN, 46234",Sales,Indianapolis,23.1,12/30/1899 10:30:00 AM
Kuhn-Waters,"11711 N Pennsylvania St, Carmel, IN, 46032",Ayaan Cantrell,"10531 County Rd 600 N, Indianapolis, IN, 46234",Sales,Indianapolis,23.3,12/30/1899 12:31:00 PM
"Romaguera, Hoppe and Bode","11711 N Pennsylvania St Ste 250, Carmel, IN, 46032",Ayaan Cantrell,"10531 County Rd 600 N, Indianapolis, IN, 46234",Sales,Indianapolis,23.3,12/30/1899 1:36:00 PM
"Beier, VonRueden and Mueller","11711 N Meridian St Ste 110, Carmel, IN, 46032",Ayaan Cantrell,"10531 County Rd 600 N, Indianapolis, IN, 46234",Sales,Indianapolis,23.5,12/30/1899 8:07:00 AM
"Gorczany, Miller and Swift","11711 N College Ave Ste 160, Carmel, IN, 46032",Ayaan Cantrell,"10531 County Rd 600 N, Indianapolis, IN, 46234",Sales,Indianapolis,23.9,12/30/1899 8:16:00 AM
"Gorczany, Miller and Swift","11711 N College Ave Ste 160, Carmel, IN, 46032",Ayaan Cantrell,"10531 County Rd 600 N, Indianapolis, IN, 46234",Sales,Indianapolis,23.9,12/30/1899 4:48:00 PM
Jacobi-Wilderman,"13085 Hamilton Crossing Blvd Ste 500, Carmel, IN, 46032",Ayaan Cantrell,"10531 County Rd 600 N, Indianapolis, IN, 46234",Sales,Indianapolis,24.5,12/30/1899 10:37:00 AM
Towne Group,"13295 Illinois St Ste 228, Carmel, IN, 46032",Ayaan Cantrell,"10531 County Rd 600 N, Indianapolis, IN, 46234",Sales,Indianapolis,25,12/30/1899 1:13:00 PM
Hammes-Paucek,"13295 Illinois St Ste 329, Carmel, IN, 46032",Ayaan Cantrell,"10531 County Rd 600 N, Indianapolis, IN, 46234",Sales,Indianapolis,25,12/30/1899 2:35:00 PM
Pfannerstill-Schroeder,"280 W Carmel Dr, Carmel, IN, 46032",Ayaan Cantrell,"10531 County Rd 600 N, Indianapolis, IN, 46234",Sales,Indianapolis,25,12/30/1899 3:22:00 PM
"Braun, Murazik and Daugherty","8888 Keystone Xing, Indianapolis, IN, 46240",Ayaan Cantrell,"10531 County Rd 600 N, Indianapolis, IN, 46234",Sales,Indianapolis,25.2,12/30/1899 8:28:00 AM
Rau Inc,"736 Hanover Pl Suite 100F, Carmel, IN, 46032",Ayaan Cantrell,"10531 County Rd 600 N, Indianapolis, IN, 46234",Sales,Indianapolis,25.4,12/30/1899 1:56:00 PM
"Towne, Miller and Torphy","6120 Churchman Byp, Indianapolis, IN, 46203",Ayaan Cantrell,"10531 County Rd 600 N, Indianapolis, IN, 46234",Sales,Indianapolis,25.5,12/30/1899 4:34:00 PM
Harvey Inc,"6960 Gray Rd Ste D, Indianapolis, IN, 46237",Ayaan Cantrell,"10531 County Rd 600 N, Indianapolis, IN, 46234",Sales,Indianapolis,26.4,12/30/1899 3:42:00 PM
Halvorson Inc,"330 N Rangeline Rd, Carmel, IN, 46032",Ayaan Cantrell,"10531 County Rd 600 N, Indianapolis, IN, 46234",Sales,Indianapolis,26.6,12/30/1899 12:40:00 PM
Cremin Group,"8 W Main St, Carmel, IN, 46032",Ayaan Cantrell,"10531 County Rd 600 N, Indianapolis, IN, 46234",Sales,Indianapolis,26.7,12/30/1899 1:46:00 PM
Medhurst-Franecki,"484 E Carmel Dr, Carmel, IN, 46032",Ayaan Cantrell,"10531 County Rd 600 N, Indianapolis, IN, 46234",Sales,Indianapolis,26.7,12/30/1899 3:23:00 PM
Huels-Hudson,"3594 Brumley Way, Carmel, IN, 46033",Ayaan Cantrell,"10531 County Rd 600 N, Indianapolis, IN, 46234",Sales,Indianapolis,27.6,12/30/1899 8:26:00 AM
"Jast, Grant and Jaskolski","3422 Beech Dr, Carmel, IN, 46033",Ayaan Cantrell,"10531 County Rd 600 N, Indianapolis, IN, 46234",Sales,Indianapolis,28.8,12/30/1899 10:59:00 AM
Volkman-Feil,"921 Ironwood Dr, Carmel, IN, 46033",Ayaan Cantrell,"10531 County Rd 600 N, Indianapolis, IN, 46234",Sales,Indianapolis,29.3,12/30/1899 3:21:00 PM
Von-Olson,"5708 Ottawa Pass, Carmel, IN, 46033",Ayaan Cantrell,"10531 County Rd 600 N, Indianapolis, IN, 46234",Sales,Indianapolis,30.6,12/30/1899 1:48:00 PM
Altenwerth LLC,"3915 Madison Ave Ste 7, Indianapolis, IN, 46227",Bryan Erickson,"3703 Bluff Rd, Indianapolis, IN, 46217",Sales,Indianapolis,2,12/30/1899 12:16:00 PM
Treutel-Fisher,"310 W Southport Rd, Indianapolis, IN, 46217",Bryan Erickson,"3703 Bluff Rd, Indianapolis, IN, 46217",Sales,Indianapolis,4.3,12/30/1899 11:42:00 AM
"Sauer, Waters and Bashirian","325 N Delaware St, Indianapolis, IN, 46204",Bryan Erickson,"3703 Bluff Rd, Indianapolis, IN, 46217",Sales,Indianapolis,4.9,12/30/1899 12:49:00 PM
"Sauer, Waters and Bashirian","325 N Delaware St, Indianapolis, IN, 46204",Bryan Erickson,"3703 Bluff Rd, Indianapolis, IN, 46217",Sales,Indianapolis,4.9,12/30/1899 4:40:00 PM
Witting-Hudson,"916 N Shadeland Ave, Indianapolis, IN, 46219",Bryan Erickson,"3703 Bluff Rd, Indianapolis, IN, 46217",Sales,Indianapolis,12.2,12/30/1899 12:56:00 PM
"Walker, Hessel and Dooley","5936 N Keystone Ave, Indianapolis, IN, 46220",Bryan Erickson,"3703 Bluff Rd, Indianapolis, IN, 46217",Sales,Indianapolis,12.6,12/30/1899 10:27:00 AM
"Walker, Hessel and Dooley","5936 N Keystone Ave, Indianapolis, IN, 46220",Bryan Erickson,"3703 Bluff Rd, Indianapolis, IN, 46217",Sales,Indianapolis,12.6,12/30/1899 1:01:00 PM
"Mraz, Kovacek and Kozey","6329 Hollister Dr, Indianapolis, IN, 46224",Bryan Erickson,"3703 Bluff Rd, Indianapolis, IN, 46217",Sales,Indianapolis,14.3,12/30/1899 11:37:00 AM
"Rutherford, O'Reilly and Purdy","5145 E 65th St, Indianapolis, IN, 46220",Bryan Erickson,"3703 Bluff Rd, Indianapolis, IN, 46217",Sales,Indianapolis,14.7,12/30/1899 2:30:00 PM
Hyatt-Wisoky,"10346 E Us Highway 36, Avon, IN, 46123",Bryan Erickson,"3703 Bluff Rd, Indianapolis, IN, 46217",Sales,Indianapolis,15,12/30/1899 10:50:00 AM
Feeney-Botsford,"2680 E Main St Ste 331, Plainfield, IN, 46168",Bryan Erickson,"3703 Bluff Rd, Indianapolis, IN, 46217",Sales,Indianapolis,15.2,12/30/1899 1:21:00 PM
Mann-Sipes,"5868 E 71st St Ste B, Indianapolis, IN, 46220",Bryan Erickson,"3703 Bluff Rd, Indianapolis, IN, 46217",Sales,Indianapolis,15.3,12/30/1899 5:45:00 PM
Fisher-Mayert,"7687 Gunsmith Ct, Plainfield, IN, 46168",Bryan Erickson,"3703 Bluff Rd, Indianapolis, IN, 46217",Sales,Indianapolis,16.8,12/30/1899 4:28:00 PM
Wolff-Rath,"684 Tower Rd, Plainfield, IN, 46168",Bryan Erickson,"3703 Bluff Rd, Indianapolis, IN, 46217",Sales,Indianapolis,16.9,12/30/1899 11:58:00 AM
Weimann-Kessler,"8280 Michigan Rd Ste B, Indianapolis, IN, 46268",Bryan Erickson,"3703 Bluff Rd, Indianapolis, IN, 46217",Sales,Indianapolis,16.9,12/30/1899 3:28:00 PM
Wolff-Rath,"684 Tower Rd, Plainfield, IN, 46168",Bryan Erickson,"3703 Bluff Rd, Indianapolis, IN, 46217",Sales,Indianapolis,16.9,12/30/1899 5:59:00 PM
Toy Group,"8100 E Us Highway 36, Avon, IN, 46123",Bryan Erickson,"3703 Bluff Rd, Indianapolis, IN, 46217",Sales,Indianapolis,17,12/30/1899 10:52:00 AM
Considine-Ratke,"7810 E Us Highway 36 Ste B, Avon, IN, 46123",Bryan Erickson,"3703 Bluff Rd, Indianapolis, IN, 46217",Sales,Indianapolis,17.3,12/30/1899 12:19:00 PM
Jerde-Blanda,"6470 N Shadeland Ave Ste D, Indianapolis, IN, 46220",Bryan Erickson,"3703 Bluff Rd, Indianapolis, IN, 46217",Sales,Indianapolis,18.2,12/30/1899 4:44:00 PM
"Pouros, Ernser and Maggio","1812 Ballyganner Dr, Avon, IN, 46123",Bryan Erickson,"3703 Bluff Rd, Indianapolis, IN, 46217",Sales,Indianapolis,18.8,12/30/1899 3:13:00 PM
"McKenzie, Jast and Dickens","5505 E US Highway 36, Avon, IN, 46123",Bryan Erickson,"3703 Bluff Rd, Indianapolis, IN, 46217",Sales,Indianapolis,19.7,12/30/1899 8:31:00 AM
"McKenzie, Jast and Dickens","5505 E US Highway 36, Avon, IN, 46123",Bryan Erickson,"3703 Bluff Rd, Indianapolis, IN, 46217",Sales,Indianapolis,19.7,12/30/1899 9:57:00 AM
"McKenzie, Jast and Dickens","5505 E US Highway 36, Avon, IN, 46123",Bryan Erickson,"3703 Bluff Rd, Indianapolis, IN, 46217",Sales,Indianapolis,19.7,12/30/1899 12:04:00 PM
Kuhn and Sons,"2294 Laurel Leaf Ln, Avon, IN, 46123",Bryan Erickson,"3703 Bluff Rd, Indianapolis, IN, 46217",Sales,Indianapolis,20.3,12/30/1899 5:11:00 PM
"Jakubowski, Hamill and Hessel","6284 E County Road 200 N, Avon, IN, 46123",Bryan Erickson,"3703 Bluff Rd, Indianapolis, IN, 46217",Sales,Indianapolis,20.7,12/30/1899 2:47:00 PM
Boyer-Rath,"121 Commerce Dr, Danville, IN, 46122",Bryan Erickson,"3703 Bluff Rd, Indianapolis, IN, 46217",Sales,Indianapolis,22.1,12/30/1899 8:48:00 AM
Boyer-Rath,"121 Commerce Dr, Danville, IN, 46122",Bryan Erickson,"3703 Bluff Rd, Indianapolis, IN, 46217",Sales,Indianapolis,22.1,12/30/1899 10:35:00 AM
"Thompson, Baumbach and Runolfsson","6986 Donnelly Dr, Brownsburg, IN, 46112",Bryan Erickson,"3703 Bluff Rd, Indianapolis, IN, 46217",Sales,Indianapolis,23.1,12/30/1899 9:23:00 AM
Bruen-Dickinson,"9840 Westpoint Dr Ste 300, Indianapolis, IN, 46256",Bryan Erickson,"3703 Bluff Rd, Indianapolis, IN, 46217",Sales,Indianapolis,23.1,12/30/1899 9:56:00 AM
Bruen-Dickinson,"9840 Westpoint Dr Ste 300, Indianapolis, IN, 46256",Bryan Erickson,"3703 Bluff Rd, Indianapolis, IN, 46217",Sales,Indianapolis,23.1,12/30/1899 12:28:00 PM
"Marks, Reilly and Langosh","3077 E 98th St, Indianapolis, IN, 46280",Bryan Erickson,"3703 Bluff Rd, Indianapolis, IN, 46217",Sales,Indianapolis,25.1,12/30/1899 4:07:00 PM
"Stehr, Hayes and Walter","450 E 96th St Ste 500, Indianapolis, IN, 46240",Bryan Erickson,"3703 Bluff Rd, Indianapolis, IN, 46217",Sales,Indianapolis,26.3,12/30/1899 10:20:00 AM
Towne-Farrell,"600 E Carmel Dr Ste 267, Carmel, IN, 46032",Bryan Erickson,"3703 Bluff Rd, Indianapolis, IN, 46217",Sales,Indianapolis,26.5,12/30/1899 3:14:00 PM
Towne-Farrell,"600 E Carmel Dr Ste 267, Carmel, IN, 46032",Bryan Erickson,"3703 Bluff Rd, Indianapolis, IN, 46217",Sales,Indianapolis,26.5,12/30/1899 3:45:00 PM
Becker-Erdman,"720 S Rangeline Rd Apt 410, Carmel, IN, 46032",Bryan Erickson,"3703 Bluff Rd, Indianapolis, IN, 46217",Sales,Indianapolis,27.6,12/30/1899 10:56:00 AM
Legros-Eichmann,"30 E Main St Ste A, Carmel, IN, 46032",Bryan Erickson,"3703 Bluff Rd, Indianapolis, IN, 46217",Sales,Indianapolis,28.1,12/30/1899 8:45:00 AM
"Beier, VonRueden and Mueller","11711 N Meridian St Ste 110, Carmel, IN, 46032",Bryan Erickson,"3703 Bluff Rd, Indianapolis, IN, 46217",Sales,Indianapolis,28.4,12/30/1899 12:54:00 PM
Steuber LLC,"11708 N College Ave, Carmel, IN, 46032",Bryan Erickson,"3703 Bluff Rd, Indianapolis, IN, 46217",Sales,Indianapolis,28.6,12/30/1899 2:37:00 PM
O'Hara and Sons,"12664 Tuscany Blvd, Carmel, IN, 46032",Bryan Erickson,"3703 Bluff Rd, Indianapolis, IN, 46217",Sales,Indianapolis,28.7,12/30/1899 3:51:00 PM
Pfeffer and Sons,"718 Adams St Ste B, Carmel, IN, 46032",Bryan Erickson,"3703 Bluff Rd, Indianapolis, IN, 46217",Sales,Indianapolis,28.8,12/30/1899 1:40:00 PM
"Weber, Dach and Fritsch","316 N Rangeline Rd, Carmel, IN, 46032",Bryan Erickson,"3703 Bluff Rd, Indianapolis, IN, 46217",Sales,Indianapolis,28.9,12/30/1899 10:20:00 AM
"Rice, Greenholt and Kirlin","6933 4th St NW, Carmel, IN, 46032",Bryan Erickson,"3703 Bluff Rd, Indianapolis, IN, 46217",Sales,Indianapolis,28.9,12/30/1899 12:55:00 PM
Walsh-Koepp,"12401 Old Meridian St, Carmel, IN, 46032",Bryan Erickson,"3703 Bluff Rd, Indianapolis, IN, 46217",Sales,Indianapolis,29,12/30/1899 8:23:00 AM
Renner LLC,"3291 Hazel Foster Dr, Carmel, IN, 46033",Bryan Erickson,"3703 Bluff Rd, Indianapolis, IN, 46217",Sales,Indianapolis,29,12/30/1899 11:19:00 AM
McGlynn-Mertz,"12800 N. Meridian Street Suite 400, Carmel, IN, 46032",Bryan Erickson,"3703 Bluff Rd, Indianapolis, IN, 46217",Sales,Indianapolis,29.4,12/30/1899 12:07:00 PM
"Luettgen, Roberts and Schimmel","14484 Alderbrook Trl, Carmel, IN, 46033",Bryan Erickson,"3703 Bluff Rd, Indianapolis, IN, 46217",Sales,Indianapolis,30.6,12/30/1899 3:45:00 PM
Jenkins-Wolf,"13664 N Meridian St, Carmel, IN, 46032",Bryan Erickson,"3703 Bluff Rd, Indianapolis, IN, 46217",Sales,Indianapolis,30.6,12/30/1899 5:54:00 PM
Heaney LLC,"1764 E 86th St, Indianapolis, IN, 46240",Clive Hibbert,"3836 Wish Ave, Indianapolis, IN, 46268",Sales,Indianapolis,5.9,12/30/1899 5:30:00 PM
"MacGyver, Rogahn and Gleason","14295 Chariots Whisper Dr, Carmel, IN, 46074",Clive Hibbert,"3836 Wish Ave, Indianapolis, IN, 46268",Sales,Indianapolis,8.5,12/30/1899 1:51:00 PM
"Bernhard, Wuckert and Feil","2929 E 96th St Ste B, Indianapolis, IN, 46240",Clive Hibbert,"3836 Wish Ave, Indianapolis, IN, 46268",Sales,Indianapolis,8.9,12/30/1899 1:39:00 PM
Jacobi-Wilderman,"13085 Hamilton Crossing Blvd Ste 500, Carmel, IN, 46032",Clive Hibbert,"3836 Wish Ave, Indianapolis, IN, 46268",Sales,Indianapolis,9.2,12/30/1899 5:21:00 PM
Schumm LLC,"12900 N Meridian St Ste 125, Carmel, IN, 46032",Clive Hibbert,"3836 Wish Ave, Indianapolis, IN, 46268",Sales,Indianapolis,9.6,12/30/1899 5:17:00 PM
"Braun, Murazik and Daugherty","8888 Keystone Xing, Indianapolis, IN, 46240",Clive Hibbert,"3836 Wish Ave, Indianapolis, IN, 46268",Sales,Indianapolis,9.8,12/30/1899 9:17:00 AM
Abernathy-Legros,"2905 E 46th St, Indianapolis, IN, 46205",Clive Hibbert,"3836 Wish Ave, Indianapolis, IN, 46268",Sales,Indianapolis,10.3,12/30/1899 12:21:00 PM
Sipes Group,"950 N Rangeline Rd Ste E, Carmel, IN, 46032",Clive Hibbert,"3836 Wish Ave, Indianapolis, IN, 46268",Sales,Indianapolis,11.2,12/30/1899 1:21:00 PM
"Veum, Padberg and Turner","7901 W 21st St, Indianapolis, IN, 46214",Clive Hibbert,"3836 Wish Ave, Indianapolis, IN, 46268",Sales,Indianapolis,11.5,12/30/1899 11:36:00 AM
Heidenreich-Rogahn,"54 S Girls School Rd, Indianapolis, IN, 46231",Clive Hibbert,"3836 Wish Ave, Indianapolis, IN, 46268",Sales,Indianapolis,13.3,12/30/1899 11:11:00 AM
"Luettgen, Roberts and Schimmel","14484 Alderbrook Trl, Carmel, IN, 46033",Clive Hibbert,"3836 Wish Ave, Indianapolis, IN, 46268",Sales,Indianapolis,13.4,12/30/1899 2:44:00 PM
"Jast, Grant and Jaskolski","3422 Beech Dr, Carmel, IN, 46033",Clive Hibbert,"3836 Wish Ave, Indianapolis, IN, 46268",Sales,Indianapolis,13.4,12/30/1899 3:09:00 PM
"Thompson, Baumbach and Runolfsson","6986 Donnelly Dr, Brownsburg, IN, 46112",Clive Hibbert,"3836 Wish Ave, Indianapolis, IN, 46268",Sales,Indianapolis,14.8,12/30/1899 5:31:00 PM
Parisian Group,"2042 Talisker Ct, Avon, IN, 46123",Clive Hibbert,"3836 Wish Ave, Indianapolis, IN, 46268",Sales,Indianapolis,15.1,12/30/1899 4:31:00 PM
Homenick-Wisoky,"10744 E Us Highway 36, Avon, IN, 46123",Clive Hibbert,"3836 Wish Ave, Indianapolis, IN, 46268",Sales,Indianapolis,15.4,12/30/1899 11:39:00 AM
Ondricka-Murphy,"1572 Bearcub Ln, Avon, IN, 46123",Clive Hibbert,"3836 Wish Ave, Indianapolis, IN, 46268",Sales,Indianapolis,15.6,12/30/1899 5:53:00 PM
"Larson, Parker and Von","2694 E Main St, Plainfield, IN, 46168",Clive Hibbert,"3836 Wish Ave, Indianapolis, IN, 46268",Sales,Indianapolis,18.1,12/30/1899 11:27:00 AM
"Denesik, Wolff and McCullough","1371 Bur Oak Ct, Avon, IN, 46123",Clive Hibbert,"3836 Wish Ave, Indianapolis, IN, 46268",Sales,Indianapolis,18.1,12/30/1899 12:01:00 PM
Klocko-Braun,"7754 Cobblesprings Dr, Avon, IN, 46123",Clive Hibbert,"3836 Wish Ave, Indianapolis, IN, 46268",Sales,Indianapolis,18.3,12/30/1899 4:00:00 PM
Kertzmann and Sons,"1117 Timber Climb Dr, Avon, IN, 46123",Clive Hibbert,"3836 Wish Ave, Indianapolis, IN, 46268",Sales,Indianapolis,18.7,12/30/1899 11:43:00 AM
Denesik and Sons,"7588 E County Road 100 S, Avon, IN, 46123",Clive Hibbert,"3836 Wish Ave, Indianapolis, IN, 46268",Sales,Indianapolis,19.4,12/30/1899 9:07:00 AM
Douglas-Ortiz,"1660 E Main St Ste 105, Plainfield, IN, 46168",Clive Hibbert,"3836 Wish Ave, Indianapolis, IN, 46268",Sales,Indianapolis,19.7,12/30/1899 1:19:00 PM
"Streich, Greenfelder and Upton","6319 E Us Highway 36 Ste 202, Avon, IN, 46123",Clive Hibbert,"3836 Wish Ave, Indianapolis, IN, 46268",Sales,Indianapolis,19.7,12/30/1899 4:02:00 PM
"Harvey, Hirthe and Leuschke","1601 E Main St, Plainfield, IN, 46168",Clive Hibbert,"3836 Wish Ave, Indianapolis, IN, 46268",Sales,Indianapolis,19.8,12/30/1899 10:29:00 AM
"Lang, Lesch and Murphy","1027 E Main St, Plainfield, IN, 46168",Clive Hibbert,"3836 Wish Ave, Indianapolis, IN, 46268",Sales,Indianapolis,20.2,12/30/1899 10:49:00 AM
Mraz and Sons,"5151 E Us Highway 36 Ste 100, Avon, IN, 46123",Clive Hibbert,"3836 Wish Ave, Indianapolis, IN, 46268",Sales,Indianapolis,21,12/30/1899 8:27:00 AM
Carroll-Gleichner,"8028 S Emerson Ave Ste Aa, Indianapolis, IN, 46237",Clive Hibbert,"3836 Wish Ave, Indianapolis, IN, 46268",Sales,Indianapolis,21.6,12/30/1899 11:25:00 AM
"Reichel, Grant and Prosacco","2601 Metropolis Pkwy, Plainfield, IN, 46168",Clive Hibbert,"3836 Wish Ave, Indianapolis, IN, 46268",Sales,Indianapolis,22.3,12/30/1899 10:01:00 AM
Farrell and Sons,"5018 Madison Ave, Indianapolis, IN, 46227",Clive Hibbert,"3836 Wish Ave, Indianapolis, IN, 46268",Sales,Indianapolis,23.4,12/30/1899 3:17:00 PM
"Renner, Bashirian and Haley","102 Granby Dr, Indianapolis, IN, 46229",Clive Hibbert,"3836 Wish Ave, Indianapolis, IN, 46268",Sales,Indianapolis,25.1,12/30/1899 4:50:00 PM
Adams and Sons,"8202 Us 31 S, Indianapolis, IN, 46227",Clive Hibbert,"3836 Wish Ave, Indianapolis, IN, 46268",Sales,Indianapolis,26.3,12/30/1899 2:28:00 PM
Schinner-Crist,"5805 Beech Hollow Dr, Indianapolis, IN, 46254",Conal Proctor,"1105 Oakshot Ln, Indianapolis, IN, 46268",Sales,Indianapolis,4,12/30/1899 12:33:00 PM
Kuphal-Brakus,"1300 E 86th St Ste 22, Indianapolis, IN, 46240",Conal Proctor,"1105 Oakshot Ln, Indianapolis, IN, 46268",Sales,Indianapolis,6.1,12/30/1899 3:13:00 PM
Cremin-Ruecker,"11460 N Meridian St, Carmel, IN, 46032",Conal Proctor,"1105 Oakshot Ln, Indianapolis, IN, 46268",Sales,Indianapolis,8.4,12/30/1899 11:00:00 AM
Towne-Rippin,"13473 salamone way, carmel, IN, 46074",Conal Proctor,"1105 Oakshot Ln, Indianapolis, IN, 46268",Sales,Indianapolis,8.8,12/30/1899 10:20:00 AM
"Larkin, Robel and Cartwright","4701 N Keystone Ave, Indianapolis, IN, 46205",Conal Proctor,"1105 Oakshot Ln, Indianapolis, IN, 46268",Sales,Indianapolis,8.8,12/30/1899 4:32:00 PM
Mitchell-Walter,"11825 N Pennsylvania St, Carmel, IN, 46032",Conal Proctor,"1105 Oakshot Ln, Indianapolis, IN, 46268",Sales,Indianapolis,9,12/30/1899 9:06:00 AM
Mitchell-Walter,"11825 N Pennsylvania St, Carmel, IN, 46032",Conal Proctor,"1105 Oakshot Ln, Indianapolis, IN, 46268",Sales,Indianapolis,9,12/30/1899 10:50:00 AM
McGlynn-Mertz,"12800 N. Meridian Street Suite 400, Carmel, IN, 46032",Conal Proctor,"1105 Oakshot Ln, Indianapolis, IN, 46268",Sales,Indianapolis,9.1,12/30/1899 1:36:00 PM
McGlynn-Mertz,"12800 N. Meridian Street Suite 400, Carmel, IN, 46032",Conal Proctor,"1105 Oakshot Ln, Indianapolis, IN, 46268",Sales,Indianapolis,9.1,12/30/1899 4:46:00 PM
Heathcote-Schowalter,"940 W 16th St, Indianapolis, IN, 46202",Conal Proctor,"1105 Oakshot Ln, Indianapolis, IN, 46268",Sales,Indianapolis,9.2,12/30/1899 5:43:00 PM
Walsh-Koepp,"12401 Old Meridian St, Carmel, IN, 46032",Conal Proctor,"1105 Oakshot Ln, Indianapolis, IN, 46268",Sales,Indianapolis,9.4,12/30/1899 4:33:00 PM
"Bernhard, Wuckert and Feil","2929 E 96th St Ste B, Indianapolis, IN, 46240",Conal Proctor,"1105 Oakshot Ln, Indianapolis, IN, 46268",Sales,Indianapolis,9.5,12/30/1899 12:16:00 PM
"Mraz, Kovacek and Kozey","6329 Hollister Dr, Indianapolis, IN, 46224",Conal Proctor,"1105 Oakshot Ln, Indianapolis, IN, 46268",Sales,Indianapolis,10,12/30/1899 1:34:00 PM
Hammes-Paucek,"13295 Illinois St Ste 329, Carmel, IN, 46032",Conal Proctor,"1105 Oakshot Ln, Indianapolis, IN, 46268",Sales,Indianapolis,10.3,12/30/1899 12:40:00 PM
Walsh-Zboncak,"1089 3rd Ave SW, Carmel, IN, 46032",Conal Proctor,"1105 Oakshot Ln, Indianapolis, IN, 46268",Sales,Indianapolis,10.4,12/30/1899 2:10:00 PM
Walsh-Zboncak,"1089 3rd Ave SW, Carmel, IN, 46032",Conal Proctor,"1105 Oakshot Ln, Indianapolis, IN, 46268",Sales,Indianapolis,10.4,12/30/1899 5:44:00 PM
"Braun, Murazik and Daugherty","8888 Keystone Xing, Indianapolis, IN, 46240",Conal Proctor,"1105 Oakshot Ln, Indianapolis, IN, 46268",Sales,Indianapolis,10.5,12/30/1899 4:43:00 PM
"Baumbach, Bernier and Toy","620 S Rangeline Rd Ste 2b, Carmel, IN, 46032",Conal Proctor,"1105 Oakshot Ln, Indianapolis, IN, 46268",Sales,Indianapolis,10.8,12/30/1899 8:56:00 AM
"Sauer, Waters and Bashirian","325 N Delaware St, Indianapolis, IN, 46204",Conal Proctor,"1105 Oakshot Ln, Indianapolis, IN, 46268",Sales,Indianapolis,10.8,12/30/1899 1:20:00 PM
Jenkins-Wolf,"13664 N Meridian St, Carmel, IN, 46032",Conal Proctor,"1105 Oakshot Ln, Indianapolis, IN, 46268",Sales,Indianapolis,11,12/30/1899 5:28:00 PM
Denesik Inc,"416 W Main St, Carmel, IN, 46032",Conal Proctor,"1105 Oakshot Ln, Indianapolis, IN, 46268",Sales,Indianapolis,11.7,12/30/1899 8:43:00 AM
Willms-Donnelly,"426 Cool Ridge Dr, Carmel, IN, 46032",Conal Proctor,"1105 Oakshot Ln, Indianapolis, IN, 46268",Sales,Indianapolis,11.7,12/30/1899 1:30:00 PM
"Rice, Greenholt and Kirlin","6933 4th St NW, Carmel, IN, 46032",Conal Proctor,"1105 Oakshot Ln, Indianapolis, IN, 46268",Sales,Indianapolis,11.8,12/30/1899 8:34:00 AM
"Rice, Greenholt and Kirlin","6933 4th St NW, Carmel, IN, 46032",Conal Proctor,"1105 Oakshot Ln, Indianapolis, IN, 46268",Sales,Indianapolis,11.8,12/30/1899 10:59:00 AM
"Rice, Greenholt and Kirlin","6933 4th St NW, Carmel, IN, 46032",Conal Proctor,"1105 Oakshot Ln, Indianapolis, IN, 46268",Sales,Indianapolis,11.8,12/30/1899 3:35:00 PM
Cremin Group,"8 W Main St, Carmel, IN, 46032",Conal Proctor,"1105 Oakshot Ln, Indianapolis, IN, 46268",Sales,Indianapolis,12,12/30/1899 2:13:00 PM
Stamm LLC,"484 E Carmel Dr Ste 389, Carmel, IN, 46032",Conal Proctor,"1105 Oakshot Ln, Indianapolis, IN, 46268",Sales,Indianapolis,12,12/30/1899 2:30:00 PM
"Rau, Rowe and Howe","301 E Carmel Dr, Carmel, IN, 46032",Conal Proctor,"1105 Oakshot Ln, Indianapolis, IN, 46268",Sales,Indianapolis,12.2,12/30/1899 8:36:00 AM
Kihn LLC,"248 E Carmel Dr, Carmel, IN, 46032",Conal Proctor,"1105 Oakshot Ln, Indianapolis, IN, 46268",Sales,Indianapolis,12.3,12/30/1899 12:48:00 PM
Huels-Hudson,"3594 Brumley Way, Carmel, IN, 46033",Conal Proctor,"1105 Oakshot Ln, Indianapolis, IN, 46268",Sales,Indianapolis,12.9,12/30/1899 11:12:00 AM
Little and Sons,"820 Pawnee Rd, Carmel, IN, 46032",Conal Proctor,"1105 Oakshot Ln, Indianapolis, IN, 46268",Sales,Indianapolis,13.2,12/30/1899 2:38:00 PM
O'Keefe Inc,"10746 E Us Highway 36, Avon, IN, 46123",Conal Proctor,"1105 Oakshot Ln, Indianapolis, IN, 46268",Sales,Indianapolis,15.6,12/30/1899 2:23:00 PM
Bruen-Dickinson,"9840 Westpoint Dr Ste 300, Indianapolis, IN, 46256",Conal Proctor,"1105 Oakshot Ln, Indianapolis, IN, 46268",Sales,Indianapolis,15.7,12/30/1899 10:11:00 AM
"Wuckert, Zboncak and O'Kon","8103 E Us Highway 36, Avon, IN, 46123",Conal Proctor,"1105 Oakshot Ln, Indianapolis, IN, 46268",Sales,Indianapolis,16.8,12/30/1899 12:37:00 PM
Kertzmann and Sons,"1117 Timber Climb Dr, Avon, IN, 46123",Conal Proctor,"1105 Oakshot Ln, Indianapolis, IN, 46268",Sales,Indianapolis,18.9,12/30/1899 5:15:00 PM
Beatty Group,"77 Park Place Blvd, Avon, IN, 46123",Conal Proctor,"1105 Oakshot Ln, Indianapolis, IN, 46268",Sales,Indianapolis,19,12/30/1899 3:13:00 PM
"Champlin, Gorczany and Heidenreich","2364 e main st, Plainfield, IN, 46168",Conal Proctor,"1105 Oakshot Ln, Indianapolis, IN, 46268",Sales,Indianapolis,19.3,12/30/1899 3:56:00 PM
"Armstrong, Collier and Beatty","1660 E Main St, Plainfield, IN, 46168",Conal Proctor,"1105 Oakshot Ln, Indianapolis, IN, 46268",Sales,Indianapolis,19.9,12/30/1899 8:55:00 AM
Hills-Vandervort,"6319 E US Hwy 36, Avon, IN, 46123",Conal Proctor,"1105 Oakshot Ln, Indianapolis, IN, 46268",Sales,Indianapolis,19.9,12/30/1899 12:04:00 PM
"Armstrong, Mertz and Hills","7047 Lancaster Ln, Avon, IN, 46123",Conal Proctor,"1105 Oakshot Ln, Indianapolis, IN, 46268",Sales,Indianapolis,20.7,12/30/1899 9:06:00 AM
"Anderson, Homenick and Emard","5641 Station Hill Dr, Avon, IN, 46123",Conal Proctor,"1105 Oakshot Ln, Indianapolis, IN, 46268",Sales,Indianapolis,21.2,12/30/1899 3:41:00 PM
Shanahan-Johnston,"930 E Hanna Ave, Indianapolis, IN, 46227",Conal Proctor,"1105 Oakshot Ln, Indianapolis, IN, 46268",Sales,Indianapolis,23.3,12/30/1899 9:07:00 AM
Altenwerth LLC,"3915 Madison Ave Ste 7, Indianapolis, IN, 46227",Conal Proctor,"1105 Oakshot Ln, Indianapolis, IN, 46268",Sales,Indianapolis,23.5,12/30/1899 10:23:00 AM
Gislason-Barton,"5140 Madison Ave, Indianapolis, IN, 46227",Conal Proctor,"1105 Oakshot Ln, Indianapolis, IN, 46268",Sales,Indianapolis,23.9,12/30/1899 4:20:00 PM
Kuhn-Waters,"11711 N Pennsylvania St, Carmel, IN, 46032",Derek Page,"510 W 116th St, Carmel, IN, 46032",Sales,Indianapolis,0.9,12/30/1899 2:21:00 PM
"Beier, VonRueden and Mueller","11711 N Meridian St Ste 110, Carmel, IN, 46032",Derek Page,"510 W 116th St, Carmel, IN, 46032",Sales,Indianapolis,1.1,12/30/1899 1:06:00 PM
Pagac Inc,"2325 Pointe Pkwy Ste 100, Carmel, IN, 46032",Derek Page,"510 W 116th St, Carmel, IN, 46032",Sales,Indianapolis,3.1,12/30/1899 9:03:00 AM
Pagac Inc,"2325 Pointe Pkwy Ste 100, Carmel, IN, 46032",Derek Page,"510 W 116th St, Carmel, IN, 46032",Sales,Indianapolis,3.1,12/30/1899 12:47:00 PM
Pagac Inc,"2325 Pointe Pkwy Ste 100, Carmel, IN, 46032",Derek Page,"510 W 116th St, Carmel, IN, 46032",Sales,Indianapolis,3.1,12/30/1899 5:47:00 PM
Muller-Hyatt,"712 S Rangeline Rd, Carmel, IN, 46032",Derek Page,"510 W 116th St, Carmel, IN, 46032",Sales,Indianapolis,3.5,12/30/1899 9:13:00 AM
Willms-Donnelly,"426 Cool Ridge Dr, Carmel, IN, 46032",Derek Page,"510 W 116th St, Carmel, IN, 46032",Sales,Indianapolis,4,12/30/1899 12:47:00 PM
"Rice, Greenholt and Kirlin","6933 4th St NW, Carmel, IN, 46032",Derek Page,"510 W 116th St, Carmel, IN, 46032",Sales,Indianapolis,4.1,12/30/1899 8:41:00 AM
Huels-Hudson,"3594 Brumley Way, Carmel, IN, 46033",Derek Page,"510 W 116th St, Carmel, IN, 46032",Sales,Indianapolis,4.1,12/30/1899 3:59:00 PM
Sipes Group,"950 N Rangeline Rd Ste E, Carmel, IN, 46032",Derek Page,"510 W 116th St, Carmel, IN, 46032",Sales,Indianapolis,4.1,12/30/1899 4:39:00 PM
Halvorson Inc,"330 N Rangeline Rd, Carmel, IN, 46032",Derek Page,"510 W 116th St, Carmel, IN, 46032",Sales,Indianapolis,4.2,12/30/1899 1:56:00 PM
Cremin Group,"8 W Main St, Carmel, IN, 46032",Derek Page,"510 W 116th St, Carmel, IN, 46032",Sales,Indianapolis,4.2,12/30/1899 5:02:00 PM
Stracke Inc,"9630 Shelborne Rd, Carmel, IN, 46032",Derek Page,"510 W 116th St, Carmel, IN, 46032",Sales,Indianapolis,4.9,12/30/1899 10:43:00 AM
Lubowitz-Harris,"10025 N Michigan Rd Ste 180, Carmel, IN, 46032",Derek Page,"510 W 116th St, Carmel, IN, 46032",Sales,Indianapolis,5.3,12/30/1899 8:03:00 AM
Heaney LLC,"1764 E 86th St, Indianapolis, IN, 46240",Derek Page,"510 W 116th St, Carmel, IN, 46032",Sales,Indianapolis,5.4,12/30/1899 5:15:00 PM
Volkman-Feil,"921 Ironwood Dr, Carmel, IN, 46033",Derek Page,"510 W 116th St, Carmel, IN, 46032",Sales,Indianapolis,5.7,12/30/1899 11:36:00 AM
Renner LLC,"3291 Hazel Foster Dr, Carmel, IN, 46033",Derek Page,"510 W 116th St, Carmel, IN, 46032",Sales,Indianapolis,5.8,12/30/1899 2:14:00 PM
"Walker, Hessel and Dooley","5936 N Keystone Ave, Indianapolis, IN, 46220",Derek Page,"510 W 116th St, Carmel, IN, 46032",Sales,Indianapolis,9.3,12/30/1899 5:07:00 PM
Grant-Walter,"8345 Clearvista Pl Unit 200, Indianapolis, IN, 46256",Derek Page,"510 W 116th St, Carmel, IN, 46032",Sales,Indianapolis,10,12/30/1899 10:40:00 AM
Schinner-Crist,"5805 Beech Hollow Dr, Indianapolis, IN, 46254",Derek Page,"510 W 116th St, Carmel, IN, 46032",Sales,Indianapolis,10.8,12/30/1899 8:08:00 AM
Bruen-Dickinson,"9840 Westpoint Dr Ste 300, Indianapolis, IN, 46256",Derek Page,"510 W 116th St, Carmel, IN, 46032",Sales,Indianapolis,11.3,12/30/1899 3:57:00 PM
Witting-Hudson,"916 N Shadeland Ave, Indianapolis, IN, 46219",Derek Page,"510 W 116th St, Carmel, IN, 46032",Sales,Indianapolis,17.8,12/30/1899 12:58:00 PM
"Turner, Sawayn and Cole","5750 Crawfordsville Rd, Indianapolis, IN, 46224",Derek Page,"510 W 116th St, Carmel, IN, 46032",Sales,Indianapolis,18.2,12/30/1899 11:25:00 AM
"Turner, Sawayn and Cole","5750 Crawfordsville Rd, Indianapolis, IN, 46224",Derek Page,"510 W 116th St, Carmel, IN, 46032",Sales,Indianapolis,18.2,12/30/1899 3:46:00 PM
"Turcotte, Abernathy and Harris","1311 N Arlington Ave, Indianapolis, IN, 46219",Derek Page,"510 W 116th St, Carmel, IN, 46032",Sales,Indianapolis,18.3,12/30/1899 4:14:00 PM
Anderson-Mertz,"9524 E Washington St, Indianapolis, IN, 46229",Derek Page,"510 W 116th St, Carmel, IN, 46032",Sales,Indianapolis,18.9,12/30/1899 3:58:00 PM
"Barton, Kuhic and Pfeffer","25 Beachway Dr Ste C, Indianapolis, IN, 46224",Derek Page,"510 W 116th St, Carmel, IN, 46032",Sales,Indianapolis,20.4,12/30/1899 2:24:00 PM
"Gorczany, Walker and Kris","929 W 16th St, Indianapolis, IN, 46202",Derek Page,"510 W 116th St, Carmel, IN, 46032",Sales,Indianapolis,22.8,12/30/1899 2:02:00 PM
McLaughlin-McLaughlin,"2346 S Lynhurst Dr Ste 601, Indianapolis, IN, 46241",Derek Page,"510 W 116th St, Carmel, IN, 46032",Sales,Indianapolis,23.2,12/30/1899 2:09:00 PM
Prosacco-Conn,"133 W Market St, Indianapolis, IN, 46204",Derek Page,"510 W 116th St, Carmel, IN, 46032",Sales,Indianapolis,23.7,12/30/1899 2:35:00 PM
Prosacco-Conn,"133 W Market St, Indianapolis, IN, 46204",Derek Page,"510 W 116th St, Carmel, IN, 46032",Sales,Indianapolis,23.7,12/30/1899 3:56:00 PM
O'Keefe Inc,"10746 E Us Highway 36, Avon, IN, 46123",Derek Page,"510 W 116th St, Carmel, IN, 46032",Sales,Indianapolis,23.8,12/30/1899 8:24:00 AM
"Bernhard, Franecki and Spinka","10534 E US Highway 36, Avon, IN, 46123",Derek Page,"510 W 116th St, Carmel, IN, 46032",Sales,Indianapolis,23.9,12/30/1899 9:49:00 AM
"Bernhard, Franecki and Spinka","10534 E US Highway 36, Avon, IN, 46123",Derek Page,"510 W 116th St, Carmel, IN, 46032",Sales,Indianapolis,23.9,12/30/1899 4:11:00 PM
"Pouros, Ernser and Maggio","1812 Ballyganner Dr, Avon, IN, 46123",Derek Page,"510 W 116th St, Carmel, IN, 46032",Sales,Indianapolis,24.3,12/30/1899 12:18:00 PM
Friesen-Torphy,"9500 E Us Highway 36, Avon, IN, 46123",Derek Page,"510 W 116th St, Carmel, IN, 46032",Sales,Indianapolis,25,12/30/1899 5:06:00 PM
Considine-Ratke,"7810 E Us Highway 36 Ste B, Avon, IN, 46123",Derek Page,"510 W 116th St, Carmel, IN, 46032",Sales,Indianapolis,26.6,12/30/1899 4:21:00 PM
Schmitt-Nikolaus,"2680 E Main St Ste 310, Plainfield, IN, 46168",Derek Page,"510 W 116th St, Carmel, IN, 46032",Sales,Indianapolis,26.8,12/30/1899 12:45:00 PM
Kertzmann and Sons,"1117 Timber Climb Dr, Avon, IN, 46123",Derek Page,"510 W 116th St, Carmel, IN, 46032",Sales,Indianapolis,27.1,12/30/1899 3:47:00 PM
"Streich, Greenfelder and Upton","6319 E Us Highway 36 Ste 202, Avon, IN, 46123",Derek Page,"510 W 116th St, Carmel, IN, 46032",Sales,Indianapolis,28,12/30/1899 8:38:00 AM
Schmidt LLC,"1647 E Main St, Plainfield, IN, 46168",Derek Page,"510 W 116th St, Carmel, IN, 46032",Sales,Indianapolis,28.1,12/30/1899 1:19:00 PM
"Harvey, Hirthe and Leuschke","1601 E Main St, Plainfield, IN, 46168",Derek Page,"510 W 116th St, Carmel, IN, 46032",Sales,Indianapolis,28.1,12/30/1899 2:45:00 PM
"Fadel, Mosciski and Towne","3810 E Southport Rd, Indianapolis, IN, 46237",Derek Page,"510 W 116th St, Carmel, IN, 46032",Sales,Indianapolis,28.4,12/30/1899 9:54:00 AM
"Fisher, Bogan and Kutch","5530 E Us Highway 36 Ste 230, Avon, IN, 46123",Derek Page,"510 W 116th St, Carmel, IN, 46032",Sales,Indianapolis,28.9,12/30/1899 5:50:00 PM
"McKenzie, Jast and Dickens","5505 E US Highway 36, Avon, IN, 46123",Derek Page,"510 W 116th St, Carmel, IN, 46032",Sales,Indianapolis,29,12/30/1899 11:18:00 AM
Keebler-Witting,"7210 Madison Ave Ste L, Indianapolis, IN, 46227",Derek Page,"510 W 116th St, Carmel, IN, 46032",Sales,Indianapolis,29.9,12/30/1899 9:51:00 AM
Botsford LLC,"1440 Sierra Pass, Danville, IN, 46122",Derek Page,"510 W 116th St, Carmel, IN, 46032",Sales,Indianapolis,31,12/30/1899 10:10:00 AM
Botsford LLC,"1440 Sierra Pass, Danville, IN, 46122",Derek Page,"510 W 116th St, Carmel, IN, 46032",Sales,Indianapolis,31,12/30/1899 10:30:00 AM
Keebler-Witting,"7210 Madison Ave Ste L, Indianapolis, IN, 46227",Donna Chaney,"69 Church St, Martinsville, IN, 46151",Sales,Indianapolis,24.5,12/30/1899 5:53:00 PM
Mayer-Homenick,"1647 E Main St Ste C, Plainfield, IN, 46168",Donna Chaney,"69 Church St, Martinsville, IN, 46151",Sales,Indianapolis,24.7,12/30/1899 2:56:00 PM
Schumm-Denesik,"1635 Hawthorne Dr, Plainfield, IN, 46168",Donna Chaney,"69 Church St, Martinsville, IN, 46151",Sales,Indianapolis,24.8,12/30/1899 3:47:00 PM
Wolff-Rath,"684 Tower Rd, Plainfield, IN, 46168",Donna Chaney,"69 Church St, Martinsville, IN, 46151",Sales,Indianapolis,25.1,12/30/1899 8:16:00 AM
Wolff-Rath,"684 Tower Rd, Plainfield, IN, 46168",Donna Chaney,"69 Church St, Martinsville, IN, 46151",Sales,Indianapolis,25.1,12/30/1899 11:30:00 AM
Feeney-Botsford,"2680 E Main St Ste 331, Plainfield, IN, 46168",Donna Chaney,"69 Church St, Martinsville, IN, 46151",Sales,Indianapolis,25.8,12/30/1899 12:44:00 PM
Schmitt-Nikolaus,"2680 E Main St Ste 310, Plainfield, IN, 46168",Donna Chaney,"69 Church St, Martinsville, IN, 46151",Sales,Indianapolis,25.8,12/30/1899 5:21:00 PM
Gislason-Barton,"5140 Madison Ave, Indianapolis, IN, 46227",Donna Chaney,"69 Church St, Martinsville, IN, 46151",Sales,Indianapolis,26.5,12/30/1899 5:42:00 PM
"Heidenreich, Bruen and Friesen","180 N Avon Ave Ste 210, Avon, IN, 46123",Donna Chaney,"69 Church St, Martinsville, IN, 46151",Sales,Indianapolis,28,12/30/1899 11:10:00 AM
"Bartell, Hoppe and Schaefer","6319 E Us Highway 36, Avon, IN, 46123",Donna Chaney,"69 Church St, Martinsville, IN, 46151",Sales,Indianapolis,28.6,12/30/1899 9:39:00 AM
Mraz and Sons,"5151 E Us Highway 36 Ste 100, Avon, IN, 46123",Donna Chaney,"69 Church St, Martinsville, IN, 46151",Sales,Indianapolis,28.8,12/30/1899 9:22:00 AM
"Jacobson, Gleason and Grimes","7494 Welch Cir, Avon, IN, 46123",Donna Chaney,"69 Church St, Martinsville, IN, 46151",Sales,Indianapolis,29,12/30/1899 11:36:00 AM
"Towne, Miller and Torphy","6120 Churchman Byp, Indianapolis, IN, 46203",Donna Chaney,"69 Church St, Martinsville, IN, 46151",Sales,Indianapolis,30.3,12/30/1899 3:26:00 PM
Ullrich and Sons,"6120 E Thompson Rd Ste B, Indianapolis, IN, 46237",Donna Chaney,"69 Church St, Martinsville, IN, 46151",Sales,Indianapolis,31.1,12/30/1899 5:04:00 PM
Roob Group,"700 N High School Rd Ste 203, Indianapolis, IN, 46214",Donna Chaney,"69 Church St, Martinsville, IN, 46151",Sales,Indianapolis,33.1,12/30/1899 4:41:00 PM
Howe-Hessel,"8354 Little Eagle Ct Ste C, Indianapolis, IN, 46234",Donna Chaney,"69 Church St, Martinsville, IN, 46151",Sales,Indianapolis,34.8,12/30/1899 1:22:00 PM
"Sauer, Waters and Bashirian","325 N Delaware St, Indianapolis, IN, 46204",Donna Chaney,"69 Church St, Martinsville, IN, 46151",Sales,Indianapolis,35,12/30/1899 5:27:00 PM
"Bernhard, Franecki and Spinka","10534 E US Highway 36, Avon, IN, 46123",Donna Chaney,"69 Church St, Martinsville, IN, 46151",Sales,Indianapolis,35.2,12/30/1899 2:27:00 PM
Hane-Kertzmann,"8101 E Washington St, Indianapolis, IN, 46219",Donna Chaney,"69 Church St, Martinsville, IN, 46151",Sales,Indianapolis,35.5,12/30/1899 4:30:00 PM
Parisian Group,"2042 Talisker Ct, Avon, IN, 46123",Donna Chaney,"69 Church St, Martinsville, IN, 46151",Sales,Indianapolis,39,12/30/1899 3:09:00 PM
"Halvorson, Lindgren and Wintheiser","11903 E Welland St, Indianapolis, IN, 46229",Donna Chaney,"69 Church St, Martinsville, IN, 46151",Sales,Indianapolis,39.4,12/30/1899 1:34:00 PM
"Renner, Bashirian and Haley","102 Granby Dr, Indianapolis, IN, 46229",Donna Chaney,"69 Church St, Martinsville, IN, 46151",Sales,Indianapolis,39.5,12/30/1899 1:54:00 PM
"Thompson, Baumbach and Runolfsson","6986 Donnelly Dr, Brownsburg, IN, 46112",Donna Chaney,"69 Church St, Martinsville, IN, 46151",Sales,Indianapolis,43.7,12/30/1899 1:07:00 PM
Runte-Bode,"701 Heartland Ln, Brownsburg, IN, 46112",Donna Chaney,"69 Church St, Martinsville, IN, 46151",Sales,Indianapolis,43.9,12/30/1899 1:58:00 PM
Hahn Inc,"6430 E 75th St, Indianapolis, IN, 46250",Donna Chaney,"69 Church St, Martinsville, IN, 46151",Sales,Indianapolis,43.9,12/30/1899 4:25:00 PM
"Nienow, Hane and Schamberger","4735 Statesmen Dr Ste E, Indianapolis, IN, 46250",Donna Chaney,"69 Church St, Martinsville, IN, 46151",Sales,Indianapolis,46.1,12/30/1899 9:36:00 AM
Nikolaus LLC,"6346 E 82nd St, Indianapolis, IN, 46250",Donna Chaney,"69 Church St, Martinsville, IN, 46151",Sales,Indianapolis,46.5,12/30/1899 9:27:00 AM
Nikolaus LLC,"6346 E 82nd St, Indianapolis, IN, 46250",Donna Chaney,"69 Church St, Martinsville, IN, 46151",Sales,Indianapolis,46.5,12/30/1899 1:16:00 PM
Bruen-Dickinson,"9840 Westpoint Dr Ste 300, Indianapolis, IN, 46256",Donna Chaney,"69 Church St, Martinsville, IN, 46151",Sales,Indianapolis,47.1,12/30/1899 8:57:00 AM
Bruen-Dickinson,"9840 Westpoint Dr Ste 300, Indianapolis, IN, 46256",Donna Chaney,"69 Church St, Martinsville, IN, 46151",Sales,Indianapolis,47.1,12/30/1899 11:06:00 AM
O'Hara-Hills,"9430 Priority Way West Dr, Indianapolis, IN, 46240",Donna Chaney,"69 Church St, Martinsville, IN, 46151",Sales,Indianapolis,48.5,12/30/1899 4:17:00 PM
Heaney LLC,"1764 E 86th St, Indianapolis, IN, 46240",Donna Chaney,"69 Church St, Martinsville, IN, 46151",Sales,Indianapolis,48.8,12/30/1899 12:57:00 PM
Stamm LLC,"484 E Carmel Dr Ste 389, Carmel, IN, 46032",Donna Chaney,"69 Church St, Martinsville, IN, 46151",Sales,Indianapolis,50.6,12/30/1899 5:46:00 PM
Kihn LLC,"248 E Carmel Dr, Carmel, IN, 46032",Donna Chaney,"69 Church St, Martinsville, IN, 46151",Sales,Indianapolis,50.8,12/30/1899 8:23:00 AM
Becker-Erdman,"720 S Rangeline Rd Apt 410, Carmel, IN, 46032",Donna Chaney,"69 Church St, Martinsville, IN, 46151",Sales,Indianapolis,51.5,12/30/1899 10:19:00 AM
Muller-Hyatt,"712 S Rangeline Rd, Carmel, IN, 46032",Donna Chaney,"69 Church St, Martinsville, IN, 46151",Sales,Indianapolis,51.6,12/30/1899 8:06:00 AM
"Muller, Bradtke and Stanton","240 S Rangeline Rd, Carmel, IN, 46032",Donna Chaney,"69 Church St, Martinsville, IN, 46151",Sales,Indianapolis,52.1,12/30/1899 10:40:00 AM
"Lynch, Reynolds and Gaylord","1001 3rd Ave SW, Carmel, IN, 46032",Donna Chaney,"69 Church St, Martinsville, IN, 46151",Sales,Indianapolis,52.3,12/30/1899 1:47:00 PM
"Rau, Morissette and Fadel","811 N Rangeline Rd, Carmel, IN, 46032",Donna Chaney,"69 Church St, Martinsville, IN, 46151",Sales,Indianapolis,52.7,12/30/1899 1:58:00 PM
"Luettgen, Roberts and Schimmel","14484 Alderbrook Trl, Carmel, IN, 46033",Donna Chaney,"69 Church St, Martinsville, IN, 46151",Sales,Indianapolis,54.7,12/30/1899 5:36:00 PM
"Glover, Strosin and Orn","14610 N Meridian St, Carmel, IN, 46032",Donna Chaney,"69 Church St, Martinsville, IN, 46151",Sales,Indianapolis,55.3,12/30/1899 10:27:00 AM
Rippin-Hudson,"55 Monument Cir Ste 416, Indianapolis, IN, 46204",Emily Call,"450 N Concord St, Indianapolis, IN, 46222",Sales,Indianapolis,3.3,12/30/1899 4:59:00 PM
"Turner, Sawayn and Cole","5750 Crawfordsville Rd, Indianapolis, IN, 46224",Emily Call,"450 N Concord St, Indianapolis, IN, 46222",Sales,Indianapolis,4.3,12/30/1899 8:37:00 AM
McLaughlin-McLaughlin,"2346 S Lynhurst Dr Ste 601, Indianapolis, IN, 46241",Emily Call,"450 N Concord St, Indianapolis, IN, 46222",Sales,Indianapolis,4.7,12/30/1899 3:14:00 PM
Howe-Hessel,"8354 Little Eagle Ct Ste C, Indianapolis, IN, 46234",Emily Call,"450 N Concord St, Indianapolis, IN, 46222",Sales,Indianapolis,5.7,12/30/1899 12:26:00 PM
Collins Group,"4705 W 71st St, Indianapolis, IN, 46268",Emily Call,"450 N Concord St, Indianapolis, IN, 46222",Sales,Indianapolis,9,12/30/1899 1:38:00 PM
Farrell and Sons,"5018 Madison Ave, Indianapolis, IN, 46227",Emily Call,"450 N Concord St, Indianapolis, IN, 46222",Sales,Indianapolis,9.8,12/30/1899 8:06:00 AM
"Bode, Kirlin and Harris","3133 E Thompson Rd, Indianapolis, IN, 46227",Emily Call,"450 N Concord St, Indianapolis, IN, 46222",Sales,Indianapolis,9.8,12/30/1899 8:11:00 AM
Parisian Group,"2042 Talisker Ct, Avon, IN, 46123",Emily Call,"450 N Concord St, Indianapolis, IN, 46222",Sales,Indianapolis,9.8,12/30/1899 3:25:00 PM
Considine-Ratke,"7810 E Us Highway 36 Ste B, Avon, IN, 46123",Emily Call,"450 N Concord St, Indianapolis, IN, 46222",Sales,Indianapolis,10.5,12/30/1899 9:16:00 AM
Gislason-Barton,"5140 Madison Ave, Indianapolis, IN, 46227",Emily Call,"450 N Concord St, Indianapolis, IN, 46222",Sales,Indianapolis,10.6,12/30/1899 5:13:00 PM
Fisher-Mayert,"7687 Gunsmith Ct, Plainfield, IN, 46168",Emily Call,"450 N Concord St, Indianapolis, IN, 46222",Sales,Indianapolis,11.4,12/30/1899 8:58:00 AM
Fisher-Mayert,"7687 Gunsmith Ct, Plainfield, IN, 46168",Emily Call,"450 N Concord St, Indianapolis, IN, 46222",Sales,Indianapolis,11.4,12/30/1899 12:05:00 PM
Wolff-Rath,"684 Tower Rd, Plainfield, IN, 46168",Emily Call,"450 N Concord St, Indianapolis, IN, 46222",Sales,Indianapolis,11.9,12/30/1899 1:21:00 PM
"Rutherford, O'Reilly and Purdy","5145 E 65th St, Indianapolis, IN, 46220",Emily Call,"450 N Concord St, Indianapolis, IN, 46222",Sales,Indianapolis,12,12/30/1899 4:14:00 PM
Ullrich and Sons,"6120 E Thompson Rd Ste B, Indianapolis, IN, 46237",Emily Call,"450 N Concord St, Indianapolis, IN, 46222",Sales,Indianapolis,12.7,12/30/1899 2:17:00 PM
"Stehr, Hayes and Walter","450 E 96th St Ste 500, Indianapolis, IN, 46240",Emily Call,"450 N Concord St, Indianapolis, IN, 46222",Sales,Indianapolis,13.6,12/30/1899 11:20:00 AM
"Weber, Kessler and Abbott","965 Heathrow Ln, Avon, IN, 46123",Emily Call,"450 N Concord St, Indianapolis, IN, 46222",Sales,Indianapolis,14.9,12/30/1899 8:40:00 AM
Jerde-Blanda,"6470 N Shadeland Ave Ste D, Indianapolis, IN, 46220",Emily Call,"450 N Concord St, Indianapolis, IN, 46222",Sales,Indianapolis,16.2,12/30/1899 8:13:00 AM
"Abbott, Klein and Marvin","4140 W 99th St, Carmel, IN, 46032",Emily Call,"450 N Concord St, Indianapolis, IN, 46222",Sales,Indianapolis,17.1,12/30/1899 10:42:00 AM
"Abbott, Klein and Marvin","4140 W 99th St, Carmel, IN, 46032",Emily Call,"450 N Concord St, Indianapolis, IN, 46222",Sales,Indianapolis,17.1,12/30/1899 12:51:00 PM
"MacGyver, Rogahn and Gleason","14295 Chariots Whisper Dr, Carmel, IN, 46074",Emily Call,"450 N Concord St, Indianapolis, IN, 46222",Sales,Indianapolis,17.3,12/30/1899 8:14:00 AM
Lubowitz-Harris,"10025 N Michigan Rd Ste 180, Carmel, IN, 46032",Emily Call,"450 N Concord St, Indianapolis, IN, 46222",Sales,Indianapolis,17.4,12/30/1899 4:20:00 PM
Hahn Inc,"6430 E 75th St, Indianapolis, IN, 46250",Emily Call,"450 N Concord St, Indianapolis, IN, 46222",Sales,Indianapolis,17.8,12/30/1899 11:26:00 AM
Grant-Walter,"8345 Clearvista Pl Unit 200, Indianapolis, IN, 46256",Emily Call,"450 N Concord St, Indianapolis, IN, 46222",Sales,Indianapolis,19.7,12/30/1899 10:53:00 AM
O'Hara and Sons,"12664 Tuscany Blvd, Carmel, IN, 46032",Emily Call,"450 N Concord St, Indianapolis, IN, 46222",Sales,Indianapolis,20.3,12/30/1899 3:19:00 PM
O'Hara and Sons,"12664 Tuscany Blvd, Carmel, IN, 46032",Emily Call,"450 N Concord St, Indianapolis, IN, 46222",Sales,Indianapolis,20.3,12/30/1899 5:34:00 PM
Nikolaus LLC,"6346 E 82nd St, Indianapolis, IN, 46250",Emily Call,"450 N Concord St, Indianapolis, IN, 46222",Sales,Indianapolis,20.4,12/30/1899 5:55:00 PM
Bruen-Dickinson,"9840 Westpoint Dr Ste 300, Indianapolis, IN, 46256",Emily Call,"450 N Concord St, Indianapolis, IN, 46222",Sales,Indianapolis,21.1,12/30/1899 3:09:00 PM
Koch-Walker,"11350 N Meridian St Ste 120, Carmel, IN, 46032",Emily Call,"450 N Concord St, Indianapolis, IN, 46222",Sales,Indianapolis,22.2,12/30/1899 4:26:00 PM
Mitchell-Walter,"11825 N Pennsylvania St, Carmel, IN, 46032",Emily Call,"450 N Concord St, Indianapolis, IN, 46222",Sales,Indianapolis,22.6,12/30/1899 12:01:00 PM
Schumm LLC,"12900 N Meridian St Ste 125, Carmel, IN, 46032",Emily Call,"450 N Concord St, Indianapolis, IN, 46222",Sales,Indianapolis,23.9,12/30/1899 10:06:00 AM
Becker-Erdman,"720 S Rangeline Rd Apt 410, Carmel, IN, 46032",Emily Call,"450 N Concord St, Indianapolis, IN, 46222",Sales,Indianapolis,24.8,12/30/1899 2:33:00 PM
Hyatt and Sons,"13792 Stone Dr, Carmel, IN, 46032",Emily Call,"450 N Concord St, Indianapolis, IN, 46222",Sales,Indianapolis,24.9,12/30/1899 8:20:00 AM
Hyatt and Sons,"13792 Stone Dr, Carmel, IN, 46032",Emily Call,"450 N Concord St, Indianapolis, IN, 46222",Sales,Indianapolis,24.9,12/30/1899 11:43:00 AM
Denesik Inc,"416 W Main St, Carmel, IN, 46032",Emily Call,"450 N Concord St, Indianapolis, IN, 46222",Sales,Indianapolis,25.3,12/30/1899 4:27:00 PM
Schuppe-Altenwerth,"55 4th St NW, Carmel, IN, 46032",Emily Call,"450 N Concord St, Indianapolis, IN, 46222",Sales,Indianapolis,25.6,12/30/1899 1:18:00 PM
"Hermiston, Leffler and Zboncak","650 E Carmel Dr Ste 320, Carmel, IN, 46032",Emily Call,"450 N Concord St, Indianapolis, IN, 46222",Sales,Indianapolis,25.6,12/30/1899 5:00:00 PM
"Hermiston, Leffler and Zboncak","650 E Carmel Dr Ste 320, Carmel, IN, 46032",Emily Call,"450 N Concord St, Indianapolis, IN, 46222",Sales,Indianapolis,25.6,12/30/1899 5:26:00 PM
Towne-Farrell,"600 E Carmel Dr Ste 267, Carmel, IN, 46032",Emily Call,"450 N Concord St, Indianapolis, IN, 46222",Sales,Indianapolis,25.7,12/30/1899 10:55:00 AM
Abshire-Kuvalis,"921 N Rangeline Rd, Carmel, IN, 46032",Emily Call,"450 N Concord St, Indianapolis, IN, 46222",Sales,Indianapolis,25.8,12/30/1899 1:33:00 PM
"Muller, Bradtke and Stanton","240 S Rangeline Rd, Carmel, IN, 46032",Emily Call,"450 N Concord St, Indianapolis, IN, 46222",Sales,Indianapolis,25.9,12/30/1899 12:49:00 PM
Brakus-Christiansen,"725 S Rangeline Rd, Carmel, IN, 46032",Emily Call,"450 N Concord St, Indianapolis, IN, 46222",Sales,Indianapolis,26.8,12/30/1899 8:47:00 AM
"Wuckert, Greenfelder and Balistreri","14433 Hawthorne Dr, Carmel, IN, 46033",Emily Call,"450 N Concord St, Indianapolis, IN, 46222",Sales,Indianapolis,28.4,12/30/1899 11:13:00 AM
Yundt LLC,"6143 Brookville Rd, Indianapolis, IN, 46219",Glen Lowry,"848 Wallace Ave, Indianapolis, IN, 46201",Sales,Indianapolis,2.7,12/30/1899 4:18:00 PM
Rippin-Hudson,"55 Monument Cir Ste 416, Indianapolis, IN, 46204",Glen Lowry,"848 Wallace Ave, Indianapolis, IN, 46201",Sales,Indianapolis,4.5,12/30/1899 11:27:00 AM
Shanahan-Johnston,"930 E Hanna Ave, Indianapolis, IN, 46227",Glen Lowry,"848 Wallace Ave, Indianapolis, IN, 46201",Sales,Indianapolis,8,12/30/1899 11:58:00 AM
"Walker, Hessel and Dooley","5936 N Keystone Ave, Indianapolis, IN, 46220",Glen Lowry,"848 Wallace Ave, Indianapolis, IN, 46201",Sales,Indianapolis,8,12/30/1899 4:10:00 PM
"Nicolas, Bayer and D'Amore","1200 Madison Ave, Indianapolis, IN, 46225",Glen Lowry,"848 Wallace Ave, Indianapolis, IN, 46201",Sales,Indianapolis,8.3,12/30/1899 4:26:00 PM
"Gorczany, Walker and Kris","929 W 16th St, Indianapolis, IN, 46202",Glen Lowry,"848 Wallace Ave, Indianapolis, IN, 46201",Sales,Indianapolis,8.8,12/30/1899 1:16:00 PM
"Predovic, Okuneva and Ruecker","6434 N College Ave Ste E, Indianapolis, IN, 46220",Glen Lowry,"848 Wallace Ave, Indianapolis, IN, 46201",Sales,Indianapolis,9.9,12/30/1899 12:16:00 PM
Keebler-Witting,"7210 Madison Ave Ste L, Indianapolis, IN, 46227",Glen Lowry,"848 Wallace Ave, Indianapolis, IN, 46201",Sales,Indianapolis,10.4,12/30/1899 5:25:00 PM
Johnson-Schroeder,"2421 Production Dr Ste 206, Indianapolis, IN, 46241",Glen Lowry,"848 Wallace Ave, Indianapolis, IN, 46201",Sales,Indianapolis,14.9,12/30/1899 11:49:00 AM
Adams and Sons,"8202 Us 31 S, Indianapolis, IN, 46227",Glen Lowry,"848 Wallace Ave, Indianapolis, IN, 46201",Sales,Indianapolis,16.4,12/30/1899 3:27:00 PM
O'Keefe Inc,"10746 E Us Highway 36, Avon, IN, 46123",Glen Lowry,"848 Wallace Ave, Indianapolis, IN, 46201",Sales,Indianapolis,18.2,12/30/1899 5:08:00 PM
Homenick-Wisoky,"10744 E Us Highway 36, Avon, IN, 46123",Glen Lowry,"848 Wallace Ave, Indianapolis, IN, 46201",Sales,Indianapolis,18.3,12/30/1899 4:47:00 PM
"O'Kon, Ankunding and Kshlerin","160 W Carmel Dr, Suite 229, Carmel, IN, 46032",Glen Lowry,"848 Wallace Ave, Indianapolis, IN, 46201",Sales,Indianapolis,19.2,12/30/1899 10:20:00 AM
O'Reilly Group,"8081 Zionsville Rd, Indianapolis, IN, 46268",Glen Lowry,"848 Wallace Ave, Indianapolis, IN, 46201",Sales,Indianapolis,19.6,12/30/1899 2:52:00 PM
Brakus-Christiansen,"725 S Rangeline Rd, Carmel, IN, 46032",Glen Lowry,"848 Wallace Ave, Indianapolis, IN, 46201",Sales,Indianapolis,19.7,12/30/1899 1:03:00 PM
Little and Sons,"820 Pawnee Rd, Carmel, IN, 46032",Glen Lowry,"848 Wallace Ave, Indianapolis, IN, 46201",Sales,Indianapolis,19.7,12/30/1899 5:54:00 PM
"Wuckert, Zboncak and O'Kon","8103 E Us Highway 36, Avon, IN, 46123",Glen Lowry,"848 Wallace Ave, Indianapolis, IN, 46201",Sales,Indianapolis,19.9,12/30/1899 3:07:00 PM
Kuhn-Waters,"11711 N Pennsylvania St, Carmel, IN, 46032",Glen Lowry,"848 Wallace Ave, Indianapolis, IN, 46201",Sales,Indianapolis,20.3,12/30/1899 10:47:00 AM
"Miller, Koch and Howe","11805 N Pennsylvania St, Carmel, IN, 46032",Glen Lowry,"848 Wallace Ave, Indianapolis, IN, 46201",Sales,Indianapolis,20.3,12/30/1899 1:04:00 PM
"Conn, Rice and Waelchi","1236 W 86th St, Indianapolis, IN, 46260",Glen Lowry,"848 Wallace Ave, Indianapolis, IN, 46201",Sales,Indianapolis,20.4,12/30/1899 9:47:00 AM
"Rau, Morissette and Fadel","811 N Rangeline Rd, Carmel, IN, 46032",Glen Lowry,"848 Wallace Ave, Indianapolis, IN, 46201",Sales,Indianapolis,20.7,12/30/1899 2:07:00 PM
"Terry, Conn and Monahan","716 Adams St, Carmel, IN, 46032",Glen Lowry,"848 Wallace Ave, Indianapolis, IN, 46201",Sales,Indianapolis,20.8,12/30/1899 5:56:00 PM
Witting-Kshlerin,"761 Daybreak Dr, Avon, IN, 46123",Glen Lowry,"848 Wallace Ave, Indianapolis, IN, 46201",Sales,Indianapolis,21,12/30/1899 4:08:00 PM
Renner LLC,"3291 Hazel Foster Dr, Carmel, IN, 46033",Glen Lowry,"848 Wallace Ave, Indianapolis, IN, 46201",Sales,Indianapolis,21,12/30/1899 5:09:00 PM
Abshire-Kuvalis,"921 N Rangeline Rd, Carmel, IN, 46032",Glen Lowry,"848 Wallace Ave, Indianapolis, IN, 46201",Sales,Indianapolis,21.2,12/30/1899 5:05:00 PM
Parisian Group,"2042 Talisker Ct, Avon, IN, 46123",Glen Lowry,"848 Wallace Ave, Indianapolis, IN, 46201",Sales,Indianapolis,21.4,12/30/1899 3:11:00 PM
Beatty Group,"77 Park Place Blvd, Avon, IN, 46123",Glen Lowry,"848 Wallace Ave, Indianapolis, IN, 46201",Sales,Indianapolis,21.6,12/30/1899 8:21:00 AM
Hammes-Paucek,"13295 Illinois St Ste 329, Carmel, IN, 46032",Glen Lowry,"848 Wallace Ave, Indianapolis, IN, 46201",Sales,Indianapolis,21.9,12/30/1899 11:45:00 AM
Towne Group,"13295 Illinois St Ste 228, Carmel, IN, 46032",Glen Lowry,"848 Wallace Ave, Indianapolis, IN, 46201",Sales,Indianapolis,21.9,12/30/1899 1:56:00 PM
"Bergstrom, Goldner and Kunde","2680 E Main St, Plainfield, IN, 46168",Glen Lowry,"848 Wallace Ave, Indianapolis, IN, 46201",Sales,Indianapolis,23.3,12/30/1899 8:39:00 AM
D'Amore-Swaniawski,"7385 Oakview Dr, Avon, IN, 46123",Glen Lowry,"848 Wallace Ave, Indianapolis, IN, 46201",Sales,Indianapolis,25.1,12/30/1899 11:18:00 AM
"Champlin, Gorczany and Heidenreich","2364 e main st, Plainfield, IN, 46168",Glen Lowry,"848 Wallace Ave, Indianapolis, IN, 46201",Sales,Indianapolis,25.4,12/30/1899 8:09:00 AM
Carroll Inc,"2375 E Main St, Plainfield, IN, 46168",Glen Lowry,"848 Wallace Ave, Indianapolis, IN, 46201",Sales,Indianapolis,25.5,12/30/1899 3:52:00 PM
Carroll Inc,"2375 E Main St, Plainfield, IN, 46168",Glen Lowry,"848 Wallace Ave, Indianapolis, IN, 46201",Sales,Indianapolis,25.5,12/30/1899 4:37:00 PM
Kertzmann and Sons,"1117 Timber Climb Dr, Avon, IN, 46123",Glen Lowry,"848 Wallace Ave, Indianapolis, IN, 46201",Sales,Indianapolis,26.4,12/30/1899 3:00:00 PM
Kertzmann-MacGyver,"2002 S East St, Indianapolis, IN, 46225",Jessica Armstrong,"1319 S East St, Indianapolis, IN, 46203",Sales,Indianapolis,0.6,12/30/1899 12:14:00 PM
Marquardt-Bednar,"320 N Meridian St, Indianapolis, IN, 46204",Jessica Armstrong,"1319 S East St, Indianapolis, IN, 46203",Sales,Indianapolis,2,12/30/1899 1:40:00 PM
Johnson-Schroeder,"2421 Production Dr Ste 206, Indianapolis, IN, 46241",Jessica Armstrong,"1319 S East St, Indianapolis, IN, 46203",Sales,Indianapolis,7.6,12/30/1899 1:36:00 PM
Johnson-Schroeder,"2421 Production Dr Ste 206, Indianapolis, IN, 46241",Jessica Armstrong,"1319 S East St, Indianapolis, IN, 46203",Sales,Indianapolis,7.6,12/30/1899 5:44:00 PM
Stoltenberg-Mayer,"5550 W 10th St, Indianapolis, IN, 46224",Jessica Armstrong,"1319 S East St, Indianapolis, IN, 46203",Sales,Indianapolis,7.7,12/30/1899 10:27:00 AM
Stoltenberg-Mayer,"5550 W 10th St, Indianapolis, IN, 46224",Jessica Armstrong,"1319 S East St, Indianapolis, IN, 46203",Sales,Indianapolis,7.7,12/30/1899 3:49:00 PM
Goyette-Bartell,"8751 Us 31 S, Indianapolis, IN, 46227",Jessica Armstrong,"1319 S East St, Indianapolis, IN, 46203",Sales,Indianapolis,8.3,12/30/1899 1:26:00 PM
Harvey Inc,"6960 Gray Rd Ste D, Indianapolis, IN, 46237",Jessica Armstrong,"1319 S East St, Indianapolis, IN, 46203",Sales,Indianapolis,8.4,12/30/1899 2:06:00 PM
"Fadel, Mosciski and Towne","3810 E Southport Rd, Indianapolis, IN, 46237",Jessica Armstrong,"1319 S East St, Indianapolis, IN, 46203",Sales,Indianapolis,8.6,12/30/1899 9:48:00 AM
Witting-Hudson,"916 N Shadeland Ave, Indianapolis, IN, 46219",Jessica Armstrong,"1319 S East St, Indianapolis, IN, 46203",Sales,Indianapolis,10,12/30/1899 5:46:00 PM
Anderson-Mertz,"9524 E Washington St, Indianapolis, IN, 46229",Jessica Armstrong,"1319 S East St, Indianapolis, IN, 46203",Sales,Indianapolis,13,12/30/1899 11:47:00 AM
"Halvorson, Lindgren and Wintheiser","11903 E Welland St, Indianapolis, IN, 46229",Jessica Armstrong,"1319 S East St, Indianapolis, IN, 46203",Sales,Indianapolis,15.2,12/30/1899 12:16:00 PM
Heathcote and Sons,"11135 Pendleton Pike Ste 1200, Indianapolis, IN, 46236",Jessica Armstrong,"1319 S East St, Indianapolis, IN, 46203",Sales,Indianapolis,15.7,12/30/1899 5:02:00 PM
Kiehn-Larson,"9184 Summerfield Dr, Plainfield, IN, 46168",Jessica Armstrong,"1319 S East St, Indianapolis, IN, 46203",Sales,Indianapolis,16.9,12/30/1899 5:25:00 PM
"Harvey, Hirthe and Leuschke","1601 E Main St, Plainfield, IN, 46168",Jessica Armstrong,"1319 S East St, Indianapolis, IN, 46203",Sales,Indianapolis,18,12/30/1899 11:33:00 AM
"Nienow, Hane and Schamberger","4735 Statesmen Dr Ste E, Indianapolis, IN, 46250",Jessica Armstrong,"1319 S East St, Indianapolis, IN, 46203",Sales,Indianapolis,18.4,12/30/1899 4:44:00 PM
Sipes and Sons,"1905 S New Market St Ste 166, Carmel, IN, 46032",Jessica Armstrong,"1319 S East St, Indianapolis, IN, 46203",Sales,Indianapolis,19,12/30/1899 12:09:00 PM
Wolff-Rath,"684 Tower Rd, Plainfield, IN, 46168",Jessica Armstrong,"1319 S East St, Indianapolis, IN, 46203",Sales,Indianapolis,19.3,12/30/1899 12:22:00 PM
"Kshlerin, Schimmel and Koepp","10585 N Meridian St, Indianapolis, IN, 46290",Jessica Armstrong,"1319 S East St, Indianapolis, IN, 46203",Sales,Indianapolis,23.6,12/30/1899 4:08:00 PM
Little and Sons,"820 Pawnee Rd, Carmel, IN, 46032",Jessica Armstrong,"1319 S East St, Indianapolis, IN, 46203",Sales,Indianapolis,24.1,12/30/1899 11:15:00 AM
Willms-Donnelly,"426 Cool Ridge Dr, Carmel, IN, 46032",Jessica Armstrong,"1319 S East St, Indianapolis, IN, 46203",Sales,Indianapolis,25.2,12/30/1899 4:56:00 PM
Hammes-Paucek,"13295 Illinois St Ste 329, Carmel, IN, 46032",Jessica Armstrong,"1319 S East St, Indianapolis, IN, 46203",Sales,Indianapolis,26.3,12/30/1899 12:58:00 PM
"Sanford, Jacobson and Osinski","55 Monument Cir Ste 1300, Indianapolis, IN, 46204",Jose Hayward,"847 E Stop 11 Rd, Indianapolis, IN, 46227",Sales,Indianapolis,8.6,12/30/1899 1:12:00 PM
"Sauer, Waters and Bashirian","325 N Delaware St, Indianapolis, IN, 46204",Jose Hayward,"847 E Stop 11 Rd, Indianapolis, IN, 46227",Sales,Indianapolis,9,12/30/1899 8:55:00 AM
"Towne, Miller and Torphy","6120 Churchman Byp, Indianapolis, IN, 46203",Jose Hayward,"847 E Stop 11 Rd, Indianapolis, IN, 46227",Sales,Indianapolis,9.2,12/30/1899 9:52:00 AM
Johnson-Schroeder,"2421 Production Dr Ste 206, Indianapolis, IN, 46241",Jose Hayward,"847 E Stop 11 Rd, Indianapolis, IN, 46227",Sales,Indianapolis,13.2,12/30/1899 9:30:00 AM
"Gorczany, Walker and Kris","929 W 16th St, Indianapolis, IN, 46202",Jose Hayward,"847 E Stop 11 Rd, Indianapolis, IN, 46227",Sales,Indianapolis,16,12/30/1899 9:50:00 AM
"Reichel, Grant and Prosacco","2601 Metropolis Pkwy, Plainfield, IN, 46168",Jose Hayward,"847 E Stop 11 Rd, Indianapolis, IN, 46227",Sales,Indianapolis,17.4,12/30/1899 10:05:00 AM
"Mraz, Kovacek and Kozey","6329 Hollister Dr, Indianapolis, IN, 46224",Jose Hayward,"847 E Stop 11 Rd, Indianapolis, IN, 46227",Sales,Indianapolis,17.7,12/30/1899 10:48:00 AM
Abernathy-Legros,"2905 E 46th St, Indianapolis, IN, 46205",Jose Hayward,"847 E Stop 11 Rd, Indianapolis, IN, 46227",Sales,Indianapolis,17.7,12/30/1899 4:44:00 PM
"Renner, Bashirian and Haley","102 Granby Dr, Indianapolis, IN, 46229",Jose Hayward,"847 E Stop 11 Rd, Indianapolis, IN, 46227",Sales,Indianapolis,18.3,12/30/1899 2:16:00 PM
"Medhurst, Douglas and Harber","3345 E Main St, Plainfield, IN, 46168",Jose Hayward,"847 E Stop 11 Rd, Indianapolis, IN, 46227",Sales,Indianapolis,18.5,12/30/1899 5:40:00 PM
Schmitt-Nikolaus,"2680 E Main St Ste 310, Plainfield, IN, 46168",Jose Hayward,"847 E Stop 11 Rd, Indianapolis, IN, 46227",Sales,Indianapolis,18.6,12/30/1899 1:50:00 PM
Douglas-Ortiz,"1660 E Main St Ste 105, Plainfield, IN, 46168",Jose Hayward,"847 E Stop 11 Rd, Indianapolis, IN, 46227",Sales,Indianapolis,18.9,12/30/1899 10:53:00 AM
"Walker, Hessel and Dooley","5936 N Keystone Ave, Indianapolis, IN, 46220",Jose Hayward,"847 E Stop 11 Rd, Indianapolis, IN, 46227",Sales,Indianapolis,18.9,12/30/1899 5:51:00 PM
Schumm-Denesik,"1635 Hawthorne Dr, Plainfield, IN, 46168",Jose Hayward,"847 E Stop 11 Rd, Indianapolis, IN, 46227",Sales,Indianapolis,19,12/30/1899 2:42:00 PM
Klocko-Braun,"7754 Cobblesprings Dr, Avon, IN, 46123",Jose Hayward,"847 E Stop 11 Rd, Indianapolis, IN, 46227",Sales,Indianapolis,20.7,12/30/1899 10:49:00 AM
Ullrich Group,"7384 Business Center Dr, Avon, IN, 46123",Jose Hayward,"847 E Stop 11 Rd, Indianapolis, IN, 46227",Sales,Indianapolis,21.1,12/30/1899 1:01:00 PM
"Satterfield, Sporer and Anderson","7411 Glendale Dr, Avon, IN, 46123",Jose Hayward,"847 E Stop 11 Rd, Indianapolis, IN, 46227",Sales,Indianapolis,21.5,12/30/1899 8:02:00 AM
D'Amore-Swaniawski,"7385 Oakview Dr, Avon, IN, 46123",Jose Hayward,"847 E Stop 11 Rd, Indianapolis, IN, 46227",Sales,Indianapolis,22,12/30/1899 8:59:00 AM
Hills-Vandervort,"6319 E US Hwy 36, Avon, IN, 46123",Jose Hayward,"847 E Stop 11 Rd, Indianapolis, IN, 46227",Sales,Indianapolis,22.1,12/30/1899 1:19:00 PM
"Pouros, Ernser and Maggio","1812 Ballyganner Dr, Avon, IN, 46123",Jose Hayward,"847 E Stop 11 Rd, Indianapolis, IN, 46227",Sales,Indianapolis,22.3,12/30/1899 2:24:00 PM
Hahn Inc,"6430 E 75th St, Indianapolis, IN, 46250",Jose Hayward,"847 E Stop 11 Rd, Indianapolis, IN, 46227",Sales,Indianapolis,22.7,12/30/1899 11:57:00 AM
Mann-Sipes,"5868 E 71st St Ste B, Indianapolis, IN, 46220",Jose Hayward,"847 E Stop 11 Rd, Indianapolis, IN, 46227",Sales,Indianapolis,22.9,12/30/1899 12:24:00 PM
Kertzmann and Sons,"1117 Timber Climb Dr, Avon, IN, 46123",Jose Hayward,"847 E Stop 11 Rd, Indianapolis, IN, 46227",Sales,Indianapolis,23.2,12/30/1899 11:04:00 AM
"Rutherford, O'Reilly and Purdy","5145 E 65th St, Indianapolis, IN, 46220",Jose Hayward,"847 E Stop 11 Rd, Indianapolis, IN, 46227",Sales,Indianapolis,23.2,12/30/1899 12:40:00 PM
Collins Group,"4705 W 71st St, Indianapolis, IN, 46268",Jose Hayward,"847 E Stop 11 Rd, Indianapolis, IN, 46227",Sales,Indianapolis,24.5,12/30/1899 11:18:00 AM
"Abbott, Klein and Marvin","4140 W 99th St, Carmel, IN, 46032",Jose Hayward,"847 E Stop 11 Rd, Indianapolis, IN, 46227",Sales,Indianapolis,29,12/30/1899 11:17:00 AM
Lesch-O'Hara,"600 E Carmel Dr Ste 271, Carmel, IN, 46032",Jose Hayward,"847 E Stop 11 Rd, Indianapolis, IN, 46227",Sales,Indianapolis,29.5,12/30/1899 11:38:00 AM
"Daniel, Bartoletti and Erdman","40 Executive Dr Ste B, Carmel, IN, 46032",Jose Hayward,"847 E Stop 11 Rd, Indianapolis, IN, 46227",Sales,Indianapolis,29.9,12/30/1899 4:55:00 PM
Spencer LLC,"160 W Carmel Dr Ste 265, Carmel, IN, 46032",Jose Hayward,"847 E Stop 11 Rd, Indianapolis, IN, 46227",Sales,Indianapolis,30.1,12/30/1899 10:29:00 AM
Huels-Hudson,"3594 Brumley Way, Carmel, IN, 46033",Jose Hayward,"847 E Stop 11 Rd, Indianapolis, IN, 46227",Sales,Indianapolis,30.3,12/30/1899 12:06:00 PM
Bergnaum-Trantow,"1033 3rd Ave SW Ste 202, Carmel, IN, 46032",Jose Hayward,"847 E Stop 11 Rd, Indianapolis, IN, 46227",Sales,Indianapolis,30.4,12/30/1899 9:15:00 AM
Bergnaum-Trantow,"1033 3rd Ave SW Ste 202, Carmel, IN, 46032",Jose Hayward,"847 E Stop 11 Rd, Indianapolis, IN, 46227",Sales,Indianapolis,30.4,12/30/1899 12:25:00 PM
Little and Sons,"820 Pawnee Rd, Carmel, IN, 46032",Jose Hayward,"847 E Stop 11 Rd, Indianapolis, IN, 46227",Sales,Indianapolis,30.6,12/30/1899 3:56:00 PM
Rau Inc,"736 Hanover Pl Suite 100F, Carmel, IN, 46032",Jose Hayward,"847 E Stop 11 Rd, Indianapolis, IN, 46227",Sales,Indianapolis,30.8,12/30/1899 1:02:00 PM
"Muller, Bradtke and Stanton","240 S Rangeline Rd, Carmel, IN, 46032",Jose Hayward,"847 E Stop 11 Rd, Indianapolis, IN, 46227",Sales,Indianapolis,30.9,12/30/1899 11:02:00 AM
"Muller, Bradtke and Stanton","240 S Rangeline Rd, Carmel, IN, 46032",Jose Hayward,"847 E Stop 11 Rd, Indianapolis, IN, 46227",Sales,Indianapolis,30.9,12/30/1899 4:36:00 PM
Legros-Eichmann,"30 E Main St Ste A, Carmel, IN, 46032",Jose Hayward,"847 E Stop 11 Rd, Indianapolis, IN, 46227",Sales,Indianapolis,31,12/30/1899 3:56:00 PM
Koch-Walker,"11350 N Meridian St Ste 120, Carmel, IN, 46032",Jose Hayward,"847 E Stop 11 Rd, Indianapolis, IN, 46227",Sales,Indianapolis,31.1,12/30/1899 8:20:00 AM
"Lynch, Reynolds and Gaylord","1001 3rd Ave SW, Carmel, IN, 46032",Jose Hayward,"847 E Stop 11 Rd, Indianapolis, IN, 46227",Sales,Indianapolis,31.1,12/30/1899 3:38:00 PM
"Miller, Koch and Howe","11805 N Pennsylvania St, Carmel, IN, 46032",Jose Hayward,"847 E Stop 11 Rd, Indianapolis, IN, 46227",Sales,Indianapolis,31.2,12/30/1899 5:22:00 PM
Willms-Donnelly,"426 Cool Ridge Dr, Carmel, IN, 46032",Jose Hayward,"847 E Stop 11 Rd, Indianapolis, IN, 46227",Sales,Indianapolis,31.6,12/30/1899 11:03:00 AM
"Weber, Dach and Fritsch","316 N Rangeline Rd, Carmel, IN, 46032",Jose Hayward,"847 E Stop 11 Rd, Indianapolis, IN, 46227",Sales,Indianapolis,31.8,12/30/1899 4:10:00 PM
Renner LLC,"3291 Hazel Foster Dr, Carmel, IN, 46033",Jose Hayward,"847 E Stop 11 Rd, Indianapolis, IN, 46227",Sales,Indianapolis,31.9,12/30/1899 12:12:00 PM
Abshire-Kuvalis,"921 N Rangeline Rd, Carmel, IN, 46032",Jose Hayward,"847 E Stop 11 Rd, Indianapolis, IN, 46227",Sales,Indianapolis,32.1,12/30/1899 4:28:00 PM
Towne Group,"13295 Illinois St Ste 228, Carmel, IN, 46032",Jose Hayward,"847 E Stop 11 Rd, Indianapolis, IN, 46227",Sales,Indianapolis,32.8,12/30/1899 10:41:00 AM
Cormier-Satterfield,"2259 E 151st St, Carmel, IN, 46033",Jose Hayward,"847 E Stop 11 Rd, Indianapolis, IN, 46227",Sales,Indianapolis,33.4,12/30/1899 3:43:00 PM
Jenkins-Wolf,"13664 N Meridian St, Carmel, IN, 46032",Jose Hayward,"847 E Stop 11 Rd, Indianapolis, IN, 46227",Sales,Indianapolis,33.5,12/30/1899 8:20:00 AM
"Glover, Strosin and Orn","14610 N Meridian St, Carmel, IN, 46032",Jose Hayward,"847 E Stop 11 Rd, Indianapolis, IN, 46227",Sales,Indianapolis,33.5,12/30/1899 12:19:00 PM
"Glover, Strosin and Orn","14610 N Meridian St, Carmel, IN, 46032",Jose Hayward,"847 E Stop 11 Rd, Indianapolis, IN, 46227",Sales,Indianapolis,33.5,12/30/1899 2:32:00 PM
Denesik Inc,"416 W Main St, Carmel, IN, 46032",Jose Hayward,"847 E Stop 11 Rd, Indianapolis, IN, 46227",Sales,Indianapolis,34.2,12/30/1899 9:42:00 AM
Wyman-Champlin,"525 Worth Ct, Carmel, IN, 46032",Jose Hayward,"847 E Stop 11 Rd, Indianapolis, IN, 46227",Sales,Indianapolis,34.8,12/30/1899 10:44:00 AM
Roob Group,"700 N High School Rd Ste 203, Indianapolis, IN, 46214",Kester Hibbert,"1516 Astor St, Indianapolis, IN, 46222",Sales,Indianapolis,5.8,12/30/1899 11:02:00 AM
McLaughlin-McLaughlin,"2346 S Lynhurst Dr Ste 601, Indianapolis, IN, 46241",Kester Hibbert,"1516 Astor St, Indianapolis, IN, 46222",Sales,Indianapolis,6.2,12/30/1899 12:58:00 PM
"Bode, Kirlin and Harris","3133 E Thompson Rd, Indianapolis, IN, 46227",Kester Hibbert,"1516 Astor St, Indianapolis, IN, 46222",Sales,Indianapolis,8.5,12/30/1899 8:26:00 AM
Witting-Kshlerin,"761 Daybreak Dr, Avon, IN, 46123",Kester Hibbert,"1516 Astor St, Indianapolis, IN, 46222",Sales,Indianapolis,9.4,12/30/1899 10:30:00 AM
"Wuckert, Zboncak and O'Kon","8103 E Us Highway 36, Avon, IN, 46123",Kester Hibbert,"1516 Astor St, Indianapolis, IN, 46222",Sales,Indianapolis,9.7,12/30/1899 5:28:00 PM
"Turcotte, Abernathy and Harris","1311 N Arlington Ave, Indianapolis, IN, 46219",Kester Hibbert,"1516 Astor St, Indianapolis, IN, 46222",Sales,Indianapolis,9.8,12/30/1899 8:57:00 AM
Collins Group,"4705 W 71st St, Indianapolis, IN, 46268",Kester Hibbert,"1516 Astor St, Indianapolis, IN, 46222",Sales,Indianapolis,9.8,12/30/1899 9:03:00 AM
Gleichner-Green,"9769 Gibbon Ln, Avon, IN, 46123",Kester Hibbert,"1516 Astor St, Indianapolis, IN, 46222",Sales,Indianapolis,9.8,12/30/1899 9:39:00 AM
Gleichner-Green,"9769 Gibbon Ln, Avon, IN, 46123",Kester Hibbert,"1516 Astor St, Indianapolis, IN, 46222",Sales,Indianapolis,9.8,12/30/1899 3:28:00 PM
"Turcotte, Abernathy and Harris","1311 N Arlington Ave, Indianapolis, IN, 46219",Kester Hibbert,"1516 Astor St, Indianapolis, IN, 46222",Sales,Indianapolis,9.8,12/30/1899 4:25:00 PM
Carroll Inc,"2375 E Main St, Plainfield, IN, 46168",Kester Hibbert,"1516 Astor St, Indianapolis, IN, 46222",Sales,Indianapolis,10.6,12/30/1899 5:49:00 PM
Witting-Hudson,"916 N Shadeland Ave, Indianapolis, IN, 46219",Kester Hibbert,"1516 Astor St, Indianapolis, IN, 46222",Sales,Indianapolis,11.1,12/30/1899 10:33:00 AM
Witting-Hudson,"916 N Shadeland Ave, Indianapolis, IN, 46219",Kester Hibbert,"1516 Astor St, Indianapolis, IN, 46222",Sales,Indianapolis,11.1,12/30/1899 2:09:00 PM
"Armstrong, Collier and Beatty","1660 E Main St, Plainfield, IN, 46168",Kester Hibbert,"1516 Astor St, Indianapolis, IN, 46222",Sales,Indianapolis,11.2,12/30/1899 12:02:00 PM
Douglas-Ortiz,"1660 E Main St Ste 105, Plainfield, IN, 46168",Kester Hibbert,"1516 Astor St, Indianapolis, IN, 46222",Sales,Indianapolis,11.2,12/30/1899 1:54:00 PM
Douglas-Ortiz,"1660 E Main St Ste 105, Plainfield, IN, 46168",Kester Hibbert,"1516 Astor St, Indianapolis, IN, 46222",Sales,Indianapolis,11.2,12/30/1899 5:58:00 PM
Schumm-Denesik,"1635 Hawthorne Dr, Plainfield, IN, 46168",Kester Hibbert,"1516 Astor St, Indianapolis, IN, 46222",Sales,Indianapolis,11.4,12/30/1899 10:48:00 AM
Schumm-Denesik,"1635 Hawthorne Dr, Plainfield, IN, 46168",Kester Hibbert,"1516 Astor St, Indianapolis, IN, 46222",Sales,Indianapolis,11.4,12/30/1899 3:59:00 PM
Goyette-Bartell,"8751 Us 31 S, Indianapolis, IN, 46227",Kester Hibbert,"1516 Astor St, Indianapolis, IN, 46222",Sales,Indianapolis,11.9,12/30/1899 10:05:00 AM
"Pouros, Ernser and Maggio","1812 Ballyganner Dr, Avon, IN, 46123",Kester Hibbert,"1516 Astor St, Indianapolis, IN, 46222",Sales,Indianapolis,12.1,12/30/1899 12:50:00 PM
Mann-Sipes,"5868 E 71st St Ste B, Indianapolis, IN, 46220",Kester Hibbert,"1516 Astor St, Indianapolis, IN, 46222",Sales,Indianapolis,12.8,12/30/1899 11:19:00 AM
"Heidenreich, Bruen and Friesen","180 N Avon Ave Ste 210, Avon, IN, 46123",Kester Hibbert,"1516 Astor St, Indianapolis, IN, 46222",Sales,Indianapolis,12.9,12/30/1899 11:51:00 AM
"Heidenreich, Bruen and Friesen","180 N Avon Ave Ste 210, Avon, IN, 46123",Kester Hibbert,"1516 Astor St, Indianapolis, IN, 46222",Sales,Indianapolis,12.9,12/30/1899 2:42:00 PM
"Denesik, Wolff and McCullough","1371 Bur Oak Ct, Avon, IN, 46123",Kester Hibbert,"1516 Astor St, Indianapolis, IN, 46222",Sales,Indianapolis,13.2,12/30/1899 2:41:00 PM
"Murphy, Waelchi and Kunze","5650 S Franklin Rd Ste 400d, Indianapolis, IN, 46239",Kester Hibbert,"1516 Astor St, Indianapolis, IN, 46222",Sales,Indianapolis,14.1,12/30/1899 11:09:00 AM
Anderson-Mertz,"9524 E Washington St, Indianapolis, IN, 46229",Kester Hibbert,"1516 Astor St, Indianapolis, IN, 46222",Sales,Indianapolis,14.2,12/30/1899 9:58:00 AM
"Stehr, Hayes and Walter","450 E 96th St Ste 500, Indianapolis, IN, 46240",Kester Hibbert,"1516 Astor St, Indianapolis, IN, 46222",Sales,Indianapolis,14.8,12/30/1899 9:42:00 AM
Kuhn and Sons,"2294 Laurel Leaf Ln, Avon, IN, 46123",Kester Hibbert,"1516 Astor St, Indianapolis, IN, 46222",Sales,Indianapolis,15,12/30/1899 1:08:00 PM
"Thompson, Baumbach and Runolfsson","6986 Donnelly Dr, Brownsburg, IN, 46112",Kester Hibbert,"1516 Astor St, Indianapolis, IN, 46222",Sales,Indianapolis,15.9,12/30/1899 5:51:00 PM
Sipes and Sons,"1905 S New Market St Ste 166, Carmel, IN, 46032",Kester Hibbert,"1516 Astor St, Indianapolis, IN, 46222",Sales,Indianapolis,16.8,12/30/1899 9:09:00 AM
"Nienow, Hane and Schamberger","4735 Statesmen Dr Ste E, Indianapolis, IN, 46250",Kester Hibbert,"1516 Astor St, Indianapolis, IN, 46222",Sales,Indianapolis,19.5,12/30/1899 2:05:00 PM
"Bernhard, Wuckert and Feil","2929 E 96th St Ste B, Indianapolis, IN, 46240",Kester Hibbert,"1516 Astor St, Indianapolis, IN, 46222",Sales,Indianapolis,21.6,12/30/1899 1:47:00 PM
Kuhn-Waters,"11711 N Pennsylvania St, Carmel, IN, 46032",Kester Hibbert,"1516 Astor St, Indianapolis, IN, 46222",Sales,Indianapolis,22.3,12/30/1899 5:56:00 PM
Mitchell-Walter,"11825 N Pennsylvania St, Carmel, IN, 46032",Kester Hibbert,"1516 Astor St, Indianapolis, IN, 46222",Sales,Indianapolis,22.6,12/30/1899 10:46:00 AM
Steuber LLC,"11708 N College Ave, Carmel, IN, 46032",Kester Hibbert,"1516 Astor St, Indianapolis, IN, 46222",Sales,Indianapolis,22.7,12/30/1899 8:33:00 AM
Pfeffer and Sons,"718 Adams St Ste B, Carmel, IN, 46032",Kester Hibbert,"1516 Astor St, Indianapolis, IN, 46222",Sales,Indianapolis,23.6,12/30/1899 1:30:00 PM
Pfeffer and Sons,"718 Adams St Ste B, Carmel, IN, 46032",Kester Hibbert,"1516 Astor St, Indianapolis, IN, 46222",Sales,Indianapolis,23.6,12/30/1899 4:49:00 PM
"Hermiston, Leffler and Zboncak","650 E Carmel Dr Ste 320, Carmel, IN, 46032",Kester Hibbert,"1516 Astor St, Indianapolis, IN, 46222",Sales,Indianapolis,24,12/30/1899 10:17:00 AM
"Hermiston, Leffler and Zboncak","650 E Carmel Dr Ste 320, Carmel, IN, 46032",Kester Hibbert,"1516 Astor St, Indianapolis, IN, 46222",Sales,Indianapolis,24,12/30/1899 5:11:00 PM
Towne-Farrell,"600 E Carmel Dr Ste 267, Carmel, IN, 46032",Kester Hibbert,"1516 Astor St, Indianapolis, IN, 46222",Sales,Indianapolis,24.1,12/30/1899 12:19:00 PM
Spencer LLC,"160 W Carmel Dr Ste 265, Carmel, IN, 46032",Kester Hibbert,"1516 Astor St, Indianapolis, IN, 46222",Sales,Indianapolis,24.7,12/30/1899 1:00:00 PM
Jenkins-Wolf,"13664 N Meridian St, Carmel, IN, 46032",Kester Hibbert,"1516 Astor St, Indianapolis, IN, 46222",Sales,Indianapolis,24.7,12/30/1899 1:15:00 PM
Pfannerstill-Schroeder,"280 W Carmel Dr, Carmel, IN, 46032",Kester Hibbert,"1516 Astor St, Indianapolis, IN, 46222",Sales,Indianapolis,24.8,12/30/1899 8:21:00 AM
Von-Olson,"5708 Ottawa Pass, Carmel, IN, 46033",Kester Hibbert,"1516 Astor St, Indianapolis, IN, 46222",Sales,Indianapolis,25.1,12/30/1899 10:19:00 AM
Von-Olson,"5708 Ottawa Pass, Carmel, IN, 46033",Kester Hibbert,"1516 Astor St, Indianapolis, IN, 46222",Sales,Indianapolis,25.1,12/30/1899 2:30:00 PM
Abshire-Kuvalis,"921 N Rangeline Rd, Carmel, IN, 46032",Kester Hibbert,"1516 Astor St, Indianapolis, IN, 46222",Sales,Indianapolis,26.7,12/30/1899 2:25:00 PM
Yundt LLC,"6143 Brookville Rd, Indianapolis, IN, 46219",Lleyton Haigh,"4810 E 10th St, Indianapolis, IN, 46201",Sales,Indianapolis,2.7,12/30/1899 10:03:00 AM
Rippin-Hudson,"55 Monument Cir Ste 416, Indianapolis, IN, 46204",Lleyton Haigh,"4810 E 10th St, Indianapolis, IN, 46201",Sales,Indianapolis,4.6,12/30/1899 12:43:00 PM
"Rutherford, O'Reilly and Purdy","5145 E 65th St, Indianapolis, IN, 46220",Lleyton Haigh,"4810 E 10th St, Indianapolis, IN, 46201",Sales,Indianapolis,7.9,12/30/1899 12:33:00 PM
"Gorczany, Walker and Kris","929 W 16th St, Indianapolis, IN, 46202",Lleyton Haigh,"4810 E 10th St, Indianapolis, IN, 46201",Sales,Indianapolis,8.7,12/30/1899 5:57:00 PM
"Murphy, Waelchi and Kunze","5650 S Franklin Rd Ste 400d, Indianapolis, IN, 46239",Lleyton Haigh,"4810 E 10th St, Indianapolis, IN, 46201",Sales,Indianapolis,8.8,12/30/1899 5:42:00 PM
Hahn Inc,"6430 E 75th St, Indianapolis, IN, 46250",Lleyton Haigh,"4810 E 10th St, Indianapolis, IN, 46201",Sales,Indianapolis,11.7,12/30/1899 8:56:00 AM
Shanahan-Johnston,"930 E Hanna Ave, Indianapolis, IN, 46227",Lleyton Haigh,"4810 E 10th St, Indianapolis, IN, 46201",Sales,Indianapolis,13.6,12/30/1899 1:14:00 PM
Gislason-Barton,"5140 Madison Ave, Indianapolis, IN, 46227",Lleyton Haigh,"4810 E 10th St, Indianapolis, IN, 46201",Sales,Indianapolis,13.6,12/30/1899 1:24:00 PM
Grant-Walter,"8345 Clearvista Pl Unit 200, Indianapolis, IN, 46256",Lleyton Haigh,"4810 E 10th St, Indianapolis, IN, 46201",Sales,Indianapolis,13.7,12/30/1899 11:08:00 AM
Johnson-Schroeder,"2421 Production Dr Ste 206, Indianapolis, IN, 46241",Lleyton Haigh,"4810 E 10th St, Indianapolis, IN, 46201",Sales,Indianapolis,14.8,12/30/1899 2:16:00 PM
"Turner, Sawayn and Cole","5750 Crawfordsville Rd, Indianapolis, IN, 46224",Lleyton Haigh,"4810 E 10th St, Indianapolis, IN, 46201",Sales,Indianapolis,15.6,12/30/1899 9:56:00 AM
Weimann-Kessler,"8280 Michigan Rd Ste B, Indianapolis, IN, 46268",Lleyton Haigh,"4810 E 10th St, Indianapolis, IN, 46201",Sales,Indianapolis,15.9,12/30/1899 8:42:00 AM
Heaney LLC,"1764 E 86th St, Indianapolis, IN, 46240",Lleyton Haigh,"4810 E 10th St, Indianapolis, IN, 46201",Sales,Indianapolis,17,12/30/1899 3:07:00 PM
Kuphal-Brakus,"1300 E 86th St Ste 22, Indianapolis, IN, 46240",Lleyton Haigh,"4810 E 10th St, Indianapolis, IN, 46201",Sales,Indianapolis,17.5,12/30/1899 4:25:00 PM
Rempel-Hudson,"941 E 86th St Ste 111, Indianapolis, IN, 46240",Lleyton Haigh,"4810 E 10th St, Indianapolis, IN, 46201",Sales,Indianapolis,17.8,12/30/1899 10:32:00 AM
"Hermiston, Leffler and Zboncak","650 E Carmel Dr Ste 320, Carmel, IN, 46032",Lleyton Haigh,"4810 E 10th St, Indianapolis, IN, 46201",Sales,Indianapolis,18.4,12/30/1899 5:06:00 PM
Hyatt-Wisoky,"10346 E Us Highway 36, Avon, IN, 46123",Lleyton Haigh,"4810 E 10th St, Indianapolis, IN, 46201",Sales,Indianapolis,18.7,12/30/1899 11:21:00 AM
"Daniel, Bartoletti and Erdman","40 Executive Dr Ste B, Carmel, IN, 46032",Lleyton Haigh,"4810 E 10th St, Indianapolis, IN, 46201",Sales,Indianapolis,18.9,12/30/1899 1:28:00 PM
Walsh-Zboncak,"1089 3rd Ave SW, Carmel, IN, 46032",Lleyton Haigh,"4810 E 10th St, Indianapolis, IN, 46201",Sales,Indianapolis,19.3,12/30/1899 3:00:00 PM
Bergnaum-Trantow,"1033 3rd Ave SW Ste 202, Carmel, IN, 46032",Lleyton Haigh,"4810 E 10th St, Indianapolis, IN, 46201",Sales,Indianapolis,19.4,12/30/1899 12:47:00 PM
Rau Inc,"736 Hanover Pl Suite 100F, Carmel, IN, 46032",Lleyton Haigh,"4810 E 10th St, Indianapolis, IN, 46201",Sales,Indianapolis,19.8,12/30/1899 9:06:00 AM
Legros-Eichmann,"30 E Main St Ste A, Carmel, IN, 46032",Lleyton Haigh,"4810 E 10th St, Indianapolis, IN, 46201",Sales,Indianapolis,20,12/30/1899 8:55:00 AM
"Muller, Bradtke and Stanton","240 S Rangeline Rd, Carmel, IN, 46032",Lleyton Haigh,"4810 E 10th St, Indianapolis, IN, 46201",Sales,Indianapolis,20,12/30/1899 11:57:00 AM
"Lynch, Reynolds and Gaylord","1001 3rd Ave SW, Carmel, IN, 46032",Lleyton Haigh,"4810 E 10th St, Indianapolis, IN, 46201",Sales,Indianapolis,20.1,12/30/1899 10:26:00 AM
"Miller, Koch and Howe","11805 N Pennsylvania St, Carmel, IN, 46032",Lleyton Haigh,"4810 E 10th St, Indianapolis, IN, 46201",Sales,Indianapolis,20.2,12/30/1899 1:28:00 PM
"Rau, Morissette and Fadel","811 N Rangeline Rd, Carmel, IN, 46032",Lleyton Haigh,"4810 E 10th St, Indianapolis, IN, 46201",Sales,Indianapolis,20.6,12/30/1899 9:12:00 AM
Halvorson-Mosciski,"495 Firefly Ln, Carmel, IN, 46032",Lleyton Haigh,"4810 E 10th St, Indianapolis, IN, 46201",Sales,Indianapolis,20.7,12/30/1899 1:44:00 PM
Willms-Donnelly,"426 Cool Ridge Dr, Carmel, IN, 46032",Lleyton Haigh,"4810 E 10th St, Indianapolis, IN, 46201",Sales,Indianapolis,20.7,12/30/1899 2:46:00 PM
Schuppe-Altenwerth,"55 4th St NW, Carmel, IN, 46032",Lleyton Haigh,"4810 E 10th St, Indianapolis, IN, 46201",Sales,Indianapolis,20.8,12/30/1899 5:25:00 PM
"Rice, Greenholt and Kirlin","6933 4th St NW, Carmel, IN, 46032",Lleyton Haigh,"4810 E 10th St, Indianapolis, IN, 46201",Sales,Indianapolis,20.9,12/30/1899 4:42:00 PM
Hammes-Paucek,"13295 Illinois St Ste 329, Carmel, IN, 46032",Lleyton Haigh,"4810 E 10th St, Indianapolis, IN, 46201",Sales,Indianapolis,21.8,12/30/1899 1:11:00 PM
"Streich, Greenfelder and Upton","6319 E Us Highway 36 Ste 202, Avon, IN, 46123",Lleyton Haigh,"4810 E 10th St, Indianapolis, IN, 46201",Sales,Indianapolis,22.4,12/30/1899 2:58:00 PM
Jenkins-Wolf,"13664 N Meridian St, Carmel, IN, 46032",Lleyton Haigh,"4810 E 10th St, Indianapolis, IN, 46201",Sales,Indianapolis,22.5,12/30/1899 10:00:00 AM
Gleichner-Green,"9769 Gibbon Ln, Avon, IN, 46123",Lleyton Haigh,"4810 E 10th St, Indianapolis, IN, 46201",Sales,Indianapolis,23,12/30/1899 4:04:00 PM
Gleichner-Green,"9769 Gibbon Ln, Avon, IN, 46123",Lleyton Haigh,"4810 E 10th St, Indianapolis, IN, 46201",Sales,Indianapolis,23,12/30/1899 4:53:00 PM
Denesik and Sons,"7588 E County Road 100 S, Avon, IN, 46123",Lleyton Haigh,"4810 E 10th St, Indianapolis, IN, 46201",Sales,Indianapolis,23.1,12/30/1899 12:37:00 PM
Blick and Sons,"2680 E Main St Ste 300, Plainfield, IN, 46168",Lleyton Haigh,"4810 E 10th St, Indianapolis, IN, 46201",Sales,Indianapolis,23.2,12/30/1899 12:09:00 PM
"Schumm, Oberbrunner and Cassin","5250 E Us Highway 36 Ste 100, Avon, IN, 46123",Lleyton Haigh,"4810 E 10th St, Indianapolis, IN, 46201",Sales,Indianapolis,23.7,12/30/1899 8:48:00 AM
Mraz and Sons,"5151 E Us Highway 36 Ste 100, Avon, IN, 46123",Lleyton Haigh,"4810 E 10th St, Indianapolis, IN, 46201",Sales,Indianapolis,23.7,12/30/1899 12:55:00 PM
Schmidt LLC,"1647 E Main St, Plainfield, IN, 46168",Lleyton Haigh,"4810 E 10th St, Indianapolis, IN, 46201",Sales,Indianapolis,25.1,12/30/1899 4:41:00 PM
Runte-Bode,"701 Heartland Ln, Brownsburg, IN, 46112",Lleyton Haigh,"4810 E 10th St, Indianapolis, IN, 46201",Sales,Indianapolis,25.4,12/30/1899 10:20:00 AM
Carroll Inc,"2375 E Main St, Plainfield, IN, 46168",Lleyton Haigh,"4810 E 10th St, Indianapolis, IN, 46201",Sales,Indianapolis,25.4,12/30/1899 2:33:00 PM
Wolff-Rath,"684 Tower Rd, Plainfield, IN, 46168",Lleyton Haigh,"4810 E 10th St, Indianapolis, IN, 46201",Sales,Indianapolis,26.5,12/30/1899 2:47:00 PM
Wolff-Rath,"684 Tower Rd, Plainfield, IN, 46168",Lleyton Haigh,"4810 E 10th St, Indianapolis, IN, 46201",Sales,Indianapolis,26.5,12/30/1899 5:26:00 PM
Lubowitz-Harris,"10025 N Michigan Rd Ste 180, Carmel, IN, 46032",Pearce Naylor,"3106 Hope Springs Ct, Indianapolis, IN, 46268",Sales,Indianapolis,4.2,12/30/1899 11:34:00 AM
"Walker, Hessel and Dooley","5936 N Keystone Ave, Indianapolis, IN, 46220",Pearce Naylor,"3106 Hope Springs Ct, Indianapolis, IN, 46268",Sales,Indianapolis,6.5,12/30/1899 3:11:00 PM
"Stehr, Hayes and Walter","450 E 96th St Ste 500, Indianapolis, IN, 46240",Pearce Naylor,"3106 Hope Springs Ct, Indianapolis, IN, 46268",Sales,Indianapolis,6.7,12/30/1899 11:15:00 AM
Gleason Group,"1924 Rhettsbury St, Carmel, IN, 46032",Pearce Naylor,"3106 Hope Springs Ct, Indianapolis, IN, 46268",Sales,Indianapolis,7.2,12/30/1899 11:00:00 AM
Gleason Group,"1924 Rhettsbury St, Carmel, IN, 46032",Pearce Naylor,"3106 Hope Springs Ct, Indianapolis, IN, 46268",Sales,Indianapolis,7.2,12/30/1899 12:50:00 PM
"Gorczany, Walker and Kris","929 W 16th St, Indianapolis, IN, 46202",Pearce Naylor,"3106 Hope Springs Ct, Indianapolis, IN, 46268",Sales,Indianapolis,8.5,12/30/1899 8:35:00 AM
"Gorczany, Walker and Kris","929 W 16th St, Indianapolis, IN, 46202",Pearce Naylor,"3106 Hope Springs Ct, Indianapolis, IN, 46268",Sales,Indianapolis,8.5,12/30/1899 5:11:00 PM
"Romaguera, Hoppe and Bode","11711 N Pennsylvania St Ste 250, Carmel, IN, 46032",Pearce Naylor,"3106 Hope Springs Ct, Indianapolis, IN, 46268",Sales,Indianapolis,9.1,12/30/1899 3:31:00 PM
"Rutherford, O'Reilly and Purdy","5145 E 65th St, Indianapolis, IN, 46220",Pearce Naylor,"3106 Hope Springs Ct, Indianapolis, IN, 46268",Sales,Indianapolis,9.2,12/30/1899 5:58:00 PM
Mitchell-Walter,"11825 N Pennsylvania St, Carmel, IN, 46032",Pearce Naylor,"3106 Hope Springs Ct, Indianapolis, IN, 46268",Sales,Indianapolis,9.4,12/30/1899 9:59:00 AM
McGlynn-Mertz,"12800 N. Meridian Street Suite 400, Carmel, IN, 46032",Pearce Naylor,"3106 Hope Springs Ct, Indianapolis, IN, 46268",Sales,Indianapolis,9.4,12/30/1899 3:56:00 PM
"Mraz, Kovacek and Kozey","6329 Hollister Dr, Indianapolis, IN, 46224",Pearce Naylor,"3106 Hope Springs Ct, Indianapolis, IN, 46268",Sales,Indianapolis,9.6,12/30/1899 3:08:00 PM
Hyatt and Sons,"13792 Stone Dr, Carmel, IN, 46032",Pearce Naylor,"3106 Hope Springs Ct, Indianapolis, IN, 46268",Sales,Indianapolis,9.9,12/30/1899 4:15:00 PM
Lowe Inc,"111 Monument Cir, Indianapolis, IN, 46204",Pearce Naylor,"3106 Hope Springs Ct, Indianapolis, IN, 46268",Sales,Indianapolis,10,12/30/1899 4:29:00 PM
"Lynch, Reynolds and Gaylord","1001 3rd Ave SW, Carmel, IN, 46032",Pearce Naylor,"3106 Hope Springs Ct, Indianapolis, IN, 46268",Sales,Indianapolis,11.1,12/30/1899 1:29:00 PM
Roob Group,"700 N High School Rd Ste 203, Indianapolis, IN, 46214",Pearce Naylor,"3106 Hope Springs Ct, Indianapolis, IN, 46268",Sales,Indianapolis,11.2,12/30/1899 1:32:00 PM
"Baumbach, Bernier and Toy","620 S Rangeline Rd Ste 2b, Carmel, IN, 46032",Pearce Naylor,"3106 Hope Springs Ct, Indianapolis, IN, 46268",Sales,Indianapolis,11.3,12/30/1899 2:27:00 PM
Denesik Inc,"416 W Main St, Carmel, IN, 46032",Pearce Naylor,"3106 Hope Springs Ct, Indianapolis, IN, 46268",Sales,Indianapolis,12.1,12/30/1899 9:28:00 AM
"Weber, Dach and Fritsch","316 N Rangeline Rd, Carmel, IN, 46032",Pearce Naylor,"3106 Hope Springs Ct, Indianapolis, IN, 46268",Sales,Indianapolis,12.3,12/30/1899 1:46:00 PM
Cummings-Fadel,"210 N Rangeline Rd, Carmel, IN, 46032",Pearce Naylor,"3106 Hope Springs Ct, Indianapolis, IN, 46268",Sales,Indianapolis,12.4,12/30/1899 1:12:00 PM
"Rau, Rowe and Howe","301 E Carmel Dr, Carmel, IN, 46032",Pearce Naylor,"3106 Hope Springs Ct, Indianapolis, IN, 46268",Sales,Indianapolis,12.6,12/30/1899 9:17:00 AM
Legros-Eichmann,"30 E Main St Ste A, Carmel, IN, 46032",Pearce Naylor,"3106 Hope Springs Ct, Indianapolis, IN, 46268",Sales,Indianapolis,12.6,12/30/1899 9:34:00 AM
Kihn LLC,"248 E Carmel Dr, Carmel, IN, 46032",Pearce Naylor,"3106 Hope Springs Ct, Indianapolis, IN, 46268",Sales,Indianapolis,12.7,12/30/1899 12:48:00 PM
Cummings Group,"7212 N Shadeland Ave, Indianapolis, IN, 46250",Pearce Naylor,"3106 Hope Springs Ct, Indianapolis, IN, 46268",Sales,Indianapolis,14.8,12/30/1899 3:04:00 PM
Renner LLC,"3291 Hazel Foster Dr, Carmel, IN, 46033",Pearce Naylor,"3106 Hope Springs Ct, Indianapolis, IN, 46268",Sales,Indianapolis,14.9,12/30/1899 11:17:00 AM
Runte-Bode,"701 Heartland Ln, Brownsburg, IN, 46112",Pearce Naylor,"3106 Hope Springs Ct, Indianapolis, IN, 46268",Sales,Indianapolis,15.2,12/30/1899 1:11:00 PM
Friesen-Torphy,"9500 E Us Highway 36, Avon, IN, 46123",Pearce Naylor,"3106 Hope Springs Ct, Indianapolis, IN, 46268",Sales,Indianapolis,16.5,12/30/1899 8:57:00 AM
Friesen-Torphy,"9500 E Us Highway 36, Avon, IN, 46123",Pearce Naylor,"3106 Hope Springs Ct, Indianapolis, IN, 46268",Sales,Indianapolis,16.5,12/30/1899 1:08:00 PM
Gislason-Barton,"5140 Madison Ave, Indianapolis, IN, 46227",Pearce Naylor,"3106 Hope Springs Ct, Indianapolis, IN, 46268",Sales,Indianapolis,17.7,12/30/1899 11:52:00 AM
Lynch Group,"2680 E Main St Ste 216, Plainfield, IN, 46168",Pearce Naylor,"3106 Hope Springs Ct, Indianapolis, IN, 46268",Sales,Indianapolis,18.2,12/30/1899 1:51:00 PM
"Heidenreich, Bruen and Friesen","180 N Avon Ave Ste 210, Avon, IN, 46123",Pearce Naylor,"3106 Hope Springs Ct, Indianapolis, IN, 46268",Sales,Indianapolis,18.4,12/30/1899 2:31:00 PM
Beatty Group,"77 Park Place Blvd, Avon, IN, 46123",Pearce Naylor,"3106 Hope Springs Ct, Indianapolis, IN, 46268",Sales,Indianapolis,18.5,12/30/1899 11:41:00 AM
Mayer-Homenick,"1647 E Main St Ste C, Plainfield, IN, 46168",Pearce Naylor,"3106 Hope Springs Ct, Indianapolis, IN, 46268",Sales,Indianapolis,19.5,12/30/1899 8:22:00 AM
Keeling Group,"315 N Dan Jones Rd, Plainfield, IN, 46168",Pearce Naylor,"3106 Hope Springs Ct, Indianapolis, IN, 46268",Sales,Indianapolis,20.1,12/30/1899 3:35:00 PM
"Armstrong, Mertz and Hills","7047 Lancaster Ln, Avon, IN, 46123",Pearce Naylor,"3106 Hope Springs Ct, Indianapolis, IN, 46268",Sales,Indianapolis,20.3,12/30/1899 5:05:00 PM
"Fisher, Bogan and Kutch","5530 E Us Highway 36 Ste 230, Avon, IN, 46123",Pearce Naylor,"3106 Hope Springs Ct, Indianapolis, IN, 46268",Sales,Indianapolis,20.4,12/30/1899 2:44:00 PM
Carroll-Gleichner,"8028 S Emerson Ave Ste Aa, Indianapolis, IN, 46237",Pearce Naylor,"3106 Hope Springs Ct, Indianapolis, IN, 46268",Sales,Indianapolis,20.6,12/30/1899 11:00:00 AM
Wolff-Rath,"684 Tower Rd, Plainfield, IN, 46168",Pearce Naylor,"3106 Hope Springs Ct, Indianapolis, IN, 46268",Sales,Indianapolis,20.7,12/30/1899 2:16:00 PM
D'Amore-Swaniawski,"7385 Oakview Dr, Avon, IN, 46123",Pearce Naylor,"3106 Hope Springs Ct, Indianapolis, IN, 46268",Sales,Indianapolis,21.3,12/30/1899 9:27:00 AM
"Osinski, Dibbert and Auer","5915 S Emerson Ave Ste 350, Indianapolis, IN, 46237",Pearce Naylor,"3106 Hope Springs Ct, Indianapolis, IN, 46268",Sales,Indianapolis,22.1,12/30/1899 11:16:00 AM
Hane-Kertzmann,"8101 E Washington St, Indianapolis, IN, 46219",Pearce Naylor,"3106 Hope Springs Ct, Indianapolis, IN, 46268",Sales,Indianapolis,22.2,12/30/1899 5:53:00 PM
Botsford LLC,"1440 Sierra Pass, Danville, IN, 46122",Pearce Naylor,"3106 Hope Springs Ct, Indianapolis, IN, 46268",Sales,Indianapolis,22.5,12/30/1899 9:29:00 AM
"Weber, Kessler and Abbott","965 Heathrow Ln, Avon, IN, 46123",Pearce Naylor,"3106 Hope Springs Ct, Indianapolis, IN, 46268",Sales,Indianapolis,22.6,12/30/1899 9:42:00 AM
Schinner-Crist,"5805 Beech Hollow Dr, Indianapolis, IN, 46254",Reon Goulding,"8401 Bay Colony Dr, Indianapolis, IN, 46234",Sales,Indianapolis,4.4,12/30/1899 2:04:00 PM
"Veum, Padberg and Turner","7901 W 21st St, Indianapolis, IN, 46214",Reon Goulding,"8401 Bay Colony Dr, Indianapolis, IN, 46234",Sales,Indianapolis,6.2,12/30/1899 5:49:00 PM
O'Reilly Group,"8081 Zionsville Rd, Indianapolis, IN, 46268",Reon Goulding,"8401 Bay Colony Dr, Indianapolis, IN, 46234",Sales,Indianapolis,6.7,12/30/1899 4:10:00 PM
"Turner, Sawayn and Cole","5750 Crawfordsville Rd, Indianapolis, IN, 46224",Reon Goulding,"8401 Bay Colony Dr, Indianapolis, IN, 46234",Sales,Indianapolis,6.8,12/30/1899 10:29:00 AM
"Thompson, Baumbach and Runolfsson","6986 Donnelly Dr, Brownsburg, IN, 46112",Reon Goulding,"8401 Bay Colony Dr, Indianapolis, IN, 46234",Sales,Indianapolis,7.1,12/30/1899 2:15:00 PM
Weimann-Kessler,"8280 Michigan Rd Ste B, Indianapolis, IN, 46268",Reon Goulding,"8401 Bay Colony Dr, Indianapolis, IN, 46234",Sales,Indianapolis,8.8,12/30/1899 12:26:00 PM
"Bernhard, Franecki and Spinka","10534 E US Highway 36, Avon, IN, 46123",Reon Goulding,"8401 Bay Colony Dr, Indianapolis, IN, 46234",Sales,Indianapolis,8.8,12/30/1899 4:45:00 PM
Friesen-Torphy,"9500 E Us Highway 36, Avon, IN, 46123",Reon Goulding,"8401 Bay Colony Dr, Indianapolis, IN, 46234",Sales,Indianapolis,9.8,12/30/1899 1:20:00 PM
Fritsch Group,"10223 E County Road 100 S, Avon, IN, 46123",Reon Goulding,"8401 Bay Colony Dr, Indianapolis, IN, 46234",Sales,Indianapolis,9.9,12/30/1899 3:43:00 PM
Klocko-Braun,"7754 Cobblesprings Dr, Avon, IN, 46123",Reon Goulding,"8401 Bay Colony Dr, Indianapolis, IN, 46234",Sales,Indianapolis,10.2,12/30/1899 12:06:00 PM
Toy Group,"8100 E Us Highway 36, Avon, IN, 46123",Reon Goulding,"8401 Bay Colony Dr, Indianapolis, IN, 46234",Sales,Indianapolis,10.3,12/30/1899 10:44:00 AM
"Denesik, Wolff and McCullough","1371 Bur Oak Ct, Avon, IN, 46123",Reon Goulding,"8401 Bay Colony Dr, Indianapolis, IN, 46234",Sales,Indianapolis,10.6,12/30/1899 10:06:00 AM
"Heidenreich, Bruen and Friesen","180 N Avon Ave Ste 210, Avon, IN, 46123",Reon Goulding,"8401 Bay Colony Dr, Indianapolis, IN, 46234",Sales,Indianapolis,10.9,12/30/1899 5:05:00 PM
Beatty Group,"77 Park Place Blvd, Avon, IN, 46123",Reon Goulding,"8401 Bay Colony Dr, Indianapolis, IN, 46234",Sales,Indianapolis,11.2,12/30/1899 2:19:00 PM
Beatty Group,"77 Park Place Blvd, Avon, IN, 46123",Reon Goulding,"8401 Bay Colony Dr, Indianapolis, IN, 46234",Sales,Indianapolis,11.2,12/30/1899 2:41:00 PM
Schmitt-Nikolaus,"2680 E Main St Ste 310, Plainfield, IN, 46168",Reon Goulding,"8401 Bay Colony Dr, Indianapolis, IN, 46234",Sales,Indianapolis,11.3,12/30/1899 9:35:00 AM
"Bergstrom, Goldner and Kunde","2680 E Main St, Plainfield, IN, 46168",Reon Goulding,"8401 Bay Colony Dr, Indianapolis, IN, 46234",Sales,Indianapolis,11.3,12/30/1899 10:20:00 AM
"Bartell, Hoppe and Schaefer","6319 E Us Highway 36, Avon, IN, 46123",Reon Goulding,"8401 Bay Colony Dr, Indianapolis, IN, 46234",Sales,Indianapolis,11.9,12/30/1899 9:21:00 AM
"Streich, Greenfelder and Upton","6319 E Us Highway 36 Ste 202, Avon, IN, 46123",Reon Goulding,"8401 Bay Colony Dr, Indianapolis, IN, 46234",Sales,Indianapolis,11.9,12/30/1899 4:09:00 PM
Johnson-Schroeder,"2421 Production Dr Ste 206, Indianapolis, IN, 46241",Reon Goulding,"8401 Bay Colony Dr, Indianapolis, IN, 46234",Sales,Indianapolis,12,12/30/1899 12:41:00 PM
Abernathy-Legros,"2905 E 46th St, Indianapolis, IN, 46205",Reon Goulding,"8401 Bay Colony Dr, Indianapolis, IN, 46234",Sales,Indianapolis,12.3,12/30/1899 5:32:00 PM
Prosacco-Conn,"133 W Market St, Indianapolis, IN, 46204",Reon Goulding,"8401 Bay Colony Dr, Indianapolis, IN, 46234",Sales,Indianapolis,12.6,12/30/1899 3:09:00 PM
"Anderson, Homenick and Emard","5641 Station Hill Dr, Avon, IN, 46123",Reon Goulding,"8401 Bay Colony Dr, Indianapolis, IN, 46234",Sales,Indianapolis,13.2,12/30/1899 5:10:00 PM
Towne-Rippin,"13473 salamone way, carmel, IN, 46074",Reon Goulding,"8401 Bay Colony Dr, Indianapolis, IN, 46234",Sales,Indianapolis,15.9,12/30/1899 9:22:00 AM
Cremin-Ruecker,"11460 N Meridian St, Carmel, IN, 46032",Reon Goulding,"8401 Bay Colony Dr, Indianapolis, IN, 46234",Sales,Indianapolis,16.8,12/30/1899 8:41:00 AM
"Miller, Koch and Howe","11805 N Pennsylvania St, Carmel, IN, 46032",Reon Goulding,"8401 Bay Colony Dr, Indianapolis, IN, 46234",Sales,Indianapolis,17,12/30/1899 3:56:00 PM
"Miller, Koch and Howe","11805 N Pennsylvania St, Carmel, IN, 46032",Reon Goulding,"8401 Bay Colony Dr, Indianapolis, IN, 46234",Sales,Indianapolis,17,12/30/1899 4:41:00 PM
Cummings Group,"7212 N Shadeland Ave, Indianapolis, IN, 46250",Reon Goulding,"8401 Bay Colony Dr, Indianapolis, IN, 46234",Sales,Indianapolis,17.4,12/30/1899 4:52:00 PM
"Turcotte, Abernathy and Harris","1311 N Arlington Ave, Indianapolis, IN, 46219",Reon Goulding,"8401 Bay Colony Dr, Indianapolis, IN, 46234",Sales,Indianapolis,18.2,12/30/1899 9:30:00 AM
Pfeffer and Sons,"718 Adams St Ste B, Carmel, IN, 46032",Reon Goulding,"8401 Bay Colony Dr, Indianapolis, IN, 46234",Sales,Indianapolis,18.3,12/30/1899 2:27:00 PM
Halvorson-Mosciski,"495 Firefly Ln, Carmel, IN, 46032",Reon Goulding,"8401 Bay Colony Dr, Indianapolis, IN, 46234",Sales,Indianapolis,18.5,12/30/1899 12:29:00 PM
Pfannerstill-Schroeder,"280 W Carmel Dr, Carmel, IN, 46032",Reon Goulding,"8401 Bay Colony Dr, Indianapolis, IN, 46234",Sales,Indianapolis,18.7,12/30/1899 1:10:00 PM
Bergnaum-Trantow,"1033 3rd Ave SW Ste 202, Carmel, IN, 46032",Reon Goulding,"8401 Bay Colony Dr, Indianapolis, IN, 46234",Sales,Indianapolis,18.9,12/30/1899 4:09:00 PM
"Baumbach, Bernier and Toy","620 S Rangeline Rd Ste 2b, Carmel, IN, 46032",Reon Goulding,"8401 Bay Colony Dr, Indianapolis, IN, 46234",Sales,Indianapolis,19.2,12/30/1899 4:38:00 PM
Halvorson Inc,"330 N Rangeline Rd, Carmel, IN, 46032",Reon Goulding,"8401 Bay Colony Dr, Indianapolis, IN, 46234",Sales,Indianapolis,20.2,12/30/1899 12:19:00 PM
Sipes Group,"950 N Rangeline Rd Ste E, Carmel, IN, 46032",Reon Goulding,"8401 Bay Colony Dr, Indianapolis, IN, 46234",Sales,Indianapolis,20.2,12/30/1899 12:50:00 PM
Farrell and Sons,"5018 Madison Ave, Indianapolis, IN, 46227",Reon Goulding,"8401 Bay Colony Dr, Indianapolis, IN, 46234",Sales,Indianapolis,20.3,12/30/1899 11:43:00 AM
Berge-Wolf,"110 N Rangeline Rd, Carmel, IN, 46032",Reon Goulding,"8401 Bay Colony Dr, Indianapolis, IN, 46234",Sales,Indianapolis,20.4,12/30/1899 11:30:00 AM
"Nienow, Hane and Schamberger","4735 Statesmen Dr Ste E, Indianapolis, IN, 46250",Reon Goulding,"8401 Bay Colony Dr, Indianapolis, IN, 46234",Sales,Indianapolis,20.5,12/30/1899 12:45:00 PM
"Nienow, Hane and Schamberger","4735 Statesmen Dr Ste E, Indianapolis, IN, 46250",Reon Goulding,"8401 Bay Colony Dr, Indianapolis, IN, 46234",Sales,Indianapolis,20.5,12/30/1899 2:06:00 PM
"Muller, Bradtke and Stanton","240 S Rangeline Rd, Carmel, IN, 46032",Reon Goulding,"8401 Bay Colony Dr, Indianapolis, IN, 46234",Sales,Indianapolis,20.6,12/30/1899 11:34:00 AM
"Rau, Rowe and Howe","301 E Carmel Dr, Carmel, IN, 46032",Reon Goulding,"8401 Bay Colony Dr, Indianapolis, IN, 46234",Sales,Indianapolis,20.6,12/30/1899 5:20:00 PM
"Glover, Strosin and Orn","14610 N Meridian St, Carmel, IN, 46032",Reon Goulding,"8401 Bay Colony Dr, Indianapolis, IN, 46234",Sales,Indianapolis,20.9,12/30/1899 10:01:00 AM
Little and Sons,"820 Pawnee Rd, Carmel, IN, 46032",Reon Goulding,"8401 Bay Colony Dr, Indianapolis, IN, 46234",Sales,Indianapolis,21.6,12/30/1899 12:46:00 PM
Hahn Inc,"6430 E 75th St, Indianapolis, IN, 46250",Reon Goulding,"8401 Bay Colony Dr, Indianapolis, IN, 46234",Sales,Indianapolis,22,12/30/1899 4:19:00 PM
Ullrich and Sons,"6120 E Thompson Rd Ste B, Indianapolis, IN, 46237",Reon Goulding,"8401 Bay Colony Dr, Indianapolis, IN, 46234",Sales,Indianapolis,22.3,12/30/1899 4:31:00 PM
Volkman-Feil,"921 Ironwood Dr, Carmel, IN, 46033",Reon Goulding,"8401 Bay Colony Dr, Indianapolis, IN, 46234",Sales,Indianapolis,23,12/30/1899 2:41:00 PM
Goyette-Bartell,"8751 Us 31 S, Indianapolis, IN, 46227",Reon Goulding,"8401 Bay Colony Dr, Indianapolis, IN, 46234",Sales,Indianapolis,23.8,12/30/1899 12:17:00 PM
"Halvorson, Lindgren and Wintheiser","11903 E Welland St, Indianapolis, IN, 46229",Reon Goulding,"8401 Bay Colony Dr, Indianapolis, IN, 46234",Sales,Indianapolis,24.7,12/30/1899 1:32:00 PM
Heathcote and Sons,"11135 Pendleton Pike Ste 1200, Indianapolis, IN, 46236",Stacy Hammond,"3410 Cherry Lake Rd, Indianapolis, IN, 46235",Sales,Indianapolis,4.6,12/30/1899 5:27:00 PM
Anderson-Mertz,"9524 E Washington St, Indianapolis, IN, 46229",Stacy Hammond,"3410 Cherry Lake Rd, Indianapolis, IN, 46235",Sales,Indianapolis,4.8,12/30/1899 1:06:00 PM
Rippin-Hudson,"55 Monument Cir Ste 416, Indianapolis, IN, 46204",Stacy Hammond,"3410 Cherry Lake Rd, Indianapolis, IN, 46235",Sales,Indianapolis,13.4,12/30/1899 5:23:00 PM
"Murphy, Waelchi and Kunze","5650 S Franklin Rd Ste 400d, Indianapolis, IN, 46239",Stacy Hammond,"3410 Cherry Lake Rd, Indianapolis, IN, 46235",Sales,Indianapolis,13.5,12/30/1899 5:14:00 PM
Ullrich and Sons,"6120 E Thompson Rd Ste B, Indianapolis, IN, 46237",Stacy Hammond,"3410 Cherry Lake Rd, Indianapolis, IN, 46235",Sales,Indianapolis,14.1,12/30/1899 5:20:00 PM
"Bernhard, Wuckert and Feil","2929 E 96th St Ste B, Indianapolis, IN, 46240",Stacy Hammond,"3410 Cherry Lake Rd, Indianapolis, IN, 46235",Sales,Indianapolis,16.8,12/30/1899 10:59:00 AM
"Braun, Murazik and Daugherty","8888 Keystone Xing, Indianapolis, IN, 46240",Stacy Hammond,"3410 Cherry Lake Rd, Indianapolis, IN, 46235",Sales,Indianapolis,17,12/30/1899 11:35:00 AM
Leuschke-Davis,"9375 Whitley Dr Ste A, Indianapolis, IN, 46240",Stacy Hammond,"3410 Cherry Lake Rd, Indianapolis, IN, 46235",Sales,Indianapolis,17.1,12/30/1899 1:03:00 PM
Homenick-Bradtke,"3588 Tahoe Rd, Carmel, IN, 46033",Stacy Hammond,"3410 Cherry Lake Rd, Indianapolis, IN, 46235",Sales,Indianapolis,17.6,12/30/1899 5:26:00 PM
Altenwerth LLC,"3915 Madison Ave Ste 7, Indianapolis, IN, 46227",Stacy Hammond,"3410 Cherry Lake Rd, Indianapolis, IN, 46235",Sales,Indianapolis,17.8,12/30/1899 9:01:00 AM
"Stehr, Hayes and Walter","450 E 96th St Ste 500, Indianapolis, IN, 46240",Stacy Hammond,"3410 Cherry Lake Rd, Indianapolis, IN, 46235",Sales,Indianapolis,19.1,12/30/1899 8:46:00 AM
Kihn LLC,"248 E Carmel Dr, Carmel, IN, 46032",Stacy Hammond,"3410 Cherry Lake Rd, Indianapolis, IN, 46235",Sales,Indianapolis,19.5,12/30/1899 12:38:00 PM
"Rau, Rowe and Howe","301 E Carmel Dr, Carmel, IN, 46032",Stacy Hammond,"3410 Cherry Lake Rd, Indianapolis, IN, 46235",Sales,Indianapolis,19.5,12/30/1899 5:42:00 PM
Huels-Hudson,"3594 Brumley Way, Carmel, IN, 46033",Stacy Hammond,"3410 Cherry Lake Rd, Indianapolis, IN, 46235",Sales,Indianapolis,20.2,12/30/1899 3:05:00 PM
Bergnaum-Trantow,"1033 3rd Ave SW Ste 202, Carmel, IN, 46032",Stacy Hammond,"3410 Cherry Lake Rd, Indianapolis, IN, 46235",Sales,Indianapolis,20.3,12/30/1899 12:01:00 PM
Goyette-Bartell,"8751 Us 31 S, Indianapolis, IN, 46227",Stacy Hammond,"3410 Cherry Lake Rd, Indianapolis, IN, 46235",Sales,Indianapolis,20.9,12/30/1899 1:01:00 PM
"Conn, Rice and Waelchi","1236 W 86th St, Indianapolis, IN, 46260",Stacy Hammond,"3410 Cherry Lake Rd, Indianapolis, IN, 46235",Sales,Indianapolis,21.2,12/30/1899 2:00:00 PM
"Weber, Dach and Fritsch","316 N Rangeline Rd, Carmel, IN, 46032",Stacy Hammond,"3410 Cherry Lake Rd, Indianapolis, IN, 46235",Sales,Indianapolis,21.7,12/30/1899 8:37:00 AM
Sipes Group,"950 N Rangeline Rd Ste E, Carmel, IN, 46032",Stacy Hammond,"3410 Cherry Lake Rd, Indianapolis, IN, 46235",Sales,Indianapolis,21.7,12/30/1899 2:24:00 PM
Roob Group,"700 N High School Rd Ste 203, Indianapolis, IN, 46214",Stacy Hammond,"3410 Cherry Lake Rd, Indianapolis, IN, 46235",Sales,Indianapolis,21.8,12/30/1899 9:37:00 AM
Volkman-Feil,"921 Ironwood Dr, Carmel, IN, 46033",Stacy Hammond,"3410 Cherry Lake Rd, Indianapolis, IN, 46235",Sales,Indianapolis,21.9,12/30/1899 4:02:00 PM
"Wuckert, Greenfelder and Balistreri","14433 Hawthorne Dr, Carmel, IN, 46033",Stacy Hammond,"3410 Cherry Lake Rd, Indianapolis, IN, 46235",Sales,Indianapolis,22,12/30/1899 11:06:00 AM
"Veum, Padberg and Turner","7901 W 21st St, Indianapolis, IN, 46214",Stacy Hammond,"3410 Cherry Lake Rd, Indianapolis, IN, 46235",Sales,Indianapolis,22.1,12/30/1899 1:34:00 PM
Towne Group,"13295 Illinois St Ste 228, Carmel, IN, 46032",Stacy Hammond,"3410 Cherry Lake Rd, Indianapolis, IN, 46235",Sales,Indianapolis,22.7,12/30/1899 4:37:00 PM
Jenkins-Wolf,"13664 N Meridian St, Carmel, IN, 46032",Stacy Hammond,"3410 Cherry Lake Rd, Indianapolis, IN, 46235",Sales,Indianapolis,23.4,12/30/1899 12:55:00 PM
Lubowitz-Harris,"10025 N Michigan Rd Ste 180, Carmel, IN, 46032",Stacy Hammond,"3410 Cherry Lake Rd, Indianapolis, IN, 46235",Sales,Indianapolis,23.6,12/30/1899 10:19:00 AM
Weimann-Kessler,"8280 Michigan Rd Ste B, Indianapolis, IN, 46268",Stacy Hammond,"3410 Cherry Lake Rd, Indianapolis, IN, 46235",Sales,Indianapolis,23.6,12/30/1899 3:01:00 PM
O'Keefe Inc,"10746 E Us Highway 36, Avon, IN, 46123",Stacy Hammond,"3410 Cherry Lake Rd, Indianapolis, IN, 46235",Sales,Indianapolis,24.5,12/30/1899 9:31:00 AM
"MacGyver, Rogahn and Gleason","14295 Chariots Whisper Dr, Carmel, IN, 46074",Stacy Hammond,"3410 Cherry Lake Rd, Indianapolis, IN, 46235",Sales,Indianapolis,25.6,12/30/1899 9:46:00 AM
"Wuckert, Zboncak and O'Kon","8103 E Us Highway 36, Avon, IN, 46123",Stacy Hammond,"3410 Cherry Lake Rd, Indianapolis, IN, 46235",Sales,Indianapolis,26.2,12/30/1899 2:14:00 PM
Considine-Ratke,"7810 E Us Highway 36 Ste B, Avon, IN, 46123",Stacy Hammond,"3410 Cherry Lake Rd, Indianapolis, IN, 46235",Sales,Indianapolis,27.4,12/30/1899 11:11:00 AM
Beatty Group,"77 Park Place Blvd, Avon, IN, 46123",Stacy Hammond,"3410 Cherry Lake Rd, Indianapolis, IN, 46235",Sales,Indianapolis,27.8,12/30/1899 10:14:00 AM
Ullrich Group,"7384 Business Center Dr, Avon, IN, 46123",Stacy Hammond,"3410 Cherry Lake Rd, Indianapolis, IN, 46235",Sales,Indianapolis,27.8,12/30/1899 1:28:00 PM
"Reichel, Grant and Prosacco","2601 Metropolis Pkwy, Plainfield, IN, 46168",Stacy Hammond,"3410 Cherry Lake Rd, Indianapolis, IN, 46235",Sales,Indianapolis,28.5,12/30/1899 11:49:00 AM
Denesik and Sons,"7588 E County Road 100 S, Avon, IN, 46123",Stacy Hammond,"3410 Cherry Lake Rd, Indianapolis, IN, 46235",Sales,Indianapolis,29.5,12/30/1899 4:15:00 PM
Feeney-Botsford,"2680 E Main St Ste 331, Plainfield, IN, 46168",Stacy Hammond,"3410 Cherry Lake Rd, Indianapolis, IN, 46235",Sales,Indianapolis,29.6,12/30/1899 2:04:00 PM
Blick and Sons,"2680 E Main St Ste 300, Plainfield, IN, 46168",Stacy Hammond,"3410 Cherry Lake Rd, Indianapolis, IN, 46235",Sales,Indianapolis,29.6,12/30/1899 2:14:00 PM
Schumm-Denesik,"1635 Hawthorne Dr, Plainfield, IN, 46168",Stacy Hammond,"3410 Cherry Lake Rd, Indianapolis, IN, 46235",Sales,Indianapolis,31.6,12/30/1899 4:37:00 PM
"Weber, Kessler and Abbott","965 Heathrow Ln, Avon, IN, 46123",Stacy Hammond,"3410 Cherry Lake Rd, Indianapolis, IN, 46235",Sales,Indianapolis,32.8,12/30/1899 4:37:00 PM
D'Amore-Swaniawski,"7385 Oakview Dr, Avon, IN, 46123",Stacy Hammond,"3410 Cherry Lake Rd, Indianapolis, IN, 46235",Sales,Indianapolis,34.5,12/30/1899 5:59:00 PM
"Ritchie, O'Conner and Kling","14310 E 42nd St S, Independence, MO, 64055",Bonita Davenport,"12816 E 57th St, Kansas City, MO, 64133",Sales,Kansas City,3,12/30/1899 3:30:00 PM
"Jenkins, Wisozk and Ferry","14310 E 42nd St S Ste B, Independence, MO, 64055",Bonita Davenport,"12816 E 57th St, Kansas City, MO, 64133",Sales,Kansas City,3,12/30/1899 4:11:00 PM
Hegmann Inc,"14825 E 42nd St S Ste 110, Independence, MO, 64055",Bonita Davenport,"12816 E 57th St, Kansas City, MO, 64133",Sales,Kansas City,3.3,12/30/1899 9:43:00 AM
Konopelski LLC,"3675 S Noland Rd, Independence, MO, 64055",Bonita Davenport,"12816 E 57th St, Kansas City, MO, 64133",Sales,Kansas City,3.4,12/30/1899 3:21:00 PM
"Gulgowski, Koss and Keeling","1303 W Bryson St, Independence, MO, 64052",Bonita Davenport,"12816 E 57th St, Kansas City, MO, 64133",Sales,Kansas City,4.3,12/30/1899 5:18:00 PM
Mann Group,"4710 S Cedar Crest Ct Ste 500, Independence, MO, 64055",Bonita Davenport,"12816 E 57th St, Kansas City, MO, 64133",Sales,Kansas City,4.7,12/30/1899 12:54:00 PM
"Fay, Hettinger and Douglas","10808 E 23rd St S Ste B, Independence, MO, 64052",Bonita Davenport,"12816 E 57th St, Kansas City, MO, 64133",Sales,Kansas City,5.2,12/30/1899 11:32:00 AM
"Tromp, Murray and Rau","18920 E Valley View Pkwy, Independence, MO, 64055",Bonita Davenport,"12816 E 57th St, Kansas City, MO, 64133",Sales,Kansas City,5.5,12/30/1899 9:38:00 AM
"Bauch, Crona and O'Hara","619 E 23rd St S, Independence, MO, 64055",Bonita Davenport,"12816 E 57th St, Kansas City, MO, 64133",Sales,Kansas City,5.8,12/30/1899 9:07:00 AM
Hickle Group,"4000 S Bolger Rd, Independence, MO, 64055",Bonita Davenport,"12816 E 57th St, Kansas City, MO, 64133",Sales,Kansas City,5.8,12/30/1899 5:52:00 PM
"Cassin, Hermann and Graham","111 Hillside Dr, Independence, MO, 64050",Bonita Davenport,"12816 E 57th St, Kansas City, MO, 64133",Sales,Kansas City,8.1,12/30/1899 9:50:00 AM
Stehr LLC,"2400 E R D Mize Rd, Independence, MO, 64057",Bonita Davenport,"12816 E 57th St, Kansas City, MO, 64133",Sales,Kansas City,9.4,12/30/1899 9:53:00 AM
Paucek Group,"4550 Main St, Kansas City, MO, 64111",Bonita Davenport,"12816 E 57th St, Kansas City, MO, 64133",Sales,Kansas City,9.9,12/30/1899 9:25:00 AM
"Emard, Kilback and Russel","435 Nichols Rd Ste 200, Kansas City, MO, 64112",Bonita Davenport,"12816 E 57th St, Kansas City, MO, 64133",Sales,Kansas City,10.1,12/30/1899 10:11:00 AM
"Emard, Kilback and Russel","435 Nichols Rd Ste 200, Kansas City, MO, 64112",Bonita Davenport,"12816 E 57th St, Kansas City, MO, 64133",Sales,Kansas City,10.1,12/30/1899 2:31:00 PM
Ortiz-Huels,"4520 Main St Fl 8th, Kansas City, MO, 64111",Bonita Davenport,"12816 E 57th St, Kansas City, MO, 64133",Sales,Kansas City,10.1,12/30/1899 4:40:00 PM
Botsford-Ortiz,"605 W 47th St, Kansas City, MO, 64112",Bonita Davenport,"12816 E 57th St, Kansas City, MO, 64133",Sales,Kansas City,10.2,12/30/1899 3:29:00 PM
Ward Inc,"4706 Holly St, Kansas City, MO, 64112",Bonita Davenport,"12816 E 57th St, Kansas City, MO, 64133",Sales,Kansas City,10.8,12/30/1899 10:48:00 AM
"Kuhic, Crona and Wunsch","1212 Tracy Ave, Kansas City, MO, 64106",Bonita Davenport,"12816 E 57th St, Kansas City, MO, 64133",Sales,Kansas City,11.1,12/30/1899 5:57:00 PM
Bernier Group,"1201 Walnut St Ste 2000, Kansas City, MO, 64106",Bonita Davenport,"12816 E 57th St, Kansas City, MO, 64133",Sales,Kansas City,11.7,12/30/1899 1:14:00 PM
"Robel, Weber and Bernier","1125 Grand Blvd, Kansas City, MO, 64106",Bonita Davenport,"12816 E 57th St, Kansas City, MO, 64133",Sales,Kansas City,11.8,12/30/1899 8:33:00 AM
Sauer-Osinski,"4800 Rainbow Blvd Ste 200, Westwood, KS, 66205",Bonita Davenport,"12816 E 57th St, Kansas City, MO, 64133",Sales,Kansas City,11.8,12/30/1899 9:30:00 AM
"Breitenberg, Abshire and Cronin","400 E 18th St, Kansas City, MO, 64108",Bonita Davenport,"12816 E 57th St, Kansas City, MO, 64133",Sales,Kansas City,11.8,12/30/1899 9:42:00 AM
Ritchie and Sons,"1125 Grand Blvd Ste 1100, Kansas City, MO, 64106",Bonita Davenport,"12816 E 57th St, Kansas City, MO, 64133",Sales,Kansas City,11.8,12/30/1899 9:49:00 AM
Ritchie and Sons,"1125 Grand Blvd Ste 1100, Kansas City, MO, 64106",Bonita Davenport,"12816 E 57th St, Kansas City, MO, 64133",Sales,Kansas City,11.8,12/30/1899 10:47:00 AM
Feest-Kuhic,"1000 Walnut St Ste 1000, Kansas City, MO, 64106",Bonita Davenport,"12816 E 57th St, Kansas City, MO, 64133",Sales,Kansas City,11.9,12/30/1899 1:10:00 PM
Schumm-Vandervort,"2345 Grand Blvd Ste 2100, Kansas City, MO, 64108",Bonita Davenport,"12816 E 57th St, Kansas City, MO, 64133",Sales,Kansas City,12.3,12/30/1899 8:42:00 AM
Daniel-Schultz,"2345 Grand Blvd Ste 1650, Kansas City, MO, 64108",Bonita Davenport,"12816 E 57th St, Kansas City, MO, 64133",Sales,Kansas City,12.3,12/30/1899 11:09:00 AM
Price-Strosin,"2405 Grand Blvd Ste 1000, Kansas City, MO, 64108",Bonita Davenport,"12816 E 57th St, Kansas City, MO, 64133",Sales,Kansas City,12.4,12/30/1899 8:09:00 AM
McDermott-Hilll,"811 Main St, Kansas City, MO, 64105",Bonita Davenport,"12816 E 57th St, Kansas City, MO, 64133",Sales,Kansas City,12.6,12/30/1899 10:12:00 AM
"Trantow, Sauer and Boyer","304 W 8th St, Kansas City, MO, 64105",Bonita Davenport,"12816 E 57th St, Kansas City, MO, 64133",Sales,Kansas City,12.6,12/30/1899 11:54:00 AM
Wuckert Inc,"218 Delaware St Ste 107, Kansas City, MO, 64105",Bonita Davenport,"12816 E 57th St, Kansas City, MO, 64133",Sales,Kansas City,12.7,12/30/1899 2:36:00 PM
Larkin-McLaughlin,"1600 Genessee Suite 433, Kansas City, MO, 64102",Bonita Davenport,"12816 E 57th St, Kansas City, MO, 64133",Sales,Kansas City,13.3,12/30/1899 3:19:00 PM
"Murray, Collier and DuBuque","18011 E Us Highway 24 Ste A2, Independence, MO, 64056",Bonita Davenport,"12816 E 57th St, Kansas City, MO, 64133",Sales,Kansas City,13.4,12/30/1899 4:36:00 PM
"Schiller, Kuhlman and Ziemann","2450 Summit St, Kansas City, MO, 64108",Bonita Davenport,"12816 E 57th St, Kansas City, MO, 64133",Sales,Kansas City,13.5,12/30/1899 10:36:00 AM
"Pfeffer, Ritchie and Gottlieb","1600 N State Route 291, Independence, MO, 64058",Bonita Davenport,"12816 E 57th St, Kansas City, MO, 64133",Sales,Kansas City,13.6,12/30/1899 9:10:00 AM
Schuppe-Marks,"4420 Madison Ave, Kansas City, MO, 64111",Bonita Davenport,"12816 E 57th St, Kansas City, MO, 64133",Sales,Kansas City,15.4,12/30/1899 4:26:00 PM
"Schimmel, Spinka and Lakin","4505 Madison Ave, Kansas City, MO, 64111",Bonita Davenport,"12816 E 57th St, Kansas City, MO, 64133",Sales,Kansas City,15.5,12/30/1899 8:31:00 AM
Grant-Mayert,"4512 Roanoke Pkwy, Kansas City, MO, 64111",Bonita Davenport,"12816 E 57th St, Kansas City, MO, 64133",Sales,Kansas City,15.7,12/30/1899 8:21:00 AM
Spinka Group,"4550 Belleview Ave, Kansas City, MO, 64111",Bonita Davenport,"12816 E 57th St, Kansas City, MO, 64133",Sales,Kansas City,15.7,12/30/1899 3:53:00 PM
Franecki-Steuber,"800 W 47th St Ste 430, Kansas City, MO, 64112",Bonita Davenport,"12816 E 57th St, Kansas City, MO, 64133",Sales,Kansas City,15.8,12/30/1899 5:58:00 PM
Koelpin and Sons,"6800 W 107th St Ste 210, Overland Park, KS, 66212",Bonita Davenport,"12816 E 57th St, Kansas City, MO, 64133",Sales,Kansas City,17.2,12/30/1899 5:52:00 PM
"Erdman, Jacobi and Bauch","10975 Metcalf Ave, Overland Park, KS, 66210",Bonita Davenport,"12816 E 57th St, Kansas City, MO, 64133",Sales,Kansas City,17.3,12/30/1899 3:20:00 PM
Daugherty-Kovacek,"7300 W 110th St Ste 800, Overland Park, KS, 66210",Bonita Davenport,"12816 E 57th St, Kansas City, MO, 64133",Sales,Kansas City,17.4,12/30/1899 10:53:00 AM
Doyle and Sons,"9200 Indian Creek Pkwy Ste 205, Overland Park, KS, 66210",Bonita Davenport,"12816 E 57th St, Kansas City, MO, 64133",Sales,Kansas City,18.9,12/30/1899 11:39:00 AM
"Hartmann, Baumbach and Zboncak","12980 Metcalf Ave Ste 320, Overland Park, KS, 66213",Bonita Davenport,"12816 E 57th St, Kansas City, MO, 64133",Sales,Kansas City,19.9,12/30/1899 4:31:00 PM
"Eichmann, Jerde and Stanton","11920 College Blvd, Overland Park, KS, 66210",Bonita Davenport,"12816 E 57th St, Kansas City, MO, 64133",Sales,Kansas City,20.6,12/30/1899 8:34:00 AM
"Eichmann, Jerde and Stanton","11920 College Blvd, Overland Park, KS, 66210",Bonita Davenport,"12816 E 57th St, Kansas City, MO, 64133",Sales,Kansas City,20.6,12/30/1899 4:58:00 PM
Mayert LLC,"8826 Santa Fe Dr, Overland Park, KS, 66212",Bonita Davenport,"12816 E 57th St, Kansas City, MO, 64133",Sales,Kansas City,21.1,12/30/1899 8:01:00 AM
Schroeder Group,"8826 Santa Fe Dr Ste 207, Overland Park, KS, 66212",Bonita Davenport,"12816 E 57th St, Kansas City, MO, 64133",Sales,Kansas City,21.1,12/30/1899 9:18:00 AM
Mayert LLC,"8826 Santa Fe Dr, Overland Park, KS, 66212",Bonita Davenport,"12816 E 57th St, Kansas City, MO, 64133",Sales,Kansas City,21.1,12/30/1899 2:19:00 PM
Crooks-Herzog,"9401 W 87th St, Overland Park, KS, 66212",Bonita Davenport,"12816 E 57th St, Kansas City, MO, 64133",Sales,Kansas City,23,12/30/1899 1:14:00 PM
"Jaskolski, Steuber and Herzog","6300 W 143rd St Ste 120, Overland Park, KS, 66223",Bonita Davenport,"12816 E 57th St, Kansas City, MO, 64133",Sales,Kansas City,24.9,12/30/1899 1:30:00 PM
Jakubowski-Miller,"7699 W 151st St, Overland Park, KS, 66223",Bonita Davenport,"12816 E 57th St, Kansas City, MO, 64133",Sales,Kansas City,25.5,12/30/1899 2:04:00 PM
Schmitt Group,"7111 W 151st St, Overland Park, KS, 66223",Bonita Davenport,"12816 E 57th St, Kansas City, MO, 64133",Sales,Kansas City,25.7,12/30/1899 8:31:00 AM
Graham Group,"4901 Main St Ste 210, Kansas City, MO, 64112",Fraser Davey,"8200 Holmes Rd, Kansas City, MO, 64131",Sales,Kansas City,4.7,12/30/1899 2:02:00 PM
Mraz-Altenwerth,"4800 Main St Ste 263, Kansas City, MO, 64112",Fraser Davey,"8200 Holmes Rd, Kansas City, MO, 64131",Sales,Kansas City,4.8,12/30/1899 11:29:00 AM
Hegmann Group,"212 Emanuel Cleaver Ii Blvd, Kansas City, MO, 64112",Fraser Davey,"8200 Holmes Rd, Kansas City, MO, 64131",Sales,Kansas City,4.9,12/30/1899 3:15:00 PM
Ortiz-Huels,"4520 Main St Fl 8th, Kansas City, MO, 64111",Fraser Davey,"8200 Holmes Rd, Kansas City, MO, 64131",Sales,Kansas City,5.2,12/30/1899 10:04:00 AM
"Hills, Goodwin and Hauck","5600 W 95th St Ste 108, Overland Park, KS, 66207",Fraser Davey,"8200 Holmes Rd, Kansas City, MO, 64131",Sales,Kansas City,5.5,12/30/1899 4:55:00 PM
Nolan and Sons,"6933 W 75th St, Overland Park, KS, 66204",Fraser Davey,"8200 Holmes Rd, Kansas City, MO, 64131",Sales,Kansas City,5.6,12/30/1899 8:19:00 AM
Nolan and Sons,"6933 W 75th St, Overland Park, KS, 66204",Fraser Davey,"8200 Holmes Rd, Kansas City, MO, 64131",Sales,Kansas City,5.6,12/30/1899 3:08:00 PM
"Shanahan, Ritchie and Kuvalis","1901 W 47th Pl Ste 200, Mission, KS, 66205",Fraser Davey,"8200 Holmes Rd, Kansas City, MO, 64131",Sales,Kansas City,5.7,12/30/1899 1:03:00 PM
"Roob, Becker and Balistreri","801 W 47th St Ste 300, Kansas City, MO, 64112",Fraser Davey,"8200 Holmes Rd, Kansas City, MO, 64131",Sales,Kansas City,5.9,12/30/1899 5:17:00 PM
Spinka Group,"4550 Belleview Ave, Kansas City, MO, 64111",Fraser Davey,"8200 Holmes Rd, Kansas City, MO, 64131",Sales,Kansas City,6,12/30/1899 8:45:00 AM
Goyette-Cassin,"4504 Holly St, Kansas City, MO, 64111",Fraser Davey,"8200 Holmes Rd, Kansas City, MO, 64131",Sales,Kansas City,6,12/30/1899 1:57:00 PM
Lockman Group,"900 Westport Rd, Kansas City, MO, 64111",Fraser Davey,"8200 Holmes Rd, Kansas City, MO, 64131",Sales,Kansas City,6.4,12/30/1899 10:37:00 AM
Lockman Group,"900 Westport Rd, Kansas City, MO, 64111",Fraser Davey,"8200 Holmes Rd, Kansas City, MO, 64131",Sales,Kansas City,6.4,12/30/1899 11:08:00 AM
Rowe-Dickens,"4443 Jefferson St, Kansas City, MO, 64111",Fraser Davey,"8200 Holmes Rd, Kansas City, MO, 64131",Sales,Kansas City,6.5,12/30/1899 4:23:00 PM
Jones and Sons,"7101 College Blvd, Overland Park, KS, 66210",Fraser Davey,"8200 Holmes Rd, Kansas City, MO, 64131",Sales,Kansas City,8.2,12/30/1899 9:47:00 AM
Bosco-Schimmel,"2537 Madison Ave, Kansas City, MO, 64108",Fraser Davey,"8200 Holmes Rd, Kansas City, MO, 64131",Sales,Kansas City,8.5,12/30/1899 9:11:00 AM
"Schmitt, Kemmer and Keeling","7570 W 119th St, Overland Park, KS, 66213",Fraser Davey,"8200 Holmes Rd, Kansas City, MO, 64131",Sales,Kansas City,9,12/30/1899 4:43:00 PM
Hilpert-Goyette,"8400 W 110th St, Overland Park, KS, 66210",Fraser Davey,"8200 Holmes Rd, Kansas City, MO, 64131",Sales,Kansas City,9.1,12/30/1899 1:20:00 PM
Brakus-Zemlak,"2323 Grand Blvd Ste 1100, Kansas City, MO, 64108",Fraser Davey,"8200 Holmes Rd, Kansas City, MO, 64131",Sales,Kansas City,9.6,12/30/1899 1:48:00 PM
"Douglas, Williamson and Kling","2600 Grand Blvd Ste 1100, Kansas City, MO, 64108",Fraser Davey,"8200 Holmes Rd, Kansas City, MO, 64131",Sales,Kansas City,9.6,12/30/1899 4:03:00 PM
Sauer-Renner,"1210 E Truman Rd, Kansas City, MO, 64106",Fraser Davey,"8200 Holmes Rd, Kansas City, MO, 64131",Sales,Kansas City,10,12/30/1899 10:33:00 AM
Witting LLC,"2300 Main St Ste 900, Kansas City, MO, 64108",Fraser Davey,"8200 Holmes Rd, Kansas City, MO, 64131",Sales,Kansas City,10,12/30/1899 1:58:00 PM
"Hartmann, Baumbach and Zboncak","12980 Metcalf Ave Ste 320, Overland Park, KS, 66213",Fraser Davey,"8200 Holmes Rd, Kansas City, MO, 64131",Sales,Kansas City,10.3,12/30/1899 2:46:00 PM
Ritchie and Sons,"1125 Grand Blvd Ste 1100, Kansas City, MO, 64106",Fraser Davey,"8200 Holmes Rd, Kansas City, MO, 64131",Sales,Kansas City,10.5,12/30/1899 1:22:00 PM
Rempel Inc,"920 Main St Ste 100, Kansas City, MO, 64105",Fraser Davey,"8200 Holmes Rd, Kansas City, MO, 64131",Sales,Kansas City,10.7,12/30/1899 9:03:00 AM
Feest-Kuhic,"1000 Walnut St Ste 1000, Kansas City, MO, 64106",Fraser Davey,"8200 Holmes Rd, Kansas City, MO, 64131",Sales,Kansas City,10.7,12/30/1899 4:52:00 PM
"Eichmann, Jerde and Stanton","11920 College Blvd, Overland Park, KS, 66210",Fraser Davey,"8200 Holmes Rd, Kansas City, MO, 64131",Sales,Kansas City,11,12/30/1899 9:30:00 AM
"Herzog, Cremin and Maggio","14446 Aberdeen Ct, Overland Park, KS, 66224",Fraser Davey,"8200 Holmes Rd, Kansas City, MO, 64131",Sales,Kansas City,11.1,12/30/1899 1:20:00 PM
McDermott-Hilll,"811 Main St, Kansas City, MO, 64105",Fraser Davey,"8200 Holmes Rd, Kansas City, MO, 64131",Sales,Kansas City,11.3,12/30/1899 10:22:00 AM
Barrows-Jones,"511 Delaware St Ste 200, Kansas City, MO, 64105",Fraser Davey,"8200 Holmes Rd, Kansas City, MO, 64131",Sales,Kansas City,11.4,12/30/1899 9:28:00 AM
"Luettgen, Lynch and Muller","101 W 22nd St, Kansas City, MO, 64108",Fraser Davey,"8200 Holmes Rd, Kansas City, MO, 64131",Sales,Kansas City,11.4,12/30/1899 4:34:00 PM
Wuckert Inc,"218 Delaware St Ste 107, Kansas City, MO, 64105",Fraser Davey,"8200 Holmes Rd, Kansas City, MO, 64131",Sales,Kansas City,11.5,12/30/1899 11:11:00 AM
"Powlowski, Cruickshank and Schultz","111 W 10th St, Kansas City, MO, 64105",Fraser Davey,"8200 Holmes Rd, Kansas City, MO, 64131",Sales,Kansas City,11.5,12/30/1899 11:28:00 AM
"Christiansen, Connelly and Carter","330 W 9th St, Kansas City, MO, 64105",Fraser Davey,"8200 Holmes Rd, Kansas City, MO, 64131",Sales,Kansas City,11.5,12/30/1899 4:42:00 PM
Bartell-Aufderhar,"9615 E 23rd St S, Independence, MO, 64052",Fraser Davey,"8200 Holmes Rd, Kansas City, MO, 64131",Sales,Kansas City,13.9,12/30/1899 3:09:00 PM
Deckow and Sons,"7301 W 133rd St Ste 301, Overland Park, KS, 66213",Fraser Davey,"8200 Holmes Rd, Kansas City, MO, 64131",Sales,Kansas City,14,12/30/1899 2:39:00 PM
Wyman and Sons,"1815 S Arlington Ave, Independence, MO, 64052",Fraser Davey,"8200 Holmes Rd, Kansas City, MO, 64131",Sales,Kansas City,14.3,12/30/1899 11:30:00 AM
"Lakin, Beatty and Cremin","6300 W 143rd St, Overland Park, KS, 66223",Fraser Davey,"8200 Holmes Rd, Kansas City, MO, 64131",Sales,Kansas City,15.3,12/30/1899 2:33:00 PM
Jakubowski-Miller,"7699 W 151st St, Overland Park, KS, 66223",Fraser Davey,"8200 Holmes Rd, Kansas City, MO, 64131",Sales,Kansas City,15.9,12/30/1899 11:54:00 AM
Walker Inc,"1301 S Noland Rd, Independence, MO, 64055",Fraser Davey,"8200 Holmes Rd, Kansas City, MO, 64131",Sales,Kansas City,16.7,12/30/1899 1:16:00 PM
"Bauch, Crona and O'Hara","619 E 23rd St S, Independence, MO, 64055",Fraser Davey,"8200 Holmes Rd, Kansas City, MO, 64131",Sales,Kansas City,16.9,12/30/1899 12:50:00 PM
Hegmann Inc,"14825 E 42nd St S Ste 110, Independence, MO, 64055",Fraser Davey,"8200 Holmes Rd, Kansas City, MO, 64131",Sales,Kansas City,17,12/30/1899 11:13:00 AM
Wolff Group,"147 E Lexington Ave, Independence, MO, 64050",Fraser Davey,"8200 Holmes Rd, Kansas City, MO, 64131",Sales,Kansas City,17.6,12/30/1899 10:10:00 AM
"Wintheiser, Rice and Altenwerth","4200 Little Blue Pkwy Ste 420, Independence, MO, 64057",Fraser Davey,"8200 Holmes Rd, Kansas City, MO, 64131",Sales,Kansas City,22.3,12/30/1899 11:01:00 AM
Harvey-Pfeffer,"4200 Little Blue Pkwy Ste 490, Independence, MO, 64057",Fraser Davey,"8200 Holmes Rd, Kansas City, MO, 64131",Sales,Kansas City,22.3,12/30/1899 5:26:00 PM
Kutch Group,"106 W 11th St Ste 1107, Kansas City, MO, 64105",Hussain Mullins,"8630 Haskell Ave, Kansas City, MO, 66109",Sales,Kansas City,12.7,12/30/1899 8:13:00 AM
Rempel Inc,"920 Main St Ste 100, Kansas City, MO, 64105",Hussain Mullins,"8630 Haskell Ave, Kansas City, MO, 66109",Sales,Kansas City,12.9,12/30/1899 10:58:00 AM
Keeling LLC,"715 May St, Kansas City, MO, 64105",Hussain Mullins,"8630 Haskell Ave, Kansas City, MO, 66109",Sales,Kansas City,12.9,12/30/1899 1:47:00 PM
"Waelchi, Ebert and Abernathy","511 Delaware St, Kansas City, MO, 64105",Hussain Mullins,"8630 Haskell Ave, Kansas City, MO, 66109",Sales,Kansas City,13,12/30/1899 12:22:00 PM
Wuckert Inc,"218 Delaware St Ste 107, Kansas City, MO, 64105",Hussain Mullins,"8630 Haskell Ave, Kansas City, MO, 66109",Sales,Kansas City,13.1,12/30/1899 11:16:00 AM
"Boyer, Bayer and Parisian","1616 Grand Blvd, Kansas City, MO, 64108",Hussain Mullins,"8630 Haskell Ave, Kansas City, MO, 66109",Sales,Kansas City,13.2,12/30/1899 4:03:00 PM
Goldner and Sons,"150 NW Richards Rd, Kansas City, MO, 64116",Hussain Mullins,"8630 Haskell Ave, Kansas City, MO, 66109",Sales,Kansas City,13.5,12/30/1899 8:20:00 AM
Goldner and Sons,"150 NW Richards Rd, Kansas City, MO, 64116",Hussain Mullins,"8630 Haskell Ave, Kansas City, MO, 66109",Sales,Kansas City,13.5,12/30/1899 11:35:00 AM
Goldner and Sons,"150 NW Richards Rd, Kansas City, MO, 64116",Hussain Mullins,"8630 Haskell Ave, Kansas City, MO, 66109",Sales,Kansas City,13.5,12/30/1899 1:12:00 PM
Bosco-Schimmel,"2537 Madison Ave, Kansas City, MO, 64108",Hussain Mullins,"8630 Haskell Ave, Kansas City, MO, 66109",Sales,Kansas City,13.7,12/30/1899 2:25:00 PM
"Lockman, Kshlerin and Casper","1721 Westport Rd, Kansas City, MO, 64111",Hussain Mullins,"8630 Haskell Ave, Kansas City, MO, 66109",Sales,Kansas City,13.9,12/30/1899 8:23:00 AM
"Lockman, Kshlerin and Casper","1721 Westport Rd, Kansas City, MO, 64111",Hussain Mullins,"8630 Haskell Ave, Kansas City, MO, 66109",Sales,Kansas City,13.9,12/30/1899 4:52:00 PM
Spinka and Sons,"929 Walnut St, Kansas City, MO, 64106",Hussain Mullins,"8630 Haskell Ave, Kansas City, MO, 66109",Sales,Kansas City,14,12/30/1899 9:15:00 AM
Cartwright-Ziemann,"1000 Walnut St Ste 500, Kansas City, MO, 64106",Hussain Mullins,"8630 Haskell Ave, Kansas City, MO, 66109",Sales,Kansas City,14,12/30/1899 4:33:00 PM
Ritchie and Sons,"1125 Grand Blvd Ste 1100, Kansas City, MO, 64106",Hussain Mullins,"8630 Haskell Ave, Kansas City, MO, 66109",Sales,Kansas City,14.1,12/30/1899 10:27:00 AM
Schumm and Sons,"1113 E 13th St, Kansas City, MO, 64106",Hussain Mullins,"8630 Haskell Ave, Kansas City, MO, 66109",Sales,Kansas City,14.1,12/30/1899 12:20:00 PM
Bernier Group,"1201 Walnut St Ste 2000, Kansas City, MO, 64106",Hussain Mullins,"8630 Haskell Ave, Kansas City, MO, 66109",Sales,Kansas City,14.2,12/30/1899 3:39:00 PM
"Hackett, Robel and Hermann","1600 Olive St, Kansas City, MO, 64127",Hussain Mullins,"8630 Haskell Ave, Kansas City, MO, 66109",Sales,Kansas City,14.7,12/30/1899 9:42:00 AM
"Trantow, Sauer and Boyer","304 W 8th St, Kansas City, MO, 64105",Hussain Mullins,"8630 Haskell Ave, Kansas City, MO, 66109",Sales,Kansas City,14.7,12/30/1899 4:19:00 PM
Streich-Boyer,"4510 Belleview Ave, Kansas City, MO, 64111",Hussain Mullins,"8630 Haskell Ave, Kansas City, MO, 66109",Sales,Kansas City,14.8,12/30/1899 11:29:00 AM
Jerde-Cartwright,"2345 Grand Blvd, Kansas City, MO, 64108",Hussain Mullins,"8630 Haskell Ave, Kansas City, MO, 66109",Sales,Kansas City,14.8,12/30/1899 4:15:00 PM
Ankunding LLC,"2600 Grand Blvd Ste 440, Kansas City, MO, 64108",Hussain Mullins,"8630 Haskell Ave, Kansas City, MO, 66109",Sales,Kansas City,14.9,12/30/1899 9:38:00 AM
Sauer-Renner,"1210 E Truman Rd, Kansas City, MO, 64106",Hussain Mullins,"8630 Haskell Ave, Kansas City, MO, 66109",Sales,Kansas City,14.9,12/30/1899 11:07:00 AM
Sauer-Renner,"1210 E Truman Rd, Kansas City, MO, 64106",Hussain Mullins,"8630 Haskell Ave, Kansas City, MO, 66109",Sales,Kansas City,14.9,12/30/1899 4:18:00 PM
"Wisoky, Boyer and Hessel","4050 Pennsylvania Ave Ste 115, Kansas City, MO, 64111",Hussain Mullins,"8630 Haskell Ave, Kansas City, MO, 66109",Sales,Kansas City,15.3,12/30/1899 10:32:00 AM
Schuppe-Marks,"4420 Madison Ave, Kansas City, MO, 64111",Hussain Mullins,"8630 Haskell Ave, Kansas City, MO, 66109",Sales,Kansas City,15.7,12/30/1899 2:35:00 PM
Abernathy-Thompson,"4520 Madison Ave Ste 100, Kansas City, MO, 64111",Hussain Mullins,"8630 Haskell Ave, Kansas City, MO, 66109",Sales,Kansas City,15.8,12/30/1899 5:39:00 PM
Emmerich LLC,"4700 Roanoke Pkwy, Kansas City, MO, 64112",Hussain Mullins,"8630 Haskell Ave, Kansas City, MO, 66109",Sales,Kansas City,16,12/30/1899 8:10:00 AM
Emmerich LLC,"4700 Roanoke Pkwy, Kansas City, MO, 64112",Hussain Mullins,"8630 Haskell Ave, Kansas City, MO, 66109",Sales,Kansas City,16,12/30/1899 11:10:00 AM
Grant-Mayert,"4512 Roanoke Pkwy, Kansas City, MO, 64111",Hussain Mullins,"8630 Haskell Ave, Kansas City, MO, 66109",Sales,Kansas City,16,12/30/1899 12:50:00 PM
Connelly-Brown,"700 W 47th St Ste 1000, Kansas City, MO, 64112",Hussain Mullins,"8630 Haskell Ave, Kansas City, MO, 66109",Sales,Kansas City,16.1,12/30/1899 3:46:00 PM
Jerde-Macejkovic,"700 W 47th St, Kansas City, MO, 64112",Hussain Mullins,"8630 Haskell Ave, Kansas City, MO, 66109",Sales,Kansas City,16.1,12/30/1899 5:55:00 PM
Hegmann Group,"212 Emanuel Cleaver Ii Blvd, Kansas City, MO, 64112",Hussain Mullins,"8630 Haskell Ave, Kansas City, MO, 66109",Sales,Kansas City,16.2,12/30/1899 1:39:00 PM
Bogisich LLC,"444 W 47th St, Kansas City, MO, 64112",Hussain Mullins,"8630 Haskell Ave, Kansas City, MO, 66109",Sales,Kansas City,16.2,12/30/1899 1:52:00 PM
"Borer, Quitzon and Abbott","801 W 47th St Ste 202, Kansas City, MO, 64112",Hussain Mullins,"8630 Haskell Ave, Kansas City, MO, 66109",Sales,Kansas City,16.2,12/30/1899 4:09:00 PM
Paucek Group,"4550 Main St, Kansas City, MO, 64111",Hussain Mullins,"8630 Haskell Ave, Kansas City, MO, 66109",Sales,Kansas City,16.3,12/30/1899 10:56:00 AM
"Bauch, Stiedemann and Conn","435 Nichols Rd, Kansas City, MO, 64112",Hussain Mullins,"8630 Haskell Ave, Kansas City, MO, 66109",Sales,Kansas City,16.3,12/30/1899 5:03:00 PM
Mraz-Altenwerth,"4800 Main St Ste 263, Kansas City, MO, 64112",Hussain Mullins,"8630 Haskell Ave, Kansas City, MO, 66109",Sales,Kansas City,16.4,12/30/1899 8:51:00 AM
Osinski-Keeling,"4705 Central St, Kansas City, MO, 64112",Hussain Mullins,"8630 Haskell Ave, Kansas City, MO, 66109",Sales,Kansas City,16.4,12/30/1899 1:43:00 PM
"Heller, Blick and Shanahan","315 Nichols Rd Ste 250, Kansas City, MO, 64112",Hussain Mullins,"8630 Haskell Ave, Kansas City, MO, 66109",Sales,Kansas City,16.4,12/30/1899 3:29:00 PM
Graham Group,"4901 Main St Ste 210, Kansas City, MO, 64112",Hussain Mullins,"8630 Haskell Ave, Kansas City, MO, 66109",Sales,Kansas City,16.4,12/30/1899 4:52:00 PM
Kris-Muller,"4741 Central St Ste 447, Kansas City, MO, 64112",Hussain Mullins,"8630 Haskell Ave, Kansas City, MO, 66109",Sales,Kansas City,16.6,12/30/1899 8:30:00 AM
Schroeder Group,"8826 Santa Fe Dr Ste 207, Overland Park, KS, 66212",Hussain Mullins,"8630 Haskell Ave, Kansas City, MO, 66109",Sales,Kansas City,18,12/30/1899 3:55:00 PM
Koss Group,"9426 Reeder Dr, Overland Park, KS, 66214",Hussain Mullins,"8630 Haskell Ave, Kansas City, MO, 66109",Sales,Kansas City,18.9,12/30/1899 1:13:00 PM
"Goodwin, Cruickshank and Lowe","1225 S Glenwood Ave, Independence, MO, 64052",Hussain Mullins,"8630 Haskell Ave, Kansas City, MO, 66109",Sales,Kansas City,19.3,12/30/1899 12:16:00 PM
Bode and Sons,"12345 College Blvd, Overland Park, KS, 66210",Hussain Mullins,"8630 Haskell Ave, Kansas City, MO, 66109",Sales,Kansas City,19.3,12/30/1899 4:11:00 PM
Bednar-Macejkovic,"10324 Mastin St, Overland Park, KS, 66212",Hussain Mullins,"8630 Haskell Ave, Kansas City, MO, 66109",Sales,Kansas City,19.9,12/30/1899 8:47:00 AM
Cormier-Schmitt,"10815 E Winner Rd, Independence, MO, 64052",Hussain Mullins,"8630 Haskell Ave, Kansas City, MO, 66109",Sales,Kansas City,20.4,12/30/1899 8:14:00 AM
Crooks-Herzog,"9401 W 87th St, Overland Park, KS, 66212",Hussain Mullins,"8630 Haskell Ave, Kansas City, MO, 66109",Sales,Kansas City,20.4,12/30/1899 12:11:00 PM
Kuphal-Gutkowski,"3421 S Blue Ridge Cut Off, Independence, MO, 64055",Hussain Mullins,"8630 Haskell Ave, Kansas City, MO, 66109",Sales,Kansas City,20.8,12/30/1899 3:42:00 PM
"Erdman, Jacobi and Bauch","10975 Metcalf Ave, Overland Park, KS, 66210",Hussain Mullins,"8630 Haskell Ave, Kansas City, MO, 66109",Sales,Kansas City,21.3,12/30/1899 1:26:00 PM
"Waters, Legros and Stokes","9036 W 95th St Ste 2, Overland Park, KS, 66212",Hussain Mullins,"8630 Haskell Ave, Kansas City, MO, 66109",Sales,Kansas City,21.3,12/30/1899 3:09:00 PM
Hane Group,"10551 Barkley St Ste 102, Overland Park, KS, 66212",Hussain Mullins,"8630 Haskell Ave, Kansas City, MO, 66109",Sales,Kansas City,21.5,12/30/1899 12:16:00 PM
Hane Group,"10551 Barkley St Ste 102, Overland Park, KS, 66212",Hussain Mullins,"8630 Haskell Ave, Kansas City, MO, 66109",Sales,Kansas City,21.5,12/30/1899 5:14:00 PM
"Pfeffer, McGlynn and Stamm","5237 W 95th St, Overland Park, KS, 66207",Hussain Mullins,"8630 Haskell Ave, Kansas City, MO, 66109",Sales,Kansas City,23.9,12/30/1899 8:15:00 AM
Powlowski-Langosh,"14221 Metcalf Ave Ste 102, Overland Park, KS, 66223",Hussain Mullins,"8630 Haskell Ave, Kansas City, MO, 66109",Sales,Kansas City,24.9,12/30/1899 2:41:00 PM
Powlowski-Langosh,"14221 Metcalf Ave Ste 102, Overland Park, KS, 66223",Hussain Mullins,"8630 Haskell Ave, Kansas City, MO, 66109",Sales,Kansas City,24.9,12/30/1899 4:36:00 PM
"Lakin, Beatty and Cremin","6300 W 143rd St, Overland Park, KS, 66223",Hussain Mullins,"8630 Haskell Ave, Kansas City, MO, 66109",Sales,Kansas City,25.1,12/30/1899 10:10:00 AM
"Jaskolski, Steuber and Herzog","6300 W 143rd St Ste 120, Overland Park, KS, 66223",Hussain Mullins,"8630 Haskell Ave, Kansas City, MO, 66109",Sales,Kansas City,25.1,12/30/1899 12:45:00 PM
Hickle Group,"4000 S Bolger Rd, Independence, MO, 64055",Hussain Mullins,"8630 Haskell Ave, Kansas City, MO, 66109",Sales,Kansas City,26.5,12/30/1899 10:18:00 AM
"Stroman, McLaughlin and Kassulke","3737 S Elizabeth St Ste 103, Independence, MO, 64057",Hussain Mullins,"8630 Haskell Ave, Kansas City, MO, 66109",Sales,Kansas City,27,12/30/1899 5:12:00 PM
"Tromp, Pollich and Bednar","3720 Arrowhead Ave Ste 103, Independence, MO, 64057",Hussain Mullins,"8630 Haskell Ave, Kansas City, MO, 66109",Sales,Kansas City,27.1,12/30/1899 11:33:00 AM
Daniel LLC,"19110 E 39th St S, Independence, MO, 64057",Hussain Mullins,"8630 Haskell Ave, Kansas City, MO, 66109",Sales,Kansas City,27.2,12/30/1899 8:03:00 AM
Rau Group,"3200 S State Route 291, Independence, MO, 64057",Hussain Mullins,"8630 Haskell Ave, Kansas City, MO, 66109",Sales,Kansas City,27.6,12/30/1899 3:59:00 PM
"Herzog, Cremin and Maggio","14446 Aberdeen Ct, Overland Park, KS, 66224",Hussain Mullins,"8630 Haskell Ave, Kansas City, MO, 66109",Sales,Kansas City,27.8,12/30/1899 2:52:00 PM
Harvey-Pfeffer,"4200 Little Blue Pkwy Ste 490, Independence, MO, 64057",Hussain Mullins,"8630 Haskell Ave, Kansas City, MO, 66109",Sales,Kansas City,27.9,12/30/1899 10:10:00 AM
"Wintheiser, Rice and Altenwerth","4200 Little Blue Pkwy Ste 420, Independence, MO, 64057",Hussain Mullins,"8630 Haskell Ave, Kansas City, MO, 66109",Sales,Kansas City,27.9,12/30/1899 1:08:00 PM
Stehr LLC,"2400 E R D Mize Rd, Independence, MO, 64057",Hussain Mullins,"8630 Haskell Ave, Kansas City, MO, 66109",Sales,Kansas City,28.7,12/30/1899 11:07:00 AM
"Hackett, Robel and Hermann","1600 Olive St, Kansas City, MO, 64127",India Herman,"2745 Garfield Ave, Kansas City, MO, 64109",Sales,Kansas City,1.4,12/30/1899 10:26:00 AM
"Skiles, Boyle and Franecki","2345 Grand Blvd Ste 400, Kansas City, MO, 64108",India Herman,"2745 Garfield Ave, Kansas City, MO, 64109",Sales,Kansas City,1.8,12/30/1899 2:06:00 PM
Sauer-Renner,"1210 E Truman Rd, Kansas City, MO, 64106",India Herman,"2745 Garfield Ave, Kansas City, MO, 64109",Sales,Kansas City,1.9,12/30/1899 12:05:00 PM
Schuster-Dooley,"1810 Cherry St Ste 100, Kansas City, MO, 64108",India Herman,"2745 Garfield Ave, Kansas City, MO, 64109",Sales,Kansas City,2.1,12/30/1899 2:12:00 PM
Schumm and Sons,"1113 E 13th St, Kansas City, MO, 64106",India Herman,"2745 Garfield Ave, Kansas City, MO, 64109",Sales,Kansas City,2.3,12/30/1899 4:12:00 PM
"Schiller, Kuhlman and Ziemann","2450 Summit St, Kansas City, MO, 64108",India Herman,"2745 Garfield Ave, Kansas City, MO, 64109",Sales,Kansas City,2.5,12/30/1899 3:31:00 PM
Sauer-Gleason,"1015 E 8th St, Kansas City, MO, 64106",India Herman,"2745 Garfield Ave, Kansas City, MO, 64109",Sales,Kansas City,2.7,12/30/1899 1:08:00 PM
Ritchie and Sons,"1125 Grand Blvd Ste 1100, Kansas City, MO, 64106",India Herman,"2745 Garfield Ave, Kansas City, MO, 64109",Sales,Kansas City,2.8,12/30/1899 9:15:00 AM
Terry Inc,"1100 Main St Ste 1610, Kansas City, MO, 64105",India Herman,"2745 Garfield Ave, Kansas City, MO, 64109",Sales,Kansas City,2.9,12/30/1899 4:22:00 PM
"Hoeger, Pagac and Schulist","4049 Pennsylvania Ave Ste 201, Kansas City, MO, 64111",India Herman,"2745 Garfield Ave, Kansas City, MO, 64109",Sales,Kansas City,3.4,12/30/1899 3:13:00 PM
Carroll Group,"314 W 10th St, Kansas City, MO, 64105",India Herman,"2745 Garfield Ave, Kansas City, MO, 64109",Sales,Kansas City,3.4,12/30/1899 3:23:00 PM
"Koelpin, Morar and Lang","106 W 11th St, Kansas City, MO, 64105",India Herman,"2745 Garfield Ave, Kansas City, MO, 64109",Sales,Kansas City,3.5,12/30/1899 8:08:00 AM
Ferry-Gerhold,"4251 Pennsylvania Ave, Kansas City, MO, 64111",India Herman,"2745 Garfield Ave, Kansas City, MO, 64109",Sales,Kansas City,3.6,12/30/1899 5:26:00 PM
Wuckert Inc,"218 Delaware St Ste 107, Kansas City, MO, 64105",India Herman,"2745 Garfield Ave, Kansas City, MO, 64109",Sales,Kansas City,3.7,12/30/1899 2:20:00 PM
Hegmann Group,"212 Emanuel Cleaver Ii Blvd, Kansas City, MO, 64112",India Herman,"2745 Garfield Ave, Kansas City, MO, 64109",Sales,Kansas City,4.1,12/30/1899 12:08:00 PM
"Will, Koelpin and O'Conner","1225 Union Ave, Kansas City, MO, 64101",India Herman,"2745 Garfield Ave, Kansas City, MO, 64109",Sales,Kansas City,4.1,12/30/1899 4:33:00 PM
"Donnelly, Walter and Fisher","4211 Holly St, Kansas City, MO, 64111",India Herman,"2745 Garfield Ave, Kansas City, MO, 64109",Sales,Kansas City,4.2,12/30/1899 8:31:00 AM
Schuppe-Marks,"4420 Madison Ave, Kansas City, MO, 64111",India Herman,"2745 Garfield Ave, Kansas City, MO, 64109",Sales,Kansas City,4.2,12/30/1899 10:19:00 AM
Flatley-Little,"4741 Central St Ste 424, Kansas City, MO, 64112",India Herman,"2745 Garfield Ave, Kansas City, MO, 64109",Sales,Kansas City,4.3,12/30/1899 8:42:00 AM
West-Weissnat,"4801 Main St, Kansas City, MO, 64112",India Herman,"2745 Garfield Ave, Kansas City, MO, 64109",Sales,Kansas City,4.3,12/30/1899 4:08:00 PM
Huels-Wolff,"4800 Main St Ste 236, Kansas City, MO, 64112",India Herman,"2745 Garfield Ave, Kansas City, MO, 64109",Sales,Kansas City,4.3,12/30/1899 4:13:00 PM
"Bauch, Stiedemann and Conn","435 Nichols Rd, Kansas City, MO, 64112",India Herman,"2745 Garfield Ave, Kansas City, MO, 64109",Sales,Kansas City,4.4,12/30/1899 8:16:00 AM
"Goodwin, Gerhold and Predovic","4600 Madison Ave, Kansas City, MO, 64112",India Herman,"2745 Garfield Ave, Kansas City, MO, 64109",Sales,Kansas City,4.4,12/30/1899 9:00:00 AM
Ward Inc,"4706 Holly St, Kansas City, MO, 64112",India Herman,"2745 Garfield Ave, Kansas City, MO, 64109",Sales,Kansas City,4.7,12/30/1899 2:21:00 PM
"Roob, Becker and Balistreri","801 W 47th St Ste 300, Kansas City, MO, 64112",India Herman,"2745 Garfield Ave, Kansas City, MO, 64109",Sales,Kansas City,4.8,12/30/1899 1:15:00 PM
"Greenholt, Lueilwitz and Pacocha","916 W 47th St, Kansas City, MO, 64112",India Herman,"2745 Garfield Ave, Kansas City, MO, 64109",Sales,Kansas City,4.9,12/30/1899 12:34:00 PM
Kuphal-Gutkowski,"3421 S Blue Ridge Cut Off, Independence, MO, 64055",India Herman,"2745 Garfield Ave, Kansas City, MO, 64109",Sales,Kansas City,5.8,12/30/1899 3:14:00 PM
Sauer-Osinski,"4800 Rainbow Blvd Ste 200, Westwood, KS, 66205",India Herman,"2745 Garfield Ave, Kansas City, MO, 64109",Sales,Kansas City,6.4,12/30/1899 8:17:00 AM
"Goodwin, Cruickshank and Lowe","1225 S Glenwood Ave, Independence, MO, 64052",India Herman,"2745 Garfield Ave, Kansas City, MO, 64109",Sales,Kansas City,7.7,12/30/1899 8:05:00 AM
"Goodwin, Cruickshank and Lowe","1225 S Glenwood Ave, Independence, MO, 64052",India Herman,"2745 Garfield Ave, Kansas City, MO, 64109",Sales,Kansas City,7.7,12/30/1899 2:23:00 PM
Padberg-Feeney,"524 S Osage St, Independence, MO, 64050",India Herman,"2745 Garfield Ave, Kansas City, MO, 64109",Sales,Kansas City,8.6,12/30/1899 8:29:00 AM
Corwin-Waters,"201 W Lexington Ave Ste 309, Independence, MO, 64050",India Herman,"2745 Garfield Ave, Kansas City, MO, 64109",Sales,Kansas City,8.9,12/30/1899 2:02:00 PM
Corwin-Waters,"201 W Lexington Ave Ste 309, Independence, MO, 64050",India Herman,"2745 Garfield Ave, Kansas City, MO, 64109",Sales,Kansas City,8.9,12/30/1899 5:13:00 PM
Hegmann Inc,"14825 E 42nd St S Ste 110, Independence, MO, 64055",India Herman,"2745 Garfield Ave, Kansas City, MO, 64109",Sales,Kansas City,9,12/30/1899 8:29:00 AM
Murazik-Kuhn,"1524 E 23rd St S Ste 101, Independence, MO, 64055",India Herman,"2745 Garfield Ave, Kansas City, MO, 64109",Sales,Kansas City,9.5,12/30/1899 10:17:00 AM
Veum-Schinner,"11201 E US Highway 24, Independence, MO, 64054",India Herman,"2745 Garfield Ave, Kansas City, MO, 64109",Sales,Kansas City,9.9,12/30/1899 3:25:00 PM
Veum-Schinner,"11201 E US Highway 24, Independence, MO, 64054",India Herman,"2745 Garfield Ave, Kansas City, MO, 64109",Sales,Kansas City,9.9,12/30/1899 4:41:00 PM
Walker Inc,"1301 S Noland Rd, Independence, MO, 64055",India Herman,"2745 Garfield Ave, Kansas City, MO, 64109",Sales,Kansas City,10.5,12/30/1899 11:54:00 AM
"Tromp, Pollich and Bednar","3720 Arrowhead Ave Ste 103, Independence, MO, 64057",India Herman,"2745 Garfield Ave, Kansas City, MO, 64109",Sales,Kansas City,12.1,12/30/1899 2:54:00 PM
Rau Group,"3200 S State Route 291, Independence, MO, 64057",India Herman,"2745 Garfield Ave, Kansas City, MO, 64109",Sales,Kansas City,12.6,12/30/1899 2:52:00 PM
Macejkovic and Sons,"8119 Robinson St, Shawnee Mission, KS, 66204",India Herman,"2745 Garfield Ave, Kansas City, MO, 64109",Sales,Kansas City,13.9,12/30/1899 4:37:00 PM
"Pfeffer, McGlynn and Stamm","5237 W 95th St, Overland Park, KS, 66207",India Herman,"2745 Garfield Ave, Kansas City, MO, 64109",Sales,Kansas City,14.7,12/30/1899 12:34:00 PM
Mayert LLC,"8826 Santa Fe Dr, Overland Park, KS, 66212",India Herman,"2745 Garfield Ave, Kansas City, MO, 64109",Sales,Kansas City,15.4,12/30/1899 4:38:00 PM
Little Inc,"19208 E 17th Terrace Ct S, Independence, MO, 64057",India Herman,"2745 Garfield Ave, Kansas City, MO, 64109",Sales,Kansas City,15.7,12/30/1899 2:05:00 PM
"Erdman, Jacobi and Bauch","10975 Metcalf Ave, Overland Park, KS, 66210",India Herman,"2745 Garfield Ave, Kansas City, MO, 64109",Sales,Kansas City,17.2,12/30/1899 1:03:00 PM
Daugherty-Kovacek,"7300 W 110th St Ste 800, Overland Park, KS, 66210",India Herman,"2745 Garfield Ave, Kansas City, MO, 64109",Sales,Kansas City,17.4,12/30/1899 1:59:00 PM
"Crona, Reynolds and Schaefer","10104 w 105th st, Overland Park, KS, 66212",India Herman,"2745 Garfield Ave, Kansas City, MO, 64109",Sales,Kansas City,17.6,12/30/1899 12:35:00 PM
"Marquardt, Robel and Lebsack","7500 College Blvd, Overland Park, KS, 66210",India Herman,"2745 Garfield Ave, Kansas City, MO, 64109",Sales,Kansas City,17.7,12/30/1899 10:53:00 AM
"Marquardt, Robel and Lebsack","7500 College Blvd, Overland Park, KS, 66210",India Herman,"2745 Garfield Ave, Kansas City, MO, 64109",Sales,Kansas City,17.7,12/30/1899 2:28:00 PM
"Murazik, Anderson and Strosin","10561 Barkley St Ste 101, Overland Park, KS, 66212",India Herman,"2745 Garfield Ave, Kansas City, MO, 64109",Sales,Kansas City,17.8,12/30/1899 2:44:00 PM
"Murazik, Anderson and Strosin","10561 Barkley St Ste 101, Overland Park, KS, 66212",India Herman,"2745 Garfield Ave, Kansas City, MO, 64109",Sales,Kansas City,17.8,12/30/1899 3:35:00 PM
Torp-Fritsch,"8695 College Blvd Ste 200, Overland Park, KS, 66210",India Herman,"2745 Garfield Ave, Kansas City, MO, 64109",Sales,Kansas City,18.2,12/30/1899 1:45:00 PM
Gottlieb Group,"7572 W 119th St, Overland Park, KS, 66213",India Herman,"2745 Garfield Ave, Kansas City, MO, 64109",Sales,Kansas City,18.5,12/30/1899 2:10:00 PM
"Hartmann, Baumbach and Zboncak","12980 Metcalf Ave Ste 320, Overland Park, KS, 66213",India Herman,"2745 Garfield Ave, Kansas City, MO, 64109",Sales,Kansas City,19.9,12/30/1899 9:59:00 AM
Kuphal-Gutkowski,"3421 S Blue Ridge Cut Off, Independence, MO, 64055",Jasmine Burgess,"13001 E 58 St, Kansas City, MO, 64133",Sales,Kansas City,4.6,12/30/1899 10:31:00 AM
"Tromp, Murray and Rau","18920 E Valley View Pkwy, Independence, MO, 64055",Jasmine Burgess,"13001 E 58 St, Kansas City, MO, 64133",Sales,Kansas City,5.7,12/30/1899 3:56:00 PM
Mohr Group,"19401 E Us Highway 40, Independence, MO, 64055",Jasmine Burgess,"13001 E 58 St, Kansas City, MO, 64133",Sales,Kansas City,5.8,12/30/1899 8:05:00 AM
Padberg-Feeney,"524 S Osage St, Independence, MO, 64050",Jasmine Burgess,"13001 E 58 St, Kansas City, MO, 64133",Sales,Kansas City,5.8,12/30/1899 10:14:00 AM
Powlowski-Ortiz,"233 W Walnut St, Independence, MO, 64050",Jasmine Burgess,"13001 E 58 St, Kansas City, MO, 64133",Sales,Kansas City,6,12/30/1899 3:30:00 PM
Wolff Group,"147 E Lexington Ave, Independence, MO, 64050",Jasmine Burgess,"13001 E 58 St, Kansas City, MO, 64133",Sales,Kansas City,6.6,12/30/1899 3:52:00 PM
"Tromp, Pollich and Bednar","3720 Arrowhead Ave Ste 103, Independence, MO, 64057",Jasmine Burgess,"13001 E 58 St, Kansas City, MO, 64133",Sales,Kansas City,7.9,12/30/1899 2:20:00 PM
"Tromp, Pollich and Bednar","3720 Arrowhead Ave Ste 103, Independence, MO, 64057",Jasmine Burgess,"13001 E 58 St, Kansas City, MO, 64133",Sales,Kansas City,7.9,12/30/1899 3:47:00 PM
"Cassin, Hermann and Graham","111 Hillside Dr, Independence, MO, 64050",Jasmine Burgess,"13001 E 58 St, Kansas City, MO, 64133",Sales,Kansas City,8.2,12/30/1899 9:28:00 AM
Graham Group,"4901 Main St Ste 210, Kansas City, MO, 64112",Jasmine Burgess,"13001 E 58 St, Kansas City, MO, 64133",Sales,Kansas City,9.6,12/30/1899 3:23:00 PM
"Buckridge, Marquardt and Durgan","1 Ward Pkwy, Kansas City, MO, 64112",Jasmine Burgess,"13001 E 58 St, Kansas City, MO, 64133",Sales,Kansas City,9.8,12/30/1899 5:46:00 PM
Streich LLC,"4741 Central St, Kansas City, MO, 64112",Jasmine Burgess,"13001 E 58 St, Kansas City, MO, 64133",Sales,Kansas City,9.9,12/30/1899 9:09:00 AM
"Heller, Blick and Shanahan","315 Nichols Rd Ste 250, Kansas City, MO, 64112",Jasmine Burgess,"13001 E 58 St, Kansas City, MO, 64133",Sales,Kansas City,10,12/30/1899 3:58:00 PM
Larson-O'Kon,"605 W 47th St Ste 350, Kansas City, MO, 64112",Jasmine Burgess,"13001 E 58 St, Kansas City, MO, 64133",Sales,Kansas City,10.1,12/30/1899 8:32:00 AM
Spinka Group,"4550 Belleview Ave, Kansas City, MO, 64111",Jasmine Burgess,"13001 E 58 St, Kansas City, MO, 64133",Sales,Kansas City,10.8,12/30/1899 9:21:00 AM
Sauer-Renner,"1210 E Truman Rd, Kansas City, MO, 64106",Jasmine Burgess,"13001 E 58 St, Kansas City, MO, 64133",Sales,Kansas City,11,12/30/1899 3:17:00 PM
"Kuhic, Crona and Wunsch","1212 Tracy Ave, Kansas City, MO, 64106",Jasmine Burgess,"13001 E 58 St, Kansas City, MO, 64133",Sales,Kansas City,11.3,12/30/1899 3:19:00 PM
Schumm and Sons,"1113 E 13th St, Kansas City, MO, 64106",Jasmine Burgess,"13001 E 58 St, Kansas City, MO, 64133",Sales,Kansas City,11.4,12/30/1899 3:14:00 PM
"Breitenberg, Abshire and Cronin","400 E 18th St, Kansas City, MO, 64108",Jasmine Burgess,"13001 E 58 St, Kansas City, MO, 64133",Sales,Kansas City,12,12/30/1899 3:09:00 PM
"Robel, Weber and Bernier","1125 Grand Blvd, Kansas City, MO, 64106",Jasmine Burgess,"13001 E 58 St, Kansas City, MO, 64133",Sales,Kansas City,12,12/30/1899 3:19:00 PM
Crooks Inc,"2001 Grand Blvd Suite 203, Kansas City, MO, 64108",Jasmine Burgess,"13001 E 58 St, Kansas City, MO, 64133",Sales,Kansas City,12.2,12/30/1899 3:09:00 PM
Brakus-Zemlak,"2323 Grand Blvd Ste 1100, Kansas City, MO, 64108",Jasmine Burgess,"13001 E 58 St, Kansas City, MO, 64133",Sales,Kansas City,12.3,12/30/1899 2:58:00 PM
Zemlak-Pacocha,"521 Walnut St, Kansas City, MO, 64106",Jasmine Burgess,"13001 E 58 St, Kansas City, MO, 64133",Sales,Kansas City,12.4,12/30/1899 4:01:00 PM
"Hegmann, Ratke and Hermiston","2405 Grand Blvd, Kansas City, MO, 64108",Jasmine Burgess,"13001 E 58 St, Kansas City, MO, 64133",Sales,Kansas City,12.5,12/30/1899 4:44:00 PM
Nitzsche-Ritchie,"114 W 11th St Ste 700, Kansas City, MO, 64105",Jasmine Burgess,"13001 E 58 St, Kansas City, MO, 64133",Sales,Kansas City,12.6,12/30/1899 12:52:00 PM
"Waelchi, Ebert and Abernathy","511 Delaware St, Kansas City, MO, 64105",Jasmine Burgess,"13001 E 58 St, Kansas City, MO, 64133",Sales,Kansas City,12.7,12/30/1899 12:04:00 PM
"Trantow, Sauer and Boyer","304 W 8th St, Kansas City, MO, 64105",Jasmine Burgess,"13001 E 58 St, Kansas City, MO, 64133",Sales,Kansas City,12.7,12/30/1899 5:55:00 PM
"Powlowski, Cruickshank and Schultz","111 W 10th St, Kansas City, MO, 64105",Jasmine Burgess,"13001 E 58 St, Kansas City, MO, 64133",Sales,Kansas City,12.8,12/30/1899 4:11:00 PM
Hessel-Schmeler,"30 W Pershing Rd, Kansas City, MO, 64108",Jasmine Burgess,"13001 E 58 St, Kansas City, MO, 64133",Sales,Kansas City,13.3,12/30/1899 9:35:00 AM
Hessel-Schmeler,"30 W Pershing Rd, Kansas City, MO, 64108",Jasmine Burgess,"13001 E 58 St, Kansas City, MO, 64133",Sales,Kansas City,13.3,12/30/1899 1:16:00 PM
Hessel-Schmeler,"30 W Pershing Rd, Kansas City, MO, 64108",Jasmine Burgess,"13001 E 58 St, Kansas City, MO, 64133",Sales,Kansas City,13.3,12/30/1899 1:53:00 PM
Goldner and Sons,"150 NW Richards Rd, Kansas City, MO, 64116",Jasmine Burgess,"13001 E 58 St, Kansas City, MO, 64133",Sales,Kansas City,13.5,12/30/1899 9:52:00 AM
"Wisoky, Boyer and Hessel","4050 Pennsylvania Ave Ste 115, Kansas City, MO, 64111",Jasmine Burgess,"13001 E 58 St, Kansas City, MO, 64133",Sales,Kansas City,15.2,12/30/1899 5:32:00 PM
Lockman Group,"900 Westport Rd, Kansas City, MO, 64111",Jasmine Burgess,"13001 E 58 St, Kansas City, MO, 64133",Sales,Kansas City,15.3,12/30/1899 4:02:00 PM
"Jacobs, Mohr and Volkman","4600 Madison Ave Ste 1500, Kansas City, MO, 64112",Jasmine Burgess,"13001 E 58 St, Kansas City, MO, 64133",Sales,Kansas City,15.7,12/30/1899 4:46:00 PM
"Lockman, Kshlerin and Casper","1721 Westport Rd, Kansas City, MO, 64111",Jasmine Burgess,"13001 E 58 St, Kansas City, MO, 64133",Sales,Kansas City,17.3,12/30/1899 4:29:00 PM
"Reilly, Swift and Kiehn","1900 W 47th Pl Ste 200, Mission, KS, 66205",Jasmine Burgess,"13001 E 58 St, Kansas City, MO, 64133",Sales,Kansas City,17.7,12/30/1899 10:57:00 AM
"Murazik, Anderson and Strosin","10561 Barkley St Ste 101, Overland Park, KS, 66212",Jasmine Burgess,"13001 E 58 St, Kansas City, MO, 64133",Sales,Kansas City,17.8,12/30/1899 10:51:00 AM
"Pfeffer, McGlynn and Stamm","5237 W 95th St, Overland Park, KS, 66207",Jasmine Burgess,"13001 E 58 St, Kansas City, MO, 64133",Sales,Kansas City,18,12/30/1899 3:46:00 PM
Gottlieb Group,"7572 W 119th St, Overland Park, KS, 66213",Jasmine Burgess,"13001 E 58 St, Kansas City, MO, 64133",Sales,Kansas City,18.5,12/30/1899 8:46:00 AM
Blick-Yost,"7223 W 95th St Suite 220, Shawnee Mission, KS, 66212",Jasmine Burgess,"13001 E 58 St, Kansas City, MO, 64133",Sales,Kansas City,19,12/30/1899 4:14:00 PM
"Crona, Reynolds and Schaefer","10104 w 105th st, Overland Park, KS, 66212",Jasmine Burgess,"13001 E 58 St, Kansas City, MO, 64133",Sales,Kansas City,20.3,12/30/1899 2:01:00 PM
Spinka-Fahey,"12595 Antioch Rd, Overland Park, KS, 66213",Jasmine Burgess,"13001 E 58 St, Kansas City, MO, 64133",Sales,Kansas City,20.5,12/30/1899 4:02:00 PM
Schroeder Group,"8826 Santa Fe Dr Ste 207, Overland Park, KS, 66212",Jasmine Burgess,"13001 E 58 St, Kansas City, MO, 64133",Sales,Kansas City,21,12/30/1899 12:35:00 PM
Koss Group,"9426 Reeder Dr, Overland Park, KS, 66214",Jasmine Burgess,"13001 E 58 St, Kansas City, MO, 64133",Sales,Kansas City,21,12/30/1899 1:34:00 PM
"Fisher, Hartmann and Kub","9120 Nieman Rd, Overland Park, KS, 66214",Jasmine Burgess,"13001 E 58 St, Kansas City, MO, 64133",Sales,Kansas City,21.3,12/30/1899 1:56:00 PM
Harber-Crooks,"9036 W 95th St, Overland Park, KS, 66212",Jasmine Burgess,"13001 E 58 St, Kansas City, MO, 64133",Sales,Kansas City,21.5,12/30/1899 2:48:00 PM
"Bayer, Mraz and Quitzon","9040 Cody St, Overland Park, KS, 66214",Jasmine Burgess,"13001 E 58 St, Kansas City, MO, 64133",Sales,Kansas City,21.8,12/30/1899 8:09:00 AM
Goldner-Nader,"10900 W 86th St Ste 100, Overland Park, KS, 66214",Jasmine Burgess,"13001 E 58 St, Kansas City, MO, 64133",Sales,Kansas City,22.1,12/30/1899 9:31:00 AM
Kemmer-Feil,"11808 Quivira Rd, Overland Park, KS, 66210",Jasmine Burgess,"13001 E 58 St, Kansas City, MO, 64133",Sales,Kansas City,22.1,12/30/1899 5:13:00 PM
Goldner-Nader,"10900 W 86th St Ste 100, Overland Park, KS, 66214",Jasmine Burgess,"13001 E 58 St, Kansas City, MO, 64133",Sales,Kansas City,22.1,12/30/1899 5:15:00 PM
"Flatley, Jaskolski and Weber","7709 W 151st St, Overland Park, KS, 66223",Jasmine Burgess,"13001 E 58 St, Kansas City, MO, 64133",Sales,Kansas City,25.4,12/30/1899 8:45:00 AM
Schmitt Group,"7111 W 151st St, Overland Park, KS, 66223",Jasmine Burgess,"13001 E 58 St, Kansas City, MO, 64133",Sales,Kansas City,25.7,12/30/1899 2:22:00 PM
"Maggio, Lehner and Kautzer","4800 Rainbow Blvd, Westwood, KS, 66205",Josh Thorne,"4200 W 53rd Terrace, Roeland Park, KS, 66205",Sales,Kansas City,2,12/30/1899 10:56:00 AM
Sauer-Osinski,"4800 Rainbow Blvd Ste 200, Westwood, KS, 66205",Josh Thorne,"4200 W 53rd Terrace, Roeland Park, KS, 66205",Sales,Kansas City,2,12/30/1899 4:35:00 PM
"Reilly, Swift and Kiehn","1900 W 47th Pl Ste 200, Mission, KS, 66205",Josh Thorne,"4200 W 53rd Terrace, Roeland Park, KS, 66205",Sales,Kansas City,2.3,12/30/1899 10:36:00 AM
"Jacobi, Morar and Jacobson","1901 W 47th Pl, Mission, KS, 66205",Josh Thorne,"4200 W 53rd Terrace, Roeland Park, KS, 66205",Sales,Kansas City,2.4,12/30/1899 1:31:00 PM
Osinski-Keeling,"4705 Central St, Kansas City, MO, 64112",Josh Thorne,"4200 W 53rd Terrace, Roeland Park, KS, 66205",Sales,Kansas City,2.9,12/30/1899 11:11:00 AM
"Lockman, Kshlerin and Casper","1721 Westport Rd, Kansas City, MO, 64111",Josh Thorne,"4200 W 53rd Terrace, Roeland Park, KS, 66205",Sales,Kansas City,2.9,12/30/1899 3:52:00 PM
Grant-Mayert,"4512 Roanoke Pkwy, Kansas City, MO, 64111",Josh Thorne,"4200 W 53rd Terrace, Roeland Park, KS, 66205",Sales,Kansas City,2.9,12/30/1899 4:42:00 PM
"Schimmel, Spinka and Lakin","4505 Madison Ave, Kansas City, MO, 64111",Josh Thorne,"4200 W 53rd Terrace, Roeland Park, KS, 66205",Sales,Kansas City,3,12/30/1899 3:20:00 PM
Huels-Wolff,"4800 Main St Ste 236, Kansas City, MO, 64112",Josh Thorne,"4200 W 53rd Terrace, Roeland Park, KS, 66205",Sales,Kansas City,3.1,12/30/1899 5:29:00 PM
Rowe-Dickens,"4443 Jefferson St, Kansas City, MO, 64111",Josh Thorne,"4200 W 53rd Terrace, Roeland Park, KS, 66205",Sales,Kansas City,3.3,12/30/1899 2:18:00 PM
Kutch-MacGyver,"231 E 46th St Apt 2w, Kansas City, MO, 64112",Josh Thorne,"4200 W 53rd Terrace, Roeland Park, KS, 66205",Sales,Kansas City,3.5,12/30/1899 3:46:00 PM
"Pfeffer, McGlynn and Stamm","5237 W 95th St, Overland Park, KS, 66207",Josh Thorne,"4200 W 53rd Terrace, Roeland Park, KS, 66205",Sales,Kansas City,5.9,12/30/1899 11:04:00 AM
"Pfeffer, McGlynn and Stamm","5237 W 95th St, Overland Park, KS, 66207",Josh Thorne,"4200 W 53rd Terrace, Roeland Park, KS, 66205",Sales,Kansas City,5.9,12/30/1899 4:25:00 PM
Schroeder Group,"8826 Santa Fe Dr Ste 207, Overland Park, KS, 66212",Josh Thorne,"4200 W 53rd Terrace, Roeland Park, KS, 66205",Sales,Kansas City,6.7,12/30/1899 11:44:00 AM
Hessel-Schmeler,"30 W Pershing Rd, Kansas City, MO, 64108",Josh Thorne,"4200 W 53rd Terrace, Roeland Park, KS, 66205",Sales,Kansas City,6.8,12/30/1899 12:16:00 PM
Jerde-Cartwright,"2345 Grand Blvd, Kansas City, MO, 64108",Josh Thorne,"4200 W 53rd Terrace, Roeland Park, KS, 66205",Sales,Kansas City,6.9,12/30/1899 12:04:00 PM
Schumm-Vandervort,"2345 Grand Blvd Ste 2100, Kansas City, MO, 64108",Josh Thorne,"4200 W 53rd Terrace, Roeland Park, KS, 66205",Sales,Kansas City,6.9,12/30/1899 4:25:00 PM
Hauck and Sons,"2400 Pershing Rd, Kansas City, MO, 64108",Josh Thorne,"4200 W 53rd Terrace, Roeland Park, KS, 66205",Sales,Kansas City,7.1,12/30/1899 9:45:00 AM
Nitzsche-Ritchie,"114 W 11th St Ste 700, Kansas City, MO, 64105",Josh Thorne,"4200 W 53rd Terrace, Roeland Park, KS, 66205",Sales,Kansas City,7.2,12/30/1899 10:54:00 AM
"Koelpin, Morar and Lang","106 W 11th St, Kansas City, MO, 64105",Josh Thorne,"4200 W 53rd Terrace, Roeland Park, KS, 66205",Sales,Kansas City,7.2,12/30/1899 3:50:00 PM
Kutch Group,"106 W 11th St Ste 1107, Kansas City, MO, 64105",Josh Thorne,"4200 W 53rd Terrace, Roeland Park, KS, 66205",Sales,Kansas City,7.2,12/30/1899 4:54:00 PM
"Koelpin, Morar and Lang","106 W 11th St, Kansas City, MO, 64105",Josh Thorne,"4200 W 53rd Terrace, Roeland Park, KS, 66205",Sales,Kansas City,7.2,12/30/1899 4:55:00 PM
Block and Sons,"1111 Main St Ste 450, Kansas City, MO, 64105",Josh Thorne,"4200 W 53rd Terrace, Roeland Park, KS, 66205",Sales,Kansas City,7.2,12/30/1899 5:26:00 PM
Crooks-Kutch,"1201 Walnut St, Kansas City, MO, 64106",Josh Thorne,"4200 W 53rd Terrace, Roeland Park, KS, 66205",Sales,Kansas City,7.3,12/30/1899 5:04:00 PM
Rempel Inc,"920 Main St Ste 100, Kansas City, MO, 64105",Josh Thorne,"4200 W 53rd Terrace, Roeland Park, KS, 66205",Sales,Kansas City,7.4,12/30/1899 10:11:00 AM
"Trantow, Sauer and Boyer","304 W 8th St, Kansas City, MO, 64105",Josh Thorne,"4200 W 53rd Terrace, Roeland Park, KS, 66205",Sales,Kansas City,7.4,12/30/1899 4:45:00 PM
Cartwright-Ziemann,"1000 Walnut St Ste 500, Kansas City, MO, 64106",Josh Thorne,"4200 W 53rd Terrace, Roeland Park, KS, 66205",Sales,Kansas City,7.5,12/30/1899 9:09:00 AM
Adams-Mann,"929 Walnut, Suite 300, Kansas City, MO, 64106",Josh Thorne,"4200 W 53rd Terrace, Roeland Park, KS, 66205",Sales,Kansas City,7.5,12/30/1899 1:20:00 PM
Cartwright-Ziemann,"1000 Walnut St Ste 500, Kansas City, MO, 64106",Josh Thorne,"4200 W 53rd Terrace, Roeland Park, KS, 66205",Sales,Kansas City,7.5,12/30/1899 3:12:00 PM
Crooks-Mitchell,"10551 Barkley St Ste 507, Overland Park, KS, 66212",Josh Thorne,"4200 W 53rd Terrace, Roeland Park, KS, 66205",Sales,Kansas City,7.8,12/30/1899 9:52:00 AM
Hane Group,"10551 Barkley St Ste 102, Overland Park, KS, 66212",Josh Thorne,"4200 W 53rd Terrace, Roeland Park, KS, 66205",Sales,Kansas City,7.8,12/30/1899 10:42:00 AM
Wuckert Inc,"218 Delaware St Ste 107, Kansas City, MO, 64105",Josh Thorne,"4200 W 53rd Terrace, Roeland Park, KS, 66205",Sales,Kansas City,7.9,12/30/1899 10:15:00 AM
"Goodwin, Beer and Rutherford","1325 Tracy Ave, Kansas City, MO, 64106",Josh Thorne,"4200 W 53rd Terrace, Roeland Park, KS, 66205",Sales,Kansas City,8,12/30/1899 8:39:00 AM
Fadel-Schuster,"11656 W 75th St, Overland Park, KS, 66214",Josh Thorne,"4200 W 53rd Terrace, Roeland Park, KS, 66205",Sales,Kansas City,8,12/30/1899 9:06:00 AM
Schiller LLC,"10540 Metcalf Ave, Overland Park, KS, 66212",Josh Thorne,"4200 W 53rd Terrace, Roeland Park, KS, 66205",Sales,Kansas City,8,12/30/1899 9:49:00 AM
"Goodwin, Beer and Rutherford","1325 Tracy Ave, Kansas City, MO, 64106",Josh Thorne,"4200 W 53rd Terrace, Roeland Park, KS, 66205",Sales,Kansas City,8,12/30/1899 10:54:00 AM
"Connelly, Dickinson and Corkery","7300 W 110th St Ste 850, Overland Park, KS, 66210",Josh Thorne,"4200 W 53rd Terrace, Roeland Park, KS, 66205",Sales,Kansas City,8.7,12/30/1899 10:24:00 AM
"Connelly, Dickinson and Corkery","7300 W 110th St Ste 850, Overland Park, KS, 66210",Josh Thorne,"4200 W 53rd Terrace, Roeland Park, KS, 66205",Sales,Kansas City,8.7,12/30/1899 3:22:00 PM
Goldner-Nader,"10900 W 86th St Ste 100, Overland Park, KS, 66214",Josh Thorne,"4200 W 53rd Terrace, Roeland Park, KS, 66205",Sales,Kansas City,9,12/30/1899 8:05:00 AM
Goldner-Nader,"10900 W 86th St Ste 100, Overland Park, KS, 66214",Josh Thorne,"4200 W 53rd Terrace, Roeland Park, KS, 66205",Sales,Kansas City,9,12/30/1899 1:24:00 PM
Prosacco LLC,"2912 Flora Ave, Kansas City, MO, 64109",Josh Thorne,"4200 W 53rd Terrace, Roeland Park, KS, 66205",Sales,Kansas City,9.7,12/30/1899 12:19:00 PM
Koss Group,"9426 Reeder Dr, Overland Park, KS, 66214",Josh Thorne,"4200 W 53rd Terrace, Roeland Park, KS, 66205",Sales,Kansas City,10.2,12/30/1899 10:56:00 AM
"Bashirian, Hilll and Sanford","10925 Antioch Rd Ste 204, Overland Park, KS, 66210",Josh Thorne,"4200 W 53rd Terrace, Roeland Park, KS, 66205",Sales,Kansas City,12.3,12/30/1899 4:57:00 PM
"Turner, Botsford and Schoen","8900 Indian Creek Pkwy Ste 270, Overland Park, KS, 66210",Josh Thorne,"4200 W 53rd Terrace, Roeland Park, KS, 66205",Sales,Kansas City,12.4,12/30/1899 3:13:00 PM
"Ortiz, Abshire and Lakin","8400 W 110th St Ste 230, Overland Park, KS, 66210",Josh Thorne,"4200 W 53rd Terrace, Roeland Park, KS, 66205",Sales,Kansas City,12.7,12/30/1899 2:00:00 PM
Torp-Fritsch,"8695 College Blvd Ste 200, Overland Park, KS, 66210",Josh Thorne,"4200 W 53rd Terrace, Roeland Park, KS, 66205",Sales,Kansas City,12.7,12/30/1899 5:53:00 PM
Gottlieb-Altenwerth,"11824 Quivira Rd, Overland Park, KS, 66210",Josh Thorne,"4200 W 53rd Terrace, Roeland Park, KS, 66205",Sales,Kansas City,14.3,12/30/1899 8:03:00 AM
Cormier-Schmitt,"10815 E Winner Rd, Independence, MO, 64052",Josh Thorne,"4200 W 53rd Terrace, Roeland Park, KS, 66205",Sales,Kansas City,14.8,12/30/1899 4:56:00 PM
"White, Kris and Kihn","10313 E Us Highway 24, Independence, MO, 64053",Josh Thorne,"4200 W 53rd Terrace, Roeland Park, KS, 66205",Sales,Kansas City,15,12/30/1899 9:26:00 AM
Veum-Schinner,"11201 E US Highway 24, Independence, MO, 64054",Josh Thorne,"4200 W 53rd Terrace, Roeland Park, KS, 66205",Sales,Kansas City,15.1,12/30/1899 8:01:00 AM
Stark-McGlynn,"10229 E Us Highway 40, Independence, MO, 64055",Josh Thorne,"4200 W 53rd Terrace, Roeland Park, KS, 66205",Sales,Kansas City,15.3,12/30/1899 8:35:00 AM
Corwin-Waters,"201 W Lexington Ave Ste 309, Independence, MO, 64050",Josh Thorne,"4200 W 53rd Terrace, Roeland Park, KS, 66205",Sales,Kansas City,16.3,12/30/1899 9:17:00 AM
"Hartmann, Baumbach and Zboncak","12980 Metcalf Ave Ste 320, Overland Park, KS, 66213",Josh Thorne,"4200 W 53rd Terrace, Roeland Park, KS, 66205",Sales,Kansas City,16.5,12/30/1899 12:27:00 PM
Gutmann and Sons,"12701 Metcalf Ave Ste 201, Overland Park, KS, 66213",Josh Thorne,"4200 W 53rd Terrace, Roeland Park, KS, 66205",Sales,Kansas City,16.9,12/30/1899 5:13:00 PM
Shanahan-Satterfield,"14650 Travis St Apt 20203, Overland Park, KS, 66223",Josh Thorne,"4200 W 53rd Terrace, Roeland Park, KS, 66205",Sales,Kansas City,17.2,12/30/1899 4:57:00 PM
Jakubowski-Miller,"7699 W 151st St, Overland Park, KS, 66223",Josh Thorne,"4200 W 53rd Terrace, Roeland Park, KS, 66205",Sales,Kansas City,17.6,12/30/1899 10:53:00 AM
"Lakin, King and Medhurst","13005 E 40th Ter S, Independence, MO, 64055",Josh Thorne,"4200 W 53rd Terrace, Roeland Park, KS, 66205",Sales,Kansas City,17.7,12/30/1899 9:07:00 AM
Stehr LLC,"2400 E R D Mize Rd, Independence, MO, 64057",Josh Thorne,"4200 W 53rd Terrace, Roeland Park, KS, 66205",Sales,Kansas City,23,12/30/1899 11:01:00 AM
Wolf Inc,"2112 S State Route 291 Ste B, Independence, MO, 64057",Josh Thorne,"4200 W 53rd Terrace, Roeland Park, KS, 66205",Sales,Kansas City,23.2,12/30/1899 3:53:00 PM
"Olson, Robel and Renner","2107 W 49th Ter, Westwood Hills, KS, 66205",Jovan Yang,"5755 Windsor Dr, Fairway, KS, 66205",Sales,Kansas City,1.9,12/30/1899 10:36:00 AM
"Olson, Robel and Renner","2107 W 49th Ter, Westwood Hills, KS, 66205",Jovan Yang,"5755 Windsor Dr, Fairway, KS, 66205",Sales,Kansas City,1.9,12/30/1899 5:07:00 PM
Ward Inc,"4706 Holly St, Kansas City, MO, 64112",Jovan Yang,"5755 Windsor Dr, Fairway, KS, 66205",Sales,Kansas City,2.5,12/30/1899 10:10:00 AM
"Bauch, Stiedemann and Conn","435 Nichols Rd, Kansas City, MO, 64112",Jovan Yang,"5755 Windsor Dr, Fairway, KS, 66205",Sales,Kansas City,2.7,12/30/1899 9:28:00 AM
"Bauch, Stiedemann and Conn","435 Nichols Rd, Kansas City, MO, 64112",Jovan Yang,"5755 Windsor Dr, Fairway, KS, 66205",Sales,Kansas City,2.7,12/30/1899 1:41:00 PM
Franecki-Steuber,"800 W 47th St Ste 430, Kansas City, MO, 64112",Jovan Yang,"5755 Windsor Dr, Fairway, KS, 66205",Sales,Kansas City,2.7,12/30/1899 3:09:00 PM
Streich-Boyer,"4510 Belleview Ave, Kansas City, MO, 64111",Jovan Yang,"5755 Windsor Dr, Fairway, KS, 66205",Sales,Kansas City,2.8,12/30/1899 9:57:00 AM
Streich LLC,"4741 Central St, Kansas City, MO, 64112",Jovan Yang,"5755 Windsor Dr, Fairway, KS, 66205",Sales,Kansas City,2.8,12/30/1899 10:50:00 AM
"Heller, Blick and Shanahan","315 Nichols Rd Ste 250, Kansas City, MO, 64112",Jovan Yang,"5755 Windsor Dr, Fairway, KS, 66205",Sales,Kansas City,2.8,12/30/1899 12:58:00 PM
Spinka Group,"4550 Belleview Ave, Kansas City, MO, 64111",Jovan Yang,"5755 Windsor Dr, Fairway, KS, 66205",Sales,Kansas City,2.8,12/30/1899 1:37:00 PM
Kris-Muller,"4741 Central St Ste 447, Kansas City, MO, 64112",Jovan Yang,"5755 Windsor Dr, Fairway, KS, 66205",Sales,Kansas City,2.8,12/30/1899 2:06:00 PM
"Schimmel, Spinka and Lakin","4505 Madison Ave, Kansas City, MO, 64111",Jovan Yang,"5755 Windsor Dr, Fairway, KS, 66205",Sales,Kansas City,2.9,12/30/1899 4:04:00 PM
Abernathy-Thompson,"4520 Madison Ave Ste 100, Kansas City, MO, 64111",Jovan Yang,"5755 Windsor Dr, Fairway, KS, 66205",Sales,Kansas City,3,12/30/1899 8:41:00 AM
Von Inc,"330 W 47th St, Kansas City, MO, 64112",Jovan Yang,"5755 Windsor Dr, Fairway, KS, 66205",Sales,Kansas City,3,12/30/1899 10:22:00 AM
Terry-Brown,"4717 Grand Ave, Kansas City, MO, 64112",Jovan Yang,"5755 Windsor Dr, Fairway, KS, 66205",Sales,Kansas City,3.2,12/30/1899 3:16:00 PM
Hegmann Group,"212 Emanuel Cleaver Ii Blvd, Kansas City, MO, 64112",Jovan Yang,"5755 Windsor Dr, Fairway, KS, 66205",Sales,Kansas City,3.2,12/30/1899 4:33:00 PM
"Hoeger, Pagac and Schulist","4049 Pennsylvania Ave Ste 201, Kansas City, MO, 64111",Jovan Yang,"5755 Windsor Dr, Fairway, KS, 66205",Sales,Kansas City,3.5,12/30/1899 11:20:00 AM
Kutch-MacGyver,"231 E 46th St Apt 2w, Kansas City, MO, 64112",Jovan Yang,"5755 Windsor Dr, Fairway, KS, 66205",Sales,Kansas City,3.5,12/30/1899 11:54:00 AM
Kutch-MacGyver,"231 E 46th St Apt 2w, Kansas City, MO, 64112",Jovan Yang,"5755 Windsor Dr, Fairway, KS, 66205",Sales,Kansas City,3.5,12/30/1899 2:20:00 PM
Kutch-MacGyver,"231 E 46th St Apt 2w, Kansas City, MO, 64112",Jovan Yang,"5755 Windsor Dr, Fairway, KS, 66205",Sales,Kansas City,3.5,12/30/1899 3:53:00 PM
Ferry-Gerhold,"4251 Pennsylvania Ave, Kansas City, MO, 64111",Jovan Yang,"5755 Windsor Dr, Fairway, KS, 66205",Sales,Kansas City,3.6,12/30/1899 1:00:00 PM
Bosco-Schimmel,"2537 Madison Ave, Kansas City, MO, 64108",Jovan Yang,"5755 Windsor Dr, Fairway, KS, 66205",Sales,Kansas City,5.3,12/30/1899 10:26:00 AM
"Hills, Goodwin and Hauck","5600 W 95th St Ste 108, Overland Park, KS, 66207",Jovan Yang,"5755 Windsor Dr, Fairway, KS, 66205",Sales,Kansas City,6.6,12/30/1899 11:07:00 AM
Crooks Inc,"2001 Grand Blvd Suite 203, Kansas City, MO, 64108",Jovan Yang,"5755 Windsor Dr, Fairway, KS, 66205",Sales,Kansas City,6.6,12/30/1899 12:06:00 PM
Kutch Group,"106 W 11th St Ste 1107, Kansas City, MO, 64105",Jovan Yang,"5755 Windsor Dr, Fairway, KS, 66205",Sales,Kansas City,7.2,12/30/1899 10:52:00 AM
"Christiansen, Connelly and Carter","330 W 9th St, Kansas City, MO, 64105",Jovan Yang,"5755 Windsor Dr, Fairway, KS, 66205",Sales,Kansas City,7.2,12/30/1899 3:11:00 PM
"Christiansen, Connelly and Carter","330 W 9th St, Kansas City, MO, 64105",Jovan Yang,"5755 Windsor Dr, Fairway, KS, 66205",Sales,Kansas City,7.2,12/30/1899 4:27:00 PM
Terry Inc,"1100 Main St Ste 1610, Kansas City, MO, 64105",Jovan Yang,"5755 Windsor Dr, Fairway, KS, 66205",Sales,Kansas City,7.3,12/30/1899 1:15:00 PM
Crooks-Kutch,"1201 Walnut St, Kansas City, MO, 64106",Jovan Yang,"5755 Windsor Dr, Fairway, KS, 66205",Sales,Kansas City,7.3,12/30/1899 3:58:00 PM
Corkery-Bashirian,"107 W 9th St, Kansas City, MO, 64105",Jovan Yang,"5755 Windsor Dr, Fairway, KS, 66205",Sales,Kansas City,7.4,12/30/1899 10:56:00 AM
Rempel Inc,"920 Main St Ste 100, Kansas City, MO, 64105",Jovan Yang,"5755 Windsor Dr, Fairway, KS, 66205",Sales,Kansas City,7.4,12/30/1899 10:56:00 AM
Fadel-Schuster,"11656 W 75th St, Overland Park, KS, 66214",Jovan Yang,"5755 Windsor Dr, Fairway, KS, 66205",Sales,Kansas City,7.5,12/30/1899 3:48:00 PM
Macejkovic-Wolff,"1600 Genessee St, Kansas City, MO, 64102",Jovan Yang,"5755 Windsor Dr, Fairway, KS, 66205",Sales,Kansas City,7.7,12/30/1899 8:35:00 AM
Schuster-Dooley,"1810 Cherry St Ste 100, Kansas City, MO, 64108",Jovan Yang,"5755 Windsor Dr, Fairway, KS, 66205",Sales,Kansas City,7.7,12/30/1899 12:46:00 PM
"Miller, Orn and Auer","415 Delaware St Ste 2w, Kansas City, MO, 64105",Jovan Yang,"5755 Windsor Dr, Fairway, KS, 66205",Sales,Kansas City,7.8,12/30/1899 8:24:00 AM
"Waelchi, Ebert and Abernathy","511 Delaware St, Kansas City, MO, 64105",Jovan Yang,"5755 Windsor Dr, Fairway, KS, 66205",Sales,Kansas City,7.8,12/30/1899 9:04:00 AM
"Waelchi, Ebert and Abernathy","511 Delaware St, Kansas City, MO, 64105",Jovan Yang,"5755 Windsor Dr, Fairway, KS, 66205",Sales,Kansas City,7.8,12/30/1899 3:19:00 PM
"Wuckert, Kilback and Terry","9401 W 87th St Ste 215, Overland Park, KS, 66212",Jovan Yang,"5755 Windsor Dr, Fairway, KS, 66205",Sales,Kansas City,7.8,12/30/1899 3:57:00 PM
"Wuckert, Kilback and Terry","9401 W 87th St Ste 215, Overland Park, KS, 66212",Jovan Yang,"5755 Windsor Dr, Fairway, KS, 66205",Sales,Kansas City,7.8,12/30/1899 5:00:00 PM
Goldner and Sons,"150 NW Richards Rd, Kansas City, MO, 64116",Jovan Yang,"5755 Windsor Dr, Fairway, KS, 66205",Sales,Kansas City,8.3,12/30/1899 2:47:00 PM
Goldner-Nader,"10900 W 86th St Ste 100, Overland Park, KS, 66214",Jovan Yang,"5755 Windsor Dr, Fairway, KS, 66205",Sales,Kansas City,8.4,12/30/1899 4:54:00 PM
Hane Group,"10551 Barkley St Ste 102, Overland Park, KS, 66212",Jovan Yang,"5755 Windsor Dr, Fairway, KS, 66205",Sales,Kansas City,8.5,12/30/1899 10:05:00 AM
Crooks-Mitchell,"10551 Barkley St Ste 507, Overland Park, KS, 66212",Jovan Yang,"5755 Windsor Dr, Fairway, KS, 66205",Sales,Kansas City,8.5,12/30/1899 11:15:00 AM
Hane Group,"10551 Barkley St Ste 102, Overland Park, KS, 66212",Jovan Yang,"5755 Windsor Dr, Fairway, KS, 66205",Sales,Kansas City,8.5,12/30/1899 3:08:00 PM
"Bayer, Mraz and Quitzon","9040 Cody St, Overland Park, KS, 66214",Jovan Yang,"5755 Windsor Dr, Fairway, KS, 66205",Sales,Kansas City,9,12/30/1899 12:46:00 PM
Jones and Sons,"7101 College Blvd, Overland Park, KS, 66210",Jovan Yang,"5755 Windsor Dr, Fairway, KS, 66205",Sales,Kansas City,9.8,12/30/1899 10:08:00 AM
Jones and Sons,"7101 College Blvd, Overland Park, KS, 66210",Jovan Yang,"5755 Windsor Dr, Fairway, KS, 66205",Sales,Kansas City,9.8,12/30/1899 3:18:00 PM
"Ortiz, Abshire and Lakin","8400 W 110th St Ste 230, Overland Park, KS, 66210",Jovan Yang,"5755 Windsor Dr, Fairway, KS, 66205",Sales,Kansas City,12.1,12/30/1899 5:52:00 PM
Treutel LLC,"7500 College Blvd, Suite 500, Overland Park, KS, 66210",Jovan Yang,"5755 Windsor Dr, Fairway, KS, 66205",Sales,Kansas City,12.5,12/30/1899 11:40:00 AM
White Group,"7500 College Blvd Ste 500, Overland Park, KS, 66210",Jovan Yang,"5755 Windsor Dr, Fairway, KS, 66205",Sales,Kansas City,12.5,12/30/1899 3:21:00 PM
Treutel LLC,"7500 College Blvd, Suite 500, Overland Park, KS, 66210",Jovan Yang,"5755 Windsor Dr, Fairway, KS, 66205",Sales,Kansas City,12.5,12/30/1899 5:58:00 PM
"Herzog, Cremin and Maggio","14446 Aberdeen Ct, Overland Park, KS, 66224",Jovan Yang,"5755 Windsor Dr, Fairway, KS, 66205",Sales,Kansas City,13,12/30/1899 9:40:00 AM
"Herzog, Cremin and Maggio","14446 Aberdeen Ct, Overland Park, KS, 66224",Jovan Yang,"5755 Windsor Dr, Fairway, KS, 66205",Sales,Kansas City,13,12/30/1899 10:42:00 AM
Senger-Price,"11075 Hauser St, Overland Park, KS, 66210",Jovan Yang,"5755 Windsor Dr, Fairway, KS, 66205",Sales,Kansas City,13.2,12/30/1899 8:55:00 AM
Senger-Price,"11075 Hauser St, Overland Park, KS, 66210",Jovan Yang,"5755 Windsor Dr, Fairway, KS, 66205",Sales,Kansas City,13.2,12/30/1899 5:16:00 PM
"Schmitt, Kemmer and Keeling","7570 W 119th St, Overland Park, KS, 66213",Jovan Yang,"5755 Windsor Dr, Fairway, KS, 66205",Sales,Kansas City,13.6,12/30/1899 1:14:00 PM
Gottlieb-Altenwerth,"11824 Quivira Rd, Overland Park, KS, 66210",Jovan Yang,"5755 Windsor Dr, Fairway, KS, 66205",Sales,Kansas City,13.7,12/30/1899 3:43:00 PM
Wyman and Sons,"1815 S Arlington Ave, Independence, MO, 64052",Jovan Yang,"5755 Windsor Dr, Fairway, KS, 66205",Sales,Kansas City,14.6,12/30/1899 9:13:00 AM
Stark-McGlynn,"10229 E Us Highway 40, Independence, MO, 64055",Jovan Yang,"5755 Windsor Dr, Fairway, KS, 66205",Sales,Kansas City,15.3,12/30/1899 9:39:00 AM
"Hartmann, Baumbach and Zboncak","12980 Metcalf Ave Ste 320, Overland Park, KS, 66213",Jovan Yang,"5755 Windsor Dr, Fairway, KS, 66205",Sales,Kansas City,15.9,12/30/1899 5:57:00 PM
Corwin-Waters,"201 W Lexington Ave Ste 309, Independence, MO, 64050",Jovan Yang,"5755 Windsor Dr, Fairway, KS, 66205",Sales,Kansas City,16.3,12/30/1899 12:12:00 PM
Konopelski LLC,"3675 S Noland Rd, Independence, MO, 64055",Jovan Yang,"5755 Windsor Dr, Fairway, KS, 66205",Sales,Kansas City,18.2,12/30/1899 5:02:00 PM
"Gutmann, Fritsch and Kuhlman","14309 E 44th St S, Independence, MO, 64055",Jovan Yang,"5755 Windsor Dr, Fairway, KS, 66205",Sales,Kansas City,18.3,12/30/1899 9:30:00 AM
"Gutmann, Fritsch and Kuhlman","14309 E 44th St S, Independence, MO, 64055",Jovan Yang,"5755 Windsor Dr, Fairway, KS, 66205",Sales,Kansas City,18.3,12/30/1899 5:30:00 PM
"Tromp, Pollich and Bednar","3720 Arrowhead Ave Ste 103, Independence, MO, 64057",Jovan Yang,"5755 Windsor Dr, Fairway, KS, 66205",Sales,Kansas City,21.4,12/30/1899 8:36:00 AM
Mohr Group,"19401 E Us Highway 40, Independence, MO, 64055",Jovan Yang,"5755 Windsor Dr, Fairway, KS, 66205",Sales,Kansas City,22.1,12/30/1899 11:20:00 AM
"Cassin, Hermann and Graham","111 Hillside Dr, Independence, MO, 64050",Jovan Yang,"5755 Windsor Dr, Fairway, KS, 66205",Sales,Kansas City,24.7,12/30/1899 8:56:00 AM
"Pfeffer, Ritchie and Gottlieb","1600 N State Route 291, Independence, MO, 64058",Jovan Yang,"5755 Windsor Dr, Fairway, KS, 66205",Sales,Kansas City,27.3,12/30/1899 4:58:00 PM
Kovacek Group,"609 E 17th St, Kansas City, MO, 64108",Kaeden Feeney,"1552 Euclid Ave, Kansas City, MO, 64127",Sales,Kansas City,1.2,12/30/1899 1:47:00 PM
Crooks-Kutch,"1201 Walnut St, Kansas City, MO, 64106",Kaeden Feeney,"1552 Euclid Ave, Kansas City, MO, 64127",Sales,Kansas City,1.7,12/30/1899 12:30:00 PM
Crooks-Kutch,"1201 Walnut St, Kansas City, MO, 64106",Kaeden Feeney,"1552 Euclid Ave, Kansas City, MO, 64127",Sales,Kansas City,1.7,12/30/1899 12:50:00 PM
Block Group,"324 E 11th St Ste 500, Kansas City, MO, 64106",Kaeden Feeney,"1552 Euclid Ave, Kansas City, MO, 64127",Sales,Kansas City,1.7,12/30/1899 4:20:00 PM
Daniel-Schultz,"2345 Grand Blvd Ste 1650, Kansas City, MO, 64108",Kaeden Feeney,"1552 Euclid Ave, Kansas City, MO, 64127",Sales,Kansas City,1.8,12/30/1899 2:46:00 PM
Crooks Inc,"2001 Grand Blvd Suite 203, Kansas City, MO, 64108",Kaeden Feeney,"1552 Euclid Ave, Kansas City, MO, 64127",Sales,Kansas City,1.8,12/30/1899 5:01:00 PM
Corkery-Bashirian,"107 W 9th St, Kansas City, MO, 64105",Kaeden Feeney,"1552 Euclid Ave, Kansas City, MO, 64127",Sales,Kansas City,2,12/30/1899 8:24:00 AM
Rempel Inc,"920 Main St Ste 100, Kansas City, MO, 64105",Kaeden Feeney,"1552 Euclid Ave, Kansas City, MO, 64127",Sales,Kansas City,2,12/30/1899 10:47:00 AM
Cartwright-Ziemann,"1000 Walnut St Ste 500, Kansas City, MO, 64106",Kaeden Feeney,"1552 Euclid Ave, Kansas City, MO, 64127",Sales,Kansas City,2.3,12/30/1899 11:43:00 AM
Ankunding LLC,"2600 Grand Blvd Ste 440, Kansas City, MO, 64108",Kaeden Feeney,"1552 Euclid Ave, Kansas City, MO, 64127",Sales,Kansas City,2.5,12/30/1899 5:57:00 PM
Hauck and Sons,"2400 Pershing Rd, Kansas City, MO, 64108",Kaeden Feeney,"1552 Euclid Ave, Kansas City, MO, 64127",Sales,Kansas City,2.6,12/30/1899 11:34:00 AM
"Christiansen, Connelly and Carter","330 W 9th St, Kansas City, MO, 64105",Kaeden Feeney,"1552 Euclid Ave, Kansas City, MO, 64127",Sales,Kansas City,3.1,12/30/1899 8:00:00 AM
Bosco-Schimmel,"2537 Madison Ave, Kansas City, MO, 64108",Kaeden Feeney,"1552 Euclid Ave, Kansas City, MO, 64127",Sales,Kansas City,3.3,12/30/1899 4:25:00 PM
"Hoeger, Pagac and Schulist","4049 Pennsylvania Ave Ste 201, Kansas City, MO, 64111",Kaeden Feeney,"1552 Euclid Ave, Kansas City, MO, 64127",Sales,Kansas City,5,12/30/1899 12:50:00 PM
"Pacocha, Nitzsche and Feil","4330 Belleview Ave Ste 300, Kansas City, MO, 64111",Kaeden Feeney,"1552 Euclid Ave, Kansas City, MO, 64127",Sales,Kansas City,5.3,12/30/1899 9:24:00 AM
"Jacobs, Mohr and Volkman","4600 Madison Ave Ste 1500, Kansas City, MO, 64112",Kaeden Feeney,"1552 Euclid Ave, Kansas City, MO, 64127",Sales,Kansas City,5.4,12/30/1899 2:52:00 PM
Hegmann Group,"212 Emanuel Cleaver Ii Blvd, Kansas City, MO, 64112",Kaeden Feeney,"1552 Euclid Ave, Kansas City, MO, 64127",Sales,Kansas City,5.5,12/30/1899 11:38:00 AM
Kris-Muller,"4741 Central St Ste 447, Kansas City, MO, 64112",Kaeden Feeney,"1552 Euclid Ave, Kansas City, MO, 64127",Sales,Kansas City,5.7,12/30/1899 4:26:00 PM
Ward Inc,"4706 Holly St, Kansas City, MO, 64112",Kaeden Feeney,"1552 Euclid Ave, Kansas City, MO, 64127",Sales,Kansas City,5.8,12/30/1899 9:58:00 AM
Smitham LLC,"4800 Main St Ste 262, Kansas City, MO, 64112",Kaeden Feeney,"1552 Euclid Ave, Kansas City, MO, 64127",Sales,Kansas City,5.8,12/30/1899 10:59:00 AM
Huels-Wolff,"4800 Main St Ste 236, Kansas City, MO, 64112",Kaeden Feeney,"1552 Euclid Ave, Kansas City, MO, 64127",Sales,Kansas City,5.8,12/30/1899 1:15:00 PM
Huels-Wolff,"4800 Main St Ste 236, Kansas City, MO, 64112",Kaeden Feeney,"1552 Euclid Ave, Kansas City, MO, 64127",Sales,Kansas City,5.8,12/30/1899 2:00:00 PM
"Bauch, Stiedemann and Conn","435 Nichols Rd, Kansas City, MO, 64112",Kaeden Feeney,"1552 Euclid Ave, Kansas City, MO, 64127",Sales,Kansas City,5.9,12/30/1899 1:06:00 PM
"Lockman, Kshlerin and Casper","1721 Westport Rd, Kansas City, MO, 64111",Kaeden Feeney,"1552 Euclid Ave, Kansas City, MO, 64127",Sales,Kansas City,7,12/30/1899 12:09:00 PM
Kuphal-Gutkowski,"3421 S Blue Ridge Cut Off, Independence, MO, 64055",Kaeden Feeney,"1552 Euclid Ave, Kansas City, MO, 64127",Sales,Kansas City,7.3,12/30/1899 2:12:00 PM
Sauer-Osinski,"4800 Rainbow Blvd Ste 200, Westwood, KS, 66205",Kaeden Feeney,"1552 Euclid Ave, Kansas City, MO, 64127",Sales,Kansas City,7.4,12/30/1899 8:48:00 AM
"Maggio, Lehner and Kautzer","4800 Rainbow Blvd, Westwood, KS, 66205",Kaeden Feeney,"1552 Euclid Ave, Kansas City, MO, 64127",Sales,Kansas City,7.4,12/30/1899 10:23:00 AM
"Reilly, Swift and Kiehn","1900 W 47th Pl Ste 200, Mission, KS, 66205",Kaeden Feeney,"1552 Euclid Ave, Kansas City, MO, 64127",Sales,Kansas City,7.4,12/30/1899 2:09:00 PM
Sauer-Osinski,"4800 Rainbow Blvd Ste 200, Westwood, KS, 66205",Kaeden Feeney,"1552 Euclid Ave, Kansas City, MO, 64127",Sales,Kansas City,7.4,12/30/1899 5:48:00 PM
Weber-Lindgren,"1030h W 23rd St, Independence, MO, 64055",Kaeden Feeney,"1552 Euclid Ave, Kansas City, MO, 64127",Sales,Kansas City,7.8,12/30/1899 10:49:00 AM
Wolff Group,"147 E Lexington Ave, Independence, MO, 64050",Kaeden Feeney,"1552 Euclid Ave, Kansas City, MO, 64127",Sales,Kansas City,8.6,12/30/1899 8:34:00 AM
Wolff Group,"147 E Lexington Ave, Independence, MO, 64050",Kaeden Feeney,"1552 Euclid Ave, Kansas City, MO, 64127",Sales,Kansas City,8.6,12/30/1899 4:36:00 PM
Wolff Group,"147 E Lexington Ave, Independence, MO, 64050",Kaeden Feeney,"1552 Euclid Ave, Kansas City, MO, 64127",Sales,Kansas City,8.6,12/30/1899 5:04:00 PM
"Lakin, King and Medhurst","13005 E 40th Ter S, Independence, MO, 64055",Kaeden Feeney,"1552 Euclid Ave, Kansas City, MO, 64127",Sales,Kansas City,9.8,12/30/1899 9:54:00 AM
"Ritchie, O'Conner and Kling","14310 E 42nd St S, Independence, MO, 64055",Kaeden Feeney,"1552 Euclid Ave, Kansas City, MO, 64127",Sales,Kansas City,10.2,12/30/1899 5:45:00 PM
Nolan and Sons,"6933 W 75th St, Overland Park, KS, 66204",Kaeden Feeney,"1552 Euclid Ave, Kansas City, MO, 64127",Sales,Kansas City,11.8,12/30/1899 3:38:00 PM
Mosciski-Mueller,"7918 Floyd St, Overland Park, KS, 66204",Kaeden Feeney,"1552 Euclid Ave, Kansas City, MO, 64127",Sales,Kansas City,12.3,12/30/1899 1:58:00 PM
Mosciski-Mueller,"7918 Floyd St, Overland Park, KS, 66204",Kaeden Feeney,"1552 Euclid Ave, Kansas City, MO, 64127",Sales,Kansas City,12.3,12/30/1899 2:18:00 PM
Daniel LLC,"19110 E 39th St S, Independence, MO, 64057",Kaeden Feeney,"1552 Euclid Ave, Kansas City, MO, 64127",Sales,Kansas City,13.7,12/30/1899 8:26:00 AM
"Tromp, Murray and Rau","18920 E Valley View Pkwy, Independence, MO, 64055",Kaeden Feeney,"1552 Euclid Ave, Kansas City, MO, 64127",Sales,Kansas City,14.2,12/30/1899 12:26:00 PM
Mann Group,"4710 S Cedar Crest Ct Ste 500, Independence, MO, 64055",Kaeden Feeney,"1552 Euclid Ave, Kansas City, MO, 64127",Sales,Kansas City,14.3,12/30/1899 9:28:00 AM
Mann Group,"4710 S Cedar Crest Ct Ste 500, Independence, MO, 64055",Kaeden Feeney,"1552 Euclid Ave, Kansas City, MO, 64127",Sales,Kansas City,14.3,12/30/1899 11:34:00 AM
Schroeder Group,"8826 Santa Fe Dr Ste 207, Overland Park, KS, 66212",Kaeden Feeney,"1552 Euclid Ave, Kansas City, MO, 64127",Sales,Kansas City,14.3,12/30/1899 4:42:00 PM
"Hills, Goodwin and Hauck","5600 W 95th St Ste 108, Overland Park, KS, 66207",Kaeden Feeney,"1552 Euclid Ave, Kansas City, MO, 64127",Sales,Kansas City,15,12/30/1899 11:41:00 AM
Wolf Inc,"2112 S State Route 291 Ste B, Independence, MO, 64057",Kaeden Feeney,"1552 Euclid Ave, Kansas City, MO, 64127",Sales,Kansas City,15.4,12/30/1899 1:24:00 PM
Harber-Crooks,"9036 W 95th St, Overland Park, KS, 66212",Kaeden Feeney,"1552 Euclid Ave, Kansas City, MO, 64127",Sales,Kansas City,16.1,12/30/1899 10:44:00 AM
Doyle and Sons,"9200 Indian Creek Pkwy Ste 205, Overland Park, KS, 66210",Kaeden Feeney,"1552 Euclid Ave, Kansas City, MO, 64127",Sales,Kansas City,18.2,12/30/1899 8:36:00 AM
Simonis-Will,"11837 College Blvd, Overland Park, KS, 66210",Kaeden Feeney,"1552 Euclid Ave, Kansas City, MO, 64127",Sales,Kansas City,18.5,12/30/1899 12:54:00 PM
Daugherty-Kovacek,"7300 W 110th St Ste 800, Overland Park, KS, 66210",Kaeden Feeney,"1552 Euclid Ave, Kansas City, MO, 64127",Sales,Kansas City,18.8,12/30/1899 1:43:00 PM
"Lindgren, Paucek and Collier","7101 College Blvd Ste 400, Overland Park, KS, 66210",Kaeden Feeney,"1552 Euclid Ave, Kansas City, MO, 64127",Sales,Kansas City,19.2,12/30/1899 4:30:00 PM
Gottlieb Group,"7572 W 119th St, Overland Park, KS, 66213",Kaeden Feeney,"1552 Euclid Ave, Kansas City, MO, 64127",Sales,Kansas City,19.7,12/30/1899 8:50:00 AM
"Hartmann, Baumbach and Zboncak","12980 Metcalf Ave Ste 320, Overland Park, KS, 66213",Kaeden Feeney,"1552 Euclid Ave, Kansas City, MO, 64127",Sales,Kansas City,22.1,12/30/1899 9:51:00 AM
Shanahan-Satterfield,"14650 Travis St Apt 20203, Overland Park, KS, 66223",Kaeden Feeney,"1552 Euclid Ave, Kansas City, MO, 64127",Sales,Kansas City,22.8,12/30/1899 8:34:00 AM
"Herzog, Cremin and Maggio","14446 Aberdeen Ct, Overland Park, KS, 66224",Kaeden Feeney,"1552 Euclid Ave, Kansas City, MO, 64127",Sales,Kansas City,25.3,12/30/1899 12:37:00 PM
"Bosco, Murazik and Harvey","510 Walnut St Ste 301, Kansas City, MO, 64106",Kalem Nguyen,"4501 NW Lakota Ct, Riverside, MO, 64150",Sales,Kansas City,6,12/30/1899 1:07:00 PM
"Koelpin, Morar and Lang","106 W 11th St, Kansas City, MO, 64105",Kalem Nguyen,"4501 NW Lakota Ct, Riverside, MO, 64150",Sales,Kansas City,6.3,12/30/1899 3:23:00 PM
"Robel, Weber and Bernier","1125 Grand Blvd, Kansas City, MO, 64106",Kalem Nguyen,"4501 NW Lakota Ct, Riverside, MO, 64150",Sales,Kansas City,6.5,12/30/1899 11:34:00 AM
Ritchie and Sons,"1125 Grand Blvd Ste 1100, Kansas City, MO, 64106",Kalem Nguyen,"4501 NW Lakota Ct, Riverside, MO, 64150",Sales,Kansas City,6.5,12/30/1899 12:37:00 PM
Schumm and Sons,"1113 E 13th St, Kansas City, MO, 64106",Kalem Nguyen,"4501 NW Lakota Ct, Riverside, MO, 64150",Sales,Kansas City,7.2,12/30/1899 8:21:00 AM
"Luettgen, Lynch and Muller","101 W 22nd St, Kansas City, MO, 64108",Kalem Nguyen,"4501 NW Lakota Ct, Riverside, MO, 64150",Sales,Kansas City,7.2,12/30/1899 10:43:00 AM
"Breitenberg, Abshire and Cronin","400 E 18th St, Kansas City, MO, 64108",Kalem Nguyen,"4501 NW Lakota Ct, Riverside, MO, 64150",Sales,Kansas City,7.2,12/30/1899 5:34:00 PM
Witting LLC,"2300 Main St Ste 900, Kansas City, MO, 64108",Kalem Nguyen,"4501 NW Lakota Ct, Riverside, MO, 64150",Sales,Kansas City,7.3,12/30/1899 8:05:00 AM
Crooks Inc,"2001 Grand Blvd Suite 203, Kansas City, MO, 64108",Kalem Nguyen,"4501 NW Lakota Ct, Riverside, MO, 64150",Sales,Kansas City,7.3,12/30/1899 10:01:00 AM
Crooks Inc,"2001 Grand Blvd Suite 203, Kansas City, MO, 64108",Kalem Nguyen,"4501 NW Lakota Ct, Riverside, MO, 64150",Sales,Kansas City,7.3,12/30/1899 5:55:00 PM
"Goodwin, Beer and Rutherford","1325 Tracy Ave, Kansas City, MO, 64106",Kalem Nguyen,"4501 NW Lakota Ct, Riverside, MO, 64150",Sales,Kansas City,7.4,12/30/1899 3:56:00 PM
Larkin-McLaughlin,"1600 Genessee Suite 433, Kansas City, MO, 64102",Kalem Nguyen,"4501 NW Lakota Ct, Riverside, MO, 64150",Sales,Kansas City,7.5,12/30/1899 11:33:00 AM
Daniel-Schultz,"2345 Grand Blvd Ste 1650, Kansas City, MO, 64108",Kalem Nguyen,"4501 NW Lakota Ct, Riverside, MO, 64150",Sales,Kansas City,7.5,12/30/1899 12:00:00 PM
Macejkovic-Wolff,"1600 Genessee St, Kansas City, MO, 64102",Kalem Nguyen,"4501 NW Lakota Ct, Riverside, MO, 64150",Sales,Kansas City,7.5,12/30/1899 5:11:00 PM
"Skiles, Boyle and Franecki","2345 Grand Blvd Ste 400, Kansas City, MO, 64108",Kalem Nguyen,"4501 NW Lakota Ct, Riverside, MO, 64150",Sales,Kansas City,7.5,12/30/1899 5:13:00 PM
Price-Strosin,"2405 Grand Blvd Ste 1000, Kansas City, MO, 64108",Kalem Nguyen,"4501 NW Lakota Ct, Riverside, MO, 64150",Sales,Kansas City,7.6,12/30/1899 8:57:00 AM
"Hackett, Robel and Hermann","1600 Olive St, Kansas City, MO, 64127",Kalem Nguyen,"4501 NW Lakota Ct, Riverside, MO, 64150",Sales,Kansas City,8.6,12/30/1899 10:12:00 AM
Harber LLC,"3041 Main St, Kansas City, MO, 64108",Kalem Nguyen,"4501 NW Lakota Ct, Riverside, MO, 64150",Sales,Kansas City,8.7,12/30/1899 8:06:00 AM
"Schimmel, Spinka and Lakin","4505 Madison Ave, Kansas City, MO, 64111",Kalem Nguyen,"4501 NW Lakota Ct, Riverside, MO, 64150",Sales,Kansas City,10.2,12/30/1899 11:38:00 AM
Rowe-Dickens,"4443 Jefferson St, Kansas City, MO, 64111",Kalem Nguyen,"4501 NW Lakota Ct, Riverside, MO, 64150",Sales,Kansas City,10.3,12/30/1899 8:26:00 AM
Spinka Group,"4550 Belleview Ave, Kansas City, MO, 64111",Kalem Nguyen,"4501 NW Lakota Ct, Riverside, MO, 64150",Sales,Kansas City,10.4,12/30/1899 11:03:00 AM
Franecki-Steuber,"800 W 47th St Ste 430, Kansas City, MO, 64112",Kalem Nguyen,"4501 NW Lakota Ct, Riverside, MO, 64150",Sales,Kansas City,10.4,12/30/1899 12:18:00 PM
Ortiz-Huels,"4520 Main St Fl 8th, Kansas City, MO, 64111",Kalem Nguyen,"4501 NW Lakota Ct, Riverside, MO, 64150",Sales,Kansas City,10.5,12/30/1899 11:02:00 AM
Ortiz-Huels,"4520 Main St Fl 8th, Kansas City, MO, 64111",Kalem Nguyen,"4501 NW Lakota Ct, Riverside, MO, 64150",Sales,Kansas City,10.5,12/30/1899 2:34:00 PM
Larson-O'Kon,"605 W 47th St Ste 350, Kansas City, MO, 64112",Kalem Nguyen,"4501 NW Lakota Ct, Riverside, MO, 64150",Sales,Kansas City,10.6,12/30/1899 10:14:00 AM
Bogisich LLC,"444 W 47th St, Kansas City, MO, 64112",Kalem Nguyen,"4501 NW Lakota Ct, Riverside, MO, 64150",Sales,Kansas City,10.6,12/30/1899 12:17:00 PM
Botsford-Ortiz,"605 W 47th St, Kansas City, MO, 64112",Kalem Nguyen,"4501 NW Lakota Ct, Riverside, MO, 64150",Sales,Kansas City,10.6,12/30/1899 1:06:00 PM
Bogisich LLC,"444 W 47th St, Kansas City, MO, 64112",Kalem Nguyen,"4501 NW Lakota Ct, Riverside, MO, 64150",Sales,Kansas City,10.6,12/30/1899 4:36:00 PM
Ward Inc,"4706 Holly St, Kansas City, MO, 64112",Kalem Nguyen,"4501 NW Lakota Ct, Riverside, MO, 64150",Sales,Kansas City,10.6,12/30/1899 5:34:00 PM
West-Weissnat,"4801 Main St, Kansas City, MO, 64112",Kalem Nguyen,"4501 NW Lakota Ct, Riverside, MO, 64150",Sales,Kansas City,10.7,12/30/1899 2:00:00 PM
"Wyman, Bartell and Hoeger","116 W 47th St Ste 200, Kansas City, MO, 64112",Kalem Nguyen,"4501 NW Lakota Ct, Riverside, MO, 64150",Sales,Kansas City,10.8,12/30/1899 10:01:00 AM
Streich LLC,"4741 Central St, Kansas City, MO, 64112",Kalem Nguyen,"4501 NW Lakota Ct, Riverside, MO, 64150",Sales,Kansas City,11,12/30/1899 3:24:00 PM
"Reilly, Swift and Kiehn","1900 W 47th Pl Ste 200, Mission, KS, 66205",Kalem Nguyen,"4501 NW Lakota Ct, Riverside, MO, 64150",Sales,Kansas City,12.2,12/30/1899 8:17:00 AM
Sauer-Osinski,"4800 Rainbow Blvd Ste 200, Westwood, KS, 66205",Kalem Nguyen,"4501 NW Lakota Ct, Riverside, MO, 64150",Sales,Kansas City,12.2,12/30/1899 11:19:00 AM
"Jacobi, Morar and Jacobson","1901 W 47th Pl, Mission, KS, 66205",Kalem Nguyen,"4501 NW Lakota Ct, Riverside, MO, 64150",Sales,Kansas City,12.3,12/30/1899 3:51:00 PM
Wyman and Sons,"1815 S Arlington Ave, Independence, MO, 64052",Kalem Nguyen,"4501 NW Lakota Ct, Riverside, MO, 64150",Sales,Kansas City,14,12/30/1899 9:44:00 AM
Cormier-Schmitt,"10815 E Winner Rd, Independence, MO, 64052",Kalem Nguyen,"4501 NW Lakota Ct, Riverside, MO, 64150",Sales,Kansas City,14.2,12/30/1899 11:58:00 AM
Nolan and Sons,"6933 W 75th St, Overland Park, KS, 66204",Kalem Nguyen,"4501 NW Lakota Ct, Riverside, MO, 64150",Sales,Kansas City,16.4,12/30/1899 2:32:00 PM
Nolan and Sons,"6933 W 75th St, Overland Park, KS, 66204",Kalem Nguyen,"4501 NW Lakota Ct, Riverside, MO, 64150",Sales,Kansas City,16.4,12/30/1899 5:04:00 PM
"Bauch, Crona and O'Hara","619 E 23rd St S, Independence, MO, 64055",Kalem Nguyen,"4501 NW Lakota Ct, Riverside, MO, 64150",Sales,Kansas City,16.7,12/30/1899 10:26:00 AM
Mosciski-Mueller,"7918 Floyd St, Overland Park, KS, 66204",Kalem Nguyen,"4501 NW Lakota Ct, Riverside, MO, 64150",Sales,Kansas City,16.9,12/30/1899 11:11:00 AM
Wolff Group,"147 E Lexington Ave, Independence, MO, 64050",Kalem Nguyen,"4501 NW Lakota Ct, Riverside, MO, 64150",Sales,Kansas City,17.3,12/30/1899 8:56:00 AM
"Jenkins, Wisozk and Ferry","14310 E 42nd St S Ste B, Independence, MO, 64055",Kalem Nguyen,"4501 NW Lakota Ct, Riverside, MO, 64150",Sales,Kansas City,17.6,12/30/1899 1:31:00 PM
Nitzsche-Brekke,"14701 E 42nd St S, Independence, MO, 64055",Kalem Nguyen,"4501 NW Lakota Ct, Riverside, MO, 64150",Sales,Kansas City,17.7,12/30/1899 10:46:00 AM
"Bayer, Mraz and Quitzon","9040 Cody St, Overland Park, KS, 66214",Kalem Nguyen,"4501 NW Lakota Ct, Riverside, MO, 64150",Sales,Kansas City,19.7,12/30/1899 12:31:00 PM
"Hills, Goodwin and Hauck","5600 W 95th St Ste 108, Overland Park, KS, 66207",Kalem Nguyen,"4501 NW Lakota Ct, Riverside, MO, 64150",Sales,Kansas City,19.7,12/30/1899 3:12:00 PM
"Waters, Legros and Stokes","9036 W 95th St Ste 2, Overland Park, KS, 66212",Kalem Nguyen,"4501 NW Lakota Ct, Riverside, MO, 64150",Sales,Kansas City,20.6,12/30/1899 9:03:00 AM
Harber-Crooks,"9036 W 95th St, Overland Park, KS, 66212",Kalem Nguyen,"4501 NW Lakota Ct, Riverside, MO, 64150",Sales,Kansas City,20.6,12/30/1899 10:23:00 AM
"Tromp, Pollich and Bednar","3720 Arrowhead Ave Ste 103, Independence, MO, 64057",Kalem Nguyen,"4501 NW Lakota Ct, Riverside, MO, 64150",Sales,Kansas City,20.9,12/30/1899 4:49:00 PM
Bednar-Macejkovic,"10324 Mastin St, Overland Park, KS, 66212",Kalem Nguyen,"4501 NW Lakota Ct, Riverside, MO, 64150",Sales,Kansas City,21,12/30/1899 10:58:00 AM
Bednar-Macejkovic,"10324 Mastin St, Overland Park, KS, 66212",Kalem Nguyen,"4501 NW Lakota Ct, Riverside, MO, 64150",Sales,Kansas City,21,12/30/1899 11:42:00 AM
Gusikowski Inc,"16012 E 23rd St S, Independence, MO, 64055",Kalem Nguyen,"4501 NW Lakota Ct, Riverside, MO, 64150",Sales,Kansas City,21.2,12/30/1899 3:37:00 PM
Little Group,"1138 E Us Highway 24, Independence, MO, 64050",Kalem Nguyen,"4501 NW Lakota Ct, Riverside, MO, 64150",Sales,Kansas City,22.2,12/30/1899 3:42:00 PM
Sawayn-Breitenberg,"8700 Indian Creek Pkwy, Overland Park, KS, 66210",Kalem Nguyen,"4501 NW Lakota Ct, Riverside, MO, 64150",Sales,Kansas City,22.5,12/30/1899 12:36:00 PM
"Cassin, Hermann and Graham","111 Hillside Dr, Independence, MO, 64050",Kalem Nguyen,"4501 NW Lakota Ct, Riverside, MO, 64150",Sales,Kansas City,23.2,12/30/1899 3:22:00 PM
Crooks-Mitchell,"10551 Barkley St Ste 507, Overland Park, KS, 66212",Kalem Nguyen,"4501 NW Lakota Ct, Riverside, MO, 64150",Sales,Kansas City,23.7,12/30/1899 3:46:00 PM
Senger-Price,"11075 Hauser St, Overland Park, KS, 66210",Kalem Nguyen,"4501 NW Lakota Ct, Riverside, MO, 64150",Sales,Kansas City,23.9,12/30/1899 12:01:00 PM
Kemmer-Feil,"11808 Quivira Rd, Overland Park, KS, 66210",Kalem Nguyen,"4501 NW Lakota Ct, Riverside, MO, 64150",Sales,Kansas City,24.4,12/30/1899 8:47:00 AM
Little Inc,"19208 E 17th Terrace Ct S, Independence, MO, 64057",Kalem Nguyen,"4501 NW Lakota Ct, Riverside, MO, 64150",Sales,Kansas City,24.6,12/30/1899 8:43:00 AM
Powlowski-Langosh,"14221 Metcalf Ave Ste 102, Overland Park, KS, 66223",Kalem Nguyen,"4501 NW Lakota Ct, Riverside, MO, 64150",Sales,Kansas City,26.9,12/30/1899 11:22:00 AM
Shanahan-Satterfield,"14650 Travis St Apt 20203, Overland Park, KS, 66223",Kalem Nguyen,"4501 NW Lakota Ct, Riverside, MO, 64150",Sales,Kansas City,27.3,12/30/1899 5:51:00 PM
"Herzog, Cremin and Maggio","14446 Aberdeen Ct, Overland Park, KS, 66224",Kalem Nguyen,"4501 NW Lakota Ct, Riverside, MO, 64150",Sales,Kansas City,29.9,12/30/1899 3:48:00 PM
"Mante, Mueller and Hegmann","13010 Factory Ln, Louisville, KY, 40245",Bo Sanford,"7131 W State Hwy 22, Crestwood, KY, 40014",Sales,Louisville,3.3,12/30/1899 1:13:00 PM
"Auer, Haag and Yost","11405 Park Rd, Louisville, KY, 40223",Bo Sanford,"7131 W State Hwy 22, Crestwood, KY, 40014",Sales,Louisville,6.1,12/30/1899 1:33:00 PM
Goyette-Bergstrom,"13201 Data Vault Dr, Louisville, KY, 40223",Bo Sanford,"7131 W State Hwy 22, Crestwood, KY, 40014",Sales,Louisville,6.6,12/30/1899 2:42:00 PM
Feil-Kassulke,"2805 N Hurstbourne Pkwy, Louisville, KY, 40223",Bo Sanford,"7131 W State Hwy 22, Crestwood, KY, 40014",Sales,Louisville,6.7,12/30/1899 1:50:00 PM
Marvin-Hand,"11501 Main St, Louisville, KY, 40243",Bo Sanford,"7131 W State Hwy 22, Crestwood, KY, 40014",Sales,Louisville,7.5,12/30/1899 4:09:00 PM
Marvin-Hand,"11501 Main St, Louisville, KY, 40243",Bo Sanford,"7131 W State Hwy 22, Crestwood, KY, 40014",Sales,Louisville,7.5,12/30/1899 5:36:00 PM
Mann LLC,"10434 Shelbyville Rd, Louisville, KY, 40223",Bo Sanford,"7131 W State Hwy 22, Crestwood, KY, 40014",Sales,Louisville,9.9,12/30/1899 11:34:00 AM
Bartoletti-Wiegand,"11155 Bluegrass Pkwy, Louisville, KY, 40299",Bo Sanford,"7131 W State Hwy 22, Crestwood, KY, 40014",Sales,Louisville,11.3,12/30/1899 3:09:00 PM
"Spencer, Hansen and Kilback","9901 Linn Station Rd, Louisville, KY, 40223",Bo Sanford,"7131 W State Hwy 22, Crestwood, KY, 40014",Sales,Louisville,11.6,12/30/1899 2:50:00 PM
Douglas and Sons,"1808 Watterson Trl, Louisville, KY, 40299",Bo Sanford,"7131 W State Hwy 22, Crestwood, KY, 40014",Sales,Louisville,12.1,12/30/1899 5:53:00 PM
Grant Group,"4175 Westport Rd, Louisville, KY, 40207",Bo Sanford,"7131 W State Hwy 22, Crestwood, KY, 40014",Sales,Louisville,12.5,12/30/1899 2:35:00 PM
Hills-Morar,"4165 Westport Rd Ste 201, Louisville, KY, 40207",Bo Sanford,"7131 W State Hwy 22, Crestwood, KY, 40014",Sales,Louisville,12.5,12/30/1899 2:47:00 PM
Grant Group,"4175 Westport Rd, Louisville, KY, 40207",Bo Sanford,"7131 W State Hwy 22, Crestwood, KY, 40014",Sales,Louisville,12.5,12/30/1899 4:37:00 PM
Schumm-Mohr,"7900 Shelbyville Rd Ste F01, Louisville, KY, 40222",Bo Sanford,"7131 W State Hwy 22, Crestwood, KY, 40014",Sales,Louisville,13.2,12/30/1899 4:50:00 PM
Pfannerstill-Steuber,"2920 Brownsboro Rd Ste B, Louisville, KY, 40206",Bo Sanford,"7131 W State Hwy 22, Crestwood, KY, 40014",Sales,Louisville,13.8,12/30/1899 4:59:00 PM
"Herzog, Bogisich and Beatty","2843 Brownsboro Rd, Louisville, KY, 40257",Bo Sanford,"7131 W State Hwy 22, Crestwood, KY, 40014",Sales,Louisville,13.9,12/30/1899 8:38:00 AM
"Mueller, Heidenreich and Jakubowski","4500 Bowling Blvd Ste 100, Louisville, KY, 40207",Bo Sanford,"7131 W State Hwy 22, Crestwood, KY, 40014",Sales,Louisville,14.1,12/30/1899 3:31:00 PM
"Shields, Wiza and Rosenbaum","2911 S Hurstbourne Pkwy, Louisville, KY, 40220",Bo Sanford,"7131 W State Hwy 22, Crestwood, KY, 40014",Sales,Louisville,14.2,12/30/1899 10:03:00 AM
"Shields, Wiza and Rosenbaum","2911 S Hurstbourne Pkwy, Louisville, KY, 40220",Bo Sanford,"7131 W State Hwy 22, Crestwood, KY, 40014",Sales,Louisville,14.2,12/30/1899 1:19:00 PM
Kuhlman and Sons,"1961 Brownsboro Rd, Louisville, KY, 40206",Bo Sanford,"7131 W State Hwy 22, Crestwood, KY, 40014",Sales,Louisville,14.5,12/30/1899 2:37:00 PM
Thiel LLC,"1757 Frankfort Ave Suite 102, Louisville, KY, 40206",Bo Sanford,"7131 W State Hwy 22, Crestwood, KY, 40014",Sales,Louisville,14.5,12/30/1899 5:56:00 PM
Funk-Kub,"1938 Frankfort Ave, Louisville, KY, 40206",Bo Sanford,"7131 W State Hwy 22, Crestwood, KY, 40014",Sales,Louisville,14.9,12/30/1899 4:58:00 PM
Boyer-Hagenes,"6200 Dutchmans Ln Ste 305, Louisville, KY, 40205",Bo Sanford,"7131 W State Hwy 22, Crestwood, KY, 40014",Sales,Louisville,15,12/30/1899 9:39:00 AM
DuBuque-Donnelly,"11906 Longview Farm Dr, Louisville, KY, 40299",Bo Sanford,"7131 W State Hwy 22, Crestwood, KY, 40014",Sales,Louisville,15,12/30/1899 1:29:00 PM
DuBuque-Donnelly,"11906 Longview Farm Dr, Louisville, KY, 40299",Bo Sanford,"7131 W State Hwy 22, Crestwood, KY, 40014",Sales,Louisville,15,12/30/1899 3:01:00 PM
DuBuque-Donnelly,"11906 Longview Farm Dr, Louisville, KY, 40299",Bo Sanford,"7131 W State Hwy 22, Crestwood, KY, 40014",Sales,Louisville,15,12/30/1899 3:45:00 PM
Stokes Group,"6060 Dutchmans Ln Ste 320, Louisville, KY, 40205",Bo Sanford,"7131 W State Hwy 22, Crestwood, KY, 40014",Sales,Louisville,15.1,12/30/1899 8:28:00 AM
O'Kon and Sons,"3510 Stony Brook Dr, Louisville, KY, 40299",Bo Sanford,"7131 W State Hwy 22, Crestwood, KY, 40014",Sales,Louisville,15.1,12/30/1899 10:47:00 AM
Lebsack Inc,"1205 E Washington St Ste 120, Louisville, KY, 40206",Bo Sanford,"7131 W State Hwy 22, Crestwood, KY, 40014",Sales,Louisville,15.8,12/30/1899 4:27:00 PM
"Hartmann, Rutherford and Nader","8250 Watterson Trl, Louisville, KY, 40299",Bo Sanford,"7131 W State Hwy 22, Crestwood, KY, 40014",Sales,Louisville,16,12/30/1899 12:17:00 PM
Marquardt-Romaguera,"2720 Cannons Ln, Louisville, KY, 40205",Bo Sanford,"7131 W State Hwy 22, Crestwood, KY, 40014",Sales,Louisville,16.1,12/30/1899 12:55:00 PM
Marquardt-Romaguera,"2720 Cannons Ln, Louisville, KY, 40205",Bo Sanford,"7131 W State Hwy 22, Crestwood, KY, 40014",Sales,Louisville,16.1,12/30/1899 5:16:00 PM
Walker and Sons,"3101 Bardstown Rd, Louisville, KY, 40205",Bo Sanford,"7131 W State Hwy 22, Crestwood, KY, 40014",Sales,Louisville,16.7,12/30/1899 12:05:00 PM
"Will, Jacobi and Casper","600 Dr Martin Luther King Pl, Louisville, KY, 40202",Bo Sanford,"7131 W State Hwy 22, Crestwood, KY, 40014",Sales,Louisville,17.2,12/30/1899 11:09:00 AM
Corwin-Gaylord,"307 W Muhammad Ali Blvd, Louisville, KY, 40202",Bo Sanford,"7131 W State Hwy 22, Crestwood, KY, 40014",Sales,Louisville,17.6,12/30/1899 1:45:00 PM
Bednar-Fahey,"1923 Woodbourne Ave, Louisville, KY, 40205",Bo Sanford,"7131 W State Hwy 22, Crestwood, KY, 40014",Sales,Louisville,18,12/30/1899 1:51:00 PM
"Bailey, Satterfield and Yundt","1730 W Chestnut St, Louisville, KY, 40203",Bo Sanford,"7131 W State Hwy 22, Crestwood, KY, 40014",Sales,Louisville,18.1,12/30/1899 12:00:00 PM
"Dickens, Leuschke and Zemlak","4111 Champions Trace Ln, Louisville, KY, 40218",Bo Sanford,"7131 W State Hwy 22, Crestwood, KY, 40014",Sales,Louisville,18.6,12/30/1899 2:36:00 PM
"Reichel, Hickle and Williamson","5427 Bardstown Rd, Louisville, KY, 40291",Bo Sanford,"7131 W State Hwy 22, Crestwood, KY, 40014",Sales,Louisville,18.7,12/30/1899 2:46:00 PM
Bogan-Feil,"2823 Alta Vista Ct, Louisville, KY, 40206",Bo Sanford,"7131 W State Hwy 22, Crestwood, KY, 40014",Sales,Louisville,18.9,12/30/1899 1:51:00 PM
Bogan-Feil,"2823 Alta Vista Ct, Louisville, KY, 40206",Bo Sanford,"7131 W State Hwy 22, Crestwood, KY, 40014",Sales,Louisville,18.9,12/30/1899 4:23:00 PM
"Cormier, Walsh and Torphy","2001 Hikes Ln, Louisville, KY, 40218",Bo Sanford,"7131 W State Hwy 22, Crestwood, KY, 40014",Sales,Louisville,19.2,12/30/1899 9:59:00 AM
Mertz Group,"2600 W Broadway, Louisville, KY, 40211",Bo Sanford,"7131 W State Hwy 22, Crestwood, KY, 40014",Sales,Louisville,19.8,12/30/1899 11:04:00 AM
Mertz Group,"2600 W Broadway, Louisville, KY, 40211",Bo Sanford,"7131 W State Hwy 22, Crestwood, KY, 40014",Sales,Louisville,19.8,12/30/1899 12:44:00 PM
Haley-Dietrich,"2400 7th Street Rd, Louisville, KY, 40208",Bo Sanford,"7131 W State Hwy 22, Crestwood, KY, 40014",Sales,Louisville,19.8,12/30/1899 1:30:00 PM
"Sporer, Brekke and Hoppe","3206 Preston Hwy, Louisville, KY, 40213",Bo Sanford,"7131 W State Hwy 22, Crestwood, KY, 40014",Sales,Louisville,21.2,12/30/1899 8:37:00 AM
"O'Conner, Jast and Mann","6708 Shepherdsville Rd, Louisville, KY, 40228",Bo Sanford,"7131 W State Hwy 22, Crestwood, KY, 40014",Sales,Louisville,21.5,12/30/1899 9:53:00 AM
Homenick and Sons,"5520 Fern Valley Rd Ste 110, Louisville, KY, 40228",Bo Sanford,"7131 W State Hwy 22, Crestwood, KY, 40014",Sales,Louisville,21.5,12/30/1899 11:18:00 AM
"Franecki, Bergnaum and Bartell","6501 Shepherdsville Rd Ste 119, Louisville, KY, 40228",Bo Sanford,"7131 W State Hwy 22, Crestwood, KY, 40014",Sales,Louisville,21.5,12/30/1899 5:53:00 PM
"Leffler, Jacobi and Renner","7255 Leisure Ct, Louisville, KY, 40229",Bo Sanford,"7131 W State Hwy 22, Crestwood, KY, 40014",Sales,Louisville,22,12/30/1899 5:20:00 PM
Volkman-Gleichner,"4957 S 3rd St, Louisville, KY, 40214",Bo Sanford,"7131 W State Hwy 22, Crestwood, KY, 40014",Sales,Louisville,22.9,12/30/1899 10:27:00 AM
Kassulke Group,"4251 Outer Loop, Louisville, KY, 40219",Bo Sanford,"7131 W State Hwy 22, Crestwood, KY, 40014",Sales,Louisville,23.5,12/30/1899 5:27:00 PM
Olson-Sipes,"8312 Preston Hwy, Louisville, KY, 40219",Bo Sanford,"7131 W State Hwy 22, Crestwood, KY, 40014",Sales,Louisville,23.8,12/30/1899 8:26:00 AM
"Stark, Rowe and Kassulke","130 Rochester Dr, Louisville, KY, 40214",Bo Sanford,"7131 W State Hwy 22, Crestwood, KY, 40014",Sales,Louisville,23.8,12/30/1899 12:53:00 PM
"Maggio, Carter and Grady","5454 New Cut Rd Ste 2, Louisville, KY, 40214",Bo Sanford,"7131 W State Hwy 22, Crestwood, KY, 40014",Sales,Louisville,26,12/30/1899 5:52:00 PM
Yundt-Bergstrom,"9612 Taylorsville Rd Ste 1f, Louisville, KY, 40299",Ivor Harrell,"811 Nottingham Pkwy, Hurstbourne, KY, 40222",Sales,Louisville,2.5,12/30/1899 12:28:00 PM
"Olson, Doyle and O'Connell","9127 Galene Dr, Louisville, KY, 40299",Ivor Harrell,"811 Nottingham Pkwy, Hurstbourne, KY, 40222",Sales,Louisville,3.2,12/30/1899 10:15:00 AM
"Olson, Doyle and O'Connell","9127 Galene Dr, Louisville, KY, 40299",Ivor Harrell,"811 Nottingham Pkwy, Hurstbourne, KY, 40222",Sales,Louisville,3.2,12/30/1899 10:49:00 AM
"Stroman, D'Amore and Romaguera","707 Exmoor Ave, Louisville, KY, 40223",Ivor Harrell,"811 Nottingham Pkwy, Hurstbourne, KY, 40222",Sales,Louisville,3.2,12/30/1899 12:24:00 PM
"Stroman, D'Amore and Romaguera","707 Exmoor Ave, Louisville, KY, 40223",Ivor Harrell,"811 Nottingham Pkwy, Hurstbourne, KY, 40222",Sales,Louisville,3.2,12/30/1899 1:38:00 PM
McKenzie-Price,"11517 Shelbyville Rd, Louisville, KY, 40243",Ivor Harrell,"811 Nottingham Pkwy, Hurstbourne, KY, 40222",Sales,Louisville,3.3,12/30/1899 1:56:00 PM
"Gutkowski, Kassulke and Kuhic","11605 Shelbyville Rd, Louisville, KY, 40243",Ivor Harrell,"811 Nottingham Pkwy, Hurstbourne, KY, 40222",Sales,Louisville,3.4,12/30/1899 11:28:00 AM
"Gutkowski, Kassulke and Kuhic","11605 Shelbyville Rd, Louisville, KY, 40243",Ivor Harrell,"811 Nottingham Pkwy, Hurstbourne, KY, 40222",Sales,Louisville,3.4,12/30/1899 12:49:00 PM
"Lynch, Jast and Lebsack","406 Blankenbaker Pkwy Ste C2, Louisville, KY, 40243",Ivor Harrell,"811 Nottingham Pkwy, Hurstbourne, KY, 40222",Sales,Louisville,3.7,12/30/1899 2:20:00 PM
Botsford Group,"129 Evergreen Rd, Louisville, KY, 40243",Ivor Harrell,"811 Nottingham Pkwy, Hurstbourne, KY, 40222",Sales,Louisville,4.1,12/30/1899 8:22:00 AM
Botsford Group,"129 Evergreen Rd, Louisville, KY, 40243",Ivor Harrell,"811 Nottingham Pkwy, Hurstbourne, KY, 40222",Sales,Louisville,4.1,12/30/1899 3:26:00 PM
"Barton, Nader and Rath","3840 Ruckriegel Pkwy Ste 100, Louisville, KY, 40299",Ivor Harrell,"811 Nottingham Pkwy, Hurstbourne, KY, 40222",Sales,Louisville,4.2,12/30/1899 3:27:00 PM
"Hudson, MacGyver and Ritchie","306 Middletown Park Pl, Louisville, KY, 40243",Ivor Harrell,"811 Nottingham Pkwy, Hurstbourne, KY, 40222",Sales,Louisville,4.2,12/30/1899 5:23:00 PM
Abernathy-Ullrich,"2950 Breckenridge Ln Ste 8, Louisville, KY, 40220",Ivor Harrell,"811 Nottingham Pkwy, Hurstbourne, KY, 40222",Sales,Louisville,4.8,12/30/1899 2:14:00 PM
Feil-Kassulke,"2805 N Hurstbourne Pkwy, Louisville, KY, 40223",Ivor Harrell,"811 Nottingham Pkwy, Hurstbourne, KY, 40222",Sales,Louisville,5,12/30/1899 10:46:00 AM
Marquardt-Romaguera,"2720 Cannons Ln, Louisville, KY, 40205",Ivor Harrell,"811 Nottingham Pkwy, Hurstbourne, KY, 40222",Sales,Louisville,5.9,12/30/1899 12:20:00 PM
Labadie-Reichel,"9301 Saint Moritz Dr, Louisville, KY, 40291",Ivor Harrell,"811 Nottingham Pkwy, Hurstbourne, KY, 40222",Sales,Louisville,6.1,12/30/1899 1:59:00 PM
"Rath, Bergnaum and Morar","4229 Bardstown Rd, Louisville, KY, 40218",Ivor Harrell,"811 Nottingham Pkwy, Hurstbourne, KY, 40222",Sales,Louisville,6.2,12/30/1899 4:04:00 PM
Vandervort-Franecki,"8706 Bayberry Pl, Louisville, KY, 40242",Ivor Harrell,"811 Nottingham Pkwy, Hurstbourne, KY, 40222",Sales,Louisville,6.3,12/30/1899 10:56:00 AM
Goyette-Bergstrom,"13201 Data Vault Dr, Louisville, KY, 40223",Ivor Harrell,"811 Nottingham Pkwy, Hurstbourne, KY, 40222",Sales,Louisville,6.4,12/30/1899 3:53:00 PM
Grant Group,"4175 Westport Rd, Louisville, KY, 40207",Ivor Harrell,"811 Nottingham Pkwy, Hurstbourne, KY, 40222",Sales,Louisville,6.9,12/30/1899 11:36:00 AM
Eichmann LLC,"2533 Broadmeade Rd, Louisville, KY, 40205",Ivor Harrell,"811 Nottingham Pkwy, Hurstbourne, KY, 40222",Sales,Louisville,7,12/30/1899 11:25:00 AM
"Roob, Koepp and Zieme","151 Chenoweth Ln, Louisville, KY, 40207",Ivor Harrell,"811 Nottingham Pkwy, Hurstbourne, KY, 40222",Sales,Louisville,7.3,12/30/1899 10:44:00 AM
Lebsack-King,"7912 Fegenbush Ln, Louisville, KY, 40228",Ivor Harrell,"811 Nottingham Pkwy, Hurstbourne, KY, 40222",Sales,Louisville,7.5,12/30/1899 11:37:00 AM
Lebsack-King,"7912 Fegenbush Ln, Louisville, KY, 40228",Ivor Harrell,"811 Nottingham Pkwy, Hurstbourne, KY, 40222",Sales,Louisville,7.5,12/30/1899 4:15:00 PM
Lebsack-Hartmann,"4411 Peregrine Pl, Louisville, KY, 40241",Ivor Harrell,"811 Nottingham Pkwy, Hurstbourne, KY, 40222",Sales,Louisville,7.7,12/30/1899 12:19:00 PM
Vandervort-Hackett,"4208 Bishop Ln, Louisville, KY, 40218",Ivor Harrell,"811 Nottingham Pkwy, Hurstbourne, KY, 40222",Sales,Louisville,7.8,12/30/1899 11:05:00 AM
Pfannerstill-Steuber,"2920 Brownsboro Rd Ste B, Louisville, KY, 40206",Ivor Harrell,"811 Nottingham Pkwy, Hurstbourne, KY, 40222",Sales,Louisville,8.1,12/30/1899 8:50:00 AM
"O'Conner, Jast and Mann","6708 Shepherdsville Rd, Louisville, KY, 40228",Ivor Harrell,"811 Nottingham Pkwy, Hurstbourne, KY, 40222",Sales,Louisville,8.8,12/30/1899 11:43:00 AM
"Franecki, Bergnaum and Bartell","6501 Shepherdsville Rd Ste 119, Louisville, KY, 40228",Ivor Harrell,"811 Nottingham Pkwy, Hurstbourne, KY, 40222",Sales,Louisville,8.8,12/30/1899 3:59:00 PM
Bogan-Feil,"2823 Alta Vista Ct, Louisville, KY, 40206",Ivor Harrell,"811 Nottingham Pkwy, Hurstbourne, KY, 40222",Sales,Louisville,9.1,12/30/1899 4:37:00 PM
Runte Inc,"205 Nob Hill Ln, Louisville, KY, 40206",Ivor Harrell,"811 Nottingham Pkwy, Hurstbourne, KY, 40222",Sales,Louisville,9.5,12/30/1899 11:20:00 AM
"Herzog, Bogisich and Beatty","2843 Brownsboro Rd, Louisville, KY, 40257",Ivor Harrell,"811 Nottingham Pkwy, Hurstbourne, KY, 40222",Sales,Louisville,9.6,12/30/1899 2:58:00 PM
Corkery and Sons,"1740 Frankfort Ave, Louisville, KY, 40206",Ivor Harrell,"811 Nottingham Pkwy, Hurstbourne, KY, 40222",Sales,Louisville,9.9,12/30/1899 9:35:00 AM
Baumbach and Sons,"12484 La Grange Rd, Louisville, KY, 40245",Ivor Harrell,"811 Nottingham Pkwy, Hurstbourne, KY, 40222",Sales,Louisville,10.1,12/30/1899 8:39:00 AM
"Bernhard, MacGyver and Dickinson","2129 Speed Ave, Louisville, KY, 40205",Ivor Harrell,"811 Nottingham Pkwy, Hurstbourne, KY, 40222",Sales,Louisville,10.1,12/30/1899 1:46:00 PM
"Quigley, Ward and Gorczany","330 Baxter Ave, Louisville, KY, 40204",Ivor Harrell,"811 Nottingham Pkwy, Hurstbourne, KY, 40222",Sales,Louisville,10.1,12/30/1899 2:51:00 PM
"Grimes, Howe and Denesik","3865 Produce Rd, Louisville, KY, 40218",Ivor Harrell,"811 Nottingham Pkwy, Hurstbourne, KY, 40222",Sales,Louisville,10.3,12/30/1899 10:44:00 AM
"Klocko, Schamberger and Balistreri","716 E Market St, Louisville, KY, 40202",Ivor Harrell,"811 Nottingham Pkwy, Hurstbourne, KY, 40222",Sales,Louisville,10.3,12/30/1899 3:39:00 PM
Hilpert LLC,"4017 Meadow Crest Ct, Louisville, KY, 40245",Ivor Harrell,"811 Nottingham Pkwy, Hurstbourne, KY, 40222",Sales,Louisville,11.1,12/30/1899 8:02:00 AM
Flatley-Schmitt,"107 S 4th St Ste 200, Louisville, KY, 40202",Ivor Harrell,"811 Nottingham Pkwy, Hurstbourne, KY, 40222",Sales,Louisville,11.5,12/30/1899 5:21:00 PM
Lakin-Block,"400 W Market St Ste 2400, Louisville, KY, 40202",Ivor Harrell,"811 Nottingham Pkwy, Hurstbourne, KY, 40222",Sales,Louisville,11.6,12/30/1899 8:52:00 AM
Gislason-Sporer,"312 S 4th St Ste 700, Louisville, KY, 40202",Ivor Harrell,"811 Nottingham Pkwy, Hurstbourne, KY, 40222",Sales,Louisville,11.7,12/30/1899 5:14:00 PM
"Hintz, Dooley and Marquardt","626 W Main St Ste 500, Louisville, KY, 40202",Ivor Harrell,"811 Nottingham Pkwy, Hurstbourne, KY, 40222",Sales,Louisville,12,12/30/1899 5:28:00 PM
Wilkinson-Maggio,"7116 Windham Pkwy, Louisville, KY, 40202",Ivor Harrell,"811 Nottingham Pkwy, Hurstbourne, KY, 40222",Sales,Louisville,12.2,12/30/1899 5:19:00 PM
"Will, Jacobi and Casper","600 Dr Martin Luther King Pl, Louisville, KY, 40202",Ivor Harrell,"811 Nottingham Pkwy, Hurstbourne, KY, 40222",Sales,Louisville,12.3,12/30/1899 3:39:00 PM
Johns-Beier,"462 S 4th St, Louisville, KY, 40202",Ivor Harrell,"811 Nottingham Pkwy, Hurstbourne, KY, 40222",Sales,Louisville,12.7,12/30/1899 11:49:00 AM
Johns-Beier,"462 S 4th St, Louisville, KY, 40202",Ivor Harrell,"811 Nottingham Pkwy, Hurstbourne, KY, 40222",Sales,Louisville,12.7,12/30/1899 1:14:00 PM
Simonis Inc,"2600 W Broadway Ste 102, Louisville, KY, 40211",Ivor Harrell,"811 Nottingham Pkwy, Hurstbourne, KY, 40222",Sales,Louisville,14.9,12/30/1899 10:56:00 AM
Senger-Beatty,"7520 Preston Hwy, Louisville, KY, 40219",Ivor Harrell,"811 Nottingham Pkwy, Hurstbourne, KY, 40222",Sales,Louisville,15.1,12/30/1899 12:29:00 PM
Olson-Sipes,"8312 Preston Hwy, Louisville, KY, 40219",Ivor Harrell,"811 Nottingham Pkwy, Hurstbourne, KY, 40222",Sales,Louisville,15.4,12/30/1899 3:40:00 PM
"Wunsch, Thompson and Powlowski","5433 New Cut Rd, Louisville, KY, 40214",Ivor Harrell,"811 Nottingham Pkwy, Hurstbourne, KY, 40222",Sales,Louisville,16,12/30/1899 11:57:00 AM
"Maggio, Carter and Grady","5454 New Cut Rd Ste 2, Louisville, KY, 40214",Ivor Harrell,"811 Nottingham Pkwy, Hurstbourne, KY, 40222",Sales,Louisville,16.1,12/30/1899 4:19:00 PM
Harvey-Nicolas,"6801 Dixie Hwy, Louisville, KY, 40258",Ivor Harrell,"811 Nottingham Pkwy, Hurstbourne, KY, 40222",Sales,Louisville,17.4,12/30/1899 4:35:00 PM
Trantow Group,"10110 Dixie Hwy, Louisville, KY, 40272",Ivor Harrell,"811 Nottingham Pkwy, Hurstbourne, KY, 40222",Sales,Louisville,20.8,12/30/1899 1:46:00 PM
Kautzer-Weissnat,"5614 Barrett Ln, Louisville, KY, 40272",Ivor Harrell,"811 Nottingham Pkwy, Hurstbourne, KY, 40222",Sales,Louisville,21.4,12/30/1899 3:46:00 PM
"Klein, Hintz and Gleason","5517 Charlotte Pike, Nashville, TN, 37209",Aahil Fields,"506 Scholarship Dr, Nashville, TN, 37209",Sales,Nashville,1.7,12/30/1899 8:03:00 AM
Kuvalis Group,"2208 Charlotte Ave, Nashville, TN, 37203",Aahil Fields,"506 Scholarship Dr, Nashville, TN, 37209",Sales,Nashville,4.4,12/30/1899 2:16:00 PM
Schaefer-Mayer,"706 19th Ave N, Nashville, TN, 37203",Aahil Fields,"506 Scholarship Dr, Nashville, TN, 37209",Sales,Nashville,5.1,12/30/1899 12:02:00 PM
Parker-Windler,"803 18th Ave S, Nashville, TN, 37203",Aahil Fields,"506 Scholarship Dr, Nashville, TN, 37209",Sales,Nashville,5.6,12/30/1899 4:12:00 PM
"Cummerata, Mayer and Gorczany","1710 Grand Ave, Nashville, TN, 37212",Aahil Fields,"506 Scholarship Dr, Nashville, TN, 37209",Sales,Nashville,5.7,12/30/1899 3:32:00 PM
Wilderman-Schmeler,"11 Music Circle South, Nashville, TN, 37203",Aahil Fields,"506 Scholarship Dr, Nashville, TN, 37209",Sales,Nashville,6,12/30/1899 12:56:00 PM
Runolfsdottir-Schuster,"414 Union St, Nashville, TN, 37219",Aahil Fields,"506 Scholarship Dr, Nashville, TN, 37209",Sales,Nashville,6.2,12/30/1899 12:23:00 PM
Monahan and Sons,"424 Church St Ste 2000, Nashville, TN, 37219",Aahil Fields,"506 Scholarship Dr, Nashville, TN, 37209",Sales,Nashville,6.2,12/30/1899 3:43:00 PM
"Abbott, Swaniawski and Baumbach","424 Church St Ste 2300, Nashville, TN, 37219",Aahil Fields,"506 Scholarship Dr, Nashville, TN, 37209",Sales,Nashville,6.3,12/30/1899 5:49:00 PM
Rogahn and Sons,"1227 17th Ave S, Nashville, TN, 37212",Aahil Fields,"506 Scholarship Dr, Nashville, TN, 37209",Sales,Nashville,6.4,12/30/1899 1:08:00 PM
Dibbert-Reynolds,"1617 Erin Ln, Nashville, TN, 37221",Aahil Fields,"506 Scholarship Dr, Nashville, TN, 37209",Sales,Nashville,7.1,12/30/1899 4:24:00 PM
Spinka-Reichel,"611 Commerce St Ste 2802, Nashville, TN, 37203",Aahil Fields,"506 Scholarship Dr, Nashville, TN, 37209",Sales,Nashville,7.6,12/30/1899 9:25:00 AM
Hirthe-Schoen,"810 Russell St, Nashville, TN, 37206",Aahil Fields,"506 Scholarship Dr, Nashville, TN, 37209",Sales,Nashville,10.3,12/30/1899 10:33:00 AM
Eichmann-Doyle,"2841 Logan St, Nashville, TN, 37211",Aahil Fields,"506 Scholarship Dr, Nashville, TN, 37209",Sales,Nashville,11.4,12/30/1899 11:49:00 AM
Krajcik Group,"2917 Ellington Cir, Nashville, TN, 37211",Aahil Fields,"506 Scholarship Dr, Nashville, TN, 37209",Sales,Nashville,14.5,12/30/1899 10:20:00 AM
"McClure, O'Connell and Heidenreich","53 Century Blvd Ste 250, Nashville, TN, 37214",Aahil Fields,"506 Scholarship Dr, Nashville, TN, 37209",Sales,Nashville,14.7,12/30/1899 10:54:00 AM
"Konopelski, Mante and Herzog","801 Royal Pkwy, Nashville, TN, 37214",Aahil Fields,"506 Scholarship Dr, Nashville, TN, 37209",Sales,Nashville,15.1,12/30/1899 4:30:00 PM
"Walsh, Ward and Bradtke","26 Century Blvd Ste 101, Nashville, TN, 37214",Aahil Fields,"506 Scholarship Dr, Nashville, TN, 37209",Sales,Nashville,15.4,12/30/1899 2:13:00 PM
Hilpert-O'Connell,"2719 Lebanon Pike, Nashville, TN, 37214",Aahil Fields,"506 Scholarship Dr, Nashville, TN, 37209",Sales,Nashville,16.2,12/30/1899 5:09:00 PM
Funk-White,"7231 Althorp Way, Nashville, TN, 37211",Aahil Fields,"506 Scholarship Dr, Nashville, TN, 37209",Sales,Nashville,17.3,12/30/1899 2:38:00 PM
Bode-Johns,"2131 Murfreesboro Pike, Nashville, TN, 37217",Aahil Fields,"506 Scholarship Dr, Nashville, TN, 37209",Sales,Nashville,18.7,12/30/1899 11:50:00 AM
Ullrich Inc,"2594 Murfreesboro Pike, Nashville, TN, 37217",Aahil Fields,"506 Scholarship Dr, Nashville, TN, 37209",Sales,Nashville,20.2,12/30/1899 12:09:00 PM
Zieme-Hilll,"600b Frazier Dr Ste 130, Franklin, TN, 37067",Aahil Fields,"506 Scholarship Dr, Nashville, TN, 37209",Sales,Nashville,22,12/30/1899 5:53:00 PM
"Davis, Kautzer and Moore","3326 Aspen Grove Dr, Franklin, TN, 37067",Aahil Fields,"506 Scholarship Dr, Nashville, TN, 37209",Sales,Nashville,22.5,12/30/1899 9:43:00 AM
"Effertz, Mertz and Lynch","1113 Murfreesboro Rd Ste 415, Franklin, TN, 37064",Aahil Fields,"506 Scholarship Dr, Nashville, TN, 37209",Sales,Nashville,24.4,12/30/1899 12:24:00 PM
"Effertz, Mertz and Lynch","1113 Murfreesboro Rd Ste 415, Franklin, TN, 37064",Aahil Fields,"506 Scholarship Dr, Nashville, TN, 37209",Sales,Nashville,24.4,12/30/1899 3:42:00 PM
"Volkman, Hodkiewicz and Hagenes","1510 hatfield Drive, franklin, TN, 37064",Aahil Fields,"506 Scholarship Dr, Nashville, TN, 37209",Sales,Nashville,24.7,12/30/1899 10:52:00 AM
"Volkman, Hodkiewicz and Hagenes","1510 hatfield Drive, franklin, TN, 37064",Aahil Fields,"506 Scholarship Dr, Nashville, TN, 37209",Sales,Nashville,24.7,12/30/1899 3:29:00 PM
"Wyman, Gutkowski and Auer","731 Columbia Ave, Franklin, TN, 37064",Aahil Fields,"506 Scholarship Dr, Nashville, TN, 37209",Sales,Nashville,26.5,12/30/1899 11:40:00 AM
"Hamill, Lakin and Swift","404 Bna Dr Ste 105, Nashville, TN, 37217",Aiden Blundell,"308 Paragon Mills Rd, Nashville, TN, 37211",Sales,Nashville,6.2,12/30/1899 4:30:00 PM
Okuneva-Mann,"210 Omohundro Pl Ste B, Nashville, TN, 37210",Aiden Blundell,"308 Paragon Mills Rd, Nashville, TN, 37211",Sales,Nashville,8.1,12/30/1899 5:36:00 PM
Heidenreich Inc,"222 2nd Ave S Apt 2000, Nashville, TN, 37201",Aiden Blundell,"308 Paragon Mills Rd, Nashville, TN, 37211",Sales,Nashville,8.2,12/30/1899 9:42:00 AM
"Reynolds, Muller and Lindgren","1801 8th Ave S Ste 400, Nashville, TN, 37203",Aiden Blundell,"308 Paragon Mills Rd, Nashville, TN, 37211",Sales,Nashville,8.4,12/30/1899 1:59:00 PM
"Reynolds, Muller and Lindgren","1801 8th Ave S Ste 400, Nashville, TN, 37203",Aiden Blundell,"308 Paragon Mills Rd, Nashville, TN, 37211",Sales,Nashville,8.4,12/30/1899 5:19:00 PM
Rippin-Sawayn,"730 Ramsey St, Nashville, TN, 37206",Aiden Blundell,"308 Paragon Mills Rd, Nashville, TN, 37211",Sales,Nashville,9.1,12/30/1899 12:51:00 PM
"Fisher, Robel and Cummings","926 Main St, Nashville, TN, 37206",Aiden Blundell,"308 Paragon Mills Rd, Nashville, TN, 37211",Sales,Nashville,9.3,12/30/1899 12:16:00 PM
"Bogisich, Pacocha and Runolfsdottir","38 Music Sq E Ste 200, Nashville, TN, 37203",Aiden Blundell,"308 Paragon Mills Rd, Nashville, TN, 37211",Sales,Nashville,9.4,12/30/1899 4:56:00 PM
Reichert and Sons,"1210 7th Ave N, Nashville, TN, 37208",Aiden Blundell,"308 Paragon Mills Rd, Nashville, TN, 37211",Sales,Nashville,9.9,12/30/1899 9:00:00 AM
Schaefer LLC,"1200 Clinton St, Nashville, TN, 37203",Aiden Blundell,"308 Paragon Mills Rd, Nashville, TN, 37211",Sales,Nashville,9.9,12/30/1899 11:22:00 AM
"Jakubowski, Bauch and Sauer","611 Commerce St Ste 2920, Nashville, TN, 37203",Aiden Blundell,"308 Paragon Mills Rd, Nashville, TN, 37211",Sales,Nashville,10,12/30/1899 9:03:00 AM
Roberts-Ankunding,"533 Church St, Nashville, TN, 37219",Aiden Blundell,"308 Paragon Mills Rd, Nashville, TN, 37211",Sales,Nashville,10,12/30/1899 3:36:00 PM
Brown Inc,"3020 Stansberry Ln Ste 100, Franklin, TN, 37069",Aiden Blundell,"308 Paragon Mills Rd, Nashville, TN, 37211",Sales,Nashville,13.1,12/30/1899 11:09:00 AM
Kuhlman-Nikolaus,"720 Cool Springs Blvd Ste 550, Franklin, TN, 37067",Aiden Blundell,"308 Paragon Mills Rd, Nashville, TN, 37211",Sales,Nashville,13.8,12/30/1899 12:27:00 PM
"Hansen, MacGyver and Roberts","501 Corporate Centre Dr Ste 390, Franklin, TN, 37067",Aiden Blundell,"308 Paragon Mills Rd, Nashville, TN, 37211",Sales,Nashville,13.9,12/30/1899 11:37:00 AM
Toy-Gorczany,"106 Mission Ct, Franklin, TN, 37067",Aiden Blundell,"308 Paragon Mills Rd, Nashville, TN, 37211",Sales,Nashville,15,12/30/1899 10:03:00 AM
Hackett LLC,"3401 Mallory Ln Suite 200, Franklin, TN, 37067",Aiden Blundell,"308 Paragon Mills Rd, Nashville, TN, 37211",Sales,Nashville,15,12/30/1899 1:07:00 PM
Beatty LLC,"623 Eastboro Dr, Nashville, TN, 37209",Aiden Blundell,"308 Paragon Mills Rd, Nashville, TN, 37211",Sales,Nashville,15,12/30/1899 3:39:00 PM
Kshlerin LLC,"203 4th Ave S, Franklin, TN, 37064",Aiden Blundell,"308 Paragon Mills Rd, Nashville, TN, 37211",Sales,Nashville,18.5,12/30/1899 11:55:00 AM
Schneider Group,"404 James Robertson Pkwy Ste 150, Nashville, TN, 37219",Ameer Hussain,"1512 Douglas Ave, Nashville, TN, 37206",Sales,Nashville,3.5,12/30/1899 1:35:00 PM
"Abbott, Bins and Connelly","201 4th Ave N, Nashville, TN, 37219",Ameer Hussain,"1512 Douglas Ave, Nashville, TN, 37206",Sales,Nashville,3.7,12/30/1899 4:16:00 PM
"Nitzsche, Hirthe and Kessler","231 5th Ave N, Nashville, TN, 37219",Ameer Hussain,"1512 Douglas Ave, Nashville, TN, 37206",Sales,Nashville,3.7,12/30/1899 5:02:00 PM
Bode-Schoen,"500 Church St Ste 210, Nashville, TN, 37219",Ameer Hussain,"1512 Douglas Ave, Nashville, TN, 37206",Sales,Nashville,3.8,12/30/1899 9:31:00 AM
"Hammes, Johnston and Crona","511 Union St Ste 2700, Nashville, TN, 37219",Ameer Hussain,"1512 Douglas Ave, Nashville, TN, 37206",Sales,Nashville,3.8,12/30/1899 4:16:00 PM
Boehm and Sons,"127 9th Ave N, Nashville, TN, 37234",Ameer Hussain,"1512 Douglas Ave, Nashville, TN, 37206",Sales,Nashville,4.5,12/30/1899 11:17:00 AM
Boehm and Sons,"127 9th Ave N, Nashville, TN, 37234",Ameer Hussain,"1512 Douglas Ave, Nashville, TN, 37206",Sales,Nashville,4.5,12/30/1899 11:49:00 AM
Block-Lynch,"900 Division St, Nashville, TN, 37203",Ameer Hussain,"1512 Douglas Ave, Nashville, TN, 37206",Sales,Nashville,4.7,12/30/1899 10:13:00 AM
Collier Group,"2214 Rosa L Parks Blvd, Nashville, TN, 37228",Ameer Hussain,"1512 Douglas Ave, Nashville, TN, 37206",Sales,Nashville,6.3,12/30/1899 3:32:00 PM
Wilderman-Schmeler,"11 Music Circle South, Nashville, TN, 37203",Ameer Hussain,"1512 Douglas Ave, Nashville, TN, 37206",Sales,Nashville,6.7,12/30/1899 2:01:00 PM
Schowalter Inc,"33 Music Sq W, Nashville, TN, 37203",Ameer Hussain,"1512 Douglas Ave, Nashville, TN, 37206",Sales,Nashville,6.8,12/30/1899 12:19:00 PM
Cruickshank Group,"49 Music Square West Suite 505, Nashville, TN, 37203",Ameer Hussain,"1512 Douglas Ave, Nashville, TN, 37206",Sales,Nashville,6.9,12/30/1899 9:28:00 AM
Barton-Bartell,"117 Lyle Ln, Nashville, TN, 37210",Ameer Hussain,"1512 Douglas Ave, Nashville, TN, 37206",Sales,Nashville,7.1,12/30/1899 1:07:00 PM
"Schiller, Pagac and Legros","1913 18th Ave S, Nashville, TN, 37212",Ameer Hussain,"1512 Douglas Ave, Nashville, TN, 37206",Sales,Nashville,7.7,12/30/1899 4:03:00 PM
"Doyle, O'Conner and Hintz","527 Wanda Dr, Nashville, TN, 37210",Ameer Hussain,"1512 Douglas Ave, Nashville, TN, 37206",Sales,Nashville,9.4,12/30/1899 5:37:00 PM
Shields Group,"555 Marriott Dr Ste 325, Nashville, TN, 37214",Ameer Hussain,"1512 Douglas Ave, Nashville, TN, 37206",Sales,Nashville,9.7,12/30/1899 5:57:00 PM
Reichel-Satterfield,"1826 Elm Hill Pike, Nashville, TN, 37210",Ameer Hussain,"1512 Douglas Ave, Nashville, TN, 37206",Sales,Nashville,9.8,12/30/1899 4:39:00 PM
Bruen-Ratke,"4021 Albert Dr, Nashville, TN, 37204",Ameer Hussain,"1512 Douglas Ave, Nashville, TN, 37206",Sales,Nashville,11.3,12/30/1899 12:18:00 PM
Jacobs LLC,"4200 Jamesborough Pl, Nashville, TN, 37215",Ameer Hussain,"1512 Douglas Ave, Nashville, TN, 37206",Sales,Nashville,13.2,12/30/1899 12:48:00 PM
Beier Group,"810 Crescent Centre Dr, Franklin, TN, 37067",Ameer Hussain,"1512 Douglas Ave, Nashville, TN, 37206",Sales,Nashville,20.7,12/30/1899 4:10:00 PM
Bosco-Murray,"1024 Wyndham Hill Ln, Franklin, TN, 37069",Ameer Hussain,"1512 Douglas Ave, Nashville, TN, 37206",Sales,Nashville,24.1,12/30/1899 5:02:00 PM
"Little, Gerlach and Rau","1276 Lewisburg Pike Ste F, Franklin, TN, 37064",Ameer Hussain,"1512 Douglas Ave, Nashville, TN, 37206",Sales,Nashville,27.9,12/30/1899 11:13:00 AM
"Johns, Hyatt and Murphy","203 2nd Ave N, Nashville, TN, 37201",Anabel Ewing,"304 S 4th St, Nashville, TN, 37206",Sales,Nashville,1.5,12/30/1899 11:23:00 AM
Parker-Windler,"803 18th Ave S, Nashville, TN, 37203",Anabel Ewing,"304 S 4th St, Nashville, TN, 37206",Sales,Nashville,3.4,12/30/1899 5:13:00 PM
Bayer Group,"643 Spence Ln, Nashville, TN, 37217",Anabel Ewing,"304 S 4th St, Nashville, TN, 37206",Sales,Nashville,3.7,12/30/1899 11:12:00 AM
"Jacobson, Casper and Carroll","1303 16th Ave S , Nashville, TN, 37212",Anabel Ewing,"304 S 4th St, Nashville, TN, 37206",Sales,Nashville,3.8,12/30/1899 3:15:00 PM
Sporer-Cartwright,"114 W Trinity Ln, Nashville, TN, 37207",Anabel Ewing,"304 S 4th St, Nashville, TN, 37206",Sales,Nashville,4,12/30/1899 9:05:00 AM
"Bergstrom, Leuschke and Fisher","3302 Gallatin Pike, Nashville, TN, 37216",Anabel Ewing,"304 S 4th St, Nashville, TN, 37206",Sales,Nashville,4.1,12/30/1899 10:40:00 AM
Hilpert-Hermiston,"2205 State St, Nashville, TN, 37203",Anabel Ewing,"304 S 4th St, Nashville, TN, 37206",Sales,Nashville,4.2,12/30/1899 5:48:00 PM
Kessler-Hills,"2414 Highland Ave, Nashville, TN, 37212",Anabel Ewing,"304 S 4th St, Nashville, TN, 37206",Sales,Nashville,4.6,12/30/1899 4:33:00 PM
Conroy-Kovacek,"555 Great Circle Rd Ste 200, Nashville, TN, 37228",Anabel Ewing,"304 S 4th St, Nashville, TN, 37206",Sales,Nashville,4.8,12/30/1899 4:11:00 PM
Mann-Moore,"3212 W End Cir, Nashville, TN, 37203",Anabel Ewing,"304 S 4th St, Nashville, TN, 37206",Sales,Nashville,5.1,12/30/1899 8:42:00 AM
Bins-Rosenbaum,"4300 Wyoming Ave, Nashville, TN, 37209",Anabel Ewing,"304 S 4th St, Nashville, TN, 37206",Sales,Nashville,5.2,12/30/1899 3:20:00 PM
"Gleason, Hyatt and Botsford","2948 Nolensville Pike, Nashville, TN, 37211",Anabel Ewing,"304 S 4th St, Nashville, TN, 37206",Sales,Nashville,6.4,12/30/1899 1:49:00 PM
Ortiz-Kilback,"2451 Atrium Way Ste 120, Nashville, TN, 37214",Anabel Ewing,"304 S 4th St, Nashville, TN, 37206",Sales,Nashville,6.6,12/30/1899 8:09:00 AM
"Wiza, Powlowski and Nitzsche","601 Grassmere Park Ste 22, Nashville, TN, 37211",Anabel Ewing,"304 S 4th St, Nashville, TN, 37206",Sales,Nashville,7.7,12/30/1899 8:16:00 AM
"Kuphal, Kiehn and Effertz","40 Burton Hills Blvd Ste 200, Nashville, TN, 37215",Anabel Ewing,"304 S 4th St, Nashville, TN, 37206",Sales,Nashville,8.7,12/30/1899 3:57:00 PM
"Greenholt, Dickinson and Sauer","21 Vaughns Gap Rd, Nashville, TN, 37205",Anabel Ewing,"304 S 4th St, Nashville, TN, 37206",Sales,Nashville,13.3,12/30/1899 3:21:00 PM
Sauer-Koss,"432 Bell Rd, Nashville, TN, 37217",Anabel Ewing,"304 S 4th St, Nashville, TN, 37206",Sales,Nashville,13.6,12/30/1899 5:00:00 PM
Brown Inc,"3020 Stansberry Ln Ste 100, Franklin, TN, 37069",Anabel Ewing,"304 S 4th St, Nashville, TN, 37206",Sales,Nashville,16.5,12/30/1899 5:53:00 PM
Aufderhar Group,"330 Mallory Station Rd Ste D13, Franklin, TN, 37067",Anabel Ewing,"304 S 4th St, Nashville, TN, 37206",Sales,Nashville,18,12/30/1899 11:00:00 AM
Runolfsson LLC,"621 Gleneagle Ln, Franklin, TN, 37067",Anabel Ewing,"304 S 4th St, Nashville, TN, 37206",Sales,Nashville,19.8,12/30/1899 9:17:00 AM
Kshlerin LLC,"203 4th Ave S, Franklin, TN, 37064",Anabel Ewing,"304 S 4th St, Nashville, TN, 37206",Sales,Nashville,21.9,12/30/1899 2:21:00 PM
"Herzog, Haag and Jones","414 Bridge St, Franklin, TN, 37064",Anabel Ewing,"304 S 4th St, Nashville, TN, 37206",Sales,Nashville,22.2,12/30/1899 9:37:00 AM
"Little, Gerlach and Rau","1276 Lewisburg Pike Ste F, Franklin, TN, 37064",Anabel Ewing,"304 S 4th St, Nashville, TN, 37206",Sales,Nashville,24.5,12/30/1899 1:33:00 PM
Funk-White,"7231 Althorp Way, Nashville, TN, 37211",Arun Garner,"3003 Zermatt Ave, Nashville, TN, 37211",Sales,Nashville,1.8,12/30/1899 1:14:00 PM
Rempel-Stark,"4811 Nolensville Pike, Nashville, TN, 37211",Arun Garner,"3003 Zermatt Ave, Nashville, TN, 37211",Sales,Nashville,2.3,12/30/1899 8:22:00 AM
Hoppe LLC,"2400 Felts Ave, Nashville, TN, 37211",Arun Garner,"3003 Zermatt Ave, Nashville, TN, 37211",Sales,Nashville,6.9,12/30/1899 10:54:00 AM
"Bashirian, Steuber and Langworth","438 Houston St Ste 263, Nashville, TN, 37203",Arun Garner,"3003 Zermatt Ave, Nashville, TN, 37211",Sales,Nashville,8.4,12/30/1899 4:31:00 PM
Lesch-Glover,"2033 Richard Jones Rd, Nashville, TN, 37215",Arun Garner,"3003 Zermatt Ave, Nashville, TN, 37211",Sales,Nashville,9.2,12/30/1899 10:31:00 AM
Bayer Group,"643 Spence Ln, Nashville, TN, 37217",Arun Garner,"3003 Zermatt Ave, Nashville, TN, 37211",Sales,Nashville,10.2,12/30/1899 12:55:00 PM
Spinka Inc,"321 Billingsly Ct Ste 13, Franklin, TN, 37067",Arun Garner,"3003 Zermatt Ave, Nashville, TN, 37211",Sales,Nashville,11.7,12/30/1899 10:13:00 AM
Hudson-Purdy,"830 Crescent Centre Dr, Franklin, TN, 37067",Arun Garner,"3003 Zermatt Ave, Nashville, TN, 37211",Sales,Nashville,11.7,12/30/1899 3:28:00 PM
Weissnat-Beatty,"1206 17th Ave S, Nashville, TN, 37212",Arun Garner,"3003 Zermatt Ave, Nashville, TN, 37211",Sales,Nashville,13.4,12/30/1899 1:46:00 PM
Vandervort-Kunze,"1600 Division St Ste 700, Nashville, TN, 37203",Arun Garner,"3003 Zermatt Ave, Nashville, TN, 37211",Sales,Nashville,13.8,12/30/1899 1:54:00 PM
"Walsh, Ward and Bradtke","26 Century Blvd Ste 101, Nashville, TN, 37214",Arun Garner,"3003 Zermatt Ave, Nashville, TN, 37211",Sales,Nashville,13.8,12/30/1899 2:49:00 PM
Lowe LLC,"721 13th Avenue Cir, Nashville, TN, 37212",Arun Garner,"3003 Zermatt Ave, Nashville, TN, 37211",Sales,Nashville,13.9,12/30/1899 12:23:00 PM
"Bogisich, Pacocha and Runolfsdottir","38 Music Sq E Ste 200, Nashville, TN, 37203",Arun Garner,"3003 Zermatt Ave, Nashville, TN, 37211",Sales,Nashville,13.9,12/30/1899 5:09:00 PM
Herman-Walsh,"2517 Lebanon Pike Ste 301, Nashville, TN, 37214",Arun Garner,"3003 Zermatt Ave, Nashville, TN, 37211",Sales,Nashville,14,12/30/1899 11:25:00 AM
"Dickinson, Fahey and Shanahan","115 Graylynn Dr, Nashville, TN, 37214",Arun Garner,"3003 Zermatt Ave, Nashville, TN, 37211",Sales,Nashville,14.2,12/30/1899 5:53:00 PM
"Jacobson, Casper and Carroll","1303 16th Ave S , Nashville, TN, 37212",Arun Garner,"3003 Zermatt Ave, Nashville, TN, 37211",Sales,Nashville,14.4,12/30/1899 10:45:00 AM
Nikolaus-Mitchell,"2710 Old Lebanon Rd Ste 6, Nashville, TN, 37214",Arun Garner,"3003 Zermatt Ave, Nashville, TN, 37211",Sales,Nashville,14.6,12/30/1899 9:50:00 AM
"Hammes, Johnston and Crona","511 Union St Ste 2700, Nashville, TN, 37219",Arun Garner,"3003 Zermatt Ave, Nashville, TN, 37211",Sales,Nashville,14.6,12/30/1899 11:31:00 AM
"Volkman, Hodkiewicz and Hagenes","1510 hatfield Drive, franklin, TN, 37064",Arun Garner,"3003 Zermatt Ave, Nashville, TN, 37211",Sales,Nashville,14.6,12/30/1899 1:00:00 PM
"Lindgren, Gutkowski and Shields","1037 Jefferson St, Nashville, TN, 37208",Arun Garner,"3003 Zermatt Ave, Nashville, TN, 37211",Sales,Nashville,15,12/30/1899 1:21:00 PM
"Schinner, Abshire and Becker","701 2nd Ave N, Nashville, TN, 37201",Arun Garner,"3003 Zermatt Ave, Nashville, TN, 37211",Sales,Nashville,15.3,12/30/1899 2:06:00 PM
"Powlowski, Blick and Kilback","1441 New Highway 96 W Suite 2-43, Franklin, TN, 37064",Arun Garner,"3003 Zermatt Ave, Nashville, TN, 37211",Sales,Nashville,18,12/30/1899 8:15:00 AM
"Lynch, Davis and Schowalter","95 White Bridge Rd Ste 330, Nashville, TN, 37205",Arun Garner,"3003 Zermatt Ave, Nashville, TN, 37211",Sales,Nashville,18.7,12/30/1899 9:52:00 AM
"Cruickshank, Ritchie and Dare","415 Brick Church Park Dr, Nashville, TN, 37207",Arun Garner,"3003 Zermatt Ave, Nashville, TN, 37211",Sales,Nashville,19,12/30/1899 5:30:00 PM
Conroy-Kovacek,"555 Great Circle Rd Ste 200, Nashville, TN, 37228",Charlize Maxwell,"2305 23rd Ave N, Nashville, TN, 37208",Sales,Nashville,1.2,12/30/1899 12:18:00 PM
Hirthe-Sanford,"2811 Clifton Ave, Nashville, TN, 37209",Charlize Maxwell,"2305 23rd Ave N, Nashville, TN, 37208",Sales,Nashville,2.7,12/30/1899 12:45:00 PM
"Bartoletti, Harber and Paucek","3916 Clarksville Pike, Nashville, TN, 37218",Charlize Maxwell,"2305 23rd Ave N, Nashville, TN, 37208",Sales,Nashville,2.7,12/30/1899 5:23:00 PM
"Hettinger, Hane and Nader","2400 Parman Pl Ste B, Nashville, TN, 37203",Charlize Maxwell,"2305 23rd Ave N, Nashville, TN, 37208",Sales,Nashville,3.6,12/30/1899 1:06:00 PM
"Waelchi, Christiansen and Jakubowski","2301 Elliston Pl, Nashville, TN, 37203",Charlize Maxwell,"2305 23rd Ave N, Nashville, TN, 37208",Sales,Nashville,3.9,12/30/1899 9:02:00 AM
Crooks-Hintz,"3100 W End Ave Ste 450, Nashville, TN, 37203",Charlize Maxwell,"2305 23rd Ave N, Nashville, TN, 37208",Sales,Nashville,4.4,12/30/1899 12:23:00 PM
"Hammes, Johnston and Crona","511 Union St Ste 2700, Nashville, TN, 37219",Charlize Maxwell,"2305 23rd Ave N, Nashville, TN, 37208",Sales,Nashville,4.6,12/30/1899 11:57:00 AM
Lueilwitz-Bode,"1606 16th Ave S, Nashville, TN, 37212",Charlize Maxwell,"2305 23rd Ave N, Nashville, TN, 37208",Sales,Nashville,5.5,12/30/1899 12:40:00 PM
"Reichel, Herman and Abernathy","2303 21st Ave S, Nashville, TN, 37212",Charlize Maxwell,"2305 23rd Ave N, Nashville, TN, 37208",Sales,Nashville,5.8,12/30/1899 8:34:00 AM
Lowe-O'Kon,"701 Division St, Nashville, TN, 37203",Charlize Maxwell,"2305 23rd Ave N, Nashville, TN, 37208",Sales,Nashville,5.9,12/30/1899 8:26:00 AM
"Roberts, Yost and Johns","4544 Harding Pike, Nashville, TN, 37205",Charlize Maxwell,"2305 23rd Ave N, Nashville, TN, 37208",Sales,Nashville,6.1,12/30/1899 2:11:00 PM
Friesen LLC,"4525 Harding Pike, Nashville, TN, 37205",Charlize Maxwell,"2305 23rd Ave N, Nashville, TN, 37208",Sales,Nashville,6.1,12/30/1899 5:20:00 PM
Feest-Halvorson,"1004 8th Ave S, Nashville, TN, 37205",Charlize Maxwell,"2305 23rd Ave N, Nashville, TN, 37208",Sales,Nashville,6.3,12/30/1899 1:20:00 PM
Dibbert Group,"601 Hagan St, Nashville, TN, 37203",Charlize Maxwell,"2305 23rd Ave N, Nashville, TN, 37208",Sales,Nashville,6.7,12/30/1899 10:57:00 AM
Weber-Rempel,"4015 Hillsboro Pike, Nashville, TN, 37215",Charlize Maxwell,"2305 23rd Ave N, Nashville, TN, 37208",Sales,Nashville,7.2,12/30/1899 10:54:00 AM
"Nikolaus, Gislason and Pouros","2702 Greystone Rd, Nashville, TN, 37204",Charlize Maxwell,"2305 23rd Ave N, Nashville, TN, 37208",Sales,Nashville,7.4,12/30/1899 3:12:00 PM
"Bruen, Kling and Shanahan","3011 Armory Dr Ste 190, Nashville, TN, 37204",Charlize Maxwell,"2305 23rd Ave N, Nashville, TN, 37208",Sales,Nashville,8.8,12/30/1899 10:37:00 AM
"Wiza, Powlowski and Nitzsche","601 Grassmere Park Ste 22, Nashville, TN, 37211",Charlize Maxwell,"2305 23rd Ave N, Nashville, TN, 37208",Sales,Nashville,10.6,12/30/1899 2:47:00 PM
"Bergstrom, Harris and Rosenbaum","1921 Elm Hill Pike, Nashville, TN, 37210",Charlize Maxwell,"2305 23rd Ave N, Nashville, TN, 37208",Sales,Nashville,11.1,12/30/1899 11:44:00 AM
"McClure, O'Connell and Heidenreich","53 Century Blvd Ste 250, Nashville, TN, 37214",Charlize Maxwell,"2305 23rd Ave N, Nashville, TN, 37208",Sales,Nashville,11.5,12/30/1899 8:22:00 AM
Toy Inc,"2740 Old Elm Hill Pike, Nashville, TN, 37214",Charlize Maxwell,"2305 23rd Ave N, Nashville, TN, 37208",Sales,Nashville,12.1,12/30/1899 8:46:00 AM
"Douglas, Cartwright and Beier","4715 Nolensville Pike, Nashville, TN, 37211",Charlize Maxwell,"2305 23rd Ave N, Nashville, TN, 37208",Sales,Nashville,12.8,12/30/1899 4:42:00 PM
Vandervort Inc,"8043 River Road Pike, Nashville, TN, 37209",Charlize Maxwell,"2305 23rd Ave N, Nashville, TN, 37208",Sales,Nashville,14.4,12/30/1899 8:17:00 AM
Flatley-Lindgren,"830 Crescent Centre Dr Ste 180, Franklin, TN, 37067",Charlize Maxwell,"2305 23rd Ave N, Nashville, TN, 37208",Sales,Nashville,20.3,12/30/1899 4:23:00 PM
Howell-Emmerich,"4115 Mallory Ln Ste 200, Franklin, TN, 37067",Charlize Maxwell,"2305 23rd Ave N, Nashville, TN, 37208",Sales,Nashville,21.5,12/30/1899 9:45:00 AM
"Bode, Corkery and Halvorson","4211 S Carothers Rd Ste E1, Franklin, TN, 37067",Charlize Maxwell,"2305 23rd Ave N, Nashville, TN, 37208",Sales,Nashville,23.4,12/30/1899 9:00:00 AM
"Koelpin, Huels and Fahey","436 Main St Ste 202, Franklin, TN, 37064",Charlize Maxwell,"2305 23rd Ave N, Nashville, TN, 37208",Sales,Nashville,25,12/30/1899 4:54:00 PM
"Herzog, Haag and Jones","414 Bridge St, Franklin, TN, 37064",Charlize Maxwell,"2305 23rd Ave N, Nashville, TN, 37208",Sales,Nashville,25.1,12/30/1899 1:00:00 PM
VonRueden LLC,"512 Autumn Springs Ct, Franklin, TN, 37067",Cody Macgregor,"1101 Gray Fox Ln, Franklin, TN, 37069",Sales,Nashville,3.2,12/30/1899 5:11:00 PM
Wehner Group,"6100 Tower Cir, Franklin, TN, 37067",Cody Macgregor,"1101 Gray Fox Ln, Franklin, TN, 37069",Sales,Nashville,3.5,12/30/1899 8:11:00 AM
"Little, Gerlach and Rau","1276 Lewisburg Pike Ste F, Franklin, TN, 37064",Cody Macgregor,"1101 Gray Fox Ln, Franklin, TN, 37069",Sales,Nashville,7.8,12/30/1899 2:14:00 PM
"Lehner, Fahey and Gerhold","2000 Richard Jones Rd Ste 250, Nashville, TN, 37215",Cody Macgregor,"1101 Gray Fox Ln, Franklin, TN, 37069",Sales,Nashville,13.4,12/30/1899 12:26:00 PM
Kulas-Steuber,"7009 Lenox Village Dr Ste 101, Nashville, TN, 37211",Cody Macgregor,"1101 Gray Fox Ln, Franklin, TN, 37069",Sales,Nashville,15.8,12/30/1899 1:59:00 PM
Kulas-Steuber,"7009 Lenox Village Dr Ste 101, Nashville, TN, 37211",Cody Macgregor,"1101 Gray Fox Ln, Franklin, TN, 37069",Sales,Nashville,15.8,12/30/1899 4:26:00 PM
"Conn, Ullrich and Boyer","2528 Franklin Pike, Nashville, TN, 37204",Cody Macgregor,"1101 Gray Fox Ln, Franklin, TN, 37069",Sales,Nashville,16.3,12/30/1899 11:59:00 AM
Brakus LLC,"2320 Cruzen St, Nashville, TN, 37211",Cody Macgregor,"1101 Gray Fox Ln, Franklin, TN, 37069",Sales,Nashville,16.7,12/30/1899 12:36:00 PM
"Hessel, Rempel and Purdy","475 Metroplex Dr, Nashville, TN, 37211",Cody Macgregor,"1101 Gray Fox Ln, Franklin, TN, 37069",Sales,Nashville,17.9,12/30/1899 8:09:00 AM
Dibbert Group,"601 Hagan St, Nashville, TN, 37203",Cody Macgregor,"1101 Gray Fox Ln, Franklin, TN, 37069",Sales,Nashville,17.9,12/30/1899 10:46:00 AM
"Cummerata, Mayer and Gorczany","1710 Grand Ave, Nashville, TN, 37212",Cody Macgregor,"1101 Gray Fox Ln, Franklin, TN, 37069",Sales,Nashville,19.4,12/30/1899 9:09:00 AM
Parisian-Hessel,"1414 Charlotte Ave Ste 5, Nashville, TN, 37203",Cody Macgregor,"1101 Gray Fox Ln, Franklin, TN, 37069",Sales,Nashville,19.5,12/30/1899 10:43:00 AM
Walsh and Sons,"3200 W End Ave Ste 500, Nashville, TN, 37203",Cody Macgregor,"1101 Gray Fox Ln, Franklin, TN, 37069",Sales,Nashville,19.5,12/30/1899 12:26:00 PM
Zieme and Sons,"2001 Hayes St, Nashville, TN, 37203",Cody Macgregor,"1101 Gray Fox Ln, Franklin, TN, 37069",Sales,Nashville,19.7,12/30/1899 12:42:00 PM
Lueilwitz-Bode,"1606 16th Ave S, Nashville, TN, 37212",Cody Macgregor,"1101 Gray Fox Ln, Franklin, TN, 37069",Sales,Nashville,19.8,12/30/1899 8:07:00 AM
Williamson-Pouros,"114 29th Ave S, Nashville, TN, 37212",Cody Macgregor,"1101 Gray Fox Ln, Franklin, TN, 37069",Sales,Nashville,19.8,12/30/1899 2:06:00 PM
"Morar, Simonis and Ritchie","333 Arena Ave, Nashville, TN, 37203",Cody Macgregor,"1101 Gray Fox Ln, Franklin, TN, 37069",Sales,Nashville,19.9,12/30/1899 2:55:00 PM
"Morar, Simonis and Ritchie","333 Arena Ave, Nashville, TN, 37203",Cody Macgregor,"1101 Gray Fox Ln, Franklin, TN, 37069",Sales,Nashville,19.9,12/30/1899 4:52:00 PM
"Fisher, Robel and Cummings","926 Main St, Nashville, TN, 37206",Cody Macgregor,"1101 Gray Fox Ln, Franklin, TN, 37069",Sales,Nashville,21.1,12/30/1899 12:08:00 PM
"Torphy, Jakubowski and Collins","5916 Charlotte Pike, Nashville, TN, 37209",Cody Macgregor,"1101 Gray Fox Ln, Franklin, TN, 37069",Sales,Nashville,22.7,12/30/1899 4:12:00 PM
Ortiz-Kilback,"2451 Atrium Way Ste 120, Nashville, TN, 37214",Cody Macgregor,"1101 Gray Fox Ln, Franklin, TN, 37069",Sales,Nashville,22.8,12/30/1899 2:10:00 PM
Beatty LLC,"623 Eastboro Dr, Nashville, TN, 37209",Cody Macgregor,"1101 Gray Fox Ln, Franklin, TN, 37069",Sales,Nashville,23.1,12/30/1899 10:17:00 AM
Farrell Inc,"121 Fairway Dr, Nashville, TN, 37214",Cody Macgregor,"1101 Gray Fox Ln, Franklin, TN, 37069",Sales,Nashville,23.5,12/30/1899 11:40:00 AM
Kuhic-Gleichner,"123 Ewing Dr, Nashville, TN, 37207",Cody Macgregor,"1101 Gray Fox Ln, Franklin, TN, 37069",Sales,Nashville,26.2,12/30/1899 12:10:00 PM
Johnston-Jacobi,"3716 Village Trail, Nashville, TN, 37207",Devon Goddard,"109 Twin Hills Dr, Madison, TN, 37115",Sales,Nashville,9.7,12/30/1899 1:51:00 PM
Sporer-Cartwright,"114 W Trinity Ln, Nashville, TN, 37207",Devon Goddard,"109 Twin Hills Dr, Madison, TN, 37115",Sales,Nashville,9.8,12/30/1899 12:58:00 PM
Johnston-Wunsch,"805 Woodland St, Nashville, TN, 37206",Devon Goddard,"109 Twin Hills Dr, Madison, TN, 37115",Sales,Nashville,12.1,12/30/1899 4:50:00 PM
Hirthe-Schoen,"810 Russell St, Nashville, TN, 37206",Devon Goddard,"109 Twin Hills Dr, Madison, TN, 37115",Sales,Nashville,13,12/30/1899 4:53:00 PM
"Johns, Hyatt and Murphy","203 2nd Ave N, Nashville, TN, 37201",Devon Goddard,"109 Twin Hills Dr, Madison, TN, 37115",Sales,Nashville,13.2,12/30/1899 11:49:00 AM
Heathcote-Homenick,"1954 Dr Db Todd Jr Blvd, Nashville, TN, 37208",Devon Goddard,"109 Twin Hills Dr, Madison, TN, 37115",Sales,Nashville,13.2,12/30/1899 1:22:00 PM
Parisian-Hessel,"1414 Charlotte Ave Ste 5, Nashville, TN, 37203",Devon Goddard,"109 Twin Hills Dr, Madison, TN, 37115",Sales,Nashville,14,12/30/1899 10:50:00 AM
Lowe LLC,"721 13th Avenue Cir, Nashville, TN, 37212",Devon Goddard,"109 Twin Hills Dr, Madison, TN, 37115",Sales,Nashville,14.1,12/30/1899 11:52:00 AM
"Jakubowski, Bauch and Sauer","611 Commerce St Ste 2920, Nashville, TN, 37203",Devon Goddard,"109 Twin Hills Dr, Madison, TN, 37115",Sales,Nashville,14.6,12/30/1899 8:12:00 AM
Boyle-O'Kon,"535 Marriott Dr Ste 225, Nashville, TN, 37214",Devon Goddard,"109 Twin Hills Dr, Madison, TN, 37115",Sales,Nashville,15.8,12/30/1899 4:44:00 PM
Lowe-Walsh,"1024 18th Ave S, Nashville, TN, 37212",Devon Goddard,"109 Twin Hills Dr, Madison, TN, 37115",Sales,Nashville,16,12/30/1899 10:57:00 AM
"Collier, Trantow and Kerluke","305 Donelson Pike, Nashville, TN, 37214",Devon Goddard,"109 Twin Hills Dr, Madison, TN, 37115",Sales,Nashville,16.1,12/30/1899 1:46:00 PM
Weber-Roob,"3525 Central Ave, Nashville, TN, 37205",Devon Goddard,"109 Twin Hills Dr, Madison, TN, 37115",Sales,Nashville,16.2,12/30/1899 11:56:00 AM
Feest-Halvorson,"1004 8th Ave S, Nashville, TN, 37205",Devon Goddard,"109 Twin Hills Dr, Madison, TN, 37115",Sales,Nashville,16.4,12/30/1899 11:01:00 AM
Dach and Sons,"1709 19th Ave S, Nashville, TN, 37212",Devon Goddard,"109 Twin Hills Dr, Madison, TN, 37115",Sales,Nashville,16.7,12/30/1899 5:07:00 PM
"Kuphal, Kiehn and Effertz","40 Burton Hills Blvd Ste 200, Nashville, TN, 37215",Devon Goddard,"109 Twin Hills Dr, Madison, TN, 37115",Sales,Nashville,19.8,12/30/1899 1:24:00 PM
Eichmann-Goyette,"5209 Linbar Dr, Nashville, TN, 37211",Devon Goddard,"109 Twin Hills Dr, Madison, TN, 37115",Sales,Nashville,22.1,12/30/1899 2:58:00 PM
"White, Johnston and West","1509 Dresden Cir, Nashville, TN, 37215",Devon Goddard,"109 Twin Hills Dr, Madison, TN, 37115",Sales,Nashville,23.1,12/30/1899 3:21:00 PM
"Bernier, Reinger and Torphy","5814 Nolensville Pike Ste 5, Nashville, TN, 37211",Devon Goddard,"109 Twin Hills Dr, Madison, TN, 37115",Sales,Nashville,24.8,12/30/1899 8:28:00 AM
"Wolff, McCullough and Kertzmann","14977 Old Hickory Blvd, Nashville, TN, 37211",Devon Goddard,"109 Twin Hills Dr, Madison, TN, 37115",Sales,Nashville,26.6,12/30/1899 3:44:00 PM
Zieme-Marks,"6640 Carothers Pkwy Ste 300, Franklin, TN, 37067",Devon Goddard,"109 Twin Hills Dr, Madison, TN, 37115",Sales,Nashville,29.8,12/30/1899 12:19:00 PM
Eichmann Group,"1889 General George Patton Dr Ste 400, Franklin, TN, 37067",Devon Goddard,"109 Twin Hills Dr, Madison, TN, 37115",Sales,Nashville,29.9,12/30/1899 12:46:00 PM
"Bode, Corkery and Halvorson","4211 S Carothers Rd Ste E1, Franklin, TN, 37067",Devon Goddard,"109 Twin Hills Dr, Madison, TN, 37115",Sales,Nashville,32.9,12/30/1899 11:12:00 AM
Hammes-Harber,"118 Fort Granger Dr, Franklin, TN, 37064",Devon Goddard,"109 Twin Hills Dr, Madison, TN, 37115",Sales,Nashville,33.2,12/30/1899 1:38:00 PM
Lindgren-Lebsack,"135 2nd Ave N, Franklin, TN, 37064",Devon Goddard,"109 Twin Hills Dr, Madison, TN, 37115",Sales,Nashville,33.6,12/30/1899 10:23:00 AM
Lakin Inc,"2020 Fieldstone Pkwy, Franklin, TN, 37069",Devon Goddard,"109 Twin Hills Dr, Madison, TN, 37115",Sales,Nashville,34.4,12/30/1899 9:26:00 AM
Sporer-Cartwright,"114 W Trinity Ln, Nashville, TN, 37207",Eliott Reader,"623 Keeton Ave, Old Hickory, TN, 37138",Sales,Nashville,10.3,12/30/1899 2:55:00 PM
Roob-Bogisich,"307 Donelson Pike, Nashville, TN, 37214",Eliott Reader,"623 Keeton Ave, Old Hickory, TN, 37138",Sales,Nashville,11.2,12/30/1899 9:53:00 AM
Koelpin-Mueller,"604 Gallatin Ave Ste 300, Nashville, TN, 37206",Eliott Reader,"623 Keeton Ave, Old Hickory, TN, 37138",Sales,Nashville,11.9,12/30/1899 11:15:00 AM
Rippin-Sawayn,"730 Ramsey St, Nashville, TN, 37206",Eliott Reader,"623 Keeton Ave, Old Hickory, TN, 37138",Sales,Nashville,12,12/30/1899 2:58:00 PM
Donnelly Group,"624 Main St, Nashville, TN, 37206",Eliott Reader,"623 Keeton Ave, Old Hickory, TN, 37138",Sales,Nashville,12.4,12/30/1899 1:13:00 PM
Johnston-Wunsch,"805 Woodland St, Nashville, TN, 37206",Eliott Reader,"623 Keeton Ave, Old Hickory, TN, 37138",Sales,Nashville,12.6,12/30/1899 11:11:00 AM
"Homenick, Turner and Schoen","4121 Clarksville Pike Ste 1, Nashville, TN, 37218",Eliott Reader,"623 Keeton Ave, Old Hickory, TN, 37138",Sales,Nashville,13.1,12/30/1899 1:09:00 PM
"Renner, Pouros and Dicki","220 Printers Aly, Nashville, TN, 37201",Eliott Reader,"623 Keeton Ave, Old Hickory, TN, 37138",Sales,Nashville,13.7,12/30/1899 11:51:00 AM
"Hamill, Blick and Raynor","25 Century Blvd Ste 101, Nashville, TN, 37214",Eliott Reader,"623 Keeton Ave, Old Hickory, TN, 37138",Sales,Nashville,14.2,12/30/1899 1:18:00 PM
Larson LLC,"1201 Demonbreun St Ste 930, Nashville, TN, 37203",Eliott Reader,"623 Keeton Ave, Old Hickory, TN, 37138",Sales,Nashville,14.8,12/30/1899 8:05:00 AM
Larson LLC,"1201 Demonbreun St Ste 930, Nashville, TN, 37203",Eliott Reader,"623 Keeton Ave, Old Hickory, TN, 37138",Sales,Nashville,14.8,12/30/1899 2:24:00 PM
Rodriguez-Thompson,"2010 Church St, Nashville, TN, 37203",Eliott Reader,"623 Keeton Ave, Old Hickory, TN, 37138",Sales,Nashville,15.3,12/30/1899 8:51:00 AM
Paucek-Boehm,"1107 8th Ave S, Nashville, TN, 37203",Eliott Reader,"623 Keeton Ave, Old Hickory, TN, 37138",Sales,Nashville,15.4,12/30/1899 1:02:00 PM
Howell and Sons,"55 Music Sq E, Nashville, TN, 37203",Eliott Reader,"623 Keeton Ave, Old Hickory, TN, 37138",Sales,Nashville,16.2,12/30/1899 3:41:00 PM
Cruickshank Group,"49 Music Square West Suite 505, Nashville, TN, 37203",Eliott Reader,"623 Keeton Ave, Old Hickory, TN, 37138",Sales,Nashville,16.4,12/30/1899 9:25:00 AM
"McClure, Lebsack and Nader","112 29th Ave S, Nashville, TN, 37212",Eliott Reader,"623 Keeton Ave, Old Hickory, TN, 37138",Sales,Nashville,16.9,12/30/1899 1:32:00 PM
"Torphy, Jakubowski and Collins","5916 Charlotte Pike, Nashville, TN, 37209",Eliott Reader,"623 Keeton Ave, Old Hickory, TN, 37138",Sales,Nashville,17.5,12/30/1899 9:47:00 AM
Nitzsche Group,"421 E Iris Dr Ste 202, Nashville, TN, 37204",Eliott Reader,"623 Keeton Ave, Old Hickory, TN, 37138",Sales,Nashville,17.7,12/30/1899 4:03:00 PM
"Brakus, Stehr and Schamberger","5901 California Ave, Nashville, TN, 37209",Eliott Reader,"623 Keeton Ave, Old Hickory, TN, 37138",Sales,Nashville,17.7,12/30/1899 4:07:00 PM
"O'Connell, Hayes and Spencer","6202 Charlotte Pike Suite 1, Nashville, TN, 37209",Eliott Reader,"623 Keeton Ave, Old Hickory, TN, 37138",Sales,Nashville,17.8,12/30/1899 2:28:00 PM
Beatty LLC,"623 Eastboro Dr, Nashville, TN, 37209",Eliott Reader,"623 Keeton Ave, Old Hickory, TN, 37138",Sales,Nashville,17.9,12/30/1899 12:28:00 PM
"Keeling, Feeney and Russel","5000 Linbar Dr Ste 250, Nashville, TN, 37211",Eliott Reader,"623 Keeton Ave, Old Hickory, TN, 37138",Sales,Nashville,20.7,12/30/1899 11:30:00 AM
"Hansen, MacGyver and Roberts","501 Corporate Centre Dr Ste 390, Franklin, TN, 37067",Eliott Reader,"623 Keeton Ave, Old Hickory, TN, 37138",Sales,Nashville,30.1,12/30/1899 12:11:00 PM
"Klocko, Romaguera and Fritsch","106 Mission Ct Ste 604, Franklin, TN, 37067",Eliott Reader,"623 Keeton Ave, Old Hickory, TN, 37138",Sales,Nashville,31.2,12/30/1899 5:59:00 PM
Hammes-Harber,"118 Fort Granger Dr, Franklin, TN, 37064",Eliott Reader,"623 Keeton Ave, Old Hickory, TN, 37138",Sales,Nashville,33.7,12/30/1899 4:26:00 PM
"Wyman, Gutkowski and Auer","731 Columbia Ave, Franklin, TN, 37064",Eliott Reader,"623 Keeton Ave, Old Hickory, TN, 37138",Sales,Nashville,34.9,12/30/1899 10:34:00 AM
"Bailey, Gutmann and Predovic","208 Mcgavock Pike, Nashville, TN, 37214",Emrys Gibson,"2401 Ridgeland Dr, Nashville, TN, 37214",Sales,Nashville,2.6,12/30/1899 2:57:00 PM
Trantow-Botsford,"2812 Lebanon Pike, Nashville, TN, 37214",Emrys Gibson,"2401 Ridgeland Dr, Nashville, TN, 37214",Sales,Nashville,3.5,12/30/1899 4:45:00 PM
Toy Inc,"2740 Old Elm Hill Pike, Nashville, TN, 37214",Emrys Gibson,"2401 Ridgeland Dr, Nashville, TN, 37214",Sales,Nashville,4.6,12/30/1899 3:21:00 PM
Larkin-Gerhold,"519 Donelson Pike, Nashville, TN, 37214",Emrys Gibson,"2401 Ridgeland Dr, Nashville, TN, 37214",Sales,Nashville,4.7,12/30/1899 9:24:00 AM
Bayer Group,"643 Spence Ln, Nashville, TN, 37217",Emrys Gibson,"2401 Ridgeland Dr, Nashville, TN, 37214",Sales,Nashville,6.2,12/30/1899 3:34:00 PM
Herzog Group,"814 Fesslers Ln, Nashville, TN, 37210",Emrys Gibson,"2401 Ridgeland Dr, Nashville, TN, 37214",Sales,Nashville,7.5,12/30/1899 11:11:00 AM
Sporer-Cartwright,"114 W Trinity Ln, Nashville, TN, 37207",Emrys Gibson,"2401 Ridgeland Dr, Nashville, TN, 37214",Sales,Nashville,9.1,12/30/1899 5:05:00 PM
Koelpin-Mueller,"604 Gallatin Ave Ste 300, Nashville, TN, 37206",Emrys Gibson,"2401 Ridgeland Dr, Nashville, TN, 37214",Sales,Nashville,10,12/30/1899 9:10:00 AM
"Connelly, Price and Bernhard","615 Main St Suite 103, Nashville, TN, 37206",Emrys Gibson,"2401 Ridgeland Dr, Nashville, TN, 37214",Sales,Nashville,10.5,12/30/1899 3:20:00 PM
Konopelski Group,"615 Main St, Nashville, TN, 37206",Emrys Gibson,"2401 Ridgeland Dr, Nashville, TN, 37214",Sales,Nashville,10.5,12/30/1899 5:56:00 PM
"Jast, D'Amore and Tremblay","1410 Donelson Pike Ste B16, Nashville, TN, 37217",Emrys Gibson,"2401 Ridgeland Dr, Nashville, TN, 37214",Sales,Nashville,10.9,12/30/1899 2:38:00 PM
"Renner, Pouros and Dicki","220 Printers Aly, Nashville, TN, 37201",Emrys Gibson,"2401 Ridgeland Dr, Nashville, TN, 37214",Sales,Nashville,11.4,12/30/1899 9:21:00 AM
"Lowe, Hermann and White","2901 Armory Dr Ste 101, Nashville, TN, 37204",Emrys Gibson,"2401 Ridgeland Dr, Nashville, TN, 37214",Sales,Nashville,11.4,12/30/1899 11:20:00 AM
"Bartoletti, Harber and Paucek","3916 Clarksville Pike, Nashville, TN, 37218",Emrys Gibson,"2401 Ridgeland Dr, Nashville, TN, 37214",Sales,Nashville,12.2,12/30/1899 11:05:00 AM
"Lindgren, Gutkowski and Shields","1037 Jefferson St, Nashville, TN, 37208",Emrys Gibson,"2401 Ridgeland Dr, Nashville, TN, 37214",Sales,Nashville,12.4,12/30/1899 10:10:00 AM
Satterfield and Sons,"231 Venture Cir, Nashville, TN, 37228",Emrys Gibson,"2401 Ridgeland Dr, Nashville, TN, 37214",Sales,Nashville,12.5,12/30/1899 9:30:00 AM
Satterfield and Sons,"231 Venture Cir, Nashville, TN, 37228",Emrys Gibson,"2401 Ridgeland Dr, Nashville, TN, 37214",Sales,Nashville,12.5,12/30/1899 2:34:00 PM
Kuhn Group,"33 Music Sq W Ste 102B, Nashville, TN, 37203",Emrys Gibson,"2401 Ridgeland Dr, Nashville, TN, 37214",Sales,Nashville,12.6,12/30/1899 3:05:00 PM
Nikolaus-Balistreri,"545 Mainstream Dr Ste 250, Nashville, TN, 37228",Emrys Gibson,"2401 Ridgeland Dr, Nashville, TN, 37214",Sales,Nashville,13,12/30/1899 1:39:00 PM
"Koch, Koelpin and Deckow","566 Mainstream Dr Suite 40, Nashville, TN, 37228",Emrys Gibson,"2401 Ridgeland Dr, Nashville, TN, 37214",Sales,Nashville,13.1,12/30/1899 8:53:00 AM
Zieme and Sons,"2001 Hayes St, Nashville, TN, 37203",Emrys Gibson,"2401 Ridgeland Dr, Nashville, TN, 37214",Sales,Nashville,13.1,12/30/1899 11:10:00 AM
"Conn, Ullrich and Boyer","2528 Franklin Pike, Nashville, TN, 37204",Emrys Gibson,"2401 Ridgeland Dr, Nashville, TN, 37214",Sales,Nashville,13.3,12/30/1899 4:07:00 PM
"Rosenbaum, Spencer and Koss","4121 Hillsboro Pike, Nashville, TN, 37215",Emrys Gibson,"2401 Ridgeland Dr, Nashville, TN, 37214",Sales,Nashville,15.3,12/30/1899 3:50:00 PM
"Cummings, Kertzmann and Wyman","3102 W End Ave Ste 800, Nashville, TN, 37203",Emrys Gibson,"2401 Ridgeland Dr, Nashville, TN, 37214",Sales,Nashville,15.6,12/30/1899 3:18:00 PM
Mann-Moore,"3212 W End Cir, Nashville, TN, 37203",Emrys Gibson,"2401 Ridgeland Dr, Nashville, TN, 37214",Sales,Nashville,15.6,12/30/1899 3:57:00 PM
Bradtke and Sons,"1 Burton Hills Blvd, Nashville, TN, 37215",Emrys Gibson,"2401 Ridgeland Dr, Nashville, TN, 37214",Sales,Nashville,15.8,12/30/1899 11:27:00 AM
"Kuphal, Kiehn and Effertz","40 Burton Hills Blvd Ste 200, Nashville, TN, 37215",Emrys Gibson,"2401 Ridgeland Dr, Nashville, TN, 37214",Sales,Nashville,15.9,12/30/1899 12:58:00 PM
Towne and Sons,"5515 Edmondson Pike Ste 118, Nashville, TN, 37211",Emrys Gibson,"2401 Ridgeland Dr, Nashville, TN, 37214",Sales,Nashville,16.8,12/30/1899 8:09:00 AM
"Zulauf, McKenzie and Kunze","5133 Harding Pike Ste A10, Nashville, TN, 37205",Emrys Gibson,"2401 Ridgeland Dr, Nashville, TN, 37214",Sales,Nashville,19,12/30/1899 12:11:00 PM
Treutel-Prosacco,"725 Cool Springs Blvd Ste 600, Franklin, TN, 37067",Emrys Gibson,"2401 Ridgeland Dr, Nashville, TN, 37214",Sales,Nashville,24.5,12/30/1899 12:15:00 PM
Toy-Gorczany,"106 Mission Ct, Franklin, TN, 37067",Emrys Gibson,"2401 Ridgeland Dr, Nashville, TN, 37214",Sales,Nashville,25.6,12/30/1899 10:37:00 AM
"Cummings, Wehner and O'Connell","4115 Mallory Ln Ste 2, Franklin, TN, 37067",Emrys Gibson,"2401 Ridgeland Dr, Nashville, TN, 37214",Sales,Nashville,25.8,12/30/1899 11:29:00 AM
Lindgren-Lebsack,"135 2nd Ave N, Franklin, TN, 37064",Emrys Gibson,"2401 Ridgeland Dr, Nashville, TN, 37214",Sales,Nashville,28.4,12/30/1899 3:17:00 PM
"Krajcik, Cronin and Pacocha","140 4th Ave S, Franklin, TN, 37064",Emrys Gibson,"2401 Ridgeland Dr, Nashville, TN, 37214",Sales,Nashville,29.1,12/30/1899 10:40:00 AM
"Welch, Gutkowski and Purdy","315 Deaderick St, Nashville, TN, 37238",Eva Gibson,"2576 Val Marie Dr, Madison, TN, 37115",Sales,Nashville,13.7,12/30/1899 2:45:00 PM
Lubowitz Inc,"501 Union St, Nashville, TN, 37219",Eva Gibson,"2576 Val Marie Dr, Madison, TN, 37115",Sales,Nashville,13.8,12/30/1899 1:54:00 PM
Gibson LLC,"2821 Lebanon Road, Nashville, TN, 37214",Eva Gibson,"2576 Val Marie Dr, Madison, TN, 37115",Sales,Nashville,13.9,12/30/1899 8:40:00 AM
"Anderson, Buckridge and Donnelly","200 4th Ave N , Nashville, TN, 37219",Eva Gibson,"2576 Val Marie Dr, Madison, TN, 37115",Sales,Nashville,14.1,12/30/1899 1:21:00 PM
"Will, Okuneva and Schmidt","315 10th Ave N Ste 106, Nashville, TN, 37203",Eva Gibson,"2576 Val Marie Dr, Madison, TN, 37115",Sales,Nashville,14.8,12/30/1899 12:58:00 PM
Willms and Sons,"1818 Albion St, Nashville, TN, 37208",Eva Gibson,"2576 Val Marie Dr, Madison, TN, 37115",Sales,Nashville,15.6,12/30/1899 12:02:00 PM
"Waelchi, Christiansen and Jakubowski","2301 Elliston Pl, Nashville, TN, 37203",Eva Gibson,"2576 Val Marie Dr, Madison, TN, 37115",Sales,Nashville,15.7,12/30/1899 4:07:00 PM
Hilpert-Hermiston,"2205 State St, Nashville, TN, 37203",Eva Gibson,"2576 Val Marie Dr, Madison, TN, 37115",Sales,Nashville,15.7,12/30/1899 4:44:00 PM
Durgan LLC,"2301 Vanderbilt Pl, Nashville, TN, 37240",Eva Gibson,"2576 Val Marie Dr, Madison, TN, 37115",Sales,Nashville,16.5,12/30/1899 9:55:00 AM
"Bergstrom, Harris and Rosenbaum","1921 Elm Hill Pike, Nashville, TN, 37210",Eva Gibson,"2576 Val Marie Dr, Madison, TN, 37115",Sales,Nashville,16.7,12/30/1899 1:15:00 PM
Schimmel LLC,"555 Marriott Dr Ste 315, Nashville, TN, 37214",Eva Gibson,"2576 Val Marie Dr, Madison, TN, 37115",Sales,Nashville,16.7,12/30/1899 2:22:00 PM
Walsh and Sons,"3200 W End Ave Ste 500, Nashville, TN, 37203",Eva Gibson,"2576 Val Marie Dr, Madison, TN, 37115",Sales,Nashville,16.9,12/30/1899 5:51:00 PM
"Schiller, Pagac and Legros","1913 18th Ave S, Nashville, TN, 37212",Eva Gibson,"2576 Val Marie Dr, Madison, TN, 37115",Sales,Nashville,17.5,12/30/1899 2:53:00 PM
Jerde LLC,"1249 Massman Dr, Nashville, TN, 37217",Eva Gibson,"2576 Val Marie Dr, Madison, TN, 37115",Sales,Nashville,17.8,12/30/1899 1:12:00 PM
"Fisher, Grant and Ruecker","2303 21st Ave S Fl 201, Nashville, TN, 37212",Eva Gibson,"2576 Val Marie Dr, Madison, TN, 37115",Sales,Nashville,18.4,12/30/1899 1:50:00 PM
Wintheiser Inc,"1922 Old Murfreesboro Pike Suite 570, Nashville, TN, 37217",Eva Gibson,"2576 Val Marie Dr, Madison, TN, 37115",Sales,Nashville,21.2,12/30/1899 11:55:00 AM
Crooks-Ryan,"151 Belle Forest Cir, Nashville, TN, 37221",Eva Gibson,"2576 Val Marie Dr, Madison, TN, 37115",Sales,Nashville,24.6,12/30/1899 10:24:00 AM
Beier Group,"810 Crescent Centre Dr, Franklin, TN, 37067",Eva Gibson,"2576 Val Marie Dr, Madison, TN, 37115",Sales,Nashville,30.4,12/30/1899 10:48:00 AM
Lindgren-Lebsack,"135 2nd Ave N, Franklin, TN, 37064",Eva Gibson,"2576 Val Marie Dr, Madison, TN, 37115",Sales,Nashville,34.3,12/30/1899 5:30:00 PM
"Macejkovic, Hudson and Barrows","1014 Fulton Greer Rd Ste 2, Franklin, TN, 37064",Eva Gibson,"2576 Val Marie Dr, Madison, TN, 37115",Sales,Nashville,34.4,12/30/1899 2:59:00 PM
Padberg-Dare,"11 New Highway 96 W Suite 204, Franklin, TN, 37064",Eva Gibson,"2576 Val Marie Dr, Madison, TN, 37115",Sales,Nashville,35.4,12/30/1899 11:57:00 AM
"Macejkovic, Kertzmann and Sporer","1191 W Main St, Franklin, TN, 37064",Eva Gibson,"2576 Val Marie Dr, Madison, TN, 37115",Sales,Nashville,35.8,12/30/1899 3:22:00 PM
"Tromp, Krajcik and Connelly","105 SE Parkway Ste 104, Franklin, TN, 37064",Eva Gibson,"2576 Val Marie Dr, Madison, TN, 37115",Sales,Nashville,36.2,12/30/1899 12:37:00 PM
Mueller LLC,"3354 Perimeter Hill Dr Ste 105, Nashville, TN, 37211",Fern Sears,"1102 Woodridge Pl, Mt. Juliet, TN, 37122",Sales,Nashville,18.3,12/30/1899 11:43:00 AM
Ullrich Inc,"2594 Murfreesboro Pike, Nashville, TN, 37217",Fern Sears,"1102 Woodridge Pl, Mt. Juliet, TN, 37122",Sales,Nashville,18.9,12/30/1899 12:12:00 PM
Gibson and Sons,"2803 Foster Ave Ste 209, Nashville, TN, 37210",Fern Sears,"1102 Woodridge Pl, Mt. Juliet, TN, 37122",Sales,Nashville,19.9,12/30/1899 9:22:00 AM
Donnelly Group,"624 Main St, Nashville, TN, 37206",Fern Sears,"1102 Woodridge Pl, Mt. Juliet, TN, 37122",Sales,Nashville,20.8,12/30/1899 12:09:00 PM
Mohr and Sons,"1201 Demonbreun St Ste 1200, Nashville, TN, 37203",Fern Sears,"1102 Woodridge Pl, Mt. Juliet, TN, 37122",Sales,Nashville,21,12/30/1899 3:58:00 PM
"Fisher, Robel and Cummings","926 Main St, Nashville, TN, 37206",Fern Sears,"1102 Woodridge Pl, Mt. Juliet, TN, 37122",Sales,Nashville,21.2,12/30/1899 4:30:00 PM
Bartoletti and Sons,"315 Deaderick St Ste 1500, Nashville, TN, 37238",Fern Sears,"1102 Woodridge Pl, Mt. Juliet, TN, 37122",Sales,Nashville,21.3,12/30/1899 1:09:00 PM
Howell and Sons,"55 Music Sq E, Nashville, TN, 37203",Fern Sears,"1102 Woodridge Pl, Mt. Juliet, TN, 37122",Sales,Nashville,21.4,12/30/1899 10:50:00 AM
"Waelchi, Christiansen and Jakubowski","2301 Elliston Pl, Nashville, TN, 37203",Fern Sears,"1102 Woodridge Pl, Mt. Juliet, TN, 37122",Sales,Nashville,22.2,12/30/1899 11:42:00 AM
Bode-Kshlerin,"1505 17th Ave S, Nashville, TN, 37212",Fern Sears,"1102 Woodridge Pl, Mt. Juliet, TN, 37122",Sales,Nashville,22.3,12/30/1899 9:48:00 AM
Kunze LLC,"1501 Rosa L Parks Blvd, Nashville, TN, 37208",Fern Sears,"1102 Woodridge Pl, Mt. Juliet, TN, 37122",Sales,Nashville,22.3,12/30/1899 11:36:00 AM
Bruen-Ratke,"4021 Albert Dr, Nashville, TN, 37204",Fern Sears,"1102 Woodridge Pl, Mt. Juliet, TN, 37122",Sales,Nashville,22.4,12/30/1899 1:48:00 PM
Williamson-Pouros,"114 29th Ave S, Nashville, TN, 37212",Fern Sears,"1102 Woodridge Pl, Mt. Juliet, TN, 37122",Sales,Nashville,22.7,12/30/1899 12:23:00 PM
"Hessel, Swift and Wilkinson","1216 Stockell St, Nashville, TN, 37207",Fern Sears,"1102 Woodridge Pl, Mt. Juliet, TN, 37122",Sales,Nashville,22.7,12/30/1899 5:50:00 PM
Schumm-Kulas,"220 Great Circle Rd, Nashville, TN, 37228",Fern Sears,"1102 Woodridge Pl, Mt. Juliet, TN, 37122",Sales,Nashville,24.3,12/30/1899 1:02:00 PM
"Kuphal, Kiehn and Effertz","40 Burton Hills Blvd Ste 200, Nashville, TN, 37215",Fern Sears,"1102 Woodridge Pl, Mt. Juliet, TN, 37122",Sales,Nashville,24.8,12/30/1899 9:04:00 AM
"Hills, Grimes and Stracke","545 Mainstream Dr Ste 103, Nashville, TN, 37228",Fern Sears,"1102 Woodridge Pl, Mt. Juliet, TN, 37122",Sales,Nashville,24.8,12/30/1899 3:29:00 PM
"Klein, Hintz and Gleason","5517 Charlotte Pike, Nashville, TN, 37209",Fern Sears,"1102 Woodridge Pl, Mt. Juliet, TN, 37122",Sales,Nashville,26.3,12/30/1899 4:31:00 PM
"Baumbach, Yundt and Quigley","3428 Cobble St, Nashville, TN, 37211",Fern Sears,"1102 Woodridge Pl, Mt. Juliet, TN, 37122",Sales,Nashville,28,12/30/1899 9:02:00 AM
Beier Group,"810 Crescent Centre Dr, Franklin, TN, 37067",Fern Sears,"1102 Woodridge Pl, Mt. Juliet, TN, 37122",Sales,Nashville,33.4,12/30/1899 3:30:00 PM
Barton LLC,"109 Holiday Ct Ste B1, Franklin, TN, 37067",Fern Sears,"1102 Woodridge Pl, Mt. Juliet, TN, 37122",Sales,Nashville,35.8,12/30/1899 9:12:00 AM
"Bode, Gerlach and Dibbert","357 Riverside Dr, Franklin, TN, 37064",Fern Sears,"1102 Woodridge Pl, Mt. Juliet, TN, 37122",Sales,Nashville,36,12/30/1899 12:57:00 PM
Dickinson LLC,"357 Riverside Dr Ste 130, Franklin, TN, 37064",Fern Sears,"1102 Woodridge Pl, Mt. Juliet, TN, 37122",Sales,Nashville,36,12/30/1899 3:58:00 PM
Hammes-Harber,"118 Fort Granger Dr, Franklin, TN, 37064",Fern Sears,"1102 Woodridge Pl, Mt. Juliet, TN, 37122",Sales,Nashville,36.9,12/30/1899 2:09:00 PM
"Wyman, Gutkowski and Auer","731 Columbia Ave, Franklin, TN, 37064",Fern Sears,"1102 Woodridge Pl, Mt. Juliet, TN, 37122",Sales,Nashville,38.1,12/30/1899 10:21:00 AM
Bruen LLC,"414 N Petway St, Franklin, TN, 37064",Fern Sears,"1102 Woodridge Pl, Mt. Juliet, TN, 37122",Sales,Nashville,38.8,12/30/1899 3:00:00 PM
Dicki-Kutch,"3046 Columbia Ave Ste 206, Franklin, TN, 37064",Fern Sears,"1102 Woodridge Pl, Mt. Juliet, TN, 37122",Sales,Nashville,39.4,12/30/1899 11:25:00 AM
"Becker, Nitzsche and Rippin","4650 Everal Ln, Franklin, TN, 37064",Fern Sears,"1102 Woodridge Pl, Mt. Juliet, TN, 37122",Sales,Nashville,42.3,12/30/1899 8:53:00 AM
Schinner LLC,"7072 Charlotte Pike, Nashville, TN, 37209",Ifrah Burks,"6668 Beacon Ln, Nashville, TN, 37209",Sales,Nashville,1.3,12/30/1899 11:28:00 AM
"Watsica, Barton and Oberbrunner","3100 W End Ave Ste 940, Nashville, TN, 37203",Ifrah Burks,"6668 Beacon Ln, Nashville, TN, 37209",Sales,Nashville,7.4,12/30/1899 8:55:00 AM
Bruen-Ratke,"4021 Albert Dr, Nashville, TN, 37204",Ifrah Burks,"6668 Beacon Ln, Nashville, TN, 37209",Sales,Nashville,7.9,12/30/1899 4:58:00 PM
Larkin-Beahan,"800 2nd Ave N, Nashville, TN, 37201",Ifrah Burks,"6668 Beacon Ln, Nashville, TN, 37209",Sales,Nashville,8.8,12/30/1899 4:05:00 PM
Gorczany-Emmerich,"209 10th Ave S Ste 216, Nashville, TN, 37203",Ifrah Burks,"6668 Beacon Ln, Nashville, TN, 37209",Sales,Nashville,9.4,12/30/1899 10:01:00 AM
Gorczany-Emmerich,"209 10th Ave S Ste 216, Nashville, TN, 37203",Ifrah Burks,"6668 Beacon Ln, Nashville, TN, 37209",Sales,Nashville,9.4,12/30/1899 3:00:00 PM
"Nitzsche, Hirthe and Kessler","231 5th Ave N, Nashville, TN, 37219",Ifrah Burks,"6668 Beacon Ln, Nashville, TN, 37209",Sales,Nashville,9.5,12/30/1899 5:25:00 PM
"Johns, Hyatt and Murphy","203 2nd Ave N, Nashville, TN, 37201",Ifrah Burks,"6668 Beacon Ln, Nashville, TN, 37209",Sales,Nashville,9.6,12/30/1899 8:33:00 AM
"Renner, Pouros and Dicki","220 Printers Aly, Nashville, TN, 37201",Ifrah Burks,"6668 Beacon Ln, Nashville, TN, 37209",Sales,Nashville,9.6,12/30/1899 3:51:00 PM
"Hills, Grimes and Stracke","545 Mainstream Dr Ste 103, Nashville, TN, 37228",Ifrah Burks,"6668 Beacon Ln, Nashville, TN, 37209",Sales,Nashville,9.9,12/30/1899 1:43:00 PM
"Reynolds, Muller and Lindgren","1801 8th Ave S Ste 400, Nashville, TN, 37203",Ifrah Burks,"6668 Beacon Ln, Nashville, TN, 37209",Sales,Nashville,11.2,12/30/1899 12:40:00 PM
Johnston-Wunsch,"805 Woodland St, Nashville, TN, 37206",Ifrah Burks,"6668 Beacon Ln, Nashville, TN, 37209",Sales,Nashville,11.8,12/30/1899 1:18:00 PM
Miller-Champlin,"1004 Fatherland St, Nashville, TN, 37206",Ifrah Burks,"6668 Beacon Ln, Nashville, TN, 37209",Sales,Nashville,12.6,12/30/1899 9:23:00 AM
Eichmann-Doyle,"2841 Logan St, Nashville, TN, 37211",Ifrah Burks,"6668 Beacon Ln, Nashville, TN, 37209",Sales,Nashville,13.2,12/30/1899 12:29:00 PM
Heller and Sons,"1451 Elm Hill Pike Ste 254, Nashville, TN, 37210",Ifrah Burks,"6668 Beacon Ln, Nashville, TN, 37209",Sales,Nashville,13.9,12/30/1899 1:36:00 PM
Johnston-Jacobi,"3716 Village Trail, Nashville, TN, 37207",Ifrah Burks,"6668 Beacon Ln, Nashville, TN, 37209",Sales,Nashville,15.5,12/30/1899 10:20:00 AM
"Zieme, Wintheiser and Jacobi","106 Northcrest Ct, Nashville, TN, 37211",Ifrah Burks,"6668 Beacon Ln, Nashville, TN, 37209",Sales,Nashville,16,12/30/1899 4:49:00 PM
Jerde LLC,"1249 Massman Dr, Nashville, TN, 37217",Ifrah Burks,"6668 Beacon Ln, Nashville, TN, 37209",Sales,Nashville,16.1,12/30/1899 8:04:00 AM
"Douglas, Cartwright and Beier","4715 Nolensville Pike, Nashville, TN, 37211",Ifrah Burks,"6668 Beacon Ln, Nashville, TN, 37209",Sales,Nashville,16.1,12/30/1899 4:51:00 PM
Howe Inc,"2280 Lebanon Pike, Nashville, TN, 37214",Ifrah Burks,"6668 Beacon Ln, Nashville, TN, 37209",Sales,Nashville,17,12/30/1899 3:06:00 PM
Bode-Johns,"2131 Murfreesboro Pike, Nashville, TN, 37217",Ifrah Burks,"6668 Beacon Ln, Nashville, TN, 37209",Sales,Nashville,20.5,12/30/1899 10:41:00 AM
"Abbott, Rosenbaum and Balistreri","457 Bell Rd, Nashville, TN, 37217",Ifrah Burks,"6668 Beacon Ln, Nashville, TN, 37209",Sales,Nashville,23.4,12/30/1899 10:57:00 AM
Aufderhar Group,"330 Mallory Station Rd Ste D13, Franklin, TN, 37067",Ifrah Burks,"6668 Beacon Ln, Nashville, TN, 37209",Sales,Nashville,24.2,12/30/1899 3:31:00 PM
"Herzog, Konopelski and Pacocha","1208 Broadmoor Cir, Franklin, TN, 37067",Ifrah Burks,"6668 Beacon Ln, Nashville, TN, 37209",Sales,Nashville,25.4,12/30/1899 8:28:00 AM
Aufderhar Inc,"15 Century Blvd, Nashville, TN, 37214",Iris Cuevas,"244 Danyacrest Dr, Nashville, TN, 37214",Sales,Nashville,4.6,12/30/1899 8:06:00 AM
Reichel-Satterfield,"1826 Elm Hill Pike, Nashville, TN, 37210",Iris Cuevas,"244 Danyacrest Dr, Nashville, TN, 37214",Sales,Nashville,5,12/30/1899 2:09:00 PM
"Reilly, Sanford and Hilll","404 Bna Dr Ste 208, Nashville, TN, 37217",Iris Cuevas,"244 Danyacrest Dr, Nashville, TN, 37214",Sales,Nashville,5.9,12/30/1899 4:54:00 PM
"Parker, DuBuque and Jenkins","1410 Donelson Pike, Nashville, TN, 37217",Iris Cuevas,"244 Danyacrest Dr, Nashville, TN, 37214",Sales,Nashville,7,12/30/1899 8:49:00 AM
Bode-Johns,"2131 Murfreesboro Pike, Nashville, TN, 37217",Iris Cuevas,"244 Danyacrest Dr, Nashville, TN, 37214",Sales,Nashville,7.8,12/30/1899 3:58:00 PM
Wilderman Inc,"700 2nd Ave S, Nashville, TN, 37210",Iris Cuevas,"244 Danyacrest Dr, Nashville, TN, 37214",Sales,Nashville,8.3,12/30/1899 10:47:00 AM
"Abbott, Bins and Connelly","201 4th Ave N, Nashville, TN, 37219",Iris Cuevas,"244 Danyacrest Dr, Nashville, TN, 37214",Sales,Nashville,9.2,12/30/1899 11:00:00 AM
Stanton Group,"1524 Demonbreun St, Nashville, TN, 37203",Iris Cuevas,"244 Danyacrest Dr, Nashville, TN, 37214",Sales,Nashville,11.3,12/30/1899 2:38:00 PM
Johnston-Wunsch,"805 Woodland St, Nashville, TN, 37206",Iris Cuevas,"244 Danyacrest Dr, Nashville, TN, 37214",Sales,Nashville,11.3,12/30/1899 3:42:00 PM
Howell and Sons,"55 Music Sq E, Nashville, TN, 37203",Iris Cuevas,"244 Danyacrest Dr, Nashville, TN, 37214",Sales,Nashville,11.7,12/30/1899 2:18:00 PM
Larkin-Beahan,"800 2nd Ave N, Nashville, TN, 37201",Iris Cuevas,"244 Danyacrest Dr, Nashville, TN, 37214",Sales,Nashville,12,12/30/1899 10:16:00 AM
Larkin-Beahan,"800 2nd Ave N, Nashville, TN, 37201",Iris Cuevas,"244 Danyacrest Dr, Nashville, TN, 37214",Sales,Nashville,12,12/30/1899 10:56:00 AM
Lowe-Walsh,"1024 18th Ave S, Nashville, TN, 37212",Iris Cuevas,"244 Danyacrest Dr, Nashville, TN, 37214",Sales,Nashville,12,12/30/1899 5:10:00 PM
"Schinner, Abshire and Becker","701 2nd Ave N, Nashville, TN, 37201",Iris Cuevas,"244 Danyacrest Dr, Nashville, TN, 37214",Sales,Nashville,12.1,12/30/1899 2:03:00 PM
Bode-Kshlerin,"1505 17th Ave S, Nashville, TN, 37212",Iris Cuevas,"244 Danyacrest Dr, Nashville, TN, 37214",Sales,Nashville,12.6,12/30/1899 11:57:00 AM
Olson LLC,"3709 Moss Rose Dr, Nashville, TN, 37216",Iris Cuevas,"244 Danyacrest Dr, Nashville, TN, 37214",Sales,Nashville,12.8,12/30/1899 10:00:00 AM
Carroll-Hansen,"1900 Belmont Blvd, Nashville, TN, 37212",Iris Cuevas,"244 Danyacrest Dr, Nashville, TN, 37214",Sales,Nashville,12.9,12/30/1899 4:27:00 PM
Williamson-Pouros,"114 29th Ave S, Nashville, TN, 37212",Iris Cuevas,"244 Danyacrest Dr, Nashville, TN, 37214",Sales,Nashville,13,12/30/1899 1:43:00 PM
Collier Group,"2214 Rosa L Parks Blvd, Nashville, TN, 37228",Iris Cuevas,"244 Danyacrest Dr, Nashville, TN, 37214",Sales,Nashville,14.3,12/30/1899 2:23:00 PM
"Schumm, Stamm and DuBuque","3744 Annex Ave, Nashville, TN, 37209",Iris Cuevas,"244 Danyacrest Dr, Nashville, TN, 37214",Sales,Nashville,20.2,12/30/1899 2:01:00 PM
Armstrong Group,"501 Corporate Centre Dr, Franklin, TN, 37067",Iris Cuevas,"244 Danyacrest Dr, Nashville, TN, 37214",Sales,Nashville,23.6,12/30/1899 9:09:00 AM
Denesik-Bosco,"6550 Carothers Parkway Suite 160, Franklin, TN, 37067",Iris Cuevas,"244 Danyacrest Dr, Nashville, TN, 37214",Sales,Nashville,23.8,12/30/1899 12:14:00 PM
Hackett LLC,"3401 Mallory Ln Suite 200, Franklin, TN, 37067",Iris Cuevas,"244 Danyacrest Dr, Nashville, TN, 37214",Sales,Nashville,24.7,12/30/1899 10:03:00 AM
Lueilwitz-Stehr,"106 Mission Ct Ste 404, Franklin, TN, 37067",Iris Cuevas,"244 Danyacrest Dr, Nashville, TN, 37214",Sales,Nashville,24.7,12/30/1899 10:37:00 AM
Bosco-Murray,"1024 Wyndham Hill Ln, Franklin, TN, 37069",Iris Cuevas,"244 Danyacrest Dr, Nashville, TN, 37214",Sales,Nashville,25.2,12/30/1899 4:44:00 PM
Hamill-Brown,"1229 Lakeview Dr, Franklin, TN, 37067",Iris Cuevas,"244 Danyacrest Dr, Nashville, TN, 37214",Sales,Nashville,25.8,12/30/1899 8:34:00 AM
"Aufderhar, Ritchie and Daugherty","1113 Murfreesboro Rd Ste 404, Franklin, TN, 37064",Iris Cuevas,"244 Danyacrest Dr, Nashville, TN, 37214",Sales,Nashville,26.5,12/30/1899 2:44:00 PM
"Bergstrom, Harris and Rosenbaum","1921 Elm Hill Pike, Nashville, TN, 37210",Ivy Pratt,"2406 Woodberry Dr, Nashville, TN, 37214",Sales,Nashville,1.5,12/30/1899 4:25:00 PM
"Stanton, Hegmann and Braun","171 Little Green St, Nashville, TN, 37210",Ivy Pratt,"2406 Woodberry Dr, Nashville, TN, 37214",Sales,Nashville,5.3,12/30/1899 11:21:00 AM
Harris-Kautzer,"2606 Eugenia Ave, Nashville, TN, 37211",Ivy Pratt,"2406 Woodberry Dr, Nashville, TN, 37214",Sales,Nashville,6.5,12/30/1899 5:52:00 PM
"Hessel, Rempel and Purdy","475 Metroplex Dr, Nashville, TN, 37211",Ivy Pratt,"2406 Woodberry Dr, Nashville, TN, 37214",Sales,Nashville,7.6,12/30/1899 9:17:00 AM
"Miller, Klein and Casper","209 10th Ave S, Nashville, TN, 37203",Ivy Pratt,"2406 Woodberry Dr, Nashville, TN, 37214",Sales,Nashville,8,12/30/1899 10:47:00 AM
Smitham-Von,"20 Music Sq W, Nashville, TN, 37203",Ivy Pratt,"2406 Woodberry Dr, Nashville, TN, 37214",Sales,Nashville,8.2,12/30/1899 10:25:00 AM
Mueller LLC,"3354 Perimeter Hill Dr Ste 105, Nashville, TN, 37211",Ivy Pratt,"2406 Woodberry Dr, Nashville, TN, 37214",Sales,Nashville,8.2,12/30/1899 5:20:00 PM
Lakin LLC,"1303 16th Ave S Ste A, Nashville, TN, 37212",Ivy Pratt,"2406 Woodberry Dr, Nashville, TN, 37214",Sales,Nashville,8.5,12/30/1899 8:07:00 AM
"Schinner, Abshire and Becker","701 2nd Ave N, Nashville, TN, 37201",Ivy Pratt,"2406 Woodberry Dr, Nashville, TN, 37214",Sales,Nashville,8.5,12/30/1899 8:27:00 AM
Paucek-Barton,"611 Commerce St, Nashville, TN, 37203",Ivy Pratt,"2406 Woodberry Dr, Nashville, TN, 37214",Sales,Nashville,8.6,12/30/1899 10:07:00 AM
Murray Inc,"1006 Jefferson St, Nashville, TN, 37208",Ivy Pratt,"2406 Woodberry Dr, Nashville, TN, 37214",Sales,Nashville,8.7,12/30/1899 5:20:00 PM
Beatty and Sons,"210 25th Ave N, Nashville, TN, 37203",Ivy Pratt,"2406 Woodberry Dr, Nashville, TN, 37214",Sales,Nashville,9.2,12/30/1899 4:45:00 PM
Bahringer Group,"3405 Gallatin Pike, Nashville, TN, 37216",Ivy Pratt,"2406 Woodberry Dr, Nashville, TN, 37214",Sales,Nashville,10.3,12/30/1899 12:46:00 PM
Harber Group,"2522 Alameda St, Nashville, TN, 37208",Ivy Pratt,"2406 Woodberry Dr, Nashville, TN, 37214",Sales,Nashville,10.9,12/30/1899 10:11:00 AM
"O'Connell, Hayes and Spencer","6202 Charlotte Pike Suite 1, Nashville, TN, 37209",Ivy Pratt,"2406 Woodberry Dr, Nashville, TN, 37214",Sales,Nashville,13.6,12/30/1899 4:13:00 PM
Labadie-Ritchie,"5815 Vine Ridge Dr, Nashville, TN, 37205",Ivy Pratt,"2406 Woodberry Dr, Nashville, TN, 37214",Sales,Nashville,14.4,12/30/1899 12:20:00 PM
"Wolff, McCullough and Kertzmann","14977 Old Hickory Blvd, Nashville, TN, 37211",Ivy Pratt,"2406 Woodberry Dr, Nashville, TN, 37214",Sales,Nashville,14.6,12/30/1899 10:16:00 AM
"Carter, Schroeder and Lang","9175 Carothers Pkwy Ste 105, Franklin, TN, 37067",Ivy Pratt,"2406 Woodberry Dr, Nashville, TN, 37214",Sales,Nashville,18.9,12/30/1899 1:06:00 PM
Graham LLC,"730 Cool Springs Blvd Ste 800, Franklin, TN, 37067",Ivy Pratt,"2406 Woodberry Dr, Nashville, TN, 37214",Sales,Nashville,20,12/30/1899 8:10:00 AM
Jast and Sons,"171 Belle Forest Cir, Nashville, TN, 37221",Ivy Pratt,"2406 Woodberry Dr, Nashville, TN, 37214",Sales,Nashville,20.1,12/30/1899 8:44:00 AM
Eichmann Group,"1889 General George Patton Dr Ste 400, Franklin, TN, 37067",Ivy Pratt,"2406 Woodberry Dr, Nashville, TN, 37214",Sales,Nashville,20.2,12/30/1899 5:20:00 PM
Toy-Gorczany,"106 Mission Ct, Franklin, TN, 37067",Ivy Pratt,"2406 Woodberry Dr, Nashville, TN, 37214",Sales,Nashville,21.1,12/30/1899 2:10:00 PM
"Powlowski, Blick and Kilback","1441 New Highway 96 W Suite 2-43, Franklin, TN, 37064",Ivy Pratt,"2406 Woodberry Dr, Nashville, TN, 37214",Sales,Nashville,26.5,12/30/1899 10:30:00 AM
"Luettgen, Kihn and Kris","1441 New Highway 96 W Ste 4, Franklin, TN, 37064",Ivy Pratt,"2406 Woodberry Dr, Nashville, TN, 37214",Sales,Nashville,26.5,12/30/1899 1:07:00 PM
"Schroeder, Hickle and Hegmann","209 Green Valley Blvd, Franklin, TN, 37064",Ivy Pratt,"2406 Woodberry Dr, Nashville, TN, 37214",Sales,Nashville,27.6,12/30/1899 2:07:00 PM
"Becker, Nitzsche and Rippin","4650 Everal Ln, Franklin, TN, 37064",Ivy Pratt,"2406 Woodberry Dr, Nashville, TN, 37214",Sales,Nashville,30.9,12/30/1899 1:30:00 PM
Bruen-Ratke,"4021 Albert Dr, Nashville, TN, 37204",Jamie Collier,"3925 Cross Creek Rd, Nashville, TN, 37215",Sales,Nashville,3.1,12/30/1899 5:00:00 PM
Crooks-Hintz,"3100 W End Ave Ste 450, Nashville, TN, 37203",Jamie Collier,"3925 Cross Creek Rd, Nashville, TN, 37215",Sales,Nashville,3.3,12/30/1899 9:26:00 AM
Kessler-Hills,"2414 Highland Ave, Nashville, TN, 37212",Jamie Collier,"3925 Cross Creek Rd, Nashville, TN, 37215",Sales,Nashville,3.6,12/30/1899 11:31:00 AM
"Conn, Ullrich and Boyer","2528 Franklin Pike, Nashville, TN, 37204",Jamie Collier,"3925 Cross Creek Rd, Nashville, TN, 37215",Sales,Nashville,3.7,12/30/1899 1:28:00 PM
Lakin LLC,"1303 16th Ave S Ste A, Nashville, TN, 37212",Jamie Collier,"3925 Cross Creek Rd, Nashville, TN, 37215",Sales,Nashville,3.7,12/30/1899 2:07:00 PM
Strosin-Gutmann,"33 Music Sq W , Nashville, TN, 37203",Jamie Collier,"3925 Cross Creek Rd, Nashville, TN, 37215",Sales,Nashville,3.8,12/30/1899 8:20:00 AM
Beatty and Sons,"210 25th Ave N, Nashville, TN, 37203",Jamie Collier,"3925 Cross Creek Rd, Nashville, TN, 37215",Sales,Nashville,3.9,12/30/1899 3:58:00 PM
Howell and Sons,"55 Music Sq E, Nashville, TN, 37203",Jamie Collier,"3925 Cross Creek Rd, Nashville, TN, 37215",Sales,Nashville,4.2,12/30/1899 8:49:00 AM
Rodriguez-Thompson,"2010 Church St, Nashville, TN, 37203",Jamie Collier,"3925 Cross Creek Rd, Nashville, TN, 37215",Sales,Nashville,4.4,12/30/1899 9:38:00 AM
"Gleason, Hyatt and Botsford","2948 Nolensville Pike, Nashville, TN, 37211",Jamie Collier,"3925 Cross Creek Rd, Nashville, TN, 37215",Sales,Nashville,5,12/30/1899 8:52:00 AM
McDermott Inc,"6422 Thunderbird Dr, Nashville, TN, 37209",Jamie Collier,"3925 Cross Creek Rd, Nashville, TN, 37215",Sales,Nashville,5.5,12/30/1899 2:14:00 PM
D'Amore-Hessel,"1916 8th Ave S, Nashville, TN, 37203",Jamie Collier,"3925 Cross Creek Rd, Nashville, TN, 37215",Sales,Nashville,5.5,12/30/1899 3:46:00 PM
"Bruen, Kling and Shanahan","3011 Armory Dr Ste 190, Nashville, TN, 37204",Jamie Collier,"3925 Cross Creek Rd, Nashville, TN, 37215",Sales,Nashville,5.7,12/30/1899 12:53:00 PM
"Krajcik, Wiegand and Breitenberg","150 4th Ave N Ste 1100, Nashville, TN, 37219",Jamie Collier,"3925 Cross Creek Rd, Nashville, TN, 37215",Sales,Nashville,7.6,12/30/1899 1:49:00 PM
Paucek-Barton,"611 Commerce St, Nashville, TN, 37203",Jamie Collier,"3925 Cross Creek Rd, Nashville, TN, 37215",Sales,Nashville,8.1,12/30/1899 9:16:00 AM
"Bergnaum, Walter and Weimann","446 James Robertson Pkwy Ste 200, Nashville, TN, 37219",Jamie Collier,"3925 Cross Creek Rd, Nashville, TN, 37215",Sales,Nashville,8.2,12/30/1899 11:39:00 AM
Armstrong-Hilll,"510 Gay St, Nashville, TN, 37219",Jamie Collier,"3925 Cross Creek Rd, Nashville, TN, 37215",Sales,Nashville,8.2,12/30/1899 12:15:00 PM
"Anderson, Buckridge and Donnelly","200 4th Ave N , Nashville, TN, 37219",Jamie Collier,"3925 Cross Creek Rd, Nashville, TN, 37215",Sales,Nashville,8.2,12/30/1899 3:20:00 PM
"Johns, Hyatt and Murphy","203 2nd Ave N, Nashville, TN, 37201",Jamie Collier,"3925 Cross Creek Rd, Nashville, TN, 37215",Sales,Nashville,8.3,12/30/1899 9:32:00 AM
"Davis, Hettinger and Sawayn","404 James Robertson Parkway, Suite 1613, Nashville, TN, 37219",Jamie Collier,"3925 Cross Creek Rd, Nashville, TN, 37215",Sales,Nashville,8.3,12/30/1899 2:18:00 PM
Nikolaus-Balistreri,"545 Mainstream Dr Ste 250, Nashville, TN, 37228",Jamie Collier,"3925 Cross Creek Rd, Nashville, TN, 37215",Sales,Nashville,8.7,12/30/1899 1:49:00 PM
Rippin-Sawayn,"730 Ramsey St, Nashville, TN, 37206",Jamie Collier,"3925 Cross Creek Rd, Nashville, TN, 37215",Sales,Nashville,9.3,12/30/1899 4:11:00 PM
Rippin-Sawayn,"730 Ramsey St, Nashville, TN, 37206",Jamie Collier,"3925 Cross Creek Rd, Nashville, TN, 37215",Sales,Nashville,9.3,12/30/1899 5:14:00 PM
Schimmel LLC,"555 Marriott Dr Ste 315, Nashville, TN, 37214",Jamie Collier,"3925 Cross Creek Rd, Nashville, TN, 37215",Sales,Nashville,11,12/30/1899 11:42:00 AM
VonRueden-Hilpert,"2605 Elm Hill Pike, Nashville, TN, 37214",Jamie Collier,"3925 Cross Creek Rd, Nashville, TN, 37215",Sales,Nashville,11.3,12/30/1899 11:53:00 AM
Roob-Mann,"1524 Gallatin Ave, Nashville, TN, 37206",Jamie Collier,"3925 Cross Creek Rd, Nashville, TN, 37215",Sales,Nashville,11.9,12/30/1899 4:33:00 PM
"Macejkovic, Hudson and Barrows","1014 Fulton Greer Rd Ste 2, Franklin, TN, 37064",Jamie Collier,"3925 Cross Creek Rd, Nashville, TN, 37215",Sales,Nashville,12.9,12/30/1899 12:43:00 PM
Denesik-Bosco,"6550 Carothers Parkway Suite 160, Franklin, TN, 37067",Jamie Collier,"3925 Cross Creek Rd, Nashville, TN, 37215",Sales,Nashville,17.3,12/30/1899 9:06:00 AM
Eichmann Group,"1889 General George Patton Dr Ste 400, Franklin, TN, 37067",Jamie Collier,"3925 Cross Creek Rd, Nashville, TN, 37215",Sales,Nashville,17.4,12/30/1899 11:12:00 AM
Lakin-Zemlak,"1917 Church St, Nashville, TN, 37203",Jamil Miles,"1602 22nd Ave N, Nashville, TN, 37208",Sales,Nashville,2.1,12/30/1899 1:01:00 PM
Zieme and Sons,"2001 Hayes St, Nashville, TN, 37203",Jamil Miles,"1602 22nd Ave N, Nashville, TN, 37208",Sales,Nashville,2.2,12/30/1899 9:57:00 AM
"Anderson, O'Connell and Stamm","511 Union St, Nashville, TN, 37219",Jamil Miles,"1602 22nd Ave N, Nashville, TN, 37208",Sales,Nashville,2.7,12/30/1899 10:30:00 AM
"Little, Wunsch and Turcotte","230 4th Ave N, Nashville, TN, 37219",Jamil Miles,"1602 22nd Ave N, Nashville, TN, 37208",Sales,Nashville,2.9,12/30/1899 12:28:00 PM
Gorczany Inc,"209 10th Ave S Ste 342, Nashville, TN, 37203",Jamil Miles,"1602 22nd Ave N, Nashville, TN, 37208",Sales,Nashville,3,12/30/1899 4:33:00 PM
Beatty LLC,"623 Eastboro Dr, Nashville, TN, 37209",Jamil Miles,"1602 22nd Ave N, Nashville, TN, 37208",Sales,Nashville,4.5,12/30/1899 1:57:00 PM
"Ryan, Mayert and Sawayn","109 Kenner Ave Ste 100, Nashville, TN, 37205",Jamil Miles,"1602 22nd Ave N, Nashville, TN, 37208",Sales,Nashville,4.9,12/30/1899 8:36:00 AM
"Schmeler, Barton and Schoen","928 6th Ave S, Nashville, TN, 37203",Jamil Miles,"1602 22nd Ave N, Nashville, TN, 37208",Sales,Nashville,5.6,12/30/1899 11:30:00 AM
Kassulke Inc,"197 Little Green St, Nashville, TN, 37210",Jamil Miles,"1602 22nd Ave N, Nashville, TN, 37208",Sales,Nashville,7.7,12/30/1899 12:59:00 PM
Kshlerin Group,"1422 Lebanon Pike, Nashville, TN, 37210",Jamil Miles,"1602 22nd Ave N, Nashville, TN, 37208",Sales,Nashville,8.4,12/30/1899 2:53:00 PM
Heller and Sons,"1451 Elm Hill Pike Ste 254, Nashville, TN, 37210",Jamil Miles,"1602 22nd Ave N, Nashville, TN, 37208",Sales,Nashville,8.9,12/30/1899 2:44:00 PM
"Hamill, Lakin and Swift","404 Bna Dr Ste 105, Nashville, TN, 37217",Jamil Miles,"1602 22nd Ave N, Nashville, TN, 37208",Sales,Nashville,10.7,12/30/1899 5:51:00 PM
Barrows and Sons,"237 Old Hickory Blvd, Nashville, TN, 37221",Jamil Miles,"1602 22nd Ave N, Nashville, TN, 37208",Sales,Nashville,10.9,12/30/1899 8:17:00 AM
Lang-Funk,"388 Harding Pl Ste A, Nashville, TN, 37211",Jamil Miles,"1602 22nd Ave N, Nashville, TN, 37208",Sales,Nashville,11.5,12/30/1899 9:34:00 AM
"Bailey, Gutmann and Predovic","208 Mcgavock Pike, Nashville, TN, 37214",Jamil Miles,"1602 22nd Ave N, Nashville, TN, 37208",Sales,Nashville,12.2,12/30/1899 10:23:00 AM
VonRueden-Kerluke,"617 Dorshire Ln, Nashville, TN, 37221",Jamil Miles,"1602 22nd Ave N, Nashville, TN, 37208",Sales,Nashville,12.5,12/30/1899 4:36:00 PM
Ullrich Inc,"2594 Murfreesboro Pike, Nashville, TN, 37217",Jamil Miles,"1602 22nd Ave N, Nashville, TN, 37208",Sales,Nashville,16.9,12/30/1899 8:15:00 AM
"Carter, Schroeder and Lang","9175 Carothers Pkwy Ste 105, Franklin, TN, 37067",Jamil Miles,"1602 22nd Ave N, Nashville, TN, 37208",Sales,Nashville,18.4,12/30/1899 10:44:00 AM
Graham LLC,"730 Cool Springs Blvd Ste 800, Franklin, TN, 37067",Jamil Miles,"1602 22nd Ave N, Nashville, TN, 37208",Sales,Nashville,19.4,12/30/1899 10:44:00 AM
Treutel-Prosacco,"725 Cool Springs Blvd Ste 600, Franklin, TN, 37067",Jamil Miles,"1602 22nd Ave N, Nashville, TN, 37208",Sales,Nashville,19.5,12/30/1899 3:12:00 PM
"Kreiger, Dooley and Borer","903 Murfreesboro Rd, Franklin, TN, 37064",Jamil Miles,"1602 22nd Ave N, Nashville, TN, 37208",Sales,Nashville,22.7,12/30/1899 3:25:00 PM
"Kreiger, Dooley and Borer","903 Murfreesboro Rd, Franklin, TN, 37064",Jamil Miles,"1602 22nd Ave N, Nashville, TN, 37208",Sales,Nashville,22.7,12/30/1899 5:16:00 PM
"Turner, Mohr and Schinner","303 Bridge St, Franklin, TN, 37064",Jamil Miles,"1602 22nd Ave N, Nashville, TN, 37208",Sales,Nashville,24.6,12/30/1899 12:15:00 PM
Bruen LLC,"414 N Petway St, Franklin, TN, 37064",Jamil Miles,"1602 22nd Ave N, Nashville, TN, 37208",Sales,Nashville,25.2,12/30/1899 10:10:00 AM
"Konopelski, Kihn and Fritsch","458 Bell Rd, Nashville, TN, 37217",Jesus Hensley,"503 Woodland Ct, Mt. Juliet, TN, 37122",Sales,Nashville,13.6,12/30/1899 12:07:00 PM
Herzog Group,"814 Fesslers Ln, Nashville, TN, 37210",Jesus Hensley,"503 Woodland Ct, Mt. Juliet, TN, 37122",Sales,Nashville,14.8,12/30/1899 3:05:00 PM
Block-Lynch,"900 Division St, Nashville, TN, 37203",Jesus Hensley,"503 Woodland Ct, Mt. Juliet, TN, 37122",Sales,Nashville,16.4,12/30/1899 1:26:00 PM
Konopelski Group,"615 Main St, Nashville, TN, 37206",Jesus Hensley,"503 Woodland Ct, Mt. Juliet, TN, 37122",Sales,Nashville,16.8,12/30/1899 2:21:00 PM
Paucek-Boehm,"1107 8th Ave S, Nashville, TN, 37203",Jesus Hensley,"503 Woodland Ct, Mt. Juliet, TN, 37122",Sales,Nashville,17,12/30/1899 9:58:00 AM
"Johns, Hyatt and Murphy","203 2nd Ave N, Nashville, TN, 37201",Jesus Hensley,"503 Woodland Ct, Mt. Juliet, TN, 37122",Sales,Nashville,17.1,12/30/1899 2:56:00 PM
"Gusikowski, Marvin and Lakin","144 2nd Ave N, Nashville, TN, 37201",Jesus Hensley,"503 Woodland Ct, Mt. Juliet, TN, 37122",Sales,Nashville,17.1,12/30/1899 3:50:00 PM
"Fisher, Robel and Cummings","926 Main St, Nashville, TN, 37206",Jesus Hensley,"503 Woodland Ct, Mt. Juliet, TN, 37122",Sales,Nashville,17.2,12/30/1899 10:39:00 AM
"Davis, Hettinger and Sawayn","404 James Robertson Parkway, Suite 1613, Nashville, TN, 37219",Jesus Hensley,"503 Woodland Ct, Mt. Juliet, TN, 37122",Sales,Nashville,17.2,12/30/1899 4:09:00 PM
"Miller, Klein and Casper","209 10th Ave S, Nashville, TN, 37203",Jesus Hensley,"503 Woodland Ct, Mt. Juliet, TN, 37122",Sales,Nashville,17.3,12/30/1899 1:37:00 PM
Koch Inc,"818 18th Ave S Ste 100, Nashville, TN, 37203",Jesus Hensley,"503 Woodland Ct, Mt. Juliet, TN, 37122",Sales,Nashville,17.5,12/30/1899 8:09:00 AM
Kuhn Group,"33 Music Sq W Ste 102B, Nashville, TN, 37203",Jesus Hensley,"503 Woodland Ct, Mt. Juliet, TN, 37122",Sales,Nashville,17.5,12/30/1899 9:32:00 AM
Kuhn Group,"33 Music Sq W Ste 102B, Nashville, TN, 37203",Jesus Hensley,"503 Woodland Ct, Mt. Juliet, TN, 37122",Sales,Nashville,17.5,12/30/1899 2:00:00 PM
"Funk, Glover and Quigley","9 Music Sq S, Nashville, TN, 37203",Jesus Hensley,"503 Woodland Ct, Mt. Juliet, TN, 37122",Sales,Nashville,17.5,12/30/1899 5:20:00 PM
Koelpin-Mueller,"604 Gallatin Ave Ste 300, Nashville, TN, 37206",Jesus Hensley,"503 Woodland Ct, Mt. Juliet, TN, 37122",Sales,Nashville,17.8,12/30/1899 1:36:00 PM
Schaefer LLC,"1200 Clinton St, Nashville, TN, 37203",Jesus Hensley,"503 Woodland Ct, Mt. Juliet, TN, 37122",Sales,Nashville,17.8,12/30/1899 5:13:00 PM
"Abshire, Johnston and Strosin","1916 Patterson St, Nashville, TN, 37203",Jesus Hensley,"503 Woodland Ct, Mt. Juliet, TN, 37122",Sales,Nashville,18.2,12/30/1899 9:35:00 AM
Kessler-Hills,"2414 Highland Ave, Nashville, TN, 37212",Jesus Hensley,"503 Woodland Ct, Mt. Juliet, TN, 37122",Sales,Nashville,18.6,12/30/1899 10:23:00 AM
"Lowe, Ortiz and Thompson","2126 Abbott Martin Rd, Nashville, TN, 37215",Jesus Hensley,"503 Woodland Ct, Mt. Juliet, TN, 37122",Sales,Nashville,19.8,12/30/1899 9:59:00 AM
Jakubowski LLC,"2021 Richard Jones Rd Ste 130, Nashville, TN, 37215",Jesus Hensley,"503 Woodland Ct, Mt. Juliet, TN, 37122",Sales,Nashville,19.9,12/30/1899 2:36:00 PM
"Cruickshank, Ritchie and Dare","415 Brick Church Park Dr, Nashville, TN, 37207",Jesus Hensley,"503 Woodland Ct, Mt. Juliet, TN, 37122",Sales,Nashville,20.3,12/30/1899 8:17:00 AM
Harber Group,"2522 Alameda St, Nashville, TN, 37208",Jesus Hensley,"503 Woodland Ct, Mt. Juliet, TN, 37122",Sales,Nashville,20.3,12/30/1899 9:25:00 AM
"Cruickshank, Ritchie and Dare","415 Brick Church Park Dr, Nashville, TN, 37207",Jesus Hensley,"503 Woodland Ct, Mt. Juliet, TN, 37122",Sales,Nashville,20.3,12/30/1899 3:23:00 PM
"Ryan, Mayert and Sawayn","109 Kenner Ave Ste 100, Nashville, TN, 37205",Jesus Hensley,"503 Woodland Ct, Mt. Juliet, TN, 37122",Sales,Nashville,21.2,12/30/1899 5:41:00 PM
Towne and Sons,"5515 Edmondson Pike Ste 118, Nashville, TN, 37211",Jesus Hensley,"503 Woodland Ct, Mt. Juliet, TN, 37122",Sales,Nashville,21.6,12/30/1899 2:52:00 PM
"Kris, Dickinson and Lehner","3049 Dickerson Pike Ste 105, Nashville, TN, 37207",Jesus Hensley,"503 Woodland Ct, Mt. Juliet, TN, 37122",Sales,Nashville,22.3,12/30/1899 8:37:00 AM
"Torphy, Jakubowski and Collins","5916 Charlotte Pike, Nashville, TN, 37209",Jesus Hensley,"503 Woodland Ct, Mt. Juliet, TN, 37122",Sales,Nashville,22.6,12/30/1899 4:19:00 PM
"Roberts, Yost and Johns","4544 Harding Pike, Nashville, TN, 37205",Jesus Hensley,"503 Woodland Ct, Mt. Juliet, TN, 37122",Sales,Nashville,23.5,12/30/1899 8:11:00 AM
Lindgren and Sons,"6101 Stillmeadow Dr, Nashville, TN, 37211",Jesus Hensley,"503 Woodland Ct, Mt. Juliet, TN, 37122",Sales,Nashville,24.8,12/30/1899 8:38:00 AM
"Swift, Bogan and Fahey","601 Old Hickory Blvd Ste A, Nashville, TN, 37209",Jesus Hensley,"503 Woodland Ct, Mt. Juliet, TN, 37122",Sales,Nashville,27.2,12/30/1899 3:25:00 PM
Armstrong Group,"501 Corporate Centre Dr, Franklin, TN, 37067",Jesus Hensley,"503 Woodland Ct, Mt. Juliet, TN, 37122",Sales,Nashville,29.3,12/30/1899 8:29:00 AM
Treutel-Prosacco,"725 Cool Springs Blvd Ste 600, Franklin, TN, 37067",Jesus Hensley,"503 Woodland Ct, Mt. Juliet, TN, 37122",Sales,Nashville,29.3,12/30/1899 3:51:00 PM
Beier Group,"810 Crescent Centre Dr, Franklin, TN, 37067",Jesus Hensley,"503 Woodland Ct, Mt. Juliet, TN, 37122",Sales,Nashville,29.4,12/30/1899 12:31:00 PM
"Davis, Kautzer and Moore","3326 Aspen Grove Dr, Franklin, TN, 37067",Jesus Hensley,"503 Woodland Ct, Mt. Juliet, TN, 37122",Sales,Nashville,30.1,12/30/1899 1:59:00 PM
Wehner Group,"6100 Tower Cir, Franklin, TN, 37067",Jesus Hensley,"503 Woodland Ct, Mt. Juliet, TN, 37122",Sales,Nashville,30.1,12/30/1899 5:40:00 PM
Hackett LLC,"3401 Mallory Ln Suite 200, Franklin, TN, 37067",Jesus Hensley,"503 Woodland Ct, Mt. Juliet, TN, 37122",Sales,Nashville,30.5,12/30/1899 1:10:00 PM
"Klocko, Romaguera and Fritsch","106 Mission Ct Ste 604, Franklin, TN, 37067",Jesus Hensley,"503 Woodland Ct, Mt. Juliet, TN, 37122",Sales,Nashville,30.5,12/30/1899 2:53:00 PM
Toy-Gorczany,"106 Mission Ct, Franklin, TN, 37067",Jesus Hensley,"503 Woodland Ct, Mt. Juliet, TN, 37122",Sales,Nashville,30.6,12/30/1899 9:18:00 AM
"Kreiger, Dooley and Borer","903 Murfreesboro Rd, Franklin, TN, 37064",Jesus Hensley,"503 Woodland Ct, Mt. Juliet, TN, 37122",Sales,Nashville,32.5,12/30/1899 4:45:00 PM
Bruen LLC,"414 N Petway St, Franklin, TN, 37064",Jesus Hensley,"503 Woodland Ct, Mt. Juliet, TN, 37122",Sales,Nashville,34.8,12/30/1899 8:07:00 AM
Shields Group,"555 Marriott Dr Ste 325, Nashville, TN, 37214",Joss Strickland,"278 Brookside Dr, Old Hickory, TN, 37138",Sales,Nashville,9.8,12/30/1899 10:58:00 AM
Reichel-Satterfield,"1826 Elm Hill Pike, Nashville, TN, 37210",Joss Strickland,"278 Brookside Dr, Old Hickory, TN, 37138",Sales,Nashville,10.4,12/30/1899 8:08:00 AM
"Rippin, Gorczany and Herman","2 International Plz Ste 704, Nashville, TN, 37217",Joss Strickland,"278 Brookside Dr, Old Hickory, TN, 37138",Sales,Nashville,12.4,12/30/1899 9:46:00 AM
Russel-Vandervort,"138 Space Park S, Nashville, TN, 37211",Joss Strickland,"278 Brookside Dr, Old Hickory, TN, 37138",Sales,Nashville,14.8,12/30/1899 4:13:00 PM
Heidenreich Inc,"222 2nd Ave S Apt 2000, Nashville, TN, 37201",Joss Strickland,"278 Brookside Dr, Old Hickory, TN, 37138",Sales,Nashville,16,12/30/1899 10:51:00 AM
"Gleason, Hyatt and Botsford","2948 Nolensville Pike, Nashville, TN, 37211",Joss Strickland,"278 Brookside Dr, Old Hickory, TN, 37138",Sales,Nashville,16,12/30/1899 11:42:00 AM
Johnston-Jacobi,"3716 Village Trail, Nashville, TN, 37207",Joss Strickland,"278 Brookside Dr, Old Hickory, TN, 37138",Sales,Nashville,16.1,12/30/1899 4:53:00 PM
Block-Lynch,"900 Division St, Nashville, TN, 37203",Joss Strickland,"278 Brookside Dr, Old Hickory, TN, 37138",Sales,Nashville,16.3,12/30/1899 10:01:00 AM
Zieme-Altenwerth,"150 4th Ave N, Nashville, TN, 37219",Joss Strickland,"278 Brookside Dr, Old Hickory, TN, 37138",Sales,Nashville,16.6,12/30/1899 11:34:00 AM
Paucek-Boehm,"1107 8th Ave S, Nashville, TN, 37203",Joss Strickland,"278 Brookside Dr, Old Hickory, TN, 37138",Sales,Nashville,16.7,12/30/1899 2:01:00 PM
Mohr and Sons,"1201 Demonbreun St Ste 1200, Nashville, TN, 37203",Joss Strickland,"278 Brookside Dr, Old Hickory, TN, 37138",Sales,Nashville,16.9,12/30/1899 3:10:00 PM
"Gusikowski, Marvin and Lakin","144 2nd Ave N, Nashville, TN, 37201",Joss Strickland,"278 Brookside Dr, Old Hickory, TN, 37138",Sales,Nashville,17,12/30/1899 8:25:00 AM
"Anderson, Buckridge and Donnelly","200 4th Ave N , Nashville, TN, 37219",Joss Strickland,"278 Brookside Dr, Old Hickory, TN, 37138",Sales,Nashville,17.1,12/30/1899 10:08:00 AM
"Anderson, Buckridge and Donnelly","200 4th Ave N , Nashville, TN, 37219",Joss Strickland,"278 Brookside Dr, Old Hickory, TN, 37138",Sales,Nashville,17.1,12/30/1899 1:39:00 PM
"Anderson, Buckridge and Donnelly","200 4th Ave N , Nashville, TN, 37219",Joss Strickland,"278 Brookside Dr, Old Hickory, TN, 37138",Sales,Nashville,17.1,12/30/1899 3:42:00 PM
Pollich-Jakubowski,"235 4th Ave N, Nashville, TN, 37219",Joss Strickland,"278 Brookside Dr, Old Hickory, TN, 37138",Sales,Nashville,17.1,12/30/1899 3:50:00 PM
Wilderman-Schmeler,"11 Music Circle South, Nashville, TN, 37203",Joss Strickland,"278 Brookside Dr, Old Hickory, TN, 37138",Sales,Nashville,17.2,12/30/1899 11:34:00 AM
Kihn and Sons,"38 Music Sq E, Nashville, TN, 37203",Joss Strickland,"278 Brookside Dr, Old Hickory, TN, 37138",Sales,Nashville,17.2,12/30/1899 5:47:00 PM
Monahan and Sons,"424 Church St Ste 2000, Nashville, TN, 37219",Joss Strickland,"278 Brookside Dr, Old Hickory, TN, 37138",Sales,Nashville,17.3,12/30/1899 1:33:00 PM
Lowe LLC,"721 13th Avenue Cir, Nashville, TN, 37212",Joss Strickland,"278 Brookside Dr, Old Hickory, TN, 37138",Sales,Nashville,17.3,12/30/1899 3:51:00 PM
Koelpin-Mueller,"604 Gallatin Ave Ste 300, Nashville, TN, 37206",Joss Strickland,"278 Brookside Dr, Old Hickory, TN, 37138",Sales,Nashville,17.7,12/30/1899 5:00:00 PM
Gibson-Mraz,"209 7th Ave N, Nashville, TN, 37219",Joss Strickland,"278 Brookside Dr, Old Hickory, TN, 37138",Sales,Nashville,17.8,12/30/1899 12:01:00 PM
"Bruen, Kling and Shanahan","3011 Armory Dr Ste 190, Nashville, TN, 37204",Joss Strickland,"278 Brookside Dr, Old Hickory, TN, 37138",Sales,Nashville,17.8,12/30/1899 1:47:00 PM
"Bruen, Kling and Shanahan","3011 Armory Dr Ste 190, Nashville, TN, 37204",Joss Strickland,"278 Brookside Dr, Old Hickory, TN, 37138",Sales,Nashville,17.8,12/30/1899 3:52:00 PM
Hilpert-Hermiston,"2205 State St, Nashville, TN, 37203",Joss Strickland,"278 Brookside Dr, Old Hickory, TN, 37138",Sales,Nashville,18.1,12/30/1899 11:32:00 AM
Carroll-Hansen,"1900 Belmont Blvd, Nashville, TN, 37212",Joss Strickland,"278 Brookside Dr, Old Hickory, TN, 37138",Sales,Nashville,18.5,12/30/1899 9:25:00 AM
"Watsica, Barton and Oberbrunner","3100 W End Ave Ste 940, Nashville, TN, 37203",Joss Strickland,"278 Brookside Dr, Old Hickory, TN, 37138",Sales,Nashville,18.8,12/30/1899 10:00:00 AM
Crooks-Hintz,"3100 W End Ave Ste 450, Nashville, TN, 37203",Joss Strickland,"278 Brookside Dr, Old Hickory, TN, 37138",Sales,Nashville,18.8,12/30/1899 1:35:00 PM
"Fisher, Grant and Ruecker","2303 21st Ave S Fl 201, Nashville, TN, 37212",Joss Strickland,"278 Brookside Dr, Old Hickory, TN, 37138",Sales,Nashville,19,12/30/1899 4:11:00 PM
"Rosenbaum, Spencer and Koss","4121 Hillsboro Pike, Nashville, TN, 37215",Joss Strickland,"278 Brookside Dr, Old Hickory, TN, 37138",Sales,Nashville,20.1,12/30/1899 12:41:00 PM
Walsh and Sons,"3200 W End Ave Ste 500, Nashville, TN, 37203",Joss Strickland,"278 Brookside Dr, Old Hickory, TN, 37138",Sales,Nashville,20.3,12/30/1899 8:19:00 AM
"Hills, Grimes and Stracke","545 Mainstream Dr Ste 103, Nashville, TN, 37228",Joss Strickland,"278 Brookside Dr, Old Hickory, TN, 37138",Sales,Nashville,20.7,12/30/1899 9:54:00 AM
"Hills, Grimes and Stracke","545 Mainstream Dr Ste 103, Nashville, TN, 37228",Joss Strickland,"278 Brookside Dr, Old Hickory, TN, 37138",Sales,Nashville,20.7,12/30/1899 2:16:00 PM
Jacobs LLC,"4200 Jamesborough Pl, Nashville, TN, 37215",Joss Strickland,"278 Brookside Dr, Old Hickory, TN, 37138",Sales,Nashville,20.9,12/30/1899 3:50:00 PM
Bechtelar-Lind,"730 Freeland Station Rd, Nashville, TN, 37228",Joss Strickland,"278 Brookside Dr, Old Hickory, TN, 37138",Sales,Nashville,21,12/30/1899 4:11:00 PM
Roob-Macejkovic,"4230 Harding Pike, Nashville, TN, 37205",Joss Strickland,"278 Brookside Dr, Old Hickory, TN, 37138",Sales,Nashville,23,12/30/1899 1:46:00 PM
"Baumbach, Yundt and Quigley","3428 Cobble St, Nashville, TN, 37211",Joss Strickland,"278 Brookside Dr, Old Hickory, TN, 37138",Sales,Nashville,23.9,12/30/1899 12:27:00 PM
Spinka Inc,"321 Billingsly Ct Ste 13, Franklin, TN, 37067",Joss Strickland,"278 Brookside Dr, Old Hickory, TN, 37138",Sales,Nashville,29.4,12/30/1899 3:32:00 PM
Zieme-Hilll,"600b Frazier Dr Ste 130, Franklin, TN, 37067",Joss Strickland,"278 Brookside Dr, Old Hickory, TN, 37138",Sales,Nashville,29.5,12/30/1899 5:22:00 PM
Stracke-Larkin,"330 Mallory Station Rd, Franklin, TN, 37067",Joss Strickland,"278 Brookside Dr, Old Hickory, TN, 37138",Sales,Nashville,30,12/30/1899 8:45:00 AM
Becker-Mraz,"8161 Highway 100, Nashville, TN, 37221",Joss Strickland,"278 Brookside Dr, Old Hickory, TN, 37138",Sales,Nashville,33.1,12/30/1899 5:39:00 PM
"Schroeder, Hickle and Hegmann","209 Green Valley Blvd, Franklin, TN, 37064",Joss Strickland,"278 Brookside Dr, Old Hickory, TN, 37138",Sales,Nashville,36.9,12/30/1899 9:13:00 AM
Reichel-Satterfield,"1826 Elm Hill Pike, Nashville, TN, 37210",Karan Henson,"216 Blue Hills Dr, Nashville, TN, 37214",Sales,Nashville,2.4,12/30/1899 12:24:00 PM
Nitzsche and Sons,"640 Spence Ln, Nashville, TN, 37217",Karan Henson,"216 Blue Hills Dr, Nashville, TN, 37214",Sales,Nashville,4.2,12/30/1899 1:29:00 PM
Smith-Hoppe,"1218 Murfreesboro Pike, Nashville, TN, 37217",Karan Henson,"216 Blue Hills Dr, Nashville, TN, 37214",Sales,Nashville,4.9,12/30/1899 11:38:00 AM
Wilderman Inc,"700 2nd Ave S, Nashville, TN, 37210",Karan Henson,"216 Blue Hills Dr, Nashville, TN, 37214",Sales,Nashville,5.9,12/30/1899 2:45:00 PM
Dibbert Group,"601 Hagan St, Nashville, TN, 37203",Karan Henson,"216 Blue Hills Dr, Nashville, TN, 37214",Sales,Nashville,6.6,12/30/1899 3:47:00 PM
Pollich-Jakubowski,"235 4th Ave N, Nashville, TN, 37219",Karan Henson,"216 Blue Hills Dr, Nashville, TN, 37214",Sales,Nashville,6.8,12/30/1899 10:21:00 AM
Barton-Bartell,"117 Lyle Ln, Nashville, TN, 37210",Karan Henson,"216 Blue Hills Dr, Nashville, TN, 37214",Sales,Nashville,7.2,12/30/1899 9:43:00 AM
Eichmann-Doyle,"2841 Logan St, Nashville, TN, 37211",Karan Henson,"216 Blue Hills Dr, Nashville, TN, 37214",Sales,Nashville,7.5,12/30/1899 1:00:00 PM
Block-Lynch,"900 Division St, Nashville, TN, 37203",Karan Henson,"216 Blue Hills Dr, Nashville, TN, 37214",Sales,Nashville,8.3,12/30/1899 4:22:00 PM
Nader-McClure,"1011 Cherry Ave, Nashville, TN, 37203",Karan Henson,"216 Blue Hills Dr, Nashville, TN, 37214",Sales,Nashville,8.6,12/30/1899 4:14:00 PM
Nitzsche Group,"421 E Iris Dr Ste 202, Nashville, TN, 37204",Karan Henson,"216 Blue Hills Dr, Nashville, TN, 37214",Sales,Nashville,8.7,12/30/1899 5:55:00 PM
Bartoletti and Sons,"315 Deaderick St Ste 1500, Nashville, TN, 37238",Karan Henson,"216 Blue Hills Dr, Nashville, TN, 37214",Sales,Nashville,9.2,12/30/1899 8:42:00 AM
"Hammes, Johnston and Crona","511 Union St Ste 2700, Nashville, TN, 37219",Karan Henson,"216 Blue Hills Dr, Nashville, TN, 37214",Sales,Nashville,9.9,12/30/1899 12:46:00 PM
"Morissette, Fritsch and Windler","1919 Charlotte Ave, Nashville, TN, 37203",Karan Henson,"216 Blue Hills Dr, Nashville, TN, 37214",Sales,Nashville,9.9,12/30/1899 3:41:00 PM
Jacobs LLC,"4200 Jamesborough Pl, Nashville, TN, 37215",Karan Henson,"216 Blue Hills Dr, Nashville, TN, 37214",Sales,Nashville,11.7,12/30/1899 11:29:00 AM
Collier Group,"2214 Rosa L Parks Blvd, Nashville, TN, 37228",Karan Henson,"216 Blue Hills Dr, Nashville, TN, 37214",Sales,Nashville,11.9,12/30/1899 4:16:00 PM
"Hills, Grimes and Stracke","545 Mainstream Dr Ste 103, Nashville, TN, 37228",Karan Henson,"216 Blue Hills Dr, Nashville, TN, 37214",Sales,Nashville,12.7,12/30/1899 11:58:00 AM
Bins-Rosenbaum,"4300 Wyoming Ave, Nashville, TN, 37209",Karan Henson,"216 Blue Hills Dr, Nashville, TN, 37214",Sales,Nashville,13.8,12/30/1899 1:52:00 PM
Pagac-Feeney,"151a Belle Forest Cir, Nashville, TN, 37221",Karan Henson,"216 Blue Hills Dr, Nashville, TN, 37214",Sales,Nashville,21.3,12/30/1899 1:06:00 PM
Bruen LLC,"414 N Petway St, Franklin, TN, 37064",Karan Henson,"216 Blue Hills Dr, Nashville, TN, 37214",Sales,Nashville,26.7,12/30/1899 10:53:00 AM
Rogahn and Sons,"1227 17th Ave S, Nashville, TN, 37212",Loui Sharpe,"1320 11th Ave S, Nashville, TN, 37203",Sales,Nashville,0.7,12/30/1899 11:29:00 AM
Larson LLC,"1201 Demonbreun St Ste 930, Nashville, TN, 37203",Loui Sharpe,"1320 11th Ave S, Nashville, TN, 37203",Sales,Nashville,1.2,12/30/1899 10:27:00 AM
Gorczany-Emmerich,"209 10th Ave S Ste 216, Nashville, TN, 37203",Loui Sharpe,"1320 11th Ave S, Nashville, TN, 37203",Sales,Nashville,1.2,12/30/1899 4:17:00 PM
"Hyatt, Feeney and Brown","777 McGavock St, Nashville, TN, 37203",Loui Sharpe,"1320 11th Ave S, Nashville, TN, 37203",Sales,Nashville,1.2,12/30/1899 4:17:00 PM
Bednar Inc,"801 Broadway Ste 800, Nashville, TN, 37203",Loui Sharpe,"1320 11th Ave S, Nashville, TN, 37203",Sales,Nashville,1.3,12/30/1899 11:16:00 AM
Sipes-Herzog,"611 Merritt Ave, Nashville, TN, 37203",Loui Sharpe,"1320 11th Ave S, Nashville, TN, 37203",Sales,Nashville,1.4,12/30/1899 8:24:00 AM
"Rohan, Ferry and Daniel","1900 Church St Ste 300, Nashville, TN, 37203",Loui Sharpe,"1320 11th Ave S, Nashville, TN, 37203",Sales,Nashville,1.6,12/30/1899 10:44:00 AM
Bode-Schoen,"500 Church St Ste 210, Nashville, TN, 37219",Loui Sharpe,"1320 11th Ave S, Nashville, TN, 37203",Sales,Nashville,1.8,12/30/1899 11:57:00 AM
"Gusikowski, Marvin and Lakin","144 2nd Ave N, Nashville, TN, 37201",Loui Sharpe,"1320 11th Ave S, Nashville, TN, 37203",Sales,Nashville,1.9,12/30/1899 1:39:00 PM
Jacobs LLC,"4200 Jamesborough Pl, Nashville, TN, 37215",Loui Sharpe,"1320 11th Ave S, Nashville, TN, 37203",Sales,Nashville,3.9,12/30/1899 8:28:00 AM
"Bruen, Kling and Shanahan","3011 Armory Dr Ste 190, Nashville, TN, 37204",Loui Sharpe,"1320 11th Ave S, Nashville, TN, 37203",Sales,Nashville,4.4,12/30/1899 2:04:00 PM
Hamill-Littel,"3322 Nolensville Pike, Nashville, TN, 37211",Loui Sharpe,"1320 11th Ave S, Nashville, TN, 37203",Sales,Nashville,4.5,12/30/1899 12:16:00 PM
Nikolaus-Balistreri,"545 Mainstream Dr Ste 250, Nashville, TN, 37228",Loui Sharpe,"1320 11th Ave S, Nashville, TN, 37203",Sales,Nashville,4.9,12/30/1899 1:56:00 PM
Reichel-Satterfield,"1826 Elm Hill Pike, Nashville, TN, 37210",Loui Sharpe,"1320 11th Ave S, Nashville, TN, 37203",Sales,Nashville,5,12/30/1899 1:43:00 PM
"Hessel, Swift and Wilkinson","1216 Stockell St, Nashville, TN, 37207",Loui Sharpe,"1320 11th Ave S, Nashville, TN, 37203",Sales,Nashville,6.2,12/30/1899 11:02:00 AM
Russel-Vandervort,"138 Space Park S, Nashville, TN, 37211",Loui Sharpe,"1320 11th Ave S, Nashville, TN, 37203",Sales,Nashville,6.7,12/30/1899 2:03:00 PM
"Torphy, Jakubowski and Collins","5916 Charlotte Pike, Nashville, TN, 37209",Loui Sharpe,"1320 11th Ave S, Nashville, TN, 37203",Sales,Nashville,6.7,12/30/1899 5:15:00 PM
"Cruickshank, Ritchie and Dare","415 Brick Church Park Dr, Nashville, TN, 37207",Loui Sharpe,"1320 11th Ave S, Nashville, TN, 37203",Sales,Nashville,7.1,12/30/1899 8:45:00 AM
Boyle-O'Kon,"535 Marriott Dr Ste 225, Nashville, TN, 37214",Loui Sharpe,"1320 11th Ave S, Nashville, TN, 37203",Sales,Nashville,7.9,12/30/1899 8:40:00 AM
Keebler-Brakus,"5739 Nolensville Pike, Nashville, TN, 37211",Loui Sharpe,"1320 11th Ave S, Nashville, TN, 37203",Sales,Nashville,9.6,12/30/1899 1:52:00 PM
Lueilwitz-Stehr,"106 Mission Ct Ste 404, Franklin, TN, 37067",Loui Sharpe,"1320 11th Ave S, Nashville, TN, 37203",Sales,Nashville,16.6,12/30/1899 9:14:00 AM
Feest-Goodwin,"148 5th Ave N, Franklin, TN, 37064",Loui Sharpe,"1320 11th Ave S, Nashville, TN, 37203",Sales,Nashville,20.4,12/30/1899 4:47:00 PM
Lesch-Howell,"1251 Lewisburg Pike, Franklin, TN, 37064",Loui Sharpe,"1320 11th Ave S, Nashville, TN, 37203",Sales,Nashville,23,12/30/1899 9:31:00 AM
O'Kon-Oberbrunner,"704 Boscobel St, Nashville, TN, 37206",Maci Fields,"1506 Cahal Ave, Nashville, TN, 37206",Sales,Nashville,2.5,12/30/1899 10:32:00 AM
Olson LLC,"3709 Moss Rose Dr, Nashville, TN, 37216",Maci Fields,"1506 Cahal Ave, Nashville, TN, 37206",Sales,Nashville,3,12/30/1899 9:16:00 AM
Wilderman Inc,"700 2nd Ave S, Nashville, TN, 37210",Maci Fields,"1506 Cahal Ave, Nashville, TN, 37206",Sales,Nashville,4.1,12/30/1899 2:50:00 PM
Predovic LLC,"230 Great Circle Rd Ste 226, Nashville, TN, 37228",Maci Fields,"1506 Cahal Ave, Nashville, TN, 37206",Sales,Nashville,5.8,12/30/1899 5:24:00 PM
Collier Group,"2214 Rosa L Parks Blvd, Nashville, TN, 37228",Maci Fields,"1506 Cahal Ave, Nashville, TN, 37206",Sales,Nashville,6.1,12/30/1899 8:44:00 AM
Conroy-Kovacek,"555 Great Circle Rd Ste 200, Nashville, TN, 37228",Maci Fields,"1506 Cahal Ave, Nashville, TN, 37206",Sales,Nashville,6.3,12/30/1899 3:45:00 PM
Wilderman-Schmeler,"11 Music Circle South, Nashville, TN, 37203",Maci Fields,"1506 Cahal Ave, Nashville, TN, 37206",Sales,Nashville,7,12/30/1899 8:11:00 AM
Lowe-Walsh,"1024 18th Ave S, Nashville, TN, 37212",Maci Fields,"1506 Cahal Ave, Nashville, TN, 37206",Sales,Nashville,7.3,12/30/1899 8:02:00 AM
Lueilwitz-Bode,"1606 16th Ave S, Nashville, TN, 37212",Maci Fields,"1506 Cahal Ave, Nashville, TN, 37206",Sales,Nashville,7.7,12/30/1899 9:10:00 AM
Johnston-Jacobi,"3716 Village Trail, Nashville, TN, 37207",Maci Fields,"1506 Cahal Ave, Nashville, TN, 37206",Sales,Nashville,7.7,12/30/1899 10:28:00 AM
Ebert-Muller,"1211 21st Ave S Ste 539, Nashville, TN, 37212",Maci Fields,"1506 Cahal Ave, Nashville, TN, 37206",Sales,Nashville,7.8,12/30/1899 8:48:00 AM
Kessler-Hills,"2414 Highland Ave, Nashville, TN, 37212",Maci Fields,"1506 Cahal Ave, Nashville, TN, 37206",Sales,Nashville,8.2,12/30/1899 12:44:00 PM
Durgan LLC,"2301 Vanderbilt Pl, Nashville, TN, 37240",Maci Fields,"1506 Cahal Ave, Nashville, TN, 37206",Sales,Nashville,8.2,12/30/1899 4:30:00 PM
Brakus LLC,"2320 Cruzen St, Nashville, TN, 37211",Maci Fields,"1506 Cahal Ave, Nashville, TN, 37206",Sales,Nashville,9.3,12/30/1899 9:07:00 AM
Mann-Moore,"3212 W End Cir, Nashville, TN, 37203",Maci Fields,"1506 Cahal Ave, Nashville, TN, 37206",Sales,Nashville,9.5,12/30/1899 4:02:00 PM
Reichel-Satterfield,"1826 Elm Hill Pike, Nashville, TN, 37210",Maci Fields,"1506 Cahal Ave, Nashville, TN, 37206",Sales,Nashville,10.1,12/30/1899 1:55:00 PM
"Konopelski, Mante and Herzog","801 Royal Pkwy, Nashville, TN, 37214",Maci Fields,"1506 Cahal Ave, Nashville, TN, 37206",Sales,Nashville,10.7,12/30/1899 11:26:00 AM
Gerlach-Barton,"30 Rachel Dr Ste 200, Nashville, TN, 37214",Maci Fields,"1506 Cahal Ave, Nashville, TN, 37206",Sales,Nashville,11,12/30/1899 12:45:00 PM
Gibson LLC,"2821 Lebanon Road, Nashville, TN, 37214",Maci Fields,"1506 Cahal Ave, Nashville, TN, 37206",Sales,Nashville,14.5,12/30/1899 11:28:00 AM
Kreiger-Schuppe,"2821 Lebanon Pike, Nashville, TN, 37214",Maci Fields,"1506 Cahal Ave, Nashville, TN, 37206",Sales,Nashville,14.5,12/30/1899 11:28:00 AM
Bins LLC,"500 Flintlock Ct, Nashville, TN, 37217",Maci Fields,"1506 Cahal Ave, Nashville, TN, 37206",Sales,Nashville,16,12/30/1899 3:53:00 PM
"Bode, Gerlach and Dibbert","357 Riverside Dr, Franklin, TN, 37064",Maci Fields,"1506 Cahal Ave, Nashville, TN, 37206",Sales,Nashville,23.7,12/30/1899 2:17:00 PM
"Macejkovic, Kertzmann and Sporer","1191 W Main St, Franklin, TN, 37064",Maci Fields,"1506 Cahal Ave, Nashville, TN, 37206",Sales,Nashville,26.4,12/30/1899 8:22:00 AM
"Dickinson, Fahey and Shanahan","115 Graylynn Dr, Nashville, TN, 37214",Maha Spencer,"75 Curd Rd, Mt. Juliet, TN, 37122",Sales,Nashville,12.8,12/30/1899 11:34:00 AM
Shields Group,"555 Marriott Dr Ste 325, Nashville, TN, 37214",Maha Spencer,"75 Curd Rd, Mt. Juliet, TN, 37122",Sales,Nashville,15.9,12/30/1899 8:11:00 AM
"Schmeler, Barton and Schoen","928 6th Ave S, Nashville, TN, 37203",Maha Spencer,"75 Curd Rd, Mt. Juliet, TN, 37122",Sales,Nashville,18.9,12/30/1899 9:50:00 AM
"Lubowitz, Friesen and Kiehn","411 Broadway, Nashville, TN, 37203",Maha Spencer,"75 Curd Rd, Mt. Juliet, TN, 37122",Sales,Nashville,19.3,12/30/1899 1:33:00 PM
"Connelly, Price and Bernhard","615 Main St Suite 103, Nashville, TN, 37206",Maha Spencer,"75 Curd Rd, Mt. Juliet, TN, 37122",Sales,Nashville,19.6,12/30/1899 3:48:00 PM
"Renner, Pouros and Dicki","220 Printers Aly, Nashville, TN, 37201",Maha Spencer,"75 Curd Rd, Mt. Juliet, TN, 37122",Sales,Nashville,19.8,12/30/1899 11:24:00 AM
Johnston-Wunsch,"805 Woodland St, Nashville, TN, 37206",Maha Spencer,"75 Curd Rd, Mt. Juliet, TN, 37122",Sales,Nashville,19.8,12/30/1899 1:30:00 PM
"Fisher, Robel and Cummings","926 Main St, Nashville, TN, 37206",Maha Spencer,"75 Curd Rd, Mt. Juliet, TN, 37122",Sales,Nashville,20,12/30/1899 12:44:00 PM
"Crona, Gutmann and Wilderman","23 Music Sq E, Nashville, TN, 37203",Maha Spencer,"75 Curd Rd, Mt. Juliet, TN, 37122",Sales,Nashville,20.3,12/30/1899 3:04:00 PM
"Schinner, Abshire and Becker","701 2nd Ave N, Nashville, TN, 37201",Maha Spencer,"75 Curd Rd, Mt. Juliet, TN, 37122",Sales,Nashville,20.6,12/30/1899 10:26:00 AM
Lueilwitz-Bode,"1606 16th Ave S, Nashville, TN, 37212",Maha Spencer,"75 Curd Rd, Mt. Juliet, TN, 37122",Sales,Nashville,20.8,12/30/1899 9:29:00 AM
Hessel and Sons,"16th Ave N, Nashville, TN, 37208",Maha Spencer,"75 Curd Rd, Mt. Juliet, TN, 37122",Sales,Nashville,21.3,12/30/1899 5:47:00 PM
"Hettinger, Hane and Nader","2400 Parman Pl Ste B, Nashville, TN, 37203",Maha Spencer,"75 Curd Rd, Mt. Juliet, TN, 37122",Sales,Nashville,21.5,12/30/1899 4:54:00 PM
"Kessler, Hackett and Franecki","3100 W End Ave, Nashville, TN, 37203",Maha Spencer,"75 Curd Rd, Mt. Juliet, TN, 37122",Sales,Nashville,21.6,12/30/1899 5:57:00 PM
Walsh and Sons,"3200 W End Ave Ste 500, Nashville, TN, 37203",Maha Spencer,"75 Curd Rd, Mt. Juliet, TN, 37122",Sales,Nashville,21.8,12/30/1899 2:57:00 PM
"Fisher, Grant and Ruecker","2303 21st Ave S Fl 201, Nashville, TN, 37212",Maha Spencer,"75 Curd Rd, Mt. Juliet, TN, 37122",Sales,Nashville,21.8,12/30/1899 4:44:00 PM
"Wiza, Powlowski and Nitzsche","601 Grassmere Park Ste 22, Nashville, TN, 37211",Maha Spencer,"75 Curd Rd, Mt. Juliet, TN, 37122",Sales,Nashville,22.5,12/30/1899 4:27:00 PM
Heathcote-Homenick,"1954 Dr Db Todd Jr Blvd, Nashville, TN, 37208",Maha Spencer,"75 Curd Rd, Mt. Juliet, TN, 37122",Sales,Nashville,23.1,12/30/1899 9:27:00 AM
"Hills, Grimes and Stracke","545 Mainstream Dr Ste 103, Nashville, TN, 37228",Maha Spencer,"75 Curd Rd, Mt. Juliet, TN, 37122",Sales,Nashville,23.6,12/30/1899 11:40:00 AM
Kulas-Steuber,"7009 Lenox Village Dr Ste 101, Nashville, TN, 37211",Maha Spencer,"75 Curd Rd, Mt. Juliet, TN, 37122",Sales,Nashville,26.2,12/30/1899 8:28:00 AM
"Lynch, Davis and Schowalter","95 White Bridge Rd Ste 330, Nashville, TN, 37205",Maha Spencer,"75 Curd Rd, Mt. Juliet, TN, 37122",Sales,Nashville,26.5,12/30/1899 1:41:00 PM
Armstrong Group,"501 Corporate Centre Dr, Franklin, TN, 37067",Maha Spencer,"75 Curd Rd, Mt. Juliet, TN, 37122",Sales,Nashville,32,12/30/1899 8:39:00 AM
"Oberbrunner, Kuhic and Gleason","309 Mallory Station Rd, Franklin, TN, 37067",Maha Spencer,"75 Curd Rd, Mt. Juliet, TN, 37122",Sales,Nashville,32.8,12/30/1899 1:22:00 PM
Casper-Harber,"2214 Rosa L Parks Blvd Ste 128, Nashville, TN, 37228",Marcus Arroyo,"3372 Brome Ln, Nashville, TN, 37218",Sales,Nashville,4.9,12/30/1899 5:08:00 PM
Orn Group,"220 French Landing Dr, Nashville, TN, 37243",Marcus Arroyo,"3372 Brome Ln, Nashville, TN, 37218",Sales,Nashville,5,12/30/1899 12:58:00 PM
Larkin-Beahan,"800 2nd Ave N, Nashville, TN, 37201",Marcus Arroyo,"3372 Brome Ln, Nashville, TN, 37218",Sales,Nashville,6.8,12/30/1899 1:09:00 PM
Bartoletti and Sons,"315 Deaderick St Ste 1500, Nashville, TN, 37238",Marcus Arroyo,"3372 Brome Ln, Nashville, TN, 37218",Sales,Nashville,7.4,12/30/1899 11:38:00 AM
Schmidt and Sons,"201 4th Ave N Ste 300, Nashville, TN, 37219",Marcus Arroyo,"3372 Brome Ln, Nashville, TN, 37218",Sales,Nashville,8.2,12/30/1899 5:11:00 PM
Walsh and Sons,"3200 W End Ave Ste 500, Nashville, TN, 37203",Marcus Arroyo,"3372 Brome Ln, Nashville, TN, 37218",Sales,Nashville,9.1,12/30/1899 8:42:00 AM
Miller-Champlin,"1004 Fatherland St, Nashville, TN, 37206",Marcus Arroyo,"3372 Brome Ln, Nashville, TN, 37218",Sales,Nashville,9.5,12/30/1899 1:26:00 PM
Nader-McClure,"1011 Cherry Ave, Nashville, TN, 37203",Marcus Arroyo,"3372 Brome Ln, Nashville, TN, 37218",Sales,Nashville,9.9,12/30/1899 8:27:00 AM
"Reynolds, Muller and Lindgren","1801 8th Ave S Ste 400, Nashville, TN, 37203",Marcus Arroyo,"3372 Brome Ln, Nashville, TN, 37218",Sales,Nashville,9.9,12/30/1899 5:23:00 PM
Bednar-Gerhold,"2808 Bransford Ave, Nashville, TN, 37204",Marcus Arroyo,"3372 Brome Ln, Nashville, TN, 37218",Sales,Nashville,11.1,12/30/1899 9:28:00 AM
"Lehner, Fahey and Gerhold","2000 Richard Jones Rd Ste 250, Nashville, TN, 37215",Marcus Arroyo,"3372 Brome Ln, Nashville, TN, 37218",Sales,Nashville,12,12/30/1899 8:31:00 AM
Olson LLC,"3709 Moss Rose Dr, Nashville, TN, 37216",Marcus Arroyo,"3372 Brome Ln, Nashville, TN, 37218",Sales,Nashville,12.3,12/30/1899 5:33:00 PM
"Reilly, Sanford and Hilll","404 Bna Dr Ste 208, Nashville, TN, 37217",Marcus Arroyo,"3372 Brome Ln, Nashville, TN, 37218",Sales,Nashville,14.4,12/30/1899 3:32:00 PM
"Zieme, Wintheiser and Jacobi","106 Northcrest Ct, Nashville, TN, 37211",Marcus Arroyo,"3372 Brome Ln, Nashville, TN, 37218",Sales,Nashville,16.2,12/30/1899 5:40:00 PM
Gibson LLC,"2821 Lebanon Road, Nashville, TN, 37214",Marcus Arroyo,"3372 Brome Ln, Nashville, TN, 37218",Sales,Nashville,18.4,12/30/1899 1:48:00 PM
Wintheiser Inc,"1922 Old Murfreesboro Pike Suite 570, Nashville, TN, 37217",Marcus Arroyo,"3372 Brome Ln, Nashville, TN, 37218",Sales,Nashville,18.7,12/30/1899 4:55:00 PM
"Hansen, MacGyver and Roberts","501 Corporate Centre Dr Ste 390, Franklin, TN, 37067",Marcus Arroyo,"3372 Brome Ln, Nashville, TN, 37218",Sales,Nashville,23.7,12/30/1899 8:59:00 AM
Treutel-Prosacco,"725 Cool Springs Blvd Ste 600, Franklin, TN, 37067",Marcus Arroyo,"3372 Brome Ln, Nashville, TN, 37218",Sales,Nashville,23.7,12/30/1899 1:34:00 PM
Beier Group,"810 Crescent Centre Dr, Franklin, TN, 37067",Marcus Arroyo,"3372 Brome Ln, Nashville, TN, 37218",Sales,Nashville,23.8,12/30/1899 4:10:00 PM
Aufderhar Group,"330 Mallory Station Rd Ste D13, Franklin, TN, 37067",Marcus Arroyo,"3372 Brome Ln, Nashville, TN, 37218",Sales,Nashville,24.5,12/30/1899 3:06:00 PM
"Veum, Hirthe and Yost","4115 Mallory Ln Ste 100d, Franklin, TN, 37067",Marcus Arroyo,"3372 Brome Ln, Nashville, TN, 37218",Sales,Nashville,25,12/30/1899 1:33:00 PM
Hamill-Brown,"1229 Lakeview Dr, Franklin, TN, 37067",Marcus Arroyo,"3372 Brome Ln, Nashville, TN, 37218",Sales,Nashville,25.9,12/30/1899 5:39:00 PM
"Effertz, Mertz and Lynch","1113 Murfreesboro Rd Ste 415, Franklin, TN, 37064",Marcus Arroyo,"3372 Brome Ln, Nashville, TN, 37218",Sales,Nashville,26.4,12/30/1899 11:15:00 AM
"Cole, Ondricka and Daniel","101 Point East Dr, Nashville, TN, 37216",Meghan Yoder,"106 Newell Ave, Old Hickory, TN, 37138",Sales,Nashville,5.3,12/30/1899 12:03:00 PM
Schulist-Jakubowski,"211 Donelson Pike Ste 1, Nashville, TN, 37214",Meghan Yoder,"106 Newell Ave, Old Hickory, TN, 37138",Sales,Nashville,10.1,12/30/1899 11:33:00 AM
Roob-Bogisich,"307 Donelson Pike, Nashville, TN, 37214",Meghan Yoder,"106 Newell Ave, Old Hickory, TN, 37138",Sales,Nashville,10.3,12/30/1899 10:22:00 AM
Koelpin-Mueller,"604 Gallatin Ave Ste 300, Nashville, TN, 37206",Meghan Yoder,"106 Newell Ave, Old Hickory, TN, 37138",Sales,Nashville,11.1,12/30/1899 3:40:00 PM
Reichert and Sons,"1210 7th Ave N, Nashville, TN, 37208",Meghan Yoder,"106 Newell Ave, Old Hickory, TN, 37138",Sales,Nashville,12.4,12/30/1899 1:20:00 PM
"Rolfson, Dibbert and Rath","424 Church St Ste 2500, Nashville, TN, 37219",Meghan Yoder,"106 Newell Ave, Old Hickory, TN, 37138",Sales,Nashville,12.7,12/30/1899 11:21:00 AM
Shields Group,"555 Marriott Dr Ste 325, Nashville, TN, 37214",Meghan Yoder,"106 Newell Ave, Old Hickory, TN, 37138",Sales,Nashville,13.1,12/30/1899 3:19:00 PM
Hessel and Sons,"16th Ave N, Nashville, TN, 37208",Meghan Yoder,"106 Newell Ave, Old Hickory, TN, 37138",Sales,Nashville,13.2,12/30/1899 2:59:00 PM
Aufderhar Inc,"15 Century Blvd, Nashville, TN, 37214",Meghan Yoder,"106 Newell Ave, Old Hickory, TN, 37138",Sales,Nashville,13.6,12/30/1899 2:10:00 PM
"Hyatt, Feeney and Brown","777 McGavock St, Nashville, TN, 37203",Meghan Yoder,"106 Newell Ave, Old Hickory, TN, 37138",Sales,Nashville,14.2,12/30/1899 11:34:00 AM
Treutel-Leuschke,"511 Union St Ste 1820, Nashville, TN, 37219",Meghan Yoder,"106 Newell Ave, Old Hickory, TN, 37138",Sales,Nashville,14.2,12/30/1899 5:26:00 PM
Kuhlman Inc,"701 Broadway, Nashville, TN, 37203",Meghan Yoder,"106 Newell Ave, Old Hickory, TN, 37138",Sales,Nashville,14.3,12/30/1899 5:29:00 PM
Kassulke Inc,"197 Little Green St, Nashville, TN, 37210",Meghan Yoder,"106 Newell Ave, Old Hickory, TN, 37138",Sales,Nashville,15,12/30/1899 12:24:00 PM
Durgan LLC,"2301 Vanderbilt Pl, Nashville, TN, 37240",Meghan Yoder,"106 Newell Ave, Old Hickory, TN, 37138",Sales,Nashville,15.4,12/30/1899 4:17:00 PM
"Funk, Glover and Quigley","9 Music Sq S, Nashville, TN, 37203",Meghan Yoder,"106 Newell Ave, Old Hickory, TN, 37138",Sales,Nashville,15.5,12/30/1899 10:14:00 AM
Lowe-O'Kon,"701 Division St, Nashville, TN, 37203",Meghan Yoder,"106 Newell Ave, Old Hickory, TN, 37138",Sales,Nashville,15.6,12/30/1899 9:44:00 AM
Turcotte-Willms,"2218 8th ave S, Nashville, TN, 37204",Meghan Yoder,"106 Newell Ave, Old Hickory, TN, 37138",Sales,Nashville,15.6,12/30/1899 3:25:00 PM
Lakin LLC,"1303 16th Ave S Ste A, Nashville, TN, 37212",Meghan Yoder,"106 Newell Ave, Old Hickory, TN, 37138",Sales,Nashville,15.8,12/30/1899 5:55:00 PM
"Watsica, Barton and Oberbrunner","3100 W End Ave Ste 940, Nashville, TN, 37203",Meghan Yoder,"106 Newell Ave, Old Hickory, TN, 37138",Sales,Nashville,15.9,12/30/1899 10:02:00 AM
"Simonis, Balistreri and Boyle","490 Craighead St, Nashville, TN, 37204",Meghan Yoder,"106 Newell Ave, Old Hickory, TN, 37138",Sales,Nashville,16,12/30/1899 1:58:00 PM
"Bashirian, Steuber and Langworth","438 Houston St Ste 263, Nashville, TN, 37203",Meghan Yoder,"106 Newell Ave, Old Hickory, TN, 37138",Sales,Nashville,16,12/30/1899 5:36:00 PM
"Konopelski, Kihn and Fritsch","458 Bell Rd, Nashville, TN, 37217",Meghan Yoder,"106 Newell Ave, Old Hickory, TN, 37138",Sales,Nashville,16.2,12/30/1899 11:01:00 AM
"Brakus, Stehr and Schamberger","5901 California Ave, Nashville, TN, 37209",Meghan Yoder,"106 Newell Ave, Old Hickory, TN, 37138",Sales,Nashville,16.9,12/30/1899 3:57:00 PM
Eichmann-Doyle,"2841 Logan St, Nashville, TN, 37211",Meghan Yoder,"106 Newell Ave, Old Hickory, TN, 37138",Sales,Nashville,18.8,12/30/1899 12:43:00 PM
"Wiza, Powlowski and Nitzsche","601 Grassmere Park Ste 22, Nashville, TN, 37211",Meghan Yoder,"106 Newell Ave, Old Hickory, TN, 37138",Sales,Nashville,19.7,12/30/1899 9:00:00 AM
Jacobs LLC,"4200 Jamesborough Pl, Nashville, TN, 37215",Meghan Yoder,"106 Newell Ave, Old Hickory, TN, 37138",Sales,Nashville,21.9,12/30/1899 3:12:00 PM
Barrows and Sons,"237 Old Hickory Blvd, Nashville, TN, 37221",Meghan Yoder,"106 Newell Ave, Old Hickory, TN, 37138",Sales,Nashville,23.4,12/30/1899 2:04:00 PM
"Schuster, Wolff and Hermann","113 Seaboard Ln Ste 150b, Franklin, TN, 37067",Meghan Yoder,"106 Newell Ave, Old Hickory, TN, 37138",Sales,Nashville,28.9,12/30/1899 11:42:00 AM
"Oberbrunner, Kuhic and Gleason","309 Mallory Station Rd, Franklin, TN, 37067",Meghan Yoder,"106 Newell Ave, Old Hickory, TN, 37138",Sales,Nashville,30,12/30/1899 11:49:00 AM
Padberg-Dare,"11 New Highway 96 W Suite 204, Franklin, TN, 37064",Meghan Yoder,"106 Newell Ave, Old Hickory, TN, 37138",Sales,Nashville,34.3,12/30/1899 8:49:00 AM
"Collier, Trantow and Kerluke","305 Donelson Pike, Nashville, TN, 37214",Mehreen Ross,"1002 Turner Trace Dr E, Mt. Juliet, TN, 37122",Sales,Nashville,13.3,12/30/1899 10:10:00 AM
Hoppe LLC,"2400 Felts Ave, Nashville, TN, 37211",Mehreen Ross,"1002 Turner Trace Dr E, Mt. Juliet, TN, 37122",Sales,Nashville,19.4,12/30/1899 3:33:00 PM
"Anderson, Buckridge and Donnelly","200 4th Ave N , Nashville, TN, 37219",Mehreen Ross,"1002 Turner Trace Dr E, Mt. Juliet, TN, 37122",Sales,Nashville,21,12/30/1899 5:12:00 PM
"Abbott, Swaniawski and Baumbach","424 Church St Ste 2300, Nashville, TN, 37219",Mehreen Ross,"1002 Turner Trace Dr E, Mt. Juliet, TN, 37122",Sales,Nashville,21.2,12/30/1899 10:01:00 AM
Russel-Schaefer,"315 Union St Ste 1100, Nashville, TN, 37201",Mehreen Ross,"1002 Turner Trace Dr E, Mt. Juliet, TN, 37122",Sales,Nashville,21.3,12/30/1899 2:33:00 PM
Kuhn Group,"33 Music Sq W Ste 102B, Nashville, TN, 37203",Mehreen Ross,"1002 Turner Trace Dr E, Mt. Juliet, TN, 37122",Sales,Nashville,21.3,12/30/1899 5:46:00 PM
"Crona, Gutmann and Wilderman","23 Music Sq E, Nashville, TN, 37203",Mehreen Ross,"1002 Turner Trace Dr E, Mt. Juliet, TN, 37122",Sales,Nashville,21.4,12/30/1899 1:53:00 PM
Sporer Inc,"1414 Charlotte Ave , Nashville, TN, 37203",Mehreen Ross,"1002 Turner Trace Dr E, Mt. Juliet, TN, 37122",Sales,Nashville,21.6,12/30/1899 10:16:00 AM
Bednar and Sons,"1310 Clinton St Ste 107, Nashville, TN, 37203",Mehreen Ross,"1002 Turner Trace Dr E, Mt. Juliet, TN, 37122",Sales,Nashville,21.7,12/30/1899 2:40:00 PM
"Anderson, O'Connell and Stamm","511 Union St, Nashville, TN, 37219",Mehreen Ross,"1002 Turner Trace Dr E, Mt. Juliet, TN, 37122",Sales,Nashville,21.8,12/30/1899 3:56:00 PM
Bruen-Ratke,"4021 Albert Dr, Nashville, TN, 37204",Mehreen Ross,"1002 Turner Trace Dr E, Mt. Juliet, TN, 37122",Sales,Nashville,22.2,12/30/1899 9:31:00 AM
Schmitt-Zboncak,"115 29th Ave S, Nashville, TN, 37212",Mehreen Ross,"1002 Turner Trace Dr E, Mt. Juliet, TN, 37122",Sales,Nashville,22.5,12/30/1899 10:57:00 AM
Osinski Group,"200 31st Ave N, Nashville, TN, 37203",Mehreen Ross,"1002 Turner Trace Dr E, Mt. Juliet, TN, 37122",Sales,Nashville,22.8,12/30/1899 1:34:00 PM
Collier Group,"2214 Rosa L Parks Blvd, Nashville, TN, 37228",Mehreen Ross,"1002 Turner Trace Dr E, Mt. Juliet, TN, 37122",Sales,Nashville,23.9,12/30/1899 2:27:00 PM
"Homenick, Turner and Schoen","4121 Clarksville Pike Ste 1, Nashville, TN, 37218",Mehreen Ross,"1002 Turner Trace Dr E, Mt. Juliet, TN, 37122",Sales,Nashville,28.8,12/30/1899 1:49:00 PM
Zieme-Hilll,"600b Frazier Dr Ste 130, Franklin, TN, 37067",Mehreen Ross,"1002 Turner Trace Dr E, Mt. Juliet, TN, 37122",Sales,Nashville,33.5,12/30/1899 3:11:00 PM
"Oberbrunner, Kuhic and Gleason","309 Mallory Station Rd, Franklin, TN, 37067",Mehreen Ross,"1002 Turner Trace Dr E, Mt. Juliet, TN, 37122",Sales,Nashville,33.9,12/30/1899 4:15:00 PM
"Effertz, Mertz and Lynch","1113 Murfreesboro Rd Ste 415, Franklin, TN, 37064",Mehreen Ross,"1002 Turner Trace Dr E, Mt. Juliet, TN, 37122",Sales,Nashville,35.9,12/30/1899 8:06:00 AM
"Becker, Cormier and Moen","357 Riverside Dr Ste 234, Franklin, TN, 37064",Mehreen Ross,"1002 Turner Trace Dr E, Mt. Juliet, TN, 37122",Sales,Nashville,35.9,12/30/1899 9:18:00 AM
Zulauf-Schroeder,"600 S Margin St, Franklin, TN, 37064",Mehreen Ross,"1002 Turner Trace Dr E, Mt. Juliet, TN, 37122",Sales,Nashville,37.8,12/30/1899 2:32:00 PM
"Cole, Ondricka and Daniel","101 Point East Dr, Nashville, TN, 37216",Ned Vo,"190 East Harbor, Hendersonville, TN, 37075",Sales,Nashville,12.3,12/30/1899 2:09:00 PM
"Bergstrom, Leuschke and Fisher","3302 Gallatin Pike, Nashville, TN, 37216",Ned Vo,"190 East Harbor, Hendersonville, TN, 37075",Sales,Nashville,13.6,12/30/1899 4:51:00 PM
Conn LLC,"709 Taylor St, Nashville, TN, 37208",Ned Vo,"190 East Harbor, Hendersonville, TN, 37075",Sales,Nashville,16.7,12/30/1899 11:53:00 AM
Hirthe-Schoen,"810 Russell St, Nashville, TN, 37206",Ned Vo,"190 East Harbor, Hendersonville, TN, 37075",Sales,Nashville,17.1,12/30/1899 10:54:00 AM
"Rolfson, Dibbert and Rath","424 Church St Ste 2500, Nashville, TN, 37219",Ned Vo,"190 East Harbor, Hendersonville, TN, 37075",Sales,Nashville,17.2,12/30/1899 10:42:00 AM
Barrows Inc,"200 4th Ave N Ste 1100, Nashville, TN, 37219",Ned Vo,"190 East Harbor, Hendersonville, TN, 37075",Sales,Nashville,17.5,12/30/1899 3:27:00 PM
Pollich-Jakubowski,"235 4th Ave N, Nashville, TN, 37219",Ned Vo,"190 East Harbor, Hendersonville, TN, 37075",Sales,Nashville,17.6,12/30/1899 1:54:00 PM
Kiehn-Windler,"600 12th Ave S, Nashville, TN, 37203",Ned Vo,"190 East Harbor, Hendersonville, TN, 37075",Sales,Nashville,18.8,12/30/1899 4:26:00 PM
"Ankunding, Zulauf and Schmeler","2525 W End Ave, Nashville, TN, 37203",Ned Vo,"190 East Harbor, Hendersonville, TN, 37075",Sales,Nashville,19.7,12/30/1899 10:00:00 AM
"McClure, O'Connell and Heidenreich","53 Century Blvd Ste 250, Nashville, TN, 37214",Ned Vo,"190 East Harbor, Hendersonville, TN, 37075",Sales,Nashville,20.4,12/30/1899 10:13:00 AM
Schmitt-Zboncak,"115 29th Ave S, Nashville, TN, 37212",Ned Vo,"190 East Harbor, Hendersonville, TN, 37075",Sales,Nashville,20.6,12/30/1899 3:09:00 PM
Bosco LLC,"1741 Elm Hill Pike, Nashville, TN, 37210",Ned Vo,"190 East Harbor, Hendersonville, TN, 37075",Sales,Nashville,20.7,12/30/1899 4:38:00 PM
"Heaney, Carter and Hagenes","4322 Harding Pike Suite 417-116, Nashville, TN, 37205",Ned Vo,"190 East Harbor, Hendersonville, TN, 37075",Sales,Nashville,21.9,12/30/1899 8:25:00 AM
"Kohler, Barrows and Hermiston","844 Hillwood Blvd, Nashville, TN, 37209",Ned Vo,"190 East Harbor, Hendersonville, TN, 37075",Sales,Nashville,22.4,12/30/1899 4:51:00 PM
Wiegand LLC,"504 Napoleon Ave, Nashville, TN, 37211",Ned Vo,"190 East Harbor, Hendersonville, TN, 37075",Sales,Nashville,22.6,12/30/1899 8:50:00 AM
Cronin-Lockman,"4300 Sidco Dr Ste 201, Nashville, TN, 37204",Ned Vo,"190 East Harbor, Hendersonville, TN, 37075",Sales,Nashville,23.5,12/30/1899 2:36:00 PM
"Zulauf, McKenzie and Kunze","5133 Harding Pike Ste A10, Nashville, TN, 37205",Ned Vo,"190 East Harbor, Hendersonville, TN, 37075",Sales,Nashville,23.9,12/30/1899 1:51:00 PM
"Larkin, Block and Nicolas","282 Le Bon Rd, Nashville, TN, 37211",Ned Vo,"190 East Harbor, Hendersonville, TN, 37075",Sales,Nashville,25.1,12/30/1899 3:14:00 PM
Lang-Funk,"388 Harding Pl Ste A, Nashville, TN, 37211",Ned Vo,"190 East Harbor, Hendersonville, TN, 37075",Sales,Nashville,25.1,12/30/1899 5:35:00 PM
"Baumbach, Yundt and Quigley","3428 Cobble St, Nashville, TN, 37211",Ned Vo,"190 East Harbor, Hendersonville, TN, 37075",Sales,Nashville,30.8,12/30/1899 10:57:00 AM
"Cummings, Wehner and O'Connell","4115 Mallory Ln Ste 2, Franklin, TN, 37067",Ned Vo,"190 East Harbor, Hendersonville, TN, 37075",Sales,Nashville,35.1,12/30/1899 10:28:00 AM
"Greenholt, Heller and Jacobs","106 Sheffield Pl, Franklin, TN, 37067",Ned Vo,"190 East Harbor, Hendersonville, TN, 37075",Sales,Nashville,36.5,12/30/1899 11:24:00 AM
"Aufderhar, Ritchie and Daugherty","1113 Murfreesboro Rd Ste 404, Franklin, TN, 37064",Ned Vo,"190 East Harbor, Hendersonville, TN, 37075",Sales,Nashville,36.8,12/30/1899 12:09:00 PM
Bruen LLC,"414 N Petway St, Franklin, TN, 37064",Ned Vo,"190 East Harbor, Hendersonville, TN, 37075",Sales,Nashville,39.3,12/30/1899 2:27:00 PM
Lesch-Howell,"1251 Lewisburg Pike, Franklin, TN, 37064",Ned Vo,"190 East Harbor, Hendersonville, TN, 37075",Sales,Nashville,41.3,12/30/1899 5:36:00 PM
Emmerich Group,"1013 Broadmoor Dr, Nashville, TN, 37216",Raiden Hirst,"223 Rayon Dr, Old Hickory, TN, 37138",Sales,Nashville,5.4,12/30/1899 12:24:00 PM
Farrell Inc,"121 Fairway Dr, Nashville, TN, 37214",Raiden Hirst,"223 Rayon Dr, Old Hickory, TN, 37138",Sales,Nashville,11.6,12/30/1899 11:47:00 AM
"Welch, Gutkowski and Purdy","315 Deaderick St, Nashville, TN, 37238",Raiden Hirst,"223 Rayon Dr, Old Hickory, TN, 37138",Sales,Nashville,12.5,12/30/1899 8:47:00 AM
"Rolfson, Dibbert and Rath","424 Church St Ste 2500, Nashville, TN, 37219",Raiden Hirst,"223 Rayon Dr, Old Hickory, TN, 37138",Sales,Nashville,12.5,12/30/1899 12:28:00 PM
"Lindgren, Gutkowski and Shields","1037 Jefferson St, Nashville, TN, 37208",Raiden Hirst,"223 Rayon Dr, Old Hickory, TN, 37138",Sales,Nashville,12.6,12/30/1899 10:18:00 AM
"Lubowitz, Friesen and Kiehn","411 Broadway, Nashville, TN, 37203",Raiden Hirst,"223 Rayon Dr, Old Hickory, TN, 37138",Sales,Nashville,13.1,12/30/1899 4:07:00 PM
"Walsh, Ward and Bradtke","26 Century Blvd Ste 101, Nashville, TN, 37214",Raiden Hirst,"223 Rayon Dr, Old Hickory, TN, 37138",Sales,Nashville,13.4,12/30/1899 3:35:00 PM
Wilderman Inc,"700 2nd Ave S, Nashville, TN, 37210",Raiden Hirst,"223 Rayon Dr, Old Hickory, TN, 37138",Sales,Nashville,13.4,12/30/1899 5:40:00 PM
Buckridge-Parisian,"1201 Demonbreun St Ste 680, Nashville, TN, 37203",Raiden Hirst,"223 Rayon Dr, Old Hickory, TN, 37138",Sales,Nashville,13.8,12/30/1899 5:27:00 PM
"Rohan, Ferry and Daniel","1900 Church St Ste 300, Nashville, TN, 37203",Raiden Hirst,"223 Rayon Dr, Old Hickory, TN, 37138",Sales,Nashville,14,12/30/1899 9:56:00 AM
Okuneva-Mann,"210 Omohundro Pl Ste B, Nashville, TN, 37210",Raiden Hirst,"223 Rayon Dr, Old Hickory, TN, 37138",Sales,Nashville,14.7,12/30/1899 11:29:00 AM
Okuneva-Mann,"210 Omohundro Pl Ste B, Nashville, TN, 37210",Raiden Hirst,"223 Rayon Dr, Old Hickory, TN, 37138",Sales,Nashville,14.7,12/30/1899 4:11:00 PM
"Ankunding, Zulauf and Schmeler","2525 W End Ave, Nashville, TN, 37203",Raiden Hirst,"223 Rayon Dr, Old Hickory, TN, 37138",Sales,Nashville,15,12/30/1899 5:21:00 PM
"Torphy, Klein and Heller","3404 W End Ave Ste 202, Nashville, TN, 37203",Raiden Hirst,"223 Rayon Dr, Old Hickory, TN, 37138",Sales,Nashville,15.4,12/30/1899 10:17:00 AM
"Steuber, O'Conner and Stiedemann","1024 4th Ave S, Nashville, TN, 37210",Raiden Hirst,"223 Rayon Dr, Old Hickory, TN, 37138",Sales,Nashville,15.4,12/30/1899 1:41:00 PM
Lakin LLC,"1303 16th Ave S Ste A, Nashville, TN, 37212",Raiden Hirst,"223 Rayon Dr, Old Hickory, TN, 37138",Sales,Nashville,15.7,12/30/1899 8:37:00 AM
Rogahn and Sons,"1227 17th Ave S, Nashville, TN, 37212",Raiden Hirst,"223 Rayon Dr, Old Hickory, TN, 37138",Sales,Nashville,15.8,12/30/1899 8:15:00 AM
Carroll-Hansen,"1900 Belmont Blvd, Nashville, TN, 37212",Raiden Hirst,"223 Rayon Dr, Old Hickory, TN, 37138",Sales,Nashville,16.4,12/30/1899 3:18:00 PM
"O'Connell, Hayes and Spencer","6202 Charlotte Pike Suite 1, Nashville, TN, 37209",Raiden Hirst,"223 Rayon Dr, Old Hickory, TN, 37138",Sales,Nashville,16.8,12/30/1899 3:37:00 PM
Hoppe LLC,"2400 Felts Ave, Nashville, TN, 37211",Raiden Hirst,"223 Rayon Dr, Old Hickory, TN, 37138",Sales,Nashville,17.7,12/30/1899 9:35:00 AM
Thiel and Sons,"424 Rosedale Ave, Nashville, TN, 37211",Raiden Hirst,"223 Rayon Dr, Old Hickory, TN, 37138",Sales,Nashville,17.8,12/30/1899 9:03:00 AM
Ullrich Inc,"2594 Murfreesboro Pike, Nashville, TN, 37217",Raiden Hirst,"223 Rayon Dr, Old Hickory, TN, 37138",Sales,Nashville,17.9,12/30/1899 3:08:00 PM
Pagac-Feeney,"151a Belle Forest Cir, Nashville, TN, 37221",Raiden Hirst,"223 Rayon Dr, Old Hickory, TN, 37138",Sales,Nashville,23.4,12/30/1899 8:09:00 AM
Kuhlman-Nikolaus,"720 Cool Springs Blvd Ste 550, Franklin, TN, 37067",Raiden Hirst,"223 Rayon Dr, Old Hickory, TN, 37138",Sales,Nashville,29,12/30/1899 10:49:00 AM
"Hansen, MacGyver and Roberts","501 Corporate Centre Dr Ste 390, Franklin, TN, 37067",Raiden Hirst,"223 Rayon Dr, Old Hickory, TN, 37138",Sales,Nashville,29.1,12/30/1899 11:51:00 AM
Beier Group,"810 Crescent Centre Dr, Franklin, TN, 37067",Raiden Hirst,"223 Rayon Dr, Old Hickory, TN, 37138",Sales,Nashville,29.2,12/30/1899 3:23:00 PM
"Cummings, Wehner and O'Connell","4115 Mallory Ln Ste 2, Franklin, TN, 37067",Raiden Hirst,"223 Rayon Dr, Old Hickory, TN, 37138",Sales,Nashville,31,12/30/1899 10:05:00 AM
"Effertz, Mertz and Lynch","1113 Murfreesboro Rd Ste 415, Franklin, TN, 37064",Raiden Hirst,"223 Rayon Dr, Old Hickory, TN, 37138",Sales,Nashville,31.8,12/30/1899 3:18:00 PM
"Aufderhar, Ritchie and Daugherty","1113 Murfreesboro Rd Ste 404, Franklin, TN, 37064",Raiden Hirst,"223 Rayon Dr, Old Hickory, TN, 37138",Sales,Nashville,32.1,12/30/1899 10:18:00 AM
Kshlerin LLC,"203 4th Ave S, Franklin, TN, 37064",Raiden Hirst,"223 Rayon Dr, Old Hickory, TN, 37138",Sales,Nashville,33.7,12/30/1899 3:14:00 PM
Padberg-Dare,"11 New Highway 96 W Suite 204, Franklin, TN, 37064",Raiden Hirst,"223 Rayon Dr, Old Hickory, TN, 37138",Sales,Nashville,34.1,12/30/1899 1:34:00 PM
"Zulauf, McKenzie and Kunze","5133 Harding Pike Ste A10, Nashville, TN, 37205",Ruari Clifford,"3265 Harpeth Springs Dr, Nashville, TN, 37221",Sales,Nashville,7.2,12/30/1899 9:17:00 AM
"Schumm, Stamm and DuBuque","3744 Annex Ave, Nashville, TN, 37209",Ruari Clifford,"3265 Harpeth Springs Dr, Nashville, TN, 37221",Sales,Nashville,8.5,12/30/1899 9:42:00 AM
"Brakus, Padberg and Stiedemann","2219 Hillsboro Rd, Franklin, TN, 37069",Ruari Clifford,"3265 Harpeth Springs Dr, Nashville, TN, 37221",Sales,Nashville,11.6,12/30/1899 11:41:00 AM
Harber Group,"2522 Alameda St, Nashville, TN, 37208",Ruari Clifford,"3265 Harpeth Springs Dr, Nashville, TN, 37221",Sales,Nashville,13.3,12/30/1899 1:26:00 PM
"Ankunding, Zulauf and Schmeler","2525 W End Ave, Nashville, TN, 37203",Ruari Clifford,"3265 Harpeth Springs Dr, Nashville, TN, 37221",Sales,Nashville,13.7,12/30/1899 4:19:00 PM
"Schinner, Abshire and Becker","701 2nd Ave N, Nashville, TN, 37201",Ruari Clifford,"3265 Harpeth Springs Dr, Nashville, TN, 37221",Sales,Nashville,14.6,12/30/1899 2:00:00 PM
Orn Group,"220 French Landing Dr, Nashville, TN, 37243",Ruari Clifford,"3265 Harpeth Springs Dr, Nashville, TN, 37221",Sales,Nashville,14.8,12/30/1899 8:41:00 AM
"Welch, Gutkowski and Purdy","315 Deaderick St, Nashville, TN, 37238",Ruari Clifford,"3265 Harpeth Springs Dr, Nashville, TN, 37221",Sales,Nashville,15.1,12/30/1899 9:28:00 AM
Stanton Group,"1524 Demonbreun St, Nashville, TN, 37203",Ruari Clifford,"3265 Harpeth Springs Dr, Nashville, TN, 37221",Sales,Nashville,15.1,12/30/1899 3:32:00 PM
Gorczany Inc,"209 10th Ave S Ste 342, Nashville, TN, 37203",Ruari Clifford,"3265 Harpeth Springs Dr, Nashville, TN, 37221",Sales,Nashville,15.2,12/30/1899 9:56:00 AM
"Anderson, O'Connell and Stamm","511 Union St, Nashville, TN, 37219",Ruari Clifford,"3265 Harpeth Springs Dr, Nashville, TN, 37221",Sales,Nashville,15.2,12/30/1899 3:18:00 PM
"Miller, Klein and Casper","209 10th Ave S, Nashville, TN, 37203",Ruari Clifford,"3265 Harpeth Springs Dr, Nashville, TN, 37221",Sales,Nashville,15.2,12/30/1899 5:53:00 PM
Sporer-Cartwright,"114 W Trinity Ln, Nashville, TN, 37207",Ruari Clifford,"3265 Harpeth Springs Dr, Nashville, TN, 37221",Sales,Nashville,17,12/30/1899 9:50:00 AM
"Bernier, Reinger and Torphy","5814 Nolensville Pike Ste 5, Nashville, TN, 37211",Ruari Clifford,"3265 Harpeth Springs Dr, Nashville, TN, 37221",Sales,Nashville,17.1,12/30/1899 9:58:00 AM
"Wyman, Gutkowski and Auer","731 Columbia Ave, Franklin, TN, 37064",Ruari Clifford,"3265 Harpeth Springs Dr, Nashville, TN, 37221",Sales,Nashville,17.1,12/30/1899 10:05:00 AM
Keebler-Brakus,"5739 Nolensville Pike, Nashville, TN, 37211",Ruari Clifford,"3265 Harpeth Springs Dr, Nashville, TN, 37221",Sales,Nashville,17.2,12/30/1899 4:00:00 PM
"Bashirian, Steuber and Langworth","438 Houston St Ste 263, Nashville, TN, 37203",Ruari Clifford,"3265 Harpeth Springs Dr, Nashville, TN, 37221",Sales,Nashville,17.6,12/30/1899 8:02:00 AM
Miller-Champlin,"1004 Fatherland St, Nashville, TN, 37206",Ruari Clifford,"3265 Harpeth Springs Dr, Nashville, TN, 37221",Sales,Nashville,18.3,12/30/1899 5:50:00 PM
Runolfsson LLC,"621 Gleneagle Ln, Franklin, TN, 37067",Ruari Clifford,"3265 Harpeth Springs Dr, Nashville, TN, 37221",Sales,Nashville,19.2,12/30/1899 1:43:00 PM
Spinka Inc,"321 Billingsly Ct Ste 13, Franklin, TN, 37067",Ruari Clifford,"3265 Harpeth Springs Dr, Nashville, TN, 37221",Sales,Nashville,20.3,12/30/1899 12:23:00 PM
"Becker, Ratke and Ebert","1101a Darbytown Dr, Nashville, TN, 37207",Ruari Clifford,"3265 Harpeth Springs Dr, Nashville, TN, 37221",Sales,Nashville,21,12/30/1899 3:43:00 PM
"Doyle, O'Conner and Hintz","527 Wanda Dr, Nashville, TN, 37210",Ruari Clifford,"3265 Harpeth Springs Dr, Nashville, TN, 37221",Sales,Nashville,21.7,12/30/1899 9:04:00 AM
"Bergstrom, Harris and Rosenbaum","1921 Elm Hill Pike, Nashville, TN, 37210",Ruari Clifford,"3265 Harpeth Springs Dr, Nashville, TN, 37221",Sales,Nashville,21.8,12/30/1899 5:17:00 PM
Wehner LLC,"197 Thompson Ln, Nashville, TN, 37211",Ruari Clifford,"3265 Harpeth Springs Dr, Nashville, TN, 37221",Sales,Nashville,22.1,12/30/1899 12:28:00 PM
Fay-Bashirian,"1650 Murfreesboro Rd, Franklin, TN, 37067",Ruari Clifford,"3265 Harpeth Springs Dr, Nashville, TN, 37221",Sales,Nashville,22.6,12/30/1899 8:17:00 AM
"Volkman, Hodkiewicz and Hagenes","1510 hatfield Drive, franklin, TN, 37064",Ruari Clifford,"3265 Harpeth Springs Dr, Nashville, TN, 37221",Sales,Nashville,23.2,12/30/1899 10:25:00 AM
"Becker, Nitzsche and Rippin","4650 Everal Ln, Franklin, TN, 37064",Ruari Clifford,"3265 Harpeth Springs Dr, Nashville, TN, 37221",Sales,Nashville,31.1,12/30/1899 8:26:00 AM
"Becker, Nitzsche and Rippin","4650 Everal Ln, Franklin, TN, 37064",Ruari Clifford,"3265 Harpeth Springs Dr, Nashville, TN, 37221",Sales,Nashville,31.1,12/30/1899 3:10:00 PM
Konopelski Group,"615 Main St, Nashville, TN, 37206",Samiyah Meyers,"801 Fatherland St, Nashville, TN, 37206",Sales,Nashville,0.6,12/30/1899 2:54:00 PM
Zieme-Altenwerth,"150 4th Ave N, Nashville, TN, 37219",Samiyah Meyers,"801 Fatherland St, Nashville, TN, 37206",Sales,Nashville,1.9,12/30/1899 9:04:00 AM
Bednar Inc,"801 Broadway Ste 800, Nashville, TN, 37203",Samiyah Meyers,"801 Fatherland St, Nashville, TN, 37206",Sales,Nashville,2.3,12/30/1899 1:49:00 PM
Kuhlman Inc,"701 Broadway, Nashville, TN, 37203",Samiyah Meyers,"801 Fatherland St, Nashville, TN, 37206",Sales,Nashville,2.3,12/30/1899 3:16:00 PM
Bartell-Murphy,"1215 9th Ave N Ste 201, Nashville, TN, 37208",Samiyah Meyers,"801 Fatherland St, Nashville, TN, 37206",Sales,Nashville,2.8,12/30/1899 1:11:00 PM
Thompson Inc,"1414 3rd Ave S, Nashville, TN, 37210",Samiyah Meyers,"801 Fatherland St, Nashville, TN, 37206",Sales,Nashville,2.9,12/30/1899 5:10:00 PM
Schaefer-Mayer,"706 19th Ave N, Nashville, TN, 37203",Samiyah Meyers,"801 Fatherland St, Nashville, TN, 37206",Sales,Nashville,3.3,12/30/1899 4:05:00 PM
Lowe-Walsh,"1024 18th Ave S, Nashville, TN, 37212",Samiyah Meyers,"801 Fatherland St, Nashville, TN, 37206",Sales,Nashville,4.2,12/30/1899 8:36:00 AM
Zieme and Sons,"2001 Hayes St, Nashville, TN, 37203",Samiyah Meyers,"801 Fatherland St, Nashville, TN, 37206",Sales,Nashville,4.4,12/30/1899 8:41:00 AM
Gerlach-Barton,"30 Rachel Dr Ste 200, Nashville, TN, 37214",Samiyah Meyers,"801 Fatherland St, Nashville, TN, 37206",Sales,Nashville,7.8,12/30/1899 4:03:00 PM
"Schumm, Stamm and DuBuque","3744 Annex Ave, Nashville, TN, 37209",Samiyah Meyers,"801 Fatherland St, Nashville, TN, 37206",Sales,Nashville,7.9,12/30/1899 2:12:00 PM
Doyle Inc,"15 Century Blvd Ste 400, Nashville, TN, 37214",Samiyah Meyers,"801 Fatherland St, Nashville, TN, 37206",Sales,Nashville,7.9,12/30/1899 3:18:00 PM
Jakubowski LLC,"2021 Richard Jones Rd Ste 130, Nashville, TN, 37215",Samiyah Meyers,"801 Fatherland St, Nashville, TN, 37206",Sales,Nashville,8.3,12/30/1899 2:39:00 PM
"Brakus, Bailey and Mayer","2705 Lebanon Pike, Nashville, TN, 37214",Samiyah Meyers,"801 Fatherland St, Nashville, TN, 37206",Sales,Nashville,8.8,12/30/1899 5:47:00 PM
Dicki Group,"2416 Music Valley Dr Ste 119, Nashville, TN, 37214",Samiyah Meyers,"801 Fatherland St, Nashville, TN, 37206",Sales,Nashville,9.9,12/30/1899 9:01:00 AM
"Bartoletti, Harber and Paucek","3916 Clarksville Pike, Nashville, TN, 37218",Samiyah Meyers,"801 Fatherland St, Nashville, TN, 37206",Sales,Nashville,9.9,12/30/1899 11:04:00 AM
Sauer-Koss,"432 Bell Rd, Nashville, TN, 37217",Samiyah Meyers,"801 Fatherland St, Nashville, TN, 37206",Sales,Nashville,14.1,12/30/1899 11:00:00 AM
Dibbert-Reynolds,"1617 Erin Ln, Nashville, TN, 37221",Samiyah Meyers,"801 Fatherland St, Nashville, TN, 37206",Sales,Nashville,17.1,12/30/1899 12:57:00 PM
Beier Group,"810 Crescent Centre Dr, Franklin, TN, 37067",Samiyah Meyers,"801 Fatherland St, Nashville, TN, 37206",Sales,Nashville,17.8,12/30/1899 9:15:00 AM
Hackett LLC,"3401 Mallory Ln Suite 200, Franklin, TN, 37067",Samiyah Meyers,"801 Fatherland St, Nashville, TN, 37206",Sales,Nashville,18.9,12/30/1899 3:37:00 PM
"Bode, Corkery and Halvorson","4211 S Carothers Rd Ste E1, Franklin, TN, 37067",Samiyah Meyers,"801 Fatherland St, Nashville, TN, 37206",Sales,Nashville,21,12/30/1899 3:06:00 PM
Zulauf-Schroeder,"600 S Margin St, Franklin, TN, 37064",Samiyah Meyers,"801 Fatherland St, Nashville, TN, 37206",Sales,Nashville,22.4,12/30/1899 11:57:00 AM
Jakubowski LLC,"2021 Richard Jones Rd Ste 130, Nashville, TN, 37215",Sanjay Mosley,"280 Harding Pl, Nashville, TN, 37205",Sales,Nashville,3.3,12/30/1899 11:44:00 AM
Jakubowski LLC,"2021 Richard Jones Rd Ste 130, Nashville, TN, 37215",Sanjay Mosley,"280 Harding Pl, Nashville, TN, 37205",Sales,Nashville,3.3,12/30/1899 3:14:00 PM
Roob-Macejkovic,"4230 Harding Pike, Nashville, TN, 37205",Sanjay Mosley,"280 Harding Pl, Nashville, TN, 37205",Sales,Nashville,3.3,12/30/1899 5:22:00 PM
"Kohler, Barrows and Hermiston","844 Hillwood Blvd, Nashville, TN, 37209",Sanjay Mosley,"280 Harding Pl, Nashville, TN, 37205",Sales,Nashville,4.2,12/30/1899 3:34:00 PM
"Schumm, Stamm and DuBuque","3744 Annex Ave, Nashville, TN, 37209",Sanjay Mosley,"280 Harding Pl, Nashville, TN, 37205",Sales,Nashville,4.6,12/30/1899 3:14:00 PM
Durgan LLC,"2301 Vanderbilt Pl, Nashville, TN, 37240",Sanjay Mosley,"280 Harding Pl, Nashville, TN, 37205",Sales,Nashville,5.8,12/30/1899 2:49:00 PM
"Brakus, Stehr and Schamberger","5901 California Ave, Nashville, TN, 37209",Sanjay Mosley,"280 Harding Pl, Nashville, TN, 37205",Sales,Nashville,6.1,12/30/1899 9:01:00 AM
Schowalter Inc,"33 Music Sq W, Nashville, TN, 37203",Sanjay Mosley,"280 Harding Pl, Nashville, TN, 37205",Sales,Nashville,6.6,12/30/1899 9:23:00 AM
Bednar-Gerhold,"2808 Bransford Ave, Nashville, TN, 37204",Sanjay Mosley,"280 Harding Pl, Nashville, TN, 37205",Sales,Nashville,6.8,12/30/1899 4:17:00 PM
Gorczany-Emmerich,"209 10th Ave S Ste 216, Nashville, TN, 37203",Sanjay Mosley,"280 Harding Pl, Nashville, TN, 37205",Sales,Nashville,7.2,12/30/1899 8:22:00 AM
Gorczany Inc,"209 10th Ave S Ste 342, Nashville, TN, 37203",Sanjay Mosley,"280 Harding Pl, Nashville, TN, 37205",Sales,Nashville,7.2,12/30/1899 8:50:00 AM
Gibson and Sons,"2803 Foster Ave Ste 209, Nashville, TN, 37210",Sanjay Mosley,"280 Harding Pl, Nashville, TN, 37205",Sales,Nashville,8.1,12/30/1899 10:38:00 AM
Hamill-Littel,"3322 Nolensville Pike, Nashville, TN, 37211",Sanjay Mosley,"280 Harding Pl, Nashville, TN, 37205",Sales,Nashville,8.2,12/30/1899 8:31:00 AM
Fadel-Anderson,"530 Church St Ste 401, Nashville, TN, 37219",Sanjay Mosley,"280 Harding Pl, Nashville, TN, 37205",Sales,Nashville,9.4,12/30/1899 4:09:00 PM
"Gusikowski, Marvin and Lakin","144 2nd Ave N, Nashville, TN, 37201",Sanjay Mosley,"280 Harding Pl, Nashville, TN, 37205",Sales,Nashville,9.7,12/30/1899 12:24:00 PM
Wilderman Inc,"700 2nd Ave S, Nashville, TN, 37210",Sanjay Mosley,"280 Harding Pl, Nashville, TN, 37205",Sales,Nashville,10.8,12/30/1899 8:04:00 AM
"Macejkovic, Kertzmann and Sporer","1191 W Main St, Franklin, TN, 37064",Sanjay Mosley,"280 Harding Pl, Nashville, TN, 37205",Sales,Nashville,14.7,12/30/1899 11:37:00 AM
Bins LLC,"500 Flintlock Ct, Nashville, TN, 37217",Sanjay Mosley,"280 Harding Pl, Nashville, TN, 37205",Sales,Nashville,14.8,12/30/1899 11:02:00 AM
Toy-Gorczany,"106 Mission Ct, Franklin, TN, 37067",Sanjay Mosley,"280 Harding Pl, Nashville, TN, 37205",Sales,Nashville,15.4,12/30/1899 11:58:00 AM
Doyle Inc,"15 Century Blvd Ste 400, Nashville, TN, 37214",Sanjay Mosley,"280 Harding Pl, Nashville, TN, 37205",Sales,Nashville,16,12/30/1899 3:56:00 PM
Barton LLC,"109 Holiday Ct Ste B1, Franklin, TN, 37067",Sanjay Mosley,"280 Harding Pl, Nashville, TN, 37205",Sales,Nashville,18.9,12/30/1899 1:07:00 PM
"Williamson, Emard and Rau","431 Forrest Park Cir, Franklin, TN, 37064",Sanjay Mosley,"280 Harding Pl, Nashville, TN, 37205",Sales,Nashville,20.5,12/30/1899 8:49:00 AM
"Becker, Nitzsche and Rippin","4650 Everal Ln, Franklin, TN, 37064",Sanjay Mosley,"280 Harding Pl, Nashville, TN, 37205",Sales,Nashville,27.3,12/30/1899 10:29:00 AM
"Kris, Dickinson and Lehner","3049 Dickerson Pike Ste 105, Nashville, TN, 37207",Zachery Mcphee,"1808 Glade St, Nashville, TN, 37207",Sales,Nashville,3.1,12/30/1899 12:28:00 PM
Kuhic-Gleichner,"123 Ewing Dr, Nashville, TN, 37207",Zachery Mcphee,"1808 Glade St, Nashville, TN, 37207",Sales,Nashville,3.2,12/30/1899 5:42:00 PM
Johnston-Wunsch,"805 Woodland St, Nashville, TN, 37206",Zachery Mcphee,"1808 Glade St, Nashville, TN, 37207",Sales,Nashville,3.5,12/30/1899 9:45:00 AM
Bartoletti and Sons,"315 Deaderick St Ste 1500, Nashville, TN, 37238",Zachery Mcphee,"1808 Glade St, Nashville, TN, 37207",Sales,Nashville,4.3,12/30/1899 11:31:00 AM
Lubowitz Inc,"501 Union St, Nashville, TN, 37219",Zachery Mcphee,"1808 Glade St, Nashville, TN, 37207",Sales,Nashville,4.4,12/30/1899 10:52:00 AM
Barrows Inc,"200 4th Ave N Ste 1100, Nashville, TN, 37219",Zachery Mcphee,"1808 Glade St, Nashville, TN, 37207",Sales,Nashville,4.8,12/30/1899 1:14:00 PM
Orn Group,"220 French Landing Dr, Nashville, TN, 37243",Zachery Mcphee,"1808 Glade St, Nashville, TN, 37207",Sales,Nashville,5.4,12/30/1899 3:49:00 PM
Schaefer LLC,"1200 Clinton St, Nashville, TN, 37203",Zachery Mcphee,"1808 Glade St, Nashville, TN, 37207",Sales,Nashville,5.6,12/30/1899 8:49:00 AM
Mohr and Sons,"1201 Demonbreun St Ste 1200, Nashville, TN, 37203",Zachery Mcphee,"1808 Glade St, Nashville, TN, 37207",Sales,Nashville,5.8,12/30/1899 3:43:00 PM
"McGlynn, Kreiger and Rolfson","118 16th Ave S, Nashville, TN, 37203",Zachery Mcphee,"1808 Glade St, Nashville, TN, 37207",Sales,Nashville,6,12/30/1899 1:18:00 PM
Gorczany-Emmerich,"209 10th Ave S Ste 216, Nashville, TN, 37203",Zachery Mcphee,"1808 Glade St, Nashville, TN, 37207",Sales,Nashville,6.1,12/30/1899 8:08:00 AM
Treutel-Leuschke,"511 Union St Ste 1820, Nashville, TN, 37219",Zachery Mcphee,"1808 Glade St, Nashville, TN, 37207",Sales,Nashville,6.1,12/30/1899 11:59:00 AM
"Marks, Walter and Marks","1720 W End Ave, Nashville, TN, 37203",Zachery Mcphee,"1808 Glade St, Nashville, TN, 37207",Sales,Nashville,6.1,12/30/1899 4:56:00 PM
Harber Group,"2522 Alameda St, Nashville, TN, 37208",Zachery Mcphee,"1808 Glade St, Nashville, TN, 37207",Sales,Nashville,6.2,12/30/1899 5:35:00 PM
"Jakubowski, Schulist and Weimann","2021 Church St, Nashville, TN, 37203",Zachery Mcphee,"1808 Glade St, Nashville, TN, 37207",Sales,Nashville,6.3,12/30/1899 12:56:00 PM
Paucek-Boehm,"1107 8th Ave S, Nashville, TN, 37203",Zachery Mcphee,"1808 Glade St, Nashville, TN, 37207",Sales,Nashville,6.4,12/30/1899 2:28:00 PM
Osinski Group,"200 31st Ave N, Nashville, TN, 37203",Zachery Mcphee,"1808 Glade St, Nashville, TN, 37207",Sales,Nashville,6.9,12/30/1899 8:23:00 AM
Beatty and Sons,"210 25th Ave N, Nashville, TN, 37203",Zachery Mcphee,"1808 Glade St, Nashville, TN, 37207",Sales,Nashville,6.9,12/30/1899 9:28:00 AM
"Cummings, Kertzmann and Wyman","3102 W End Ave Ste 800, Nashville, TN, 37203",Zachery Mcphee,"1808 Glade St, Nashville, TN, 37207",Sales,Nashville,7.7,12/30/1899 8:31:00 AM
"Heaney, Carter and Hagenes","4322 Harding Pike Suite 417-116, Nashville, TN, 37205",Zachery Mcphee,"1808 Glade St, Nashville, TN, 37207",Sales,Nashville,9.2,12/30/1899 1:11:00 PM
"Reilly, Sanford and Hilll","404 Bna Dr Ste 208, Nashville, TN, 37217",Zachery Mcphee,"1808 Glade St, Nashville, TN, 37207",Sales,Nashville,9.8,12/30/1899 1:36:00 PM
Bradtke and Sons,"1 Burton Hills Blvd, Nashville, TN, 37215",Zachery Mcphee,"1808 Glade St, Nashville, TN, 37207",Sales,Nashville,11.1,12/30/1899 8:46:00 AM
Stamm-Lemke,"3714 Nolensville Pike, Nashville, TN, 37211",Zachery Mcphee,"1808 Glade St, Nashville, TN, 37207",Sales,Nashville,11.4,12/30/1899 5:37:00 PM
Halvorson LLC,"2525 Perimeter Place Dr, Nashville, TN, 37214",Zachery Mcphee,"1808 Glade St, Nashville, TN, 37207",Sales,Nashville,11.5,12/30/1899 1:12:00 PM
"Bartoletti, Murphy and Leannon","7034 Highway 70 S, Nashville, TN, 37221",Zachery Mcphee,"1808 Glade St, Nashville, TN, 37207",Sales,Nashville,15.7,12/30/1899 12:55:00 PM
Effertz-Dickinson,"5531 Edmondson Pike, Nashville, TN, 37211",Zachery Mcphee,"1808 Glade St, Nashville, TN, 37207",Sales,Nashville,15.9,12/30/1899 9:01:00 AM
"Wolff, McCullough and Kertzmann","14977 Old Hickory Blvd, Nashville, TN, 37211",Zachery Mcphee,"1808 Glade St, Nashville, TN, 37207",Sales,Nashville,18.1,12/30/1899 1:04:00 PM
Lueilwitz-Stehr,"106 Mission Ct Ste 404, Franklin, TN, 37067",Zachery Mcphee,"1808 Glade St, Nashville, TN, 37207",Sales,Nashville,22.2,12/30/1899 9:10:00 AM
VonRueden LLC,"512 Autumn Springs Ct, Franklin, TN, 37067",Zachery Mcphee,"1808 Glade St, Nashville, TN, 37207",Sales,Nashville,22.4,12/30/1899 3:33:00 PM
"Effertz, Mertz and Lynch","1113 Murfreesboro Rd Ste 415, Franklin, TN, 37064",Zachery Mcphee,"1808 Glade St, Nashville, TN, 37207",Sales,Nashville,23.8,12/30/1899 5:40:00 PM
Daugherty Inc,"4146 Crescent Dr, Saint Louis, MO, 63129",Aronas Douglas,"11137 Yuma Pl, St. Louis, MO, 63123",Sales,St. Louis,1.9,12/30/1899 10:49:00 AM
Daugherty Inc,"4146 Crescent Dr, Saint Louis, MO, 63129",Aronas Douglas,"11137 Yuma Pl, St. Louis, MO, 63123",Sales,St. Louis,1.9,12/30/1899 12:02:00 PM
Kerluke-Hackett,"12430 Tesson Ferry Road, Saint Louis, MO, 63128",Aronas Douglas,"11137 Yuma Pl, St. Louis, MO, 63123",Sales,St. Louis,3.2,12/30/1899 12:34:00 PM
Schaden-Walker,"9109 Watson Rd, Saint Louis, MO, 63126",Aronas Douglas,"11137 Yuma Pl, St. Louis, MO, 63123",Sales,St. Louis,4.7,12/30/1899 11:43:00 AM
"Ondricka, Murray and Maggio","8645 S Broadway, Saint Louis, MO, 63111",Aronas Douglas,"11137 Yuma Pl, St. Louis, MO, 63123",Sales,St. Louis,5.4,12/30/1899 5:41:00 PM
Koepp and Sons,"10805 Sunset Office Dr Ste 300, Saint Louis, MO, 63127",Aronas Douglas,"11137 Yuma Pl, St. Louis, MO, 63123",Sales,St. Louis,5.7,12/30/1899 9:22:00 AM
"Ward, Schoen and Hirthe","10525 Big Bend Rd, Saint Louis, MO, 63122",Aronas Douglas,"11137 Yuma Pl, St. Louis, MO, 63123",Sales,St. Louis,6.5,12/30/1899 3:36:00 PM
Bartoletti-Schulist,"34 N Gore Ave, Saint Louis, MO, 63119",Aronas Douglas,"11137 Yuma Pl, St. Louis, MO, 63123",Sales,St. Louis,6.9,12/30/1899 3:23:00 PM
Bosco Inc,"292 East Ave, Saint Louis, MO, 63119",Aronas Douglas,"11137 Yuma Pl, St. Louis, MO, 63123",Sales,St. Louis,7.7,12/30/1899 8:31:00 AM
Prohaska-White,"803 Lafayette Ave, Saint Louis, MO, 63119",Aronas Douglas,"11137 Yuma Pl, St. Louis, MO, 63123",Sales,St. Louis,7.9,12/30/1899 11:44:00 AM
Klein LLC,"7120 Manchester Ave, Saint Louis, MO, 63143",Aronas Douglas,"11137 Yuma Pl, St. Louis, MO, 63123",Sales,St. Louis,8.4,12/30/1899 1:46:00 PM
"Carroll, Carroll and Lindgren","15400 S Grand Blvd, Saint Louis, MO, 63111",Aronas Douglas,"11137 Yuma Pl, St. Louis, MO, 63123",Sales,St. Louis,8.8,12/30/1899 12:57:00 PM
Steuber-Rippin,"701 Market St Ste 1100, Saint Louis, MO, 63101",Aronas Douglas,"11137 Yuma Pl, St. Louis, MO, 63123",Sales,St. Louis,12.6,12/30/1899 11:01:00 AM
Steuber-Rippin,"701 Market St Ste 1100, Saint Louis, MO, 63101",Aronas Douglas,"11137 Yuma Pl, St. Louis, MO, 63123",Sales,St. Louis,12.6,12/30/1899 4:49:00 PM
"Spencer, Dickinson and Lakin","904 S 4th St, Saint Louis, MO, 63102",Aronas Douglas,"11137 Yuma Pl, St. Louis, MO, 63123",Sales,St. Louis,12.8,12/30/1899 9:27:00 AM
"Spencer, Dickinson and Lakin","904 S 4th St, Saint Louis, MO, 63102",Aronas Douglas,"11137 Yuma Pl, St. Louis, MO, 63123",Sales,St. Louis,12.8,12/30/1899 9:33:00 AM
"White, Roberts and Gulgowski","710 N 2nd St, Saint Louis, MO, 63102",Aronas Douglas,"11137 Yuma Pl, St. Louis, MO, 63123",Sales,St. Louis,13.3,12/30/1899 1:55:00 PM
Waters LLC,"802 N 1st St, Saint Louis, MO, 63102",Aronas Douglas,"11137 Yuma Pl, St. Louis, MO, 63123",Sales,St. Louis,13.4,12/30/1899 4:54:00 PM
Franecki-Dare,"20 Morgan St, Saint Louis, MO, 63102",Aronas Douglas,"11137 Yuma Pl, St. Louis, MO, 63123",Sales,St. Louis,13.4,12/30/1899 5:32:00 PM
Bernhard and Sons,"1015a N Grand Blvd, Saint Louis, MO, 63106",Aronas Douglas,"11137 Yuma Pl, St. Louis, MO, 63123",Sales,St. Louis,14.4,12/30/1899 2:09:00 PM
Ratke Group,"750 Missouri Ave, East Saint Louis, IL, 62201",Aronas Douglas,"11137 Yuma Pl, St. Louis, MO, 63123",Sales,St. Louis,14.8,12/30/1899 2:11:00 PM
Lang LLC,"10000 Page Ave, Saint Louis, MO, 63132",Aronas Douglas,"11137 Yuma Pl, St. Louis, MO, 63123",Sales,St. Louis,15,12/30/1899 9:31:00 AM
"Crist, Gulgowski and Schulist","1 Saint Luke Ct, East Saint Louis, IL, 62206",Aronas Douglas,"11137 Yuma Pl, St. Louis, MO, 63123",Sales,St. Louis,15.7,12/30/1899 9:20:00 AM
Wyman Group,"1254 Camp Jackson Rd, East Saint Louis, IL, 62206",Aronas Douglas,"11137 Yuma Pl, St. Louis, MO, 63123",Sales,St. Louis,16,12/30/1899 11:34:00 AM
Hilll-Steuber,"540 Wimmer Pl, East Saint Louis, IL, 62205",Aronas Douglas,"11137 Yuma Pl, St. Louis, MO, 63123",Sales,St. Louis,17.1,12/30/1899 12:56:00 PM
Steuber and Sons,"2411 State St, East Saint Louis, IL, 62205",Aronas Douglas,"11137 Yuma Pl, St. Louis, MO, 63123",Sales,St. Louis,17.4,12/30/1899 2:34:00 PM
Batz Group,"2920 Ohio Ave, East Saint Louis, IL, 62205",Aronas Douglas,"11137 Yuma Pl, St. Louis, MO, 63123",Sales,St. Louis,17.5,12/30/1899 8:04:00 AM
"Schaefer, Fisher and Hessel","2001 Mississippi Ave, East Saint Louis, IL, 62201",Aronas Douglas,"11137 Yuma Pl, St. Louis, MO, 63123",Sales,St. Louis,18.1,12/30/1899 9:40:00 AM
"Schaefer, Fisher and Hessel","2001 Mississippi Ave, East Saint Louis, IL, 62201",Aronas Douglas,"11137 Yuma Pl, St. Louis, MO, 63123",Sales,St. Louis,18.1,12/30/1899 3:06:00 PM
"Monahan, Eichmann and Kuhn","5413 Sterling AVE, East Saint Louis, IL, 62207",Aronas Douglas,"11137 Yuma Pl, St. Louis, MO, 63123",Sales,St. Louis,18.3,12/30/1899 11:38:00 AM
"Rolfson, McCullough and Ullrich","3808 Cookson Rd, East Saint Louis, IL, 62201",Aronas Douglas,"11137 Yuma Pl, St. Louis, MO, 63123",Sales,St. Louis,18.3,12/30/1899 4:36:00 PM
Roob Inc,"4028 N Kingshighway Blvd, Saint Louis, MO, 63115",Aronas Douglas,"11137 Yuma Pl, St. Louis, MO, 63123",Sales,St. Louis,19.3,12/30/1899 11:38:00 AM
Gottlieb-Harvey,"7001 State St, East Saint Louis, IL, 62203",Aronas Douglas,"11137 Yuma Pl, St. Louis, MO, 63123",Sales,St. Louis,21.4,12/30/1899 12:22:00 PM
"Zieme, Zulauf and Gaylord","2168 Chambers Rd, Saint Louis, MO, 63136",Aronas Douglas,"11137 Yuma Pl, St. Louis, MO, 63123",Sales,St. Louis,23.6,12/30/1899 4:24:00 PM
Mante LLC,"4601 State St Ste 220a, East Saint Louis, IL, 62205",Brax Harrison,"506 N 51st St, East St Louis, IL, 62203",Sales,St. Louis,0.4,12/30/1899 9:51:00 AM
Gleichner-Bartell,"1214 N 18th St, East Saint Louis, IL, 62205",Brax Harrison,"506 N 51st St, East St Louis, IL, 62203",Sales,St. Louis,3.1,12/30/1899 2:08:00 PM
"Kertzmann, Treutel and Wyman","4413 Cookson Rd, East Saint Louis, IL, 62201",Brax Harrison,"506 N 51st St, East St Louis, IL, 62203",Sales,St. Louis,4.8,12/30/1899 8:28:00 AM
Prosacco-Armstrong,"110 N Main St, East Saint Louis, IL, 62201",Brax Harrison,"506 N 51st St, East St Louis, IL, 62203",Sales,St. Louis,4.8,12/30/1899 3:10:00 PM
"Rolfson, McCullough and Ullrich","3808 Cookson Rd, East Saint Louis, IL, 62201",Brax Harrison,"506 N 51st St, East St Louis, IL, 62203",Sales,St. Louis,5.1,12/30/1899 12:34:00 PM
"White, Roberts and Gulgowski","710 N 2nd St, Saint Louis, MO, 63102",Brax Harrison,"506 N 51st St, East St Louis, IL, 62203",Sales,St. Louis,6.4,12/30/1899 4:54:00 PM
"Bernhard, Bechtelar and Shanahan","911 Washington Ave, Saint Louis, MO, 63101",Brax Harrison,"506 N 51st St, East St Louis, IL, 62203",Sales,St. Louis,6.6,12/30/1899 3:50:00 PM
Sawayn-Hettinger,"1672 Sauget Industrial Pkwy, East Saint Louis, IL, 62206",Brax Harrison,"506 N 51st St, East St Louis, IL, 62203",Sales,St. Louis,6.9,12/30/1899 12:35:00 PM
DuBuque Inc,"906 Olive St Ste 540, Saint Louis, MO, 63101",Brax Harrison,"506 N 51st St, East St Louis, IL, 62203",Sales,St. Louis,8,12/30/1899 9:42:00 AM
Weimann Inc,"911 Locust St Apt 103, Saint Louis, MO, 63101",Brax Harrison,"506 N 51st St, East St Louis, IL, 62203",Sales,St. Louis,8,12/30/1899 9:47:00 AM
Lemke Inc,"1617 Locust St, Saint Louis, MO, 63103",Brax Harrison,"506 N 51st St, East St Louis, IL, 62203",Sales,St. Louis,8.2,12/30/1899 1:24:00 PM
Lemke Inc,"1617 Locust St, Saint Louis, MO, 63103",Brax Harrison,"506 N 51st St, East St Louis, IL, 62203",Sales,St. Louis,8.2,12/30/1899 4:40:00 PM
Kunze-Becker,"2020 S 12th St, Saint Louis, MO, 63104",Brax Harrison,"506 N 51st St, East St Louis, IL, 62203",Sales,St. Louis,8.3,12/30/1899 10:50:00 AM
Kerluke LLC,"3915 Mississippi Ave, East Saint Louis, IL, 62206",Brax Harrison,"506 N 51st St, East St Louis, IL, 62203",Sales,St. Louis,8.5,12/30/1899 12:48:00 PM
Kris and Sons,"414 Range Ln, East Saint Louis, IL, 62206",Brax Harrison,"506 N 51st St, East St Louis, IL, 62203",Sales,St. Louis,8.8,12/30/1899 8:15:00 AM
Ferry-Schamberger,"2644 Saint Vincent Ave, Saint Louis, MO, 63104",Brax Harrison,"506 N 51st St, East St Louis, IL, 62203",Sales,St. Louis,9.2,12/30/1899 11:36:00 AM
"Rice, Lemke and McCullough","3444 S Jefferson Ave, Saint Louis, MO, 63118",Brax Harrison,"506 N 51st St, East St Louis, IL, 62203",Sales,St. Louis,10.2,12/30/1899 12:29:00 PM
"Mosciski, Wilderman and Oberbrunner","2308 S Grand Blvd, Saint Louis, MO, 63104",Brax Harrison,"506 N 51st St, East St Louis, IL, 62203",Sales,St. Louis,10.4,12/30/1899 9:29:00 AM
"Watsica, Gislason and Hirthe","1337 Strassner Dr, Saint Louis, MO, 63144",Brax Harrison,"506 N 51st St, East St Louis, IL, 62203",Sales,St. Louis,15.8,12/30/1899 11:16:00 AM
Mosciski Inc,"1334 Strassner Dr, Saint Louis, MO, 63144",Brax Harrison,"506 N 51st St, East St Louis, IL, 62203",Sales,St. Louis,15.8,12/30/1899 12:20:00 PM
Bosco Inc,"292 East Ave, Saint Louis, MO, 63119",Brax Harrison,"506 N 51st St, East St Louis, IL, 62203",Sales,St. Louis,17.3,12/30/1899 4:31:00 PM
"Douglas, Stracke and Rolfson","8229 Clayton Rd Ste 200b, Saint Louis, MO, 63117",Brax Harrison,"506 N 51st St, East St Louis, IL, 62203",Sales,St. Louis,17.9,12/30/1899 12:11:00 PM
Koepp-Blanda,"8719 Brookview Dr, Saint Louis, MO, 63126",Brax Harrison,"506 N 51st St, East St Louis, IL, 62203",Sales,St. Louis,19.3,12/30/1899 8:16:00 AM
"Ward, Schoen and Hirthe","10525 Big Bend Rd, Saint Louis, MO, 63122",Brax Harrison,"506 N 51st St, East St Louis, IL, 62203",Sales,St. Louis,20.1,12/30/1899 5:36:00 PM
Daugherty Inc,"4146 Crescent Dr, Saint Louis, MO, 63129",Brax Harrison,"506 N 51st St, East St Louis, IL, 62203",Sales,St. Louis,20.2,12/30/1899 2:57:00 PM
"Hudson, Dickinson and Crooks","117 N Kirkwood Rd Ste 201, Saint Louis, MO, 63122",Brax Harrison,"506 N 51st St, East St Louis, IL, 62203",Sales,St. Louis,20.6,12/30/1899 10:22:00 AM
Kerluke-Hackett,"12430 Tesson Ferry Road, Saint Louis, MO, 63128",Brax Harrison,"506 N 51st St, East St Louis, IL, 62203",Sales,St. Louis,22.3,12/30/1899 10:44:00 AM
Rutherford-Erdman,"12545 Olive Blvd Suite 107, Saint Louis, MO, 63141",Brax Harrison,"506 N 51st St, East St Louis, IL, 62203",Sales,St. Louis,24.8,12/30/1899 2:50:00 PM
Stracke and Sons,"3901 Union Blvd, Saint Louis, MO, 63115",Cara Bonilla,"640 Undercliff Dr, Hazelwood, MO, 63042",Sales,St. Louis,13.7,12/30/1899 12:16:00 PM
Mosciski Inc,"1334 Strassner Dr, Saint Louis, MO, 63144",Cara Bonilla,"640 Undercliff Dr, Hazelwood, MO, 63042",Sales,St. Louis,16.2,12/30/1899 9:04:00 AM
Mraz-Witting,"11951 Devonshire Ave, Saint Louis, MO, 63131",Cara Bonilla,"640 Undercliff Dr, Hazelwood, MO, 63042",Sales,St. Louis,16.2,12/30/1899 9:58:00 AM
"Watsica, Gislason and Hirthe","1337 Strassner Dr, Saint Louis, MO, 63144",Cara Bonilla,"640 Undercliff Dr, Hazelwood, MO, 63042",Sales,St. Louis,16.2,12/30/1899 2:00:00 PM
"Krajcik, Legros and Anderson","2620 Samuel Shepard Dr, Saint Louis, MO, 63103",Cara Bonilla,"640 Undercliff Dr, Hazelwood, MO, 63042",Sales,St. Louis,19.1,12/30/1899 12:29:00 PM
DuBuque Inc,"906 Olive St Ste 540, Saint Louis, MO, 63101",Cara Bonilla,"640 Undercliff Dr, Hazelwood, MO, 63042",Sales,St. Louis,19.6,12/30/1899 4:09:00 PM
"Nader, Luettgen and Nitzsche","1706 5th St, Madison, IL, 62060",Cara Bonilla,"640 Undercliff Dr, Hazelwood, MO, 63042",Sales,St. Louis,19.9,12/30/1899 2:35:00 PM
"Spencer, Dickinson and Lakin","904 S 4th St, Saint Louis, MO, 63102",Cara Bonilla,"640 Undercliff Dr, Hazelwood, MO, 63042",Sales,St. Louis,20,12/30/1899 11:03:00 AM
"Olson, Torp and Kuhn","7253 Watson Rd, Saint Louis, MO, 63119",Cara Bonilla,"640 Undercliff Dr, Hazelwood, MO, 63042",Sales,St. Louis,20.1,12/30/1899 5:42:00 PM
Koepp and Sons,"10805 Sunset Office Dr Ste 300, Saint Louis, MO, 63127",Cara Bonilla,"640 Undercliff Dr, Hazelwood, MO, 63042",Sales,St. Louis,20.2,12/30/1899 3:26:00 PM
"Jaskolski, Heaney and Smith","5415 Hampton Ave, Saint Louis, MO, 63109",Cara Bonilla,"640 Undercliff Dr, Hazelwood, MO, 63042",Sales,St. Louis,22,12/30/1899 11:34:00 AM
"Hegmann, Stracke and Torp","11777 Gravois Rd, Saint Louis, MO, 63127",Cara Bonilla,"640 Undercliff Dr, Hazelwood, MO, 63042",Sales,St. Louis,22.3,12/30/1899 12:28:00 PM
"Gottlieb, Schaden and Wehner","2204 State St, East Saint Louis, IL, 62205",Cara Bonilla,"640 Undercliff Dr, Hazelwood, MO, 63042",Sales,St. Louis,22.7,12/30/1899 9:48:00 AM
"Cummings, Dare and Labadie","820 N 33rd St, East Saint Louis, IL, 62205",Cara Bonilla,"640 Undercliff Dr, Hazelwood, MO, 63042",Sales,St. Louis,23.1,12/30/1899 9:47:00 AM
Batz Group,"2920 Ohio Ave, East Saint Louis, IL, 62205",Cara Bonilla,"640 Undercliff Dr, Hazelwood, MO, 63042",Sales,St. Louis,23.1,12/30/1899 4:19:00 PM
Kerluke LLC,"3915 Mississippi Ave, East Saint Louis, IL, 62206",Cara Bonilla,"640 Undercliff Dr, Hazelwood, MO, 63042",Sales,St. Louis,23.5,12/30/1899 5:00:00 PM
"Kub, Reichert and Boyer","105 Concord Plaza Shopping Ctr, Saint Louis, MO, 63128",Cara Bonilla,"640 Undercliff Dr, Hazelwood, MO, 63042",Sales,St. Louis,24.3,12/30/1899 12:34:00 PM
"Schaefer, Fisher and Hessel","2001 Mississippi Ave, East Saint Louis, IL, 62201",Cara Bonilla,"640 Undercliff Dr, Hazelwood, MO, 63042",Sales,St. Louis,24.7,12/30/1899 10:11:00 AM
Kris and Sons,"414 Range Ln, East Saint Louis, IL, 62206",Cara Bonilla,"640 Undercliff Dr, Hazelwood, MO, 63042",Sales,St. Louis,24.8,12/30/1899 5:09:00 PM
"Sanford, Runolfsdottir and Oberbrunner","1110 Camp Jackson Rd, East Saint Louis, IL, 62206",Cara Bonilla,"640 Undercliff Dr, Hazelwood, MO, 63042",Sales,St. Louis,25,12/30/1899 11:32:00 AM
"Klein, Anderson and Larkin","11012 Lin Valle Dr, Saint Louis, MO, 63123",Cara Bonilla,"640 Undercliff Dr, Hazelwood, MO, 63042",Sales,St. Louis,26.6,12/30/1899 1:49:00 PM
"Klein, Anderson and Larkin","11012 Lin Valle Dr, Saint Louis, MO, 63123",Cara Bonilla,"640 Undercliff Dr, Hazelwood, MO, 63042",Sales,St. Louis,26.6,12/30/1899 5:28:00 PM
"Schultz, Kuhlman and Romaguera","8213 State St, East Saint Louis, IL, 62203",Cara Bonilla,"640 Undercliff Dr, Hazelwood, MO, 63042",Sales,St. Louis,27.3,12/30/1899 11:47:00 AM
"Ondricka, Murray and Maggio","8645 S Broadway, Saint Louis, MO, 63111",Cara Bonilla,"640 Undercliff Dr, Hazelwood, MO, 63042",Sales,St. Louis,28,12/30/1899 9:14:00 AM
"Boyer, Berge and Lesch","9016 Saint Charles Rock Rd, Saint Louis, MO, 63114",Catrin Sanders,"7039 Arcadia Ave, University City, MO, 63130",Sales,St. Louis,4.4,12/30/1899 5:11:00 PM
"Watsica, Gislason and Hirthe","1337 Strassner Dr, Saint Louis, MO, 63144",Catrin Sanders,"7039 Arcadia Ave, University City, MO, 63130",Sales,St. Louis,4.6,12/30/1899 5:02:00 PM
Prosacco-Gerlach,"8224 Manchester Rd Ste 200, Saint Louis, MO, 63144",Catrin Sanders,"7039 Arcadia Ave, University City, MO, 63130",Sales,St. Louis,5.4,12/30/1899 12:31:00 PM
"Gusikowski, Green and Hills","10920 Schuetz Rd Ste. 4, Saint Louis, MO, 63146",Catrin Sanders,"7039 Arcadia Ave, University City, MO, 63130",Sales,St. Louis,5.9,12/30/1899 5:52:00 PM
Carroll-Daniel,"11964 Niehaus Ln, Saint Louis, MO, 63146",Catrin Sanders,"7039 Arcadia Ave, University City, MO, 63130",Sales,St. Louis,7,12/30/1899 4:38:00 PM
"Jaskolski, Heaney and Smith","5415 Hampton Ave, Saint Louis, MO, 63109",Catrin Sanders,"7039 Arcadia Ave, University City, MO, 63130",Sales,St. Louis,7.9,12/30/1899 9:34:00 AM
"Zieme, Zulauf and Gaylord","2168 Chambers Rd, Saint Louis, MO, 63136",Catrin Sanders,"7039 Arcadia Ave, University City, MO, 63130",Sales,St. Louis,8.2,12/30/1899 1:12:00 PM
Gaylord Group,"12647 Olive Blvd, Saint Louis, MO, 63141",Catrin Sanders,"7039 Arcadia Ave, University City, MO, 63130",Sales,St. Louis,8.6,12/30/1899 11:05:00 AM
Ferry-Schamberger,"2644 Saint Vincent Ave, Saint Louis, MO, 63104",Catrin Sanders,"7039 Arcadia Ave, University City, MO, 63130",Sales,St. Louis,9,12/30/1899 12:40:00 PM
Skiles Inc,"906 Olive St, Saint Louis, MO, 63101",Catrin Sanders,"7039 Arcadia Ave, University City, MO, 63130",Sales,St. Louis,9.9,12/30/1899 11:48:00 AM
Pacocha Inc,"211 N Broadway Ste 600, Saint Louis, MO, 63102",Catrin Sanders,"7039 Arcadia Ave, University City, MO, 63130",Sales,St. Louis,10,12/30/1899 10:45:00 AM
Koepp-Blanda,"8719 Brookview Dr, Saint Louis, MO, 63126",Catrin Sanders,"7039 Arcadia Ave, University City, MO, 63130",Sales,St. Louis,10.1,12/30/1899 1:29:00 PM
Maggio Group,"2311 Cherokee St, Saint Louis, MO, 63118",Catrin Sanders,"7039 Arcadia Ave, University City, MO, 63130",Sales,St. Louis,10.5,12/30/1899 5:27:00 PM
"Rice, Lemke and McCullough","3444 S Jefferson Ave, Saint Louis, MO, 63118",Catrin Sanders,"7039 Arcadia Ave, University City, MO, 63130",Sales,St. Louis,10.6,12/30/1899 11:26:00 AM
"Bauch, Koelpin and Hegmann","25 Ronnies Plz, Saint Louis, MO, 63126",Catrin Sanders,"7039 Arcadia Ave, University City, MO, 63130",Sales,St. Louis,11.8,12/30/1899 8:13:00 AM
"Bauch, Koelpin and Hegmann","25 Ronnies Plz, Saint Louis, MO, 63126",Catrin Sanders,"7039 Arcadia Ave, University City, MO, 63130",Sales,St. Louis,11.8,12/30/1899 2:29:00 PM
Koepp and Sons,"10805 Sunset Office Dr Ste 300, Saint Louis, MO, 63127",Catrin Sanders,"7039 Arcadia Ave, University City, MO, 63130",Sales,St. Louis,11.9,12/30/1899 3:16:00 PM
Ratke Group,"750 Missouri Ave, East Saint Louis, IL, 62201",Catrin Sanders,"7039 Arcadia Ave, University City, MO, 63130",Sales,St. Louis,12.1,12/30/1899 2:00:00 PM
Feil-Braun,"712 N 2nd St, Saint Louis, MO, 63102",Catrin Sanders,"7039 Arcadia Ave, University City, MO, 63130",Sales,St. Louis,12.6,12/30/1899 8:20:00 AM
"Klein, Anderson and Larkin","11012 Lin Valle Dr, Saint Louis, MO, 63123",Catrin Sanders,"7039 Arcadia Ave, University City, MO, 63130",Sales,St. Louis,12.8,12/30/1899 12:57:00 PM
"Hudson, Dickinson and Crooks","117 N Kirkwood Rd Ste 201, Saint Louis, MO, 63122",Catrin Sanders,"7039 Arcadia Ave, University City, MO, 63130",Sales,St. Louis,12.9,12/30/1899 12:08:00 PM
"Cummings, Dare and Labadie","820 N 33rd St, East Saint Louis, IL, 62205",Catrin Sanders,"7039 Arcadia Ave, University City, MO, 63130",Sales,St. Louis,14.9,12/30/1899 4:37:00 PM
"Crist, Gulgowski and Schulist","1 Saint Luke Ct, East Saint Louis, IL, 62206",Catrin Sanders,"7039 Arcadia Ave, University City, MO, 63130",Sales,St. Louis,15.2,12/30/1899 4:57:00 PM
"Rolfson, McCullough and Ullrich","3808 Cookson Rd, East Saint Louis, IL, 62201",Catrin Sanders,"7039 Arcadia Ave, University City, MO, 63130",Sales,St. Louis,15.6,12/30/1899 10:57:00 AM
"Ondricka, Murray and Maggio","8645 S Broadway, Saint Louis, MO, 63111",Catrin Sanders,"7039 Arcadia Ave, University City, MO, 63130",Sales,St. Louis,16.3,12/30/1899 5:46:00 PM
Bednar-Leannon,"640 N 61st St, East Saint Louis, IL, 62203",Catrin Sanders,"7039 Arcadia Ave, University City, MO, 63130",Sales,St. Louis,17.6,12/30/1899 11:42:00 AM
Hills LLC,"9735 Landmark Parkway Dr, Saint Louis, MO, 63127",Catrin Sanders,"7039 Arcadia Ave, University City, MO, 63130",Sales,St. Louis,20.7,12/30/1899 8:56:00 AM
Rutherford-Erdman,"12545 Olive Blvd Suite 107, Saint Louis, MO, 63141",Chad Perez,"724 Prin Meadow Ln, St. Louis, MO, 63141",Sales,St. Louis,5.8,12/30/1899 3:49:00 PM
Gaylord Group,"12647 Olive Blvd, Saint Louis, MO, 63141",Chad Perez,"724 Prin Meadow Ln, St. Louis, MO, 63141",Sales,St. Louis,6.1,12/30/1899 9:37:00 AM
"Hudson, Dickinson and Crooks","117 N Kirkwood Rd Ste 201, Saint Louis, MO, 63122",Chad Perez,"724 Prin Meadow Ln, St. Louis, MO, 63141",Sales,St. Louis,8.8,12/30/1899 11:51:00 AM
"Douglas, Stracke and Rolfson","8229 Clayton Rd Ste 200b, Saint Louis, MO, 63117",Chad Perez,"724 Prin Meadow Ln, St. Louis, MO, 63141",Sales,St. Louis,8.8,12/30/1899 3:43:00 PM
Bosco Inc,"292 East Ave, Saint Louis, MO, 63119",Chad Perez,"724 Prin Meadow Ln, St. Louis, MO, 63141",Sales,St. Louis,10.5,12/30/1899 10:31:00 AM
Bosco Inc,"292 East Ave, Saint Louis, MO, 63119",Chad Perez,"724 Prin Meadow Ln, St. Louis, MO, 63141",Sales,St. Louis,10.5,12/30/1899 12:25:00 PM
"Bernhard, Quitzon and Jacobson","292 East Ave Ste 7, Saint Louis, MO, 63119",Chad Perez,"724 Prin Meadow Ln, St. Louis, MO, 63141",Sales,St. Louis,10.5,12/30/1899 12:50:00 PM
Bosco Inc,"292 East Ave, Saint Louis, MO, 63119",Chad Perez,"724 Prin Meadow Ln, St. Louis, MO, 63141",Sales,St. Louis,10.5,12/30/1899 2:33:00 PM
Lang LLC,"10000 Page Ave, Saint Louis, MO, 63132",Chad Perez,"724 Prin Meadow Ln, St. Louis, MO, 63141",Sales,St. Louis,11.1,12/30/1899 1:47:00 PM
"Rath, Bauch and O'Keefe","9109 Watson Rd Ste 100, Saint Louis, MO, 63126",Chad Perez,"724 Prin Meadow Ln, St. Louis, MO, 63141",Sales,St. Louis,12.3,12/30/1899 4:26:00 PM
"Olson, Torp and Kuhn","7253 Watson Rd, Saint Louis, MO, 63119",Chad Perez,"724 Prin Meadow Ln, St. Louis, MO, 63141",Sales,St. Louis,13.5,12/30/1899 11:33:00 AM
"Wolf, Lindgren and Zemlak","5501 Pershing Ave, Saint Louis, MO, 63112",Chad Perez,"724 Prin Meadow Ln, St. Louis, MO, 63141",Sales,St. Louis,14.5,12/30/1899 8:20:00 AM
"Wolf, Lindgren and Zemlak","5501 Pershing Ave, Saint Louis, MO, 63112",Chad Perez,"724 Prin Meadow Ln, St. Louis, MO, 63141",Sales,St. Louis,14.5,12/30/1899 1:02:00 PM
Bernhard and Sons,"1015a N Grand Blvd, Saint Louis, MO, 63106",Chad Perez,"724 Prin Meadow Ln, St. Louis, MO, 63141",Sales,St. Louis,15.4,12/30/1899 3:00:00 PM
"Krajcik, Legros and Anderson","2620 Samuel Shepard Dr, Saint Louis, MO, 63103",Chad Perez,"724 Prin Meadow Ln, St. Louis, MO, 63141",Sales,St. Louis,16.2,12/30/1899 9:05:00 AM
Roob Inc,"4028 N Kingshighway Blvd, Saint Louis, MO, 63115",Chad Perez,"724 Prin Meadow Ln, St. Louis, MO, 63141",Sales,St. Louis,16.4,12/30/1899 10:50:00 AM
Lemke Inc,"1617 Locust St, Saint Louis, MO, 63103",Chad Perez,"724 Prin Meadow Ln, St. Louis, MO, 63141",Sales,St. Louis,17.1,12/30/1899 11:23:00 AM
Keebler-Emard,"1518 Washington Ave Ste 102, Saint Louis, MO, 63103",Chad Perez,"724 Prin Meadow Ln, St. Louis, MO, 63141",Sales,St. Louis,17.1,12/30/1899 12:30:00 PM
Weimann Inc,"911 Locust St Apt 103, Saint Louis, MO, 63101",Chad Perez,"724 Prin Meadow Ln, St. Louis, MO, 63141",Sales,St. Louis,17.2,12/30/1899 4:11:00 PM
Skiles Inc,"906 Olive St, Saint Louis, MO, 63101",Chad Perez,"724 Prin Meadow Ln, St. Louis, MO, 63141",Sales,St. Louis,17.4,12/30/1899 12:17:00 PM
Pacocha Inc,"211 N Broadway Ste 600, Saint Louis, MO, 63102",Chad Perez,"724 Prin Meadow Ln, St. Louis, MO, 63141",Sales,St. Louis,17.5,12/30/1899 2:09:00 PM
Moore-Barton,"555 Washington Ave, Suite 510, St. Louis, MO, 63101",Chad Perez,"724 Prin Meadow Ln, St. Louis, MO, 63141",Sales,St. Louis,17.7,12/30/1899 1:19:00 PM
Maggio Group,"2311 Cherokee St, Saint Louis, MO, 63118",Chad Perez,"724 Prin Meadow Ln, St. Louis, MO, 63141",Sales,St. Louis,18,12/30/1899 5:02:00 PM
Brakus and Sons,"812 Collins St, Saint Louis, MO, 63102",Chad Perez,"724 Prin Meadow Ln, St. Louis, MO, 63141",Sales,St. Louis,18.1,12/30/1899 10:35:00 AM
Waters LLC,"802 N 1st St, Saint Louis, MO, 63102",Chad Perez,"724 Prin Meadow Ln, St. Louis, MO, 63141",Sales,St. Louis,18.4,12/30/1899 5:55:00 PM
Ratke Group,"750 Missouri Ave, East Saint Louis, IL, 62201",Chad Perez,"724 Prin Meadow Ln, St. Louis, MO, 63141",Sales,St. Louis,19.5,12/30/1899 11:51:00 AM
"Schmitt, Klocko and Gutkowski","1798 Summit Ave, East Saint Louis, IL, 62205",Chad Perez,"724 Prin Meadow Ln, St. Louis, MO, 63141",Sales,St. Louis,21.3,12/30/1899 4:15:00 PM
Altenwerth-Conroy,"3234 Vector Dr, East Saint Louis, IL, 62206",Chad Perez,"724 Prin Meadow Ln, St. Louis, MO, 63141",Sales,St. Louis,21.5,12/30/1899 10:13:00 AM
Vandervort-Cormier,"1606 State St, East Saint Louis, IL, 62205",Chad Perez,"724 Prin Meadow Ln, St. Louis, MO, 63141",Sales,St. Louis,21.7,12/30/1899 4:18:00 PM
Kris and Sons,"414 Range Ln, East Saint Louis, IL, 62206",Chad Perez,"724 Prin Meadow Ln, St. Louis, MO, 63141",Sales,St. Louis,22.2,12/30/1899 10:36:00 AM
Batz Group,"2920 Ohio Ave, East Saint Louis, IL, 62205",Chad Perez,"724 Prin Meadow Ln, St. Louis, MO, 63141",Sales,St. Louis,22.3,12/30/1899 8:09:00 AM
McLaughlin-Hirthe,"2701 State St, East Saint Louis, IL, 62205",Chad Perez,"724 Prin Meadow Ln, St. Louis, MO, 63141",Sales,St. Louis,22.3,12/30/1899 3:44:00 PM
"Monahan, Eichmann and Kuhn","5413 Sterling AVE, East Saint Louis, IL, 62207",Chad Perez,"724 Prin Meadow Ln, St. Louis, MO, 63141",Sales,St. Louis,23,12/30/1899 8:54:00 AM
"Monahan, Eichmann and Kuhn","5413 Sterling AVE, East Saint Louis, IL, 62207",Chad Perez,"724 Prin Meadow Ln, St. Louis, MO, 63141",Sales,St. Louis,23,12/30/1899 1:45:00 PM
"Bayer, Gerhold and Bogisich","4300 Church Rd, East Saint Louis, IL, 62207",Chad Perez,"724 Prin Meadow Ln, St. Louis, MO, 63141",Sales,St. Louis,23.5,12/30/1899 10:44:00 AM
Mante LLC,"4601 State St Ste 220a, East Saint Louis, IL, 62205",Chad Perez,"724 Prin Meadow Ln, St. Louis, MO, 63141",Sales,St. Louis,23.6,12/30/1899 11:00:00 AM
Mante LLC,"4601 State St Ste 220a, East Saint Louis, IL, 62205",Chad Perez,"724 Prin Meadow Ln, St. Louis, MO, 63141",Sales,St. Louis,23.6,12/30/1899 1:31:00 PM
"Schultz, Kuhlman and Romaguera","8213 State St, East Saint Louis, IL, 62203",Chad Perez,"724 Prin Meadow Ln, St. Louis, MO, 63141",Sales,St. Louis,26.5,12/30/1899 12:18:00 PM
Daugherty Inc,"4146 Crescent Dr, Saint Louis, MO, 63129",Chelsie Mair,"4232 Ashwick Terrace, St. Louis, MO, 63128",Sales,St. Louis,1.4,12/30/1899 10:43:00 AM
"Kub, Reichert and Boyer","105 Concord Plaza Shopping Ctr, Saint Louis, MO, 63128",Chelsie Mair,"4232 Ashwick Terrace, St. Louis, MO, 63128",Sales,St. Louis,2.1,12/30/1899 12:40:00 PM
Sawayn-Schamberger,"11404 Gravois Rd, Saint Louis, MO, 63126",Chelsie Mair,"4232 Ashwick Terrace, St. Louis, MO, 63128",Sales,St. Louis,4,12/30/1899 5:46:00 PM
Koepp and Sons,"10805 Sunset Office Dr Ste 300, Saint Louis, MO, 63127",Chelsie Mair,"4232 Ashwick Terrace, St. Louis, MO, 63128",Sales,St. Louis,5.8,12/30/1899 3:02:00 PM
"Olson, Torp and Kuhn","7253 Watson Rd, Saint Louis, MO, 63119",Chelsie Mair,"4232 Ashwick Terrace, St. Louis, MO, 63128",Sales,St. Louis,7.1,12/30/1899 11:16:00 AM
Shanahan-Windler,"6440 Chippewa St, Saint Louis, MO, 63109",Chelsie Mair,"4232 Ashwick Terrace, St. Louis, MO, 63128",Sales,St. Louis,8.3,12/30/1899 8:01:00 AM
"Carroll, Carroll and Lindgren","15400 S Grand Blvd, Saint Louis, MO, 63111",Chelsie Mair,"4232 Ashwick Terrace, St. Louis, MO, 63128",Sales,St. Louis,8.3,12/30/1899 12:27:00 PM
Shanahan-Windler,"6440 Chippewa St, Saint Louis, MO, 63109",Chelsie Mair,"4232 Ashwick Terrace, St. Louis, MO, 63128",Sales,St. Louis,8.3,12/30/1899 5:43:00 PM
Prohaska-White,"803 Lafayette Ave, Saint Louis, MO, 63119",Chelsie Mair,"4232 Ashwick Terrace, St. Louis, MO, 63128",Sales,St. Louis,8.7,12/30/1899 8:16:00 AM
"Bernhard, Quitzon and Jacobson","292 East Ave Ste 7, Saint Louis, MO, 63119",Chelsie Mair,"4232 Ashwick Terrace, St. Louis, MO, 63128",Sales,St. Louis,8.7,12/30/1899 9:54:00 AM
Bosco Inc,"292 East Ave, Saint Louis, MO, 63119",Chelsie Mair,"4232 Ashwick Terrace, St. Louis, MO, 63128",Sales,St. Louis,8.9,12/30/1899 1:54:00 PM
Kozey Group,"7777 Bonhomme Ave Ste 1910, Saint Louis, MO, 63105",Chelsie Mair,"4232 Ashwick Terrace, St. Louis, MO, 63128",Sales,St. Louis,11.3,12/30/1899 8:37:00 AM
Mills Group,"101 S Hanley Rd Ste 1350, Saint Louis, MO, 63105",Chelsie Mair,"4232 Ashwick Terrace, St. Louis, MO, 63128",Sales,St. Louis,11.3,12/30/1899 2:25:00 PM
Lueilwitz-Rosenbaum,"1928 S Broadway, Saint Louis, MO, 63104",Chelsie Mair,"4232 Ashwick Terrace, St. Louis, MO, 63128",Sales,St. Louis,11.6,12/30/1899 10:25:00 AM
Ferry-Schamberger,"2644 Saint Vincent Ave, Saint Louis, MO, 63104",Chelsie Mair,"4232 Ashwick Terrace, St. Louis, MO, 63128",Sales,St. Louis,12.7,12/30/1899 11:22:00 AM
DuBuque Inc,"906 Olive St Ste 540, Saint Louis, MO, 63101",Chelsie Mair,"4232 Ashwick Terrace, St. Louis, MO, 63128",Sales,St. Louis,13.4,12/30/1899 11:08:00 AM
Pacocha Inc,"211 N Broadway Ste 600, Saint Louis, MO, 63102",Chelsie Mair,"4232 Ashwick Terrace, St. Louis, MO, 63128",Sales,St. Louis,13.5,12/30/1899 9:41:00 AM
Ebert-Larkin,"211 N Broadway, Saint Louis, MO, 63102",Chelsie Mair,"4232 Ashwick Terrace, St. Louis, MO, 63128",Sales,St. Louis,13.5,12/30/1899 2:27:00 PM
Cronin-Schuppe,"211 N Broadway Ste 2060, Saint Louis, MO, 63102",Chelsie Mair,"4232 Ashwick Terrace, St. Louis, MO, 63128",Sales,St. Louis,13.5,12/30/1899 2:29:00 PM
Bosco-Schuppe,"911 Washington Ave Ste 670, Saint Louis, MO, 63101",Chelsie Mair,"4232 Ashwick Terrace, St. Louis, MO, 63128",Sales,St. Louis,13.9,12/30/1899 8:33:00 AM
Friesen Inc,"1204 Washington Ave, Saint Louis, MO, 63103",Chelsie Mair,"4232 Ashwick Terrace, St. Louis, MO, 63128",Sales,St. Louis,14.2,12/30/1899 1:20:00 PM
Prosacco-Armstrong,"110 N Main St, East Saint Louis, IL, 62201",Chelsie Mair,"4232 Ashwick Terrace, St. Louis, MO, 63128",Sales,St. Louis,15,12/30/1899 5:25:00 PM
Ratke Group,"750 Missouri Ave, East Saint Louis, IL, 62201",Chelsie Mair,"4232 Ashwick Terrace, St. Louis, MO, 63128",Sales,St. Louis,15.3,12/30/1899 10:46:00 AM
MacGyver-Rutherford,"3917 Mississippi Ave, East Saint Louis, IL, 62206",Chelsie Mair,"4232 Ashwick Terrace, St. Louis, MO, 63128",Sales,St. Louis,15.5,12/30/1899 2:06:00 PM
Carroll-Daniel,"11964 Niehaus Ln, Saint Louis, MO, 63146",Chelsie Mair,"4232 Ashwick Terrace, St. Louis, MO, 63128",Sales,St. Louis,16.5,12/30/1899 2:19:00 PM
Vandervort-Cormier,"1606 State St, East Saint Louis, IL, 62205",Chelsie Mair,"4232 Ashwick Terrace, St. Louis, MO, 63128",Sales,St. Louis,17.5,12/30/1899 11:29:00 AM
"Schaefer, Fisher and Hessel","2001 Mississippi Ave, East Saint Louis, IL, 62201",Chelsie Mair,"4232 Ashwick Terrace, St. Louis, MO, 63128",Sales,St. Louis,17.5,12/30/1899 4:11:00 PM
Huel and Sons,"604 N 25th St, East Saint Louis, IL, 62205",Chelsie Mair,"4232 Ashwick Terrace, St. Louis, MO, 63128",Sales,St. Louis,18,12/30/1899 2:00:00 PM
McLaughlin-Hirthe,"2701 State St, East Saint Louis, IL, 62205",Chelsie Mair,"4232 Ashwick Terrace, St. Louis, MO, 63128",Sales,St. Louis,18.1,12/30/1899 1:32:00 PM
"Wilkinson, Bogan and Buckridge","9648 Olive Blvd, Saint Louis, MO, 63132",Chelsie Mair,"4232 Ashwick Terrace, St. Louis, MO, 63128",Sales,St. Louis,18.9,12/30/1899 8:24:00 AM
"Lemke, Turcotte and Waters","11710 Administration Dr, Saint Louis, MO, 63146",Chelsie Mair,"4232 Ashwick Terrace, St. Louis, MO, 63128",Sales,St. Louis,18.9,12/30/1899 3:22:00 PM
"Rolfson, McCullough and Ullrich","3808 Cookson Rd, East Saint Louis, IL, 62201",Chelsie Mair,"4232 Ashwick Terrace, St. Louis, MO, 63128",Sales,St. Louis,18.9,12/30/1899 5:23:00 PM
Mante LLC,"4601 State St Ste 220a, East Saint Louis, IL, 62205",Chelsie Mair,"4232 Ashwick Terrace, St. Louis, MO, 63128",Sales,St. Louis,19.4,12/30/1899 10:52:00 AM
"Kertzmann, Treutel and Wyman","4413 Cookson Rd, East Saint Louis, IL, 62201",Chelsie Mair,"4232 Ashwick Terrace, St. Louis, MO, 63128",Sales,St. Louis,19.9,12/30/1899 12:14:00 PM
Roob Inc,"4028 N Kingshighway Blvd, Saint Louis, MO, 63115",Chelsie Mair,"4232 Ashwick Terrace, St. Louis, MO, 63128",Sales,St. Louis,19.9,12/30/1899 1:26:00 PM
"Boyer, Berge and Lesch","9016 Saint Charles Rock Rd, Saint Louis, MO, 63114",Chelsie Mair,"4232 Ashwick Terrace, St. Louis, MO, 63128",Sales,St. Louis,25.7,12/30/1899 12:23:00 PM
Lemke Inc,"1617 Locust St, Saint Louis, MO, 63103",Darrel Mccoy,"4011 Enright Ave, St. Louis, MO, 63108",Sales,St. Louis,2.4,12/30/1899 1:57:00 PM
Roob Inc,"4028 N Kingshighway Blvd, Saint Louis, MO, 63115",Darrel Mccoy,"4011 Enright Ave, St. Louis, MO, 63108",Sales,St. Louis,3.5,12/30/1899 11:11:00 AM
Moore-Barton,"555 Washington Ave, Suite 510, St. Louis, MO, 63101",Darrel Mccoy,"4011 Enright Ave, St. Louis, MO, 63108",Sales,St. Louis,4.5,12/30/1899 11:04:00 AM
Treutel-Kautzer,"2732 S 13th St, Saint Louis, MO, 63118",Darrel Mccoy,"4011 Enright Ave, St. Louis, MO, 63108",Sales,St. Louis,4.6,12/30/1899 12:44:00 PM
"Yost, Vandervort and Swift","4438 Chippewa St., Saint Louis, MO, 63116",Darrel Mccoy,"4011 Enright Ave, St. Louis, MO, 63108",Sales,St. Louis,4.8,12/30/1899 4:21:00 PM
Friesen and Sons,"707 N 2nd St, Saint Louis, MO, 63102",Darrel Mccoy,"4011 Enright Ave, St. Louis, MO, 63108",Sales,St. Louis,4.8,12/30/1899 5:18:00 PM
Lueilwitz-Rosenbaum,"1928 S Broadway, Saint Louis, MO, 63104",Darrel Mccoy,"4011 Enright Ave, St. Louis, MO, 63108",Sales,St. Louis,5.2,12/30/1899 9:18:00 AM
Trantow LLC,"1416 S Big Bend Blvd, Saint Louis, MO, 63117",Darrel Mccoy,"4011 Enright Ave, St. Louis, MO, 63108",Sales,St. Louis,5.6,12/30/1899 2:13:00 PM
"Carroll, Carroll and Lindgren","15400 S Grand Blvd, Saint Louis, MO, 63111",Darrel Mccoy,"4011 Enright Ave, St. Louis, MO, 63108",Sales,St. Louis,5.7,12/30/1899 5:00:00 PM
Hahn-Zulauf,"6717 Waldemar Ave, Saint Louis, MO, 63139",Darrel Mccoy,"4011 Enright Ave, St. Louis, MO, 63108",Sales,St. Louis,6,12/30/1899 4:43:00 PM
"Jaskolski, Heaney and Smith","5415 Hampton Ave, Saint Louis, MO, 63109",Darrel Mccoy,"4011 Enright Ave, St. Louis, MO, 63108",Sales,St. Louis,6.1,12/30/1899 9:40:00 AM
Ratke Group,"750 Missouri Ave, East Saint Louis, IL, 62201",Darrel Mccoy,"4011 Enright Ave, St. Louis, MO, 63108",Sales,St. Louis,6.3,12/30/1899 10:13:00 AM
Corkery-Marquardt,"7503 Big Bend Blvd, Saint Louis, MO, 63119",Darrel Mccoy,"4011 Enright Ave, St. Louis, MO, 63108",Sales,St. Louis,7.5,12/30/1899 9:56:00 AM
Prosacco-Gerlach,"8224 Manchester Rd Ste 200, Saint Louis, MO, 63144",Darrel Mccoy,"4011 Enright Ave, St. Louis, MO, 63108",Sales,St. Louis,7.6,12/30/1899 8:34:00 AM
MacGyver-Rutherford,"3917 Mississippi Ave, East Saint Louis, IL, 62206",Darrel Mccoy,"4011 Enright Ave, St. Louis, MO, 63108",Sales,St. Louis,7.7,12/30/1899 2:34:00 PM
McGlynn-Gorczany,"1750 State St, East Saint Louis, IL, 62205",Darrel Mccoy,"4011 Enright Ave, St. Louis, MO, 63108",Sales,St. Louis,8.4,12/30/1899 3:20:00 PM
Prohaska-White,"803 Lafayette Ave, Saint Louis, MO, 63119",Darrel Mccoy,"4011 Enright Ave, St. Louis, MO, 63108",Sales,St. Louis,8.7,12/30/1899 3:19:00 PM
"Purdy, Lueilwitz and Simonis","8000 Maryland Ave Ste 1060, Saint Louis, MO, 63105",Darrel Mccoy,"4011 Enright Ave, St. Louis, MO, 63108",Sales,St. Louis,9.4,12/30/1899 8:20:00 AM
"Lemke, Turcotte and Waters","11710 Administration Dr, Saint Louis, MO, 63146",Darrel Mccoy,"4011 Enright Ave, St. Louis, MO, 63108",Sales,St. Louis,11.7,12/30/1899 9:17:00 AM
Howell-Ritchie,"336 Leffingwell Ave, Saint Louis, MO, 63122",Darrel Mccoy,"4011 Enright Ave, St. Louis, MO, 63108",Sales,St. Louis,12,12/30/1899 2:00:00 PM
Koepp and Sons,"10805 Sunset Office Dr Ste 300, Saint Louis, MO, 63127",Darrel Mccoy,"4011 Enright Ave, St. Louis, MO, 63108",Sales,St. Louis,12.5,12/30/1899 8:23:00 AM
Gottlieb-Harvey,"7001 State St, East Saint Louis, IL, 62203",Darrel Mccoy,"4011 Enright Ave, St. Louis, MO, 63108",Sales,St. Louis,12.5,12/30/1899 9:07:00 AM
Gottlieb-Harvey,"7001 State St, East Saint Louis, IL, 62203",Darrel Mccoy,"4011 Enright Ave, St. Louis, MO, 63108",Sales,St. Louis,12.5,12/30/1899 1:00:00 PM
Gottlieb-Harvey,"7001 State St, East Saint Louis, IL, 62203",Darrel Mccoy,"4011 Enright Ave, St. Louis, MO, 63108",Sales,St. Louis,12.5,12/30/1899 2:17:00 PM
Koepp and Sons,"10805 Sunset Office Dr Ste 300, Saint Louis, MO, 63127",Darrel Mccoy,"4011 Enright Ave, St. Louis, MO, 63108",Sales,St. Louis,12.5,12/30/1899 4:59:00 PM
"Hudson, Dickinson and Crooks","117 N Kirkwood Rd Ste 201, Saint Louis, MO, 63122",Darrel Mccoy,"4011 Enright Ave, St. Louis, MO, 63108",Sales,St. Louis,13.9,12/30/1899 8:26:00 AM
Daugherty Inc,"4146 Crescent Dr, Saint Louis, MO, 63129",Darrel Mccoy,"4011 Enright Ave, St. Louis, MO, 63108",Sales,St. Louis,14.7,12/30/1899 1:11:00 PM
Smith-Hessel,"12647 Olive Blvd Ste 120, Saint Louis, MO, 63141",Darrel Mccoy,"4011 Enright Ave, St. Louis, MO, 63108",Sales,St. Louis,16.3,12/30/1899 11:10:00 AM
Kunde Inc,"4631 Lemay Ferry Rd, Saint Louis, MO, 63129",Darrel Mccoy,"4011 Enright Ave, St. Louis, MO, 63108",Sales,St. Louis,16.4,12/30/1899 10:34:00 AM
"Boyer, Berge and Lesch","9016 Saint Charles Rock Rd, Saint Louis, MO, 63114",Elyas Holloway,"5100 Wallingford Dr, St. Louis, MO, 63121",Sales,St. Louis,4.6,12/30/1899 11:24:00 AM
Stracke and Sons,"3901 Union Blvd, Saint Louis, MO, 63115",Elyas Holloway,"5100 Wallingford Dr, St. Louis, MO, 63121",Sales,St. Louis,5.6,12/30/1899 1:13:00 PM
"Kris, Runolfsson and Becker","87 Brentwood Promenade Ct, Saint Louis, MO, 63144",Elyas Holloway,"5100 Wallingford Dr, St. Louis, MO, 63121",Sales,St. Louis,10,12/30/1899 12:35:00 PM
"Gusikowski, Green and Hills","10920 Schuetz Rd Ste. 4, Saint Louis, MO, 63146",Elyas Holloway,"5100 Wallingford Dr, St. Louis, MO, 63121",Sales,St. Louis,10.1,12/30/1899 8:39:00 AM
Bernhard and Sons,"1015a N Grand Blvd, Saint Louis, MO, 63106",Elyas Holloway,"5100 Wallingford Dr, St. Louis, MO, 63121",Sales,St. Louis,10.4,12/30/1899 4:21:00 PM
Mosciski Inc,"1334 Strassner Dr, Saint Louis, MO, 63144",Elyas Holloway,"5100 Wallingford Dr, St. Louis, MO, 63121",Sales,St. Louis,10.5,12/30/1899 9:01:00 AM
Trantow LLC,"1416 S Big Bend Blvd, Saint Louis, MO, 63117",Elyas Holloway,"5100 Wallingford Dr, St. Louis, MO, 63121",Sales,St. Louis,10.9,12/30/1899 4:23:00 PM
Friesen and Sons,"707 N 2nd St, Saint Louis, MO, 63102",Elyas Holloway,"5100 Wallingford Dr, St. Louis, MO, 63121",Sales,St. Louis,11.1,12/30/1899 11:35:00 AM
Schumm Group,"801 N 2nd St, Saint Louis, MO, 63102",Elyas Holloway,"5100 Wallingford Dr, St. Louis, MO, 63121",Sales,St. Louis,11.1,12/30/1899 3:23:00 PM
Moore-Barton,"555 Washington Ave, Suite 510, St. Louis, MO, 63101",Elyas Holloway,"5100 Wallingford Dr, St. Louis, MO, 63121",Sales,St. Louis,11.1,12/30/1899 5:23:00 PM
Bernier-Sanford,"2315 Pine St, Saint Louis, MO, 63103",Elyas Holloway,"5100 Wallingford Dr, St. Louis, MO, 63121",Sales,St. Louis,11.3,12/30/1899 2:50:00 PM
DuBuque Inc,"906 Olive St Ste 540, Saint Louis, MO, 63101",Elyas Holloway,"5100 Wallingford Dr, St. Louis, MO, 63121",Sales,St. Louis,11.5,12/30/1899 2:46:00 PM
Welch-Oberbrunner,"100 S 4th St, Saint Louis, MO, 63102",Elyas Holloway,"5100 Wallingford Dr, St. Louis, MO, 63121",Sales,St. Louis,11.5,12/30/1899 4:10:00 PM
Weimann Inc,"911 Locust St Apt 103, Saint Louis, MO, 63101",Elyas Holloway,"5100 Wallingford Dr, St. Louis, MO, 63121",Sales,St. Louis,11.7,12/30/1899 8:35:00 AM
Steuber-Rippin,"701 Market St Ste 1100, Saint Louis, MO, 63101",Elyas Holloway,"5100 Wallingford Dr, St. Louis, MO, 63121",Sales,St. Louis,11.7,12/30/1899 11:45:00 AM
Bartoletti-Schulist,"34 N Gore Ave, Saint Louis, MO, 63119",Elyas Holloway,"5100 Wallingford Dr, St. Louis, MO, 63121",Sales,St. Louis,12.3,12/30/1899 12:42:00 PM
Kunze-Becker,"2020 S 12th St, Saint Louis, MO, 63104",Elyas Holloway,"5100 Wallingford Dr, St. Louis, MO, 63121",Sales,St. Louis,13.1,12/30/1899 8:34:00 AM
Kunze-Becker,"2020 S 12th St, Saint Louis, MO, 63104",Elyas Holloway,"5100 Wallingford Dr, St. Louis, MO, 63121",Sales,St. Louis,13.1,12/30/1899 1:36:00 PM
"Kemmer, Daugherty and Shanahan","327 Missouri Ave, East Saint Louis, IL, 62201",Elyas Holloway,"5100 Wallingford Dr, St. Louis, MO, 63121",Sales,St. Louis,13.7,12/30/1899 5:06:00 PM
"Streich, Schultz and DuBuque","8050 Watson Rd, Saint Louis, MO, 63119",Elyas Holloway,"5100 Wallingford Dr, St. Louis, MO, 63121",Sales,St. Louis,14.5,12/30/1899 9:30:00 AM
"Gottlieb, Schaden and Wehner","2204 State St, East Saint Louis, IL, 62205",Elyas Holloway,"5100 Wallingford Dr, St. Louis, MO, 63121",Sales,St. Louis,14.6,12/30/1899 11:40:00 AM
"Gottlieb, Schaden and Wehner","2204 State St, East Saint Louis, IL, 62205",Elyas Holloway,"5100 Wallingford Dr, St. Louis, MO, 63121",Sales,St. Louis,14.6,12/30/1899 5:35:00 PM
Morar-Torphy,"699 State Route 203, East Saint Louis, IL, 62201",Elyas Holloway,"5100 Wallingford Dr, St. Louis, MO, 63121",Sales,St. Louis,14.7,12/30/1899 11:11:00 AM
Maggio Group,"2311 Cherokee St, Saint Louis, MO, 63118",Elyas Holloway,"5100 Wallingford Dr, St. Louis, MO, 63121",Sales,St. Louis,15,12/30/1899 2:24:00 PM
"Rath, Bauch and O'Keefe","9109 Watson Rd Ste 100, Saint Louis, MO, 63126",Elyas Holloway,"5100 Wallingford Dr, St. Louis, MO, 63121",Sales,St. Louis,15.1,12/30/1899 8:24:00 AM
Koepp-Blanda,"8719 Brookview Dr, Saint Louis, MO, 63126",Elyas Holloway,"5100 Wallingford Dr, St. Louis, MO, 63121",Sales,St. Louis,15.1,12/30/1899 1:09:00 PM
Schaden-Walker,"9109 Watson Rd, Saint Louis, MO, 63126",Elyas Holloway,"5100 Wallingford Dr, St. Louis, MO, 63121",Sales,St. Louis,15.1,12/30/1899 3:44:00 PM
Kerluke LLC,"3915 Mississippi Ave, East Saint Louis, IL, 62206",Elyas Holloway,"5100 Wallingford Dr, St. Louis, MO, 63121",Sales,St. Louis,15.4,12/30/1899 12:47:00 PM
Howell-Ritchie,"336 Leffingwell Ave, Saint Louis, MO, 63122",Elyas Holloway,"5100 Wallingford Dr, St. Louis, MO, 63121",Sales,St. Louis,15.6,12/30/1899 9:58:00 AM
Howell-Ritchie,"336 Leffingwell Ave, Saint Louis, MO, 63122",Elyas Holloway,"5100 Wallingford Dr, St. Louis, MO, 63121",Sales,St. Louis,15.6,12/30/1899 1:03:00 PM
"Rolfson, McCullough and Ullrich","3808 Cookson Rd, East Saint Louis, IL, 62201",Elyas Holloway,"5100 Wallingford Dr, St. Louis, MO, 63121",Sales,St. Louis,15.7,12/30/1899 1:34:00 PM
"Rolfson, McCullough and Ullrich","3808 Cookson Rd, East Saint Louis, IL, 62201",Elyas Holloway,"5100 Wallingford Dr, St. Louis, MO, 63121",Sales,St. Louis,15.7,12/30/1899 3:31:00 PM
Altenwerth-Conroy,"3234 Vector Dr, East Saint Louis, IL, 62206",Elyas Holloway,"5100 Wallingford Dr, St. Louis, MO, 63121",Sales,St. Louis,16,12/30/1899 1:42:00 PM
Sawayn-Hettinger,"1672 Sauget Industrial Pkwy, East Saint Louis, IL, 62206",Elyas Holloway,"5100 Wallingford Dr, St. Louis, MO, 63121",Sales,St. Louis,16.3,12/30/1899 10:20:00 AM
Mante LLC,"4601 State St Ste 220a, East Saint Louis, IL, 62205",Elyas Holloway,"5100 Wallingford Dr, St. Louis, MO, 63121",Sales,St. Louis,16.3,12/30/1899 11:38:00 AM
Sawayn-Hettinger,"1672 Sauget Industrial Pkwy, East Saint Louis, IL, 62206",Elyas Holloway,"5100 Wallingford Dr, St. Louis, MO, 63121",Sales,St. Louis,16.3,12/30/1899 4:39:00 PM
"Hudson, Dickinson and Crooks","117 N Kirkwood Rd Ste 201, Saint Louis, MO, 63122",Elyas Holloway,"5100 Wallingford Dr, St. Louis, MO, 63121",Sales,St. Louis,16.6,12/30/1899 8:07:00 AM
Kris and Sons,"414 Range Ln, East Saint Louis, IL, 62206",Elyas Holloway,"5100 Wallingford Dr, St. Louis, MO, 63121",Sales,St. Louis,16.7,12/30/1899 11:08:00 AM
Kris and Sons,"414 Range Ln, East Saint Louis, IL, 62206",Elyas Holloway,"5100 Wallingford Dr, St. Louis, MO, 63121",Sales,St. Louis,16.7,12/30/1899 11:52:00 AM
"Monahan, Eichmann and Kuhn","5413 Sterling AVE, East Saint Louis, IL, 62207",Elyas Holloway,"5100 Wallingford Dr, St. Louis, MO, 63121",Sales,St. Louis,17.4,12/30/1899 9:53:00 AM
Bednar-Leannon,"640 N 61st St, East Saint Louis, IL, 62203",Elyas Holloway,"5100 Wallingford Dr, St. Louis, MO, 63121",Sales,St. Louis,17.8,12/30/1899 4:43:00 PM
McKenzie-Tremblay,"105 Concord Plaza Shopping Ctr Ste 211, Saint Louis, MO, 63128",Elyas Holloway,"5100 Wallingford Dr, St. Louis, MO, 63121",Sales,St. Louis,18.1,12/30/1899 12:19:00 PM
Koepp and Sons,"10805 Sunset Office Dr Ste 300, Saint Louis, MO, 63127",Elyas Holloway,"5100 Wallingford Dr, St. Louis, MO, 63121",Sales,St. Louis,23.2,12/30/1899 1:35:00 PM
"Klein, Anderson and Larkin","11012 Lin Valle Dr, Saint Louis, MO, 63123",Jasmin Stevens,"9540 Herpel Dr, St. Louis, MO, 63123",Sales,St. Louis,1.3,12/30/1899 3:42:00 PM
"Bauch, Koelpin and Hegmann","25 Ronnies Plz, Saint Louis, MO, 63126",Jasmin Stevens,"9540 Herpel Dr, St. Louis, MO, 63123",Sales,St. Louis,1.7,12/30/1899 10:38:00 AM
Sawayn-Schamberger,"11404 Gravois Rd, Saint Louis, MO, 63126",Jasmin Stevens,"9540 Herpel Dr, St. Louis, MO, 63123",Sales,St. Louis,3.3,12/30/1899 10:19:00 AM
Schaden-Walker,"9109 Watson Rd, Saint Louis, MO, 63126",Jasmin Stevens,"9540 Herpel Dr, St. Louis, MO, 63123",Sales,St. Louis,5.2,12/30/1899 1:34:00 PM
Shanahan-Windler,"6440 Chippewa St, Saint Louis, MO, 63109",Jasmin Stevens,"9540 Herpel Dr, St. Louis, MO, 63123",Sales,St. Louis,6.8,12/30/1899 9:43:00 AM
Boyer-Macejkovic,"10725 Manchester Rd, Saint Louis, MO, 63122",Jasmin Stevens,"9540 Herpel Dr, St. Louis, MO, 63123",Sales,St. Louis,8.1,12/30/1899 4:51:00 PM
"Watsica, Gislason and Hirthe","1337 Strassner Dr, Saint Louis, MO, 63144",Jasmin Stevens,"9540 Herpel Dr, St. Louis, MO, 63123",Sales,St. Louis,8.3,12/30/1899 12:57:00 PM
"Lynch, Mayert and Mante","8812 Madge Ave, Saint Louis, MO, 63144",Jasmin Stevens,"9540 Herpel Dr, St. Louis, MO, 63123",Sales,St. Louis,8.5,12/30/1899 5:50:00 PM
"Rice, Lemke and McCullough","3444 S Jefferson Ave, Saint Louis, MO, 63118",Jasmin Stevens,"9540 Herpel Dr, St. Louis, MO, 63123",Sales,St. Louis,9.7,12/30/1899 3:43:00 PM
Kutch Inc,"5044 lindenwood ave, Saint Louis, MO, 63109",Jasmin Stevens,"9540 Herpel Dr, St. Louis, MO, 63123",Sales,St. Louis,9.8,12/30/1899 10:05:00 AM
Kozey Group,"7777 Bonhomme Ave Ste 1910, Saint Louis, MO, 63105",Jasmin Stevens,"9540 Herpel Dr, St. Louis, MO, 63123",Sales,St. Louis,10,12/30/1899 1:50:00 PM
"Hartmann, Heller and Hackett","11 Ohio St, East Saint Louis, IL, 62201",Jasmin Stevens,"9540 Herpel Dr, St. Louis, MO, 63123",Sales,St. Louis,11.1,12/30/1899 10:03:00 AM
"Hartmann, Heller and Hackett","11 Ohio St, East Saint Louis, IL, 62201",Jasmin Stevens,"9540 Herpel Dr, St. Louis, MO, 63123",Sales,St. Louis,11.1,12/30/1899 4:00:00 PM
Feil-Braun,"712 N 2nd St, Saint Louis, MO, 63102",Jasmin Stevens,"9540 Herpel Dr, St. Louis, MO, 63123",Sales,St. Louis,13.8,12/30/1899 11:48:00 AM
Friesen and Sons,"707 N 2nd St, Saint Louis, MO, 63102",Jasmin Stevens,"9540 Herpel Dr, St. Louis, MO, 63123",Sales,St. Louis,13.8,12/30/1899 4:09:00 PM
Kris and Sons,"414 Range Ln, East Saint Louis, IL, 62206",Jasmin Stevens,"9540 Herpel Dr, St. Louis, MO, 63123",Sales,St. Louis,15.9,12/30/1899 10:46:00 AM
"Wolf, Lindgren and Zemlak","5501 Pershing Ave, Saint Louis, MO, 63112",Jasmin Stevens,"9540 Herpel Dr, St. Louis, MO, 63123",Sales,St. Louis,17,12/30/1899 2:17:00 PM
Kreiger-Kuphal,"5600 Delmar Blvd, Saint Louis, MO, 63112",Jasmin Stevens,"9540 Herpel Dr, St. Louis, MO, 63123",Sales,St. Louis,17.6,12/30/1899 1:08:00 PM
"Kohler, Pfannerstill and Parisian","4772 Tudor Ave, East Saint Louis, IL, 62207",Jasmin Stevens,"9540 Herpel Dr, St. Louis, MO, 63123",Sales,St. Louis,18,12/30/1899 9:33:00 AM
"Gusikowski, Green and Hills","10920 Schuetz Rd Ste. 4, Saint Louis, MO, 63146",Jasmin Stevens,"9540 Herpel Dr, St. Louis, MO, 63123",Sales,St. Louis,18.7,12/30/1899 4:13:00 PM
"Schultz, Kuhlman and Romaguera","8213 State St, East Saint Louis, IL, 62203",Jasmin Stevens,"9540 Herpel Dr, St. Louis, MO, 63123",Sales,St. Louis,21.6,12/30/1899 9:58:00 AM
Mills Group,"101 S Hanley Rd Ste 1350, Saint Louis, MO, 63105",Jasmine Ferrell,"1400 Faris Ave, University City, MO, 63130",Sales,St. Louis,2.7,12/30/1899 9:46:00 AM
Wuckert Group,"1 Brookings Dr, Saint Louis, MO, 63130",Jasmine Ferrell,"1400 Faris Ave, University City, MO, 63130",Sales,St. Louis,3,12/30/1899 2:18:00 PM
"Wilkinson, Bogan and Buckridge","9648 Olive Blvd, Saint Louis, MO, 63132",Jasmine Ferrell,"1400 Faris Ave, University City, MO, 63130",Sales,St. Louis,3.9,12/30/1899 8:14:00 AM
Stracke and Sons,"3901 Union Blvd, Saint Louis, MO, 63115",Jasmine Ferrell,"1400 Faris Ave, University City, MO, 63130",Sales,St. Louis,4.7,12/30/1899 8:20:00 AM
Stracke and Sons,"3901 Union Blvd, Saint Louis, MO, 63115",Jasmine Ferrell,"1400 Faris Ave, University City, MO, 63130",Sales,St. Louis,4.7,12/30/1899 11:04:00 AM
Klein LLC,"7120 Manchester Ave, Saint Louis, MO, 63143",Jasmine Ferrell,"1400 Faris Ave, University City, MO, 63130",Sales,St. Louis,5.2,12/30/1899 9:54:00 AM
Lemke Inc,"1617 Locust St, Saint Louis, MO, 63103",Jasmine Ferrell,"1400 Faris Ave, University City, MO, 63130",Sales,St. Louis,7.7,12/30/1899 12:08:00 PM
Keebler-Emard,"1518 Washington Ave Ste 102, Saint Louis, MO, 63103",Jasmine Ferrell,"1400 Faris Ave, University City, MO, 63130",Sales,St. Louis,7.7,12/30/1899 3:03:00 PM
"Zieme, Zulauf and Gaylord","2168 Chambers Rd, Saint Louis, MO, 63136",Jasmine Ferrell,"1400 Faris Ave, University City, MO, 63130",Sales,St. Louis,8.2,12/30/1899 9:20:00 AM
"Zieme, Zulauf and Gaylord","2168 Chambers Rd, Saint Louis, MO, 63136",Jasmine Ferrell,"1400 Faris Ave, University City, MO, 63130",Sales,St. Louis,8.2,12/30/1899 3:49:00 PM
Rath-Friesen,"911 Washington Avenue Suite 501, Saint Louis, MO, 63101",Jasmine Ferrell,"1400 Faris Ave, University City, MO, 63130",Sales,St. Louis,8.2,12/30/1899 4:46:00 PM
Brown-Mohr,"7400 Watson Rd, Saint Louis, MO, 63119",Jasmine Ferrell,"1400 Faris Ave, University City, MO, 63130",Sales,St. Louis,9,12/30/1899 12:28:00 PM
"Bauch, Kreiger and Dickens","900 Spruce St, Saint Louis, MO, 63102",Jasmine Ferrell,"1400 Faris Ave, University City, MO, 63130",Sales,St. Louis,10.1,12/30/1899 9:16:00 AM
"Rath, Bauch and O'Keefe","9109 Watson Rd Ste 100, Saint Louis, MO, 63126",Jasmine Ferrell,"1400 Faris Ave, University City, MO, 63130",Sales,St. Louis,10.2,12/30/1899 3:39:00 PM
"Rath, Bauch and O'Keefe","9109 Watson Rd Ste 100, Saint Louis, MO, 63126",Jasmine Ferrell,"1400 Faris Ave, University City, MO, 63130",Sales,St. Louis,10.2,12/30/1899 4:31:00 PM
Cronin-Schuppe,"211 N Broadway Ste 2060, Saint Louis, MO, 63102",Jasmine Ferrell,"1400 Faris Ave, University City, MO, 63130",Sales,St. Louis,10.6,12/30/1899 11:21:00 AM
Pacocha Inc,"211 N Broadway Ste 600, Saint Louis, MO, 63102",Jasmine Ferrell,"1400 Faris Ave, University City, MO, 63130",Sales,St. Louis,10.6,12/30/1899 4:13:00 PM
"Jenkins, Pollich and Cartwright","515 Olive St Ste 702, Saint Louis, MO, 63101",Jasmine Ferrell,"1400 Faris Ave, University City, MO, 63130",Sales,St. Louis,10.7,12/30/1899 9:23:00 AM
Treutel-Kautzer,"2732 S 13th St, Saint Louis, MO, 63118",Jasmine Ferrell,"1400 Faris Ave, University City, MO, 63130",Sales,St. Louis,10.9,12/30/1899 9:45:00 AM
McKenzie-Tremblay,"105 Concord Plaza Shopping Ctr Ste 211, Saint Louis, MO, 63128",Jasmine Ferrell,"1400 Faris Ave, University City, MO, 63130",Sales,St. Louis,12,12/30/1899 8:10:00 AM
"Okuneva, Walsh and Olson","345 Missouri Ave, East Saint Louis, IL, 62201",Jasmine Ferrell,"1400 Faris Ave, University City, MO, 63130",Sales,St. Louis,12.3,12/30/1899 11:53:00 AM
Prosacco-Armstrong,"110 N Main St, East Saint Louis, IL, 62201",Jasmine Ferrell,"1400 Faris Ave, University City, MO, 63130",Sales,St. Louis,12.4,12/30/1899 8:03:00 AM
Boyer-Macejkovic,"10725 Manchester Rd, Saint Louis, MO, 63122",Jasmine Ferrell,"1400 Faris Ave, University City, MO, 63130",Sales,St. Louis,12.4,12/30/1899 9:06:00 AM
"Klocko, Cormier and Green","412 Missouri Ave, East Saint Louis, IL, 62201",Jasmine Ferrell,"1400 Faris Ave, University City, MO, 63130",Sales,St. Louis,12.4,12/30/1899 1:16:00 PM
Ratke Group,"750 Missouri Ave, East Saint Louis, IL, 62201",Jasmine Ferrell,"1400 Faris Ave, University City, MO, 63130",Sales,St. Louis,12.7,12/30/1899 12:24:00 PM
Kerluke LLC,"3915 Mississippi Ave, East Saint Louis, IL, 62206",Jasmine Ferrell,"1400 Faris Ave, University City, MO, 63130",Sales,St. Louis,14,12/30/1899 1:33:00 PM
Stamm-Hahn,"1535 S 8th St, Saint Louis, MO, 63104",Jasmine Ferrell,"1400 Faris Ave, University City, MO, 63130",Sales,St. Louis,14,12/30/1899 5:38:00 PM
"Champlin, Ebert and Brekke","813 Upper Cahokia Rd, East Saint Louis, IL, 62206",Jasmine Ferrell,"1400 Faris Ave, University City, MO, 63130",Sales,St. Louis,14.3,12/30/1899 11:44:00 AM
"Champlin, Ebert and Brekke","813 Upper Cahokia Rd, East Saint Louis, IL, 62206",Jasmine Ferrell,"1400 Faris Ave, University City, MO, 63130",Sales,St. Louis,14.3,12/30/1899 2:28:00 PM
Lueilwitz-Rosenbaum,"1928 S Broadway, Saint Louis, MO, 63104",Jasmine Ferrell,"1400 Faris Ave, University City, MO, 63130",Sales,St. Louis,14.4,12/30/1899 5:16:00 PM
Kerluke-Hackett,"12430 Tesson Ferry Road, Saint Louis, MO, 63128",Jasmine Ferrell,"1400 Faris Ave, University City, MO, 63130",Sales,St. Louis,23.1,12/30/1899 8:49:00 AM
Kerluke-Hackett,"12430 Tesson Ferry Road, Saint Louis, MO, 63128",Jasmine Ferrell,"1400 Faris Ave, University City, MO, 63130",Sales,St. Louis,23.1,12/30/1899 3:57:00 PM
"Zieme, Zulauf and Gaylord","2168 Chambers Rd, Saint Louis, MO, 63136",Jenson Pennington,"121 Woodstock Rd, Ferguson, MO, 63135",Sales,St. Louis,3.9,12/30/1899 4:58:00 PM
Lang LLC,"10000 Page Ave, Saint Louis, MO, 63132",Jenson Pennington,"121 Woodstock Rd, Ferguson, MO, 63135",Sales,St. Louis,7.2,12/30/1899 8:15:00 AM
"Wilkinson, Bogan and Buckridge","9648 Olive Blvd, Saint Louis, MO, 63132",Jenson Pennington,"121 Woodstock Rd, Ferguson, MO, 63135",Sales,St. Louis,8.1,12/30/1899 10:55:00 AM
"Purdy, Lueilwitz and Simonis","8000 Maryland Ave Ste 1060, Saint Louis, MO, 63105",Jenson Pennington,"121 Woodstock Rd, Ferguson, MO, 63135",Sales,St. Louis,9,12/30/1899 4:57:00 PM
Waters LLC,"802 N 1st St, Saint Louis, MO, 63102",Jenson Pennington,"121 Woodstock Rd, Ferguson, MO, 63135",Sales,St. Louis,11,12/30/1899 4:42:00 PM
Moore-Barton,"555 Washington Ave, Suite 510, St. Louis, MO, 63101",Jenson Pennington,"121 Woodstock Rd, Ferguson, MO, 63135",Sales,St. Louis,11.1,12/30/1899 3:31:00 PM
"Bernhard, Bechtelar and Shanahan","911 Washington Ave, Saint Louis, MO, 63101",Jenson Pennington,"121 Woodstock Rd, Ferguson, MO, 63135",Sales,St. Louis,11.3,12/30/1899 11:49:00 AM
Steuber-Rippin,"701 Market St Ste 1100, Saint Louis, MO, 63101",Jenson Pennington,"121 Woodstock Rd, Ferguson, MO, 63135",Sales,St. Louis,11.6,12/30/1899 1:29:00 PM
Shields Inc,"3146 Locust St Ste. 200, Saint Louis, MO, 63103",Jenson Pennington,"121 Woodstock Rd, Ferguson, MO, 63135",Sales,St. Louis,11.7,12/30/1899 9:25:00 AM
Lemke Inc,"1617 Locust St, Saint Louis, MO, 63103",Jenson Pennington,"121 Woodstock Rd, Ferguson, MO, 63135",Sales,St. Louis,11.8,12/30/1899 12:12:00 PM
Lemke Inc,"1617 Locust St, Saint Louis, MO, 63103",Jenson Pennington,"121 Woodstock Rd, Ferguson, MO, 63135",Sales,St. Louis,11.8,12/30/1899 3:31:00 PM
"Spencer, Dickinson and Lakin","904 S 4th St, Saint Louis, MO, 63102",Jenson Pennington,"121 Woodstock Rd, Ferguson, MO, 63135",Sales,St. Louis,11.9,12/30/1899 8:03:00 AM
"Spencer, Dickinson and Lakin","904 S 4th St, Saint Louis, MO, 63102",Jenson Pennington,"121 Woodstock Rd, Ferguson, MO, 63135",Sales,St. Louis,11.9,12/30/1899 9:01:00 AM
Klein LLC,"7120 Manchester Ave, Saint Louis, MO, 63143",Jenson Pennington,"121 Woodstock Rd, Ferguson, MO, 63135",Sales,St. Louis,13,12/30/1899 12:21:00 PM
"McClure, Bode and Torphy","1327 Hampton Ave, Saint Louis, MO, 63139",Jenson Pennington,"121 Woodstock Rd, Ferguson, MO, 63135",Sales,St. Louis,13.5,12/30/1899 9:41:00 AM
"Bauch, Kreiger and Dickens","900 Spruce St, Saint Louis, MO, 63102",Jenson Pennington,"121 Woodstock Rd, Ferguson, MO, 63135",Sales,St. Louis,13.5,12/30/1899 3:25:00 PM
Prosacco-Armstrong,"110 N Main St, East Saint Louis, IL, 62201",Jenson Pennington,"121 Woodstock Rd, Ferguson, MO, 63135",Sales,St. Louis,13.7,12/30/1899 11:27:00 AM
Wisoky LLC,"212 Collinsville Ave, East Saint Louis, IL, 62201",Jenson Pennington,"121 Woodstock Rd, Ferguson, MO, 63135",Sales,St. Louis,13.7,12/30/1899 12:02:00 PM
Treutel-Kautzer,"2732 S 13th St, Saint Louis, MO, 63118",Jenson Pennington,"121 Woodstock Rd, Ferguson, MO, 63135",Sales,St. Louis,13.7,12/30/1899 4:12:00 PM
Ferry-Schamberger,"2644 Saint Vincent Ave, Saint Louis, MO, 63104",Jenson Pennington,"121 Woodstock Rd, Ferguson, MO, 63135",Sales,St. Louis,14.6,12/30/1899 12:25:00 PM
Lemke-Stracke,"2355 Hampton Ave, Saint Louis, MO, 63139",Jenson Pennington,"121 Woodstock Rd, Ferguson, MO, 63135",Sales,St. Louis,14.6,12/30/1899 4:30:00 PM
"Hartmann, Heller and Hackett","11 Ohio St, East Saint Louis, IL, 62201",Jenson Pennington,"121 Woodstock Rd, Ferguson, MO, 63135",Sales,St. Louis,14.8,12/30/1899 12:15:00 PM
"Rice, Lemke and McCullough","3444 S Jefferson Ave, Saint Louis, MO, 63118",Jenson Pennington,"121 Woodstock Rd, Ferguson, MO, 63135",Sales,St. Louis,15,12/30/1899 8:44:00 AM
"Streich, Schultz and DuBuque","8050 Watson Rd, Saint Louis, MO, 63119",Jenson Pennington,"121 Woodstock Rd, Ferguson, MO, 63135",Sales,St. Louis,15,12/30/1899 10:35:00 AM
Schaden-Walker,"9109 Watson Rd, Saint Louis, MO, 63126",Jenson Pennington,"121 Woodstock Rd, Ferguson, MO, 63135",Sales,St. Louis,15.6,12/30/1899 11:02:00 AM
Brown-Mohr,"7400 Watson Rd, Saint Louis, MO, 63119",Jenson Pennington,"121 Woodstock Rd, Ferguson, MO, 63135",Sales,St. Louis,15.6,12/30/1899 1:58:00 PM
"Jaskolski, Heaney and Smith","5415 Hampton Ave, Saint Louis, MO, 63109",Jenson Pennington,"121 Woodstock Rd, Ferguson, MO, 63135",Sales,St. Louis,16.7,12/30/1899 2:30:00 PM
"Sanford, Runolfsdottir and Oberbrunner","1110 Camp Jackson Rd, East Saint Louis, IL, 62206",Jenson Pennington,"121 Woodstock Rd, Ferguson, MO, 63135",Sales,St. Louis,16.9,12/30/1899 8:50:00 AM
"Ondricka, Murray and Maggio","8645 S Broadway, Saint Louis, MO, 63111",Jenson Pennington,"121 Woodstock Rd, Ferguson, MO, 63135",Sales,St. Louis,19.8,12/30/1899 4:43:00 PM
"Ondricka, Murray and Maggio","8645 S Broadway, Saint Louis, MO, 63111",Jenson Pennington,"121 Woodstock Rd, Ferguson, MO, 63135",Sales,St. Louis,19.8,12/30/1899 5:56:00 PM
Koepp and Sons,"10805 Sunset Office Dr Ste 300, Saint Louis, MO, 63127",Jenson Pennington,"121 Woodstock Rd, Ferguson, MO, 63135",Sales,St. Louis,23.7,12/30/1899 10:03:00 AM
Kunze-Becker,"2020 S 12th St, Saint Louis, MO, 63104",Jermaine Noel,"3136 St Vincent Ave, St. Louis, MO, 63104",Sales,St. Louis,1.8,12/30/1899 2:06:00 PM
"Bauch, Kreiger and Dickens","900 Spruce St, Saint Louis, MO, 63102",Jermaine Noel,"3136 St Vincent Ave, St. Louis, MO, 63104",Sales,St. Louis,3.2,12/30/1899 12:12:00 PM
"Yost, Vandervort and Swift","4438 Chippewa St., Saint Louis, MO, 63116",Jermaine Noel,"3136 St Vincent Ave, St. Louis, MO, 63104",Sales,St. Louis,3.4,12/30/1899 4:45:00 PM
Ebert-Larkin,"211 N Broadway, Saint Louis, MO, 63102",Jermaine Noel,"3136 St Vincent Ave, St. Louis, MO, 63104",Sales,St. Louis,3.7,12/30/1899 1:39:00 PM
Cronin-Schuppe,"211 N Broadway Ste 2060, Saint Louis, MO, 63102",Jermaine Noel,"3136 St Vincent Ave, St. Louis, MO, 63104",Sales,St. Louis,3.7,12/30/1899 1:53:00 PM
Moore-Barton,"555 Washington Ave, Suite 510, St. Louis, MO, 63101",Jermaine Noel,"3136 St Vincent Ave, St. Louis, MO, 63104",Sales,St. Louis,3.9,12/30/1899 4:59:00 PM
Friesen and Sons,"707 N 2nd St, Saint Louis, MO, 63102",Jermaine Noel,"3136 St Vincent Ave, St. Louis, MO, 63104",Sales,St. Louis,4,12/30/1899 12:52:00 PM
Goldner-Lind,"710 N 2nd St Ste 200s, Saint Louis, MO, 63102",Jermaine Noel,"3136 St Vincent Ave, St. Louis, MO, 63104",Sales,St. Louis,4,12/30/1899 2:27:00 PM
Friesen and Sons,"707 N 2nd St, Saint Louis, MO, 63102",Jermaine Noel,"3136 St Vincent Ave, St. Louis, MO, 63104",Sales,St. Louis,4,12/30/1899 4:51:00 PM
Kutch Inc,"5044 lindenwood ave, Saint Louis, MO, 63109",Jermaine Noel,"3136 St Vincent Ave, St. Louis, MO, 63104",Sales,St. Louis,4.1,12/30/1899 9:09:00 AM
"Bernhard, Bechtelar and Shanahan","911 Washington Ave, Saint Louis, MO, 63101",Jermaine Noel,"3136 St Vincent Ave, St. Louis, MO, 63104",Sales,St. Louis,4.2,12/30/1899 12:53:00 PM
Kautzer Inc,"600 Martin Luther King Dr, East Saint Louis, IL, 62201",Jermaine Noel,"3136 St Vincent Ave, St. Louis, MO, 63104",Sales,St. Louis,5.6,12/30/1899 8:25:00 AM
Russel-Renner,"10 Archview Dr, East Saint Louis, IL, 62206",Jermaine Noel,"3136 St Vincent Ave, St. Louis, MO, 63104",Sales,St. Louis,7.6,12/30/1899 3:22:00 PM
"Kris, Runolfsson and Becker","87 Brentwood Promenade Ct, Saint Louis, MO, 63144",Jermaine Noel,"3136 St Vincent Ave, St. Louis, MO, 63104",Sales,St. Louis,7.8,12/30/1899 9:00:00 AM
Prohaska-White,"803 Lafayette Ave, Saint Louis, MO, 63119",Jermaine Noel,"3136 St Vincent Ave, St. Louis, MO, 63104",Sales,St. Louis,8,12/30/1899 12:26:00 PM
Bosco Inc,"292 East Ave, Saint Louis, MO, 63119",Jermaine Noel,"3136 St Vincent Ave, St. Louis, MO, 63104",Sales,St. Louis,8,12/30/1899 12:55:00 PM
Bosco Inc,"292 East Ave, Saint Louis, MO, 63119",Jermaine Noel,"3136 St Vincent Ave, St. Louis, MO, 63104",Sales,St. Louis,8,12/30/1899 4:53:00 PM
Huel and Sons,"604 N 25th St, East Saint Louis, IL, 62205",Jermaine Noel,"3136 St Vincent Ave, St. Louis, MO, 63104",Sales,St. Louis,8.2,12/30/1899 11:08:00 AM
Prosacco-Gerlach,"8224 Manchester Rd Ste 200, Saint Louis, MO, 63144",Jermaine Noel,"3136 St Vincent Ave, St. Louis, MO, 63104",Sales,St. Louis,8.2,12/30/1899 3:44:00 PM
McLaughlin-Hirthe,"2701 State St, East Saint Louis, IL, 62205",Jermaine Noel,"3136 St Vincent Ave, St. Louis, MO, 63104",Sales,St. Louis,8.3,12/30/1899 4:00:00 PM
Wyman Group,"1254 Camp Jackson Rd, East Saint Louis, IL, 62206",Jermaine Noel,"3136 St Vincent Ave, St. Louis, MO, 63104",Sales,St. Louis,8.6,12/30/1899 3:16:00 PM
"Lynch, Mayert and Mante","8812 Madge Ave, Saint Louis, MO, 63144",Jermaine Noel,"3136 St Vincent Ave, St. Louis, MO, 63104",Sales,St. Louis,8.7,12/30/1899 3:51:00 PM
"Rolfson, McCullough and Ullrich","3808 Cookson Rd, East Saint Louis, IL, 62201",Jermaine Noel,"3136 St Vincent Ave, St. Louis, MO, 63104",Sales,St. Louis,9.1,12/30/1899 8:10:00 AM
"Purdy, Lueilwitz and Simonis","8000 Maryland Ave Ste 1060, Saint Louis, MO, 63105",Jermaine Noel,"3136 St Vincent Ave, St. Louis, MO, 63104",Sales,St. Louis,10,12/30/1899 11:01:00 AM
"Rath, Bauch and O'Keefe","9109 Watson Rd Ste 100, Saint Louis, MO, 63126",Jermaine Noel,"3136 St Vincent Ave, St. Louis, MO, 63104",Sales,St. Louis,10.1,12/30/1899 2:32:00 PM
Stracke and Sons,"3901 Union Blvd, Saint Louis, MO, 63115",Jermaine Noel,"3136 St Vincent Ave, St. Louis, MO, 63104",Sales,St. Louis,10.6,12/30/1899 3:43:00 PM
Howell-Ritchie,"336 Leffingwell Ave, Saint Louis, MO, 63122",Jermaine Noel,"3136 St Vincent Ave, St. Louis, MO, 63104",Sales,St. Louis,11.3,12/30/1899 11:57:00 AM
Wolf Group,"1033 Corporate Square Dr, Saint Louis, MO, 63132",Jermaine Noel,"3136 St Vincent Ave, St. Louis, MO, 63104",Sales,St. Louis,13,12/30/1899 3:45:00 PM
"Zieme, Zulauf and Gaylord","2168 Chambers Rd, Saint Louis, MO, 63136",Jermaine Noel,"3136 St Vincent Ave, St. Louis, MO, 63104",Sales,St. Louis,13.2,12/30/1899 3:16:00 PM
Kerluke-Hackett,"12430 Tesson Ferry Road, Saint Louis, MO, 63128",Jermaine Noel,"3136 St Vincent Ave, St. Louis, MO, 63104",Sales,St. Louis,15.3,12/30/1899 3:19:00 PM
Pfannerstill LLC,"1630 Des Peres Rd Suite 210, Saint Louis, MO, 63131",Jermaine Noel,"3136 St Vincent Ave, St. Louis, MO, 63104",Sales,St. Louis,15.9,12/30/1899 9:43:00 AM
Pfannerstill LLC,"1630 Des Peres Rd Suite 210, Saint Louis, MO, 63131",Jermaine Noel,"3136 St Vincent Ave, St. Louis, MO, 63104",Sales,St. Louis,15.9,12/30/1899 5:34:00 PM
Gaylord Group,"12647 Olive Blvd, Saint Louis, MO, 63141",Jermaine Noel,"3136 St Vincent Ave, St. Louis, MO, 63104",Sales,St. Louis,16.9,12/30/1899 2:56:00 PM
Friesen Inc,"1204 Washington Ave, Saint Louis, MO, 63103",John-Paul Booth,"4241 Washington Blvd, St. Louis, MO, 63108",Sales,St. Louis,2.9,12/30/1899 1:45:00 PM
Roob Inc,"4028 N Kingshighway Blvd, Saint Louis, MO, 63115",John-Paul Booth,"4241 Washington Blvd, St. Louis, MO, 63108",Sales,St. Louis,3.2,12/30/1899 5:05:00 PM
Stracke and Sons,"3901 Union Blvd, Saint Louis, MO, 63115",John-Paul Booth,"4241 Washington Blvd, St. Louis, MO, 63108",Sales,St. Louis,3.3,12/30/1899 5:22:00 PM
Weimann Inc,"911 Locust St Apt 103, Saint Louis, MO, 63101",John-Paul Booth,"4241 Washington Blvd, St. Louis, MO, 63108",Sales,St. Louis,4.2,12/30/1899 12:53:00 PM
Rath-Friesen,"911 Washington Avenue Suite 501, Saint Louis, MO, 63101",John-Paul Booth,"4241 Washington Blvd, St. Louis, MO, 63108",Sales,St. Louis,4.3,12/30/1899 8:21:00 AM
"Bernhard, Bechtelar and Shanahan","911 Washington Ave, Saint Louis, MO, 63101",John-Paul Booth,"4241 Washington Blvd, St. Louis, MO, 63108",Sales,St. Louis,4.3,12/30/1899 12:38:00 PM
Rath-Friesen,"911 Washington Avenue Suite 501, Saint Louis, MO, 63101",John-Paul Booth,"4241 Washington Blvd, St. Louis, MO, 63108",Sales,St. Louis,4.3,12/30/1899 3:06:00 PM
Welch-Oberbrunner,"100 S 4th St, Saint Louis, MO, 63102",John-Paul Booth,"4241 Washington Blvd, St. Louis, MO, 63108",Sales,St. Louis,4.4,12/30/1899 8:32:00 AM
"Spencer, Dickinson and Lakin","904 S 4th St, Saint Louis, MO, 63102",John-Paul Booth,"4241 Washington Blvd, St. Louis, MO, 63108",Sales,St. Louis,4.5,12/30/1899 1:45:00 PM
Pacocha Inc,"211 N Broadway Ste 600, Saint Louis, MO, 63102",John-Paul Booth,"4241 Washington Blvd, St. Louis, MO, 63108",Sales,St. Louis,4.5,12/30/1899 2:09:00 PM
Kutch Inc,"5044 lindenwood ave, Saint Louis, MO, 63109",John-Paul Booth,"4241 Washington Blvd, St. Louis, MO, 63108",Sales,St. Louis,5,12/30/1899 11:55:00 AM
Kutch Inc,"5044 lindenwood ave, Saint Louis, MO, 63109",John-Paul Booth,"4241 Washington Blvd, St. Louis, MO, 63108",Sales,St. Louis,5,12/30/1899 3:10:00 PM
Kutch Inc,"5044 lindenwood ave, Saint Louis, MO, 63109",John-Paul Booth,"4241 Washington Blvd, St. Louis, MO, 63108",Sales,St. Louis,5,12/30/1899 3:18:00 PM
Brakus and Sons,"812 Collins St, Saint Louis, MO, 63102",John-Paul Booth,"4241 Washington Blvd, St. Louis, MO, 63108",Sales,St. Louis,5.1,12/30/1899 8:03:00 AM
Mills Group,"101 S Hanley Rd Ste 1350, Saint Louis, MO, 63105",John-Paul Booth,"4241 Washington Blvd, St. Louis, MO, 63108",Sales,St. Louis,5.7,12/30/1899 11:44:00 AM
Shanahan-Windler,"6440 Chippewa St, Saint Louis, MO, 63109",John-Paul Booth,"4241 Washington Blvd, St. Louis, MO, 63108",Sales,St. Louis,6.1,12/30/1899 9:00:00 AM
Shanahan-Windler,"6440 Chippewa St, Saint Louis, MO, 63109",John-Paul Booth,"4241 Washington Blvd, St. Louis, MO, 63108",Sales,St. Louis,6.1,12/30/1899 5:30:00 PM
"Okuneva, Walsh and Olson","345 Missouri Ave, East Saint Louis, IL, 62201",John-Paul Booth,"4241 Washington Blvd, St. Louis, MO, 63108",Sales,St. Louis,6.2,12/30/1899 4:59:00 PM
"Klocko, Cormier and Green","412 Missouri Ave, East Saint Louis, IL, 62201",John-Paul Booth,"4241 Washington Blvd, St. Louis, MO, 63108",Sales,St. Louis,6.3,12/30/1899 12:06:00 PM
Mosciski Inc,"1334 Strassner Dr, Saint Louis, MO, 63144",John-Paul Booth,"4241 Washington Blvd, St. Louis, MO, 63108",Sales,St. Louis,6.5,12/30/1899 11:12:00 AM
Corkery-Marquardt,"7503 Big Bend Blvd, Saint Louis, MO, 63119",John-Paul Booth,"4241 Washington Blvd, St. Louis, MO, 63108",Sales,St. Louis,7,12/30/1899 2:09:00 PM
Prohaska-White,"803 Lafayette Ave, Saint Louis, MO, 63119",John-Paul Booth,"4241 Washington Blvd, St. Louis, MO, 63108",Sales,St. Louis,8.2,12/30/1899 11:47:00 AM
Vandervort-Cormier,"1606 State St, East Saint Louis, IL, 62205",John-Paul Booth,"4241 Washington Blvd, St. Louis, MO, 63108",Sales,St. Louis,8.8,12/30/1899 8:39:00 AM
Brown-Mohr,"7400 Watson Rd, Saint Louis, MO, 63119",John-Paul Booth,"4241 Washington Blvd, St. Louis, MO, 63108",Sales,St. Louis,9.1,12/30/1899 8:40:00 AM
"Runolfsson, Swaniawski and Baumbach","10041 Lewis And Clark Blvd Suite 3126, Saint Louis, MO, 63136",John-Paul Booth,"4241 Washington Blvd, St. Louis, MO, 63108",Sales,St. Louis,9.1,12/30/1899 2:01:00 PM
Kris and Sons,"414 Range Ln, East Saint Louis, IL, 62206",John-Paul Booth,"4241 Washington Blvd, St. Louis, MO, 63108",Sales,St. Louis,9.2,12/30/1899 9:56:00 AM
McLaughlin-Hirthe,"2701 State St, East Saint Louis, IL, 62205",John-Paul Booth,"4241 Washington Blvd, St. Louis, MO, 63108",Sales,St. Louis,9.4,12/30/1899 11:50:00 AM
Barton Group,"1493 Camp Jackson Rd, East Saint Louis, IL, 62206",John-Paul Booth,"4241 Washington Blvd, St. Louis, MO, 63108",Sales,St. Louis,9.9,12/30/1899 8:13:00 AM
Bartoletti-Schulist,"34 N Gore Ave, Saint Louis, MO, 63119",John-Paul Booth,"4241 Washington Blvd, St. Louis, MO, 63108",Sales,St. Louis,10.2,12/30/1899 1:44:00 PM
Bartoletti-Schulist,"34 N Gore Ave, Saint Louis, MO, 63119",John-Paul Booth,"4241 Washington Blvd, St. Louis, MO, 63108",Sales,St. Louis,10.2,12/30/1899 3:35:00 PM
"Wilkinson, Bogan and Buckridge","9648 Olive Blvd, Saint Louis, MO, 63132",John-Paul Booth,"4241 Washington Blvd, St. Louis, MO, 63108",Sales,St. Louis,10.9,12/30/1899 2:35:00 PM
"Wilkinson, Bogan and Buckridge","9648 Olive Blvd, Saint Louis, MO, 63132",John-Paul Booth,"4241 Washington Blvd, St. Louis, MO, 63108",Sales,St. Louis,10.9,12/30/1899 3:16:00 PM
"Ondricka, Murray and Maggio","8645 S Broadway, Saint Louis, MO, 63111",John-Paul Booth,"4241 Washington Blvd, St. Louis, MO, 63108",Sales,St. Louis,11,12/30/1899 5:37:00 PM
"Kertzmann, Treutel and Wyman","4413 Cookson Rd, East Saint Louis, IL, 62201",John-Paul Booth,"4241 Washington Blvd, St. Louis, MO, 63108",Sales,St. Louis,11.1,12/30/1899 8:58:00 AM
Conroy-O'Hara,"5506 Caseyville Ave, East Saint Louis, IL, 62204",John-Paul Booth,"4241 Washington Blvd, St. Louis, MO, 63108",Sales,St. Louis,11.1,12/30/1899 2:17:00 PM
Conroy-O'Hara,"5506 Caseyville Ave, East Saint Louis, IL, 62204",John-Paul Booth,"4241 Washington Blvd, St. Louis, MO, 63108",Sales,St. Louis,11.1,12/30/1899 2:21:00 PM
"Kertzmann, Treutel and Wyman","4413 Cookson Rd, East Saint Louis, IL, 62201",John-Paul Booth,"4241 Washington Blvd, St. Louis, MO, 63108",Sales,St. Louis,11.1,12/30/1899 3:05:00 PM
"Ward, Schoen and Hirthe","10525 Big Bend Rd, Saint Louis, MO, 63122",John-Paul Booth,"4241 Washington Blvd, St. Louis, MO, 63108",Sales,St. Louis,11.7,12/30/1899 10:07:00 AM
"Ward, Schoen and Hirthe","10525 Big Bend Rd, Saint Louis, MO, 63122",John-Paul Booth,"4241 Washington Blvd, St. Louis, MO, 63108",Sales,St. Louis,11.7,12/30/1899 11:48:00 AM
Boyer-Macejkovic,"10725 Manchester Rd, Saint Louis, MO, 63122",John-Paul Booth,"4241 Washington Blvd, St. Louis, MO, 63108",Sales,St. Louis,12.3,12/30/1899 11:07:00 AM
"Schultz, Kuhlman and Romaguera","8213 State St, East Saint Louis, IL, 62203",John-Paul Booth,"4241 Washington Blvd, St. Louis, MO, 63108",Sales,St. Louis,13.5,12/30/1899 12:38:00 PM
"Runte, Effertz and Barrows","13422 Clayton Rd Ste 220, Saint Louis, MO, 63131",John-Paul Booth,"4241 Washington Blvd, St. Louis, MO, 63108",Sales,St. Louis,14.8,12/30/1899 1:39:00 PM
Keebler-Emard,"1518 Washington Ave Ste 102, Saint Louis, MO, 63103",Justine Ramirez,"3934 Westminster Pl, St. Louis, MO, 63108",Sales,St. Louis,2.8,12/30/1899 12:42:00 PM
"Mosciski, Wilderman and Oberbrunner","2308 S Grand Blvd, Saint Louis, MO, 63104",Justine Ramirez,"3934 Westminster Pl, St. Louis, MO, 63108",Sales,St. Louis,3.2,12/30/1899 1:23:00 PM
Stehr Group,"415 S 18th St, Saint Louis, MO, 63103",Justine Ramirez,"3934 Westminster Pl, St. Louis, MO, 63108",Sales,St. Louis,3.9,12/30/1899 9:29:00 AM
Steuber-Rippin,"701 Market St Ste 1100, Saint Louis, MO, 63101",Justine Ramirez,"3934 Westminster Pl, St. Louis, MO, 63108",Sales,St. Louis,4.1,12/30/1899 11:18:00 AM
Ebert-Larkin,"211 N Broadway, Saint Louis, MO, 63102",Justine Ramirez,"3934 Westminster Pl, St. Louis, MO, 63108",Sales,St. Louis,4.4,12/30/1899 9:25:00 AM
Ebert-Larkin,"211 N Broadway, Saint Louis, MO, 63102",Justine Ramirez,"3934 Westminster Pl, St. Louis, MO, 63108",Sales,St. Louis,4.4,12/30/1899 10:29:00 AM
Wuckert Group,"1 Brookings Dr, Saint Louis, MO, 63130",Justine Ramirez,"3934 Westminster Pl, St. Louis, MO, 63108",Sales,St. Louis,4.5,12/30/1899 11:43:00 AM
"Spencer, Dickinson and Lakin","904 S 4th St, Saint Louis, MO, 63102",Justine Ramirez,"3934 Westminster Pl, St. Louis, MO, 63108",Sales,St. Louis,4.5,12/30/1899 1:04:00 PM
Moore-Barton,"555 Washington Ave, Suite 510, St. Louis, MO, 63101",Justine Ramirez,"3934 Westminster Pl, St. Louis, MO, 63108",Sales,St. Louis,4.7,12/30/1899 12:12:00 PM
Brakus and Sons,"812 Collins St, Saint Louis, MO, 63102",Justine Ramirez,"3934 Westminster Pl, St. Louis, MO, 63108",Sales,St. Louis,5,12/30/1899 9:53:00 AM
Hahn-Zulauf,"6717 Waldemar Ave, Saint Louis, MO, 63139",Justine Ramirez,"3934 Westminster Pl, St. Louis, MO, 63108",Sales,St. Louis,5.4,12/30/1899 10:59:00 AM
"Purdy, Lueilwitz and Simonis","8000 Maryland Ave Ste 1060, Saint Louis, MO, 63105",Justine Ramirez,"3934 Westminster Pl, St. Louis, MO, 63108",Sales,St. Louis,5.8,12/30/1899 8:10:00 AM
Kozey Group,"7777 Bonhomme Ave Ste 1910, Saint Louis, MO, 63105",Justine Ramirez,"3934 Westminster Pl, St. Louis, MO, 63108",Sales,St. Louis,5.8,12/30/1899 10:52:00 AM
"Purdy, Lueilwitz and Simonis","8000 Maryland Ave Ste 1060, Saint Louis, MO, 63105",Justine Ramirez,"3934 Westminster Pl, St. Louis, MO, 63108",Sales,St. Louis,5.8,12/30/1899 5:40:00 PM
"Okuneva, Walsh and Olson","345 Missouri Ave, East Saint Louis, IL, 62201",Justine Ramirez,"3934 Westminster Pl, St. Louis, MO, 63108",Sales,St. Louis,6.2,12/30/1899 9:02:00 AM
"Kemmer, Daugherty and Shanahan","327 Missouri Ave, East Saint Louis, IL, 62201",Justine Ramirez,"3934 Westminster Pl, St. Louis, MO, 63108",Sales,St. Louis,6.2,12/30/1899 2:52:00 PM
Ratke Group,"750 Missouri Ave, East Saint Louis, IL, 62201",Justine Ramirez,"3934 Westminster Pl, St. Louis, MO, 63108",Sales,St. Louis,6.5,12/30/1899 4:04:00 PM
Mills Group,"101 S Hanley Rd Ste 1350, Saint Louis, MO, 63105",Justine Ramirez,"3934 Westminster Pl, St. Louis, MO, 63108",Sales,St. Louis,7.8,12/30/1899 2:48:00 PM
MacGyver-Rutherford,"3917 Mississippi Ave, East Saint Louis, IL, 62206",Justine Ramirez,"3934 Westminster Pl, St. Louis, MO, 63108",Sales,St. Louis,7.8,12/30/1899 2:49:00 PM
"Lynch, Mayert and Mante","8812 Madge Ave, Saint Louis, MO, 63144",Justine Ramirez,"3934 Westminster Pl, St. Louis, MO, 63108",Sales,St. Louis,8.2,12/30/1899 3:16:00 PM
"Streich, Schultz and DuBuque","8050 Watson Rd, Saint Louis, MO, 63119",Justine Ramirez,"3934 Westminster Pl, St. Louis, MO, 63108",Sales,St. Louis,8.9,12/30/1899 9:48:00 AM
Prohaska-White,"803 Lafayette Ave, Saint Louis, MO, 63119",Justine Ramirez,"3934 Westminster Pl, St. Louis, MO, 63108",Sales,St. Louis,8.9,12/30/1899 4:54:00 PM
Batz Group,"2920 Ohio Ave, East Saint Louis, IL, 62205",Justine Ramirez,"3934 Westminster Pl, St. Louis, MO, 63108",Sales,St. Louis,9.3,12/30/1899 8:42:00 AM
McLaughlin-Hirthe,"2701 State St, East Saint Louis, IL, 62205",Justine Ramirez,"3934 Westminster Pl, St. Louis, MO, 63108",Sales,St. Louis,9.3,12/30/1899 11:02:00 AM
"Kohler, Pfannerstill and Parisian","4772 Tudor Ave, East Saint Louis, IL, 62207",Justine Ramirez,"3934 Westminster Pl, St. Louis, MO, 63108",Sales,St. Louis,9.5,12/30/1899 10:57:00 AM
"Monahan, Eichmann and Kuhn","5413 Sterling AVE, East Saint Louis, IL, 62207",Justine Ramirez,"3934 Westminster Pl, St. Louis, MO, 63108",Sales,St. Louis,9.9,12/30/1899 3:03:00 PM
"Rolfson, McCullough and Ullrich","3808 Cookson Rd, East Saint Louis, IL, 62201",Justine Ramirez,"3934 Westminster Pl, St. Louis, MO, 63108",Sales,St. Louis,10,12/30/1899 4:01:00 PM
"Nader, Luettgen and Nitzsche","1706 5th St, Madison, IL, 62060",Justine Ramirez,"3934 Westminster Pl, St. Louis, MO, 63108",Sales,St. Louis,11.3,12/30/1899 9:41:00 AM
"Lemke, Turcotte and Waters","11710 Administration Dr, Saint Louis, MO, 63146",Justine Ramirez,"3934 Westminster Pl, St. Louis, MO, 63108",Sales,St. Louis,12.1,12/30/1899 5:53:00 PM
Koepp and Sons,"10805 Sunset Office Dr Ste 300, Saint Louis, MO, 63127",Justine Ramirez,"3934 Westminster Pl, St. Louis, MO, 63108",Sales,St. Louis,12.3,12/30/1899 9:39:00 AM
Koepp and Sons,"10805 Sunset Office Dr Ste 300, Saint Louis, MO, 63127",Justine Ramirez,"3934 Westminster Pl, St. Louis, MO, 63108",Sales,St. Louis,12.3,12/30/1899 12:39:00 PM
Wolf Group,"1033 Corporate Square Dr, Saint Louis, MO, 63132",Justine Ramirez,"3934 Westminster Pl, St. Louis, MO, 63108",Sales,St. Louis,12.5,12/30/1899 11:13:00 AM
Blick Inc,"11100 Olive Blvd, Saint Louis, MO, 63141",Justine Ramirez,"3934 Westminster Pl, St. Louis, MO, 63108",Sales,St. Louis,13.6,12/30/1899 5:24:00 PM
Bernhard and Sons,"1015a N Grand Blvd, Saint Louis, MO, 63106",Kady Acosta,"4247 W Page Blvd, St. Louis, MO, 63113",Sales,St. Louis,1.2,12/30/1899 3:38:00 PM
Bernhard and Sons,"1015a N Grand Blvd, Saint Louis, MO, 63106",Kady Acosta,"4247 W Page Blvd, St. Louis, MO, 63113",Sales,St. Louis,1.2,12/30/1899 4:30:00 PM
Bosco-Schuppe,"911 Washington Ave Ste 670, Saint Louis, MO, 63101",Kady Acosta,"4247 W Page Blvd, St. Louis, MO, 63113",Sales,St. Louis,3.3,12/30/1899 10:25:00 AM
DuBuque Inc,"906 Olive St Ste 540, Saint Louis, MO, 63101",Kady Acosta,"4247 W Page Blvd, St. Louis, MO, 63113",Sales,St. Louis,3.5,12/30/1899 10:42:00 AM
"Mosciski, Wilderman and Oberbrunner","2308 S Grand Blvd, Saint Louis, MO, 63104",Kady Acosta,"4247 W Page Blvd, St. Louis, MO, 63113",Sales,St. Louis,3.6,12/30/1899 9:21:00 AM
Friesen and Sons,"707 N 2nd St, Saint Louis, MO, 63102",Kady Acosta,"4247 W Page Blvd, St. Louis, MO, 63113",Sales,St. Louis,3.9,12/30/1899 8:56:00 AM
Feil-Braun,"712 N 2nd St, Saint Louis, MO, 63102",Kady Acosta,"4247 W Page Blvd, St. Louis, MO, 63113",Sales,St. Louis,3.9,12/30/1899 11:37:00 AM
"Bauch, Kreiger and Dickens","900 Spruce St, Saint Louis, MO, 63102",Kady Acosta,"4247 W Page Blvd, St. Louis, MO, 63113",Sales,St. Louis,4.5,12/30/1899 10:36:00 AM
Reichert-Sawayn,"1300 Hampton Ave, Saint Louis, MO, 63139",Kady Acosta,"4247 W Page Blvd, St. Louis, MO, 63113",Sales,St. Louis,4.7,12/30/1899 1:24:00 PM
Reichert-Sawayn,"1300 Hampton Ave, Saint Louis, MO, 63139",Kady Acosta,"4247 W Page Blvd, St. Louis, MO, 63113",Sales,St. Louis,4.7,12/30/1899 2:18:00 PM
Cronin-Schuppe,"211 N Broadway Ste 2060, Saint Louis, MO, 63102",Kady Acosta,"4247 W Page Blvd, St. Louis, MO, 63113",Sales,St. Louis,5,12/30/1899 8:37:00 AM
Treutel-Kautzer,"2732 S 13th St, Saint Louis, MO, 63118",Kady Acosta,"4247 W Page Blvd, St. Louis, MO, 63113",Sales,St. Louis,5,12/30/1899 11:32:00 AM
Kunze-Becker,"2020 S 12th St, Saint Louis, MO, 63104",Kady Acosta,"4247 W Page Blvd, St. Louis, MO, 63113",Sales,St. Louis,5.5,12/30/1899 8:49:00 AM
Kunze-Becker,"2020 S 12th St, Saint Louis, MO, 63104",Kady Acosta,"4247 W Page Blvd, St. Louis, MO, 63113",Sales,St. Louis,5.5,12/30/1899 9:46:00 AM
"Kemmer, Daugherty and Shanahan","327 Missouri Ave, East Saint Louis, IL, 62201",Kady Acosta,"4247 W Page Blvd, St. Louis, MO, 63113",Sales,St. Louis,6.8,12/30/1899 3:24:00 PM
Prosacco-Armstrong,"110 N Main St, East Saint Louis, IL, 62201",Kady Acosta,"4247 W Page Blvd, St. Louis, MO, 63113",Sales,St. Louis,6.8,12/30/1899 4:16:00 PM
"Purdy, Lueilwitz and Simonis","8000 Maryland Ave Ste 1060, Saint Louis, MO, 63105",Kady Acosta,"4247 W Page Blvd, St. Louis, MO, 63113",Sales,St. Louis,6.9,12/30/1899 1:37:00 PM
"Kris, Runolfsson and Becker","87 Brentwood Promenade Ct, Saint Louis, MO, 63144",Kady Acosta,"4247 W Page Blvd, St. Louis, MO, 63113",Sales,St. Louis,7.9,12/30/1899 10:50:00 AM
"Boyer, Berge and Lesch","9016 Saint Charles Rock Rd, Saint Louis, MO, 63114",Kady Acosta,"4247 W Page Blvd, St. Louis, MO, 63113",Sales,St. Louis,7.9,12/30/1899 11:28:00 AM
Kerluke LLC,"3915 Mississippi Ave, East Saint Louis, IL, 62206",Kady Acosta,"4247 W Page Blvd, St. Louis, MO, 63113",Sales,St. Louis,8.4,12/30/1899 3:10:00 PM
Kerluke LLC,"3915 Mississippi Ave, East Saint Louis, IL, 62206",Kady Acosta,"4247 W Page Blvd, St. Louis, MO, 63113",Sales,St. Louis,8.4,12/30/1899 5:22:00 PM
Gleichner-Bartell,"1214 N 18th St, East Saint Louis, IL, 62205",Kady Acosta,"4247 W Page Blvd, St. Louis, MO, 63113",Sales,St. Louis,9,12/30/1899 1:39:00 PM
Morar-Torphy,"699 State Route 203, East Saint Louis, IL, 62201",Kady Acosta,"4247 W Page Blvd, St. Louis, MO, 63113",Sales,St. Louis,9.6,12/30/1899 9:29:00 AM
"Schaefer, Fisher and Hessel","2001 Mississippi Ave, East Saint Louis, IL, 62201",Kady Acosta,"4247 W Page Blvd, St. Louis, MO, 63113",Sales,St. Louis,9.7,12/30/1899 10:20:00 AM
Jacobs-Stroman,"1234 Camp Jackson Rd, East Saint Louis, IL, 62206",Kady Acosta,"4247 W Page Blvd, St. Louis, MO, 63113",Sales,St. Louis,10.1,12/30/1899 5:07:00 PM
Koepp-Blanda,"8719 Brookview Dr, Saint Louis, MO, 63126",Kady Acosta,"4247 W Page Blvd, St. Louis, MO, 63113",Sales,St. Louis,11.5,12/30/1899 11:57:00 AM
"Ward, Schoen and Hirthe","10525 Big Bend Rd, Saint Louis, MO, 63122",Kady Acosta,"4247 W Page Blvd, St. Louis, MO, 63113",Sales,St. Louis,12.3,12/30/1899 1:46:00 PM
Howell-Ritchie,"336 Leffingwell Ave, Saint Louis, MO, 63122",Kady Acosta,"4247 W Page Blvd, St. Louis, MO, 63113",Sales,St. Louis,12.7,12/30/1899 5:12:00 PM
Koepp and Sons,"10805 Sunset Office Dr Ste 300, Saint Louis, MO, 63127",Kady Acosta,"4247 W Page Blvd, St. Louis, MO, 63113",Sales,St. Louis,13.3,12/30/1899 11:41:00 AM
"Schultz, Kuhlman and Romaguera","8213 State St, East Saint Louis, IL, 62203",Kady Acosta,"4247 W Page Blvd, St. Louis, MO, 63113",Sales,St. Louis,14,12/30/1899 2:32:00 PM
McKenzie-Tremblay,"105 Concord Plaza Shopping Ctr Ste 211, Saint Louis, MO, 63128",Kady Acosta,"4247 W Page Blvd, St. Louis, MO, 63113",Sales,St. Louis,16.3,12/30/1899 2:10:00 PM
Corkery-Marquardt,"7503 Big Bend Blvd, Saint Louis, MO, 63119",Kaylem Marsden,"7435 Brunswick Ave, St. Louis, MO, 63119",Sales,St. Louis,0.9,12/30/1899 1:00:00 PM
"Bernhard, Quitzon and Jacobson","292 East Ave Ste 7, Saint Louis, MO, 63119",Kaylem Marsden,"7435 Brunswick Ave, St. Louis, MO, 63119",Sales,St. Louis,2.1,12/30/1899 2:17:00 PM
"Jaskolski, Heaney and Smith","5415 Hampton Ave, Saint Louis, MO, 63109",Kaylem Marsden,"7435 Brunswick Ave, St. Louis, MO, 63119",Sales,St. Louis,2.3,12/30/1899 9:35:00 AM
"Lynch, Mayert and Mante","8812 Madge Ave, Saint Louis, MO, 63144",Kaylem Marsden,"7435 Brunswick Ave, St. Louis, MO, 63119",Sales,St. Louis,3,12/30/1899 12:15:00 PM
Reichert-Sawayn,"1300 Hampton Ave, Saint Louis, MO, 63139",Kaylem Marsden,"7435 Brunswick Ave, St. Louis, MO, 63119",Sales,St. Louis,3.8,12/30/1899 12:14:00 PM
"Rath, Bauch and O'Keefe","9109 Watson Rd Ste 100, Saint Louis, MO, 63126",Kaylem Marsden,"7435 Brunswick Ave, St. Louis, MO, 63119",Sales,St. Louis,4.2,12/30/1899 3:24:00 PM
Kozey Group,"7777 Bonhomme Ave Ste 1910, Saint Louis, MO, 63105",Kaylem Marsden,"7435 Brunswick Ave, St. Louis, MO, 63119",Sales,St. Louis,4.5,12/30/1899 2:31:00 PM
"Douglas, Stracke and Rolfson","8229 Clayton Rd Ste 200b, Saint Louis, MO, 63117",Kaylem Marsden,"7435 Brunswick Ave, St. Louis, MO, 63119",Sales,St. Louis,4.5,12/30/1899 3:56:00 PM
Sawayn-Schamberger,"11404 Gravois Rd, Saint Louis, MO, 63126",Kaylem Marsden,"7435 Brunswick Ave, St. Louis, MO, 63119",Sales,St. Louis,5.4,12/30/1899 9:33:00 AM
Howell-Ritchie,"336 Leffingwell Ave, Saint Louis, MO, 63122",Kaylem Marsden,"7435 Brunswick Ave, St. Louis, MO, 63119",Sales,St. Louis,5.4,12/30/1899 3:45:00 PM
"Kub, Reichert and Boyer","105 Concord Plaza Shopping Ctr, Saint Louis, MO, 63128",Kaylem Marsden,"7435 Brunswick Ave, St. Louis, MO, 63119",Sales,St. Louis,5.9,12/30/1899 1:53:00 PM
"Klein, Anderson and Larkin","11012 Lin Valle Dr, Saint Louis, MO, 63123",Kaylem Marsden,"7435 Brunswick Ave, St. Louis, MO, 63119",Sales,St. Louis,6.8,12/30/1899 11:26:00 AM
Ferry-Schamberger,"2644 Saint Vincent Ave, Saint Louis, MO, 63104",Kaylem Marsden,"7435 Brunswick Ave, St. Louis, MO, 63119",Sales,St. Louis,7.5,12/30/1899 3:28:00 PM
Ferry-Schamberger,"2644 Saint Vincent Ave, Saint Louis, MO, 63104",Kaylem Marsden,"7435 Brunswick Ave, St. Louis, MO, 63119",Sales,St. Louis,7.5,12/30/1899 4:04:00 PM
"Hartmann, Heller and Hackett","11 Ohio St, East Saint Louis, IL, 62201",Kaylem Marsden,"7435 Brunswick Ave, St. Louis, MO, 63119",Sales,St. Louis,8.3,12/30/1899 9:17:00 AM
Keebler-Emard,"1518 Washington Ave Ste 102, Saint Louis, MO, 63103",Kaylem Marsden,"7435 Brunswick Ave, St. Louis, MO, 63119",Sales,St. Louis,9.1,12/30/1899 9:09:00 AM
Denesik-Koepp,"9567 Page Ave, Saint Louis, MO, 63132",Kaylem Marsden,"7435 Brunswick Ave, St. Louis, MO, 63119",Sales,St. Louis,9.2,12/30/1899 11:20:00 AM
Treutel-Kautzer,"2732 S 13th St, Saint Louis, MO, 63118",Kaylem Marsden,"7435 Brunswick Ave, St. Louis, MO, 63119",Sales,St. Louis,9.2,12/30/1899 2:32:00 PM
Stracke and Sons,"3901 Union Blvd, Saint Louis, MO, 63115",Kaylem Marsden,"7435 Brunswick Ave, St. Louis, MO, 63119",Sales,St. Louis,9.3,12/30/1899 1:44:00 PM
Pacocha Inc,"211 N Broadway Ste 600, Saint Louis, MO, 63102",Kaylem Marsden,"7435 Brunswick Ave, St. Louis, MO, 63119",Sales,St. Louis,9.6,12/30/1899 12:21:00 PM
"Gusikowski, Green and Hills","10920 Schuetz Rd Ste. 4, Saint Louis, MO, 63146",Kaylem Marsden,"7435 Brunswick Ave, St. Louis, MO, 63119",Sales,St. Louis,11,12/30/1899 5:08:00 PM
"Klocko, Cormier and Green","412 Missouri Ave, East Saint Louis, IL, 62201",Kaylem Marsden,"7435 Brunswick Ave, St. Louis, MO, 63119",Sales,St. Louis,11.2,12/30/1899 2:11:00 PM
Mraz-Witting,"11951 Devonshire Ave, Saint Louis, MO, 63131",Kaylem Marsden,"7435 Brunswick Ave, St. Louis, MO, 63119",Sales,St. Louis,11.4,12/30/1899 12:20:00 PM
Pfannerstill LLC,"1630 Des Peres Rd Suite 210, Saint Louis, MO, 63131",Kaylem Marsden,"7435 Brunswick Ave, St. Louis, MO, 63119",Sales,St. Louis,12.1,12/30/1899 3:33:00 PM
"Champlin, Ebert and Brekke","813 Upper Cahokia Rd, East Saint Louis, IL, 62206",Kaylem Marsden,"7435 Brunswick Ave, St. Louis, MO, 63119",Sales,St. Louis,13,12/30/1899 12:20:00 PM
McGlynn-Gorczany,"1750 State St, East Saint Louis, IL, 62205",Kaylem Marsden,"7435 Brunswick Ave, St. Louis, MO, 63119",Sales,St. Louis,13.5,12/30/1899 10:08:00 AM
Sawayn-Hettinger,"1672 Sauget Industrial Pkwy, East Saint Louis, IL, 62206",Kaylem Marsden,"7435 Brunswick Ave, St. Louis, MO, 63119",Sales,St. Louis,13.7,12/30/1899 9:05:00 AM
"Gottlieb, Schaden and Wehner","2204 State St, East Saint Louis, IL, 62205",Kaylem Marsden,"7435 Brunswick Ave, St. Louis, MO, 63119",Sales,St. Louis,13.8,12/30/1899 2:42:00 PM
Stracke-Marks,"1 Annable Ct, East Saint Louis, IL, 62206",Kaylem Marsden,"7435 Brunswick Ave, St. Louis, MO, 63119",Sales,St. Louis,14.4,12/30/1899 8:56:00 AM
Jacobs-Stroman,"1234 Camp Jackson Rd, East Saint Louis, IL, 62206",Kaylem Marsden,"7435 Brunswick Ave, St. Louis, MO, 63119",Sales,St. Louis,14.4,12/30/1899 9:32:00 AM
Stracke-Marks,"1 Annable Ct, East Saint Louis, IL, 62206",Kaylem Marsden,"7435 Brunswick Ave, St. Louis, MO, 63119",Sales,St. Louis,14.4,12/30/1899 10:57:00 AM
Jacobs-Stroman,"1234 Camp Jackson Rd, East Saint Louis, IL, 62206",Kaylem Marsden,"7435 Brunswick Ave, St. Louis, MO, 63119",Sales,St. Louis,14.4,12/30/1899 3:54:00 PM
Heathcote-Gutkowski,"4206 Consett Dr, Saint Louis, MO, 63129",Kaylem Marsden,"7435 Brunswick Ave, St. Louis, MO, 63119",Sales,St. Louis,15,12/30/1899 9:20:00 AM
"Bayer, Gerhold and Bogisich","4300 Church Rd, East Saint Louis, IL, 62207",Kaylem Marsden,"7435 Brunswick Ave, St. Louis, MO, 63119",Sales,St. Louis,15.3,12/30/1899 3:39:00 PM
"Pfeffer, Jacobi and Rice","4601 State St, East Saint Louis, IL, 62205",Kaylem Marsden,"7435 Brunswick Ave, St. Louis, MO, 63119",Sales,St. Louis,15.5,12/30/1899 10:07:00 AM
"Lind, Kertzmann and Lebsack","140 Cliff Cave Rd Ste 102, Saint Louis, MO, 63129",Kaylem Marsden,"7435 Brunswick Ave, St. Louis, MO, 63119",Sales,St. Louis,16.6,12/30/1899 4:36:00 PM
"Schultz, Kuhlman and Romaguera","8213 State St, East Saint Louis, IL, 62203",Kaylem Marsden,"7435 Brunswick Ave, St. Louis, MO, 63119",Sales,St. Louis,18.4,12/30/1899 5:44:00 PM
"Lemke, Turcotte and Waters","11710 Administration Dr, Saint Louis, MO, 63146",Kirby Aldred,"217 Chapel Ridge Dr, Hazelwood, MO, 63042",Sales,St. Louis,7.7,12/30/1899 1:40:00 PM
"Zieme, Zulauf and Gaylord","2168 Chambers Rd, Saint Louis, MO, 63136",Kirby Aldred,"217 Chapel Ridge Dr, Hazelwood, MO, 63042",Sales,St. Louis,8,12/30/1899 5:04:00 PM
"Runolfsson, Swaniawski and Baumbach","10041 Lewis And Clark Blvd Suite 3126, Saint Louis, MO, 63136",Kirby Aldred,"217 Chapel Ridge Dr, Hazelwood, MO, 63042",Sales,St. Louis,9.6,12/30/1899 1:13:00 PM
"Runolfsson, Swaniawski and Baumbach","10041 Lewis And Clark Blvd Suite 3126, Saint Louis, MO, 63136",Kirby Aldred,"217 Chapel Ridge Dr, Hazelwood, MO, 63042",Sales,St. Louis,9.6,12/30/1899 3:46:00 PM
"Douglas, Stracke and Rolfson","8229 Clayton Rd Ste 200b, Saint Louis, MO, 63117",Kirby Aldred,"217 Chapel Ridge Dr, Hazelwood, MO, 63042",Sales,St. Louis,12.2,12/30/1899 9:24:00 AM
"Kris, Runolfsson and Becker","87 Brentwood Promenade Ct, Saint Louis, MO, 63144",Kirby Aldred,"217 Chapel Ridge Dr, Hazelwood, MO, 63042",Sales,St. Louis,12.5,12/30/1899 10:42:00 AM
Kreiger-Kuphal,"5600 Delmar Blvd, Saint Louis, MO, 63112",Kirby Aldred,"217 Chapel Ridge Dr, Hazelwood, MO, 63042",Sales,St. Louis,13.2,12/30/1899 9:47:00 AM
"Bernhard, Quitzon and Jacobson","292 East Ave Ste 7, Saint Louis, MO, 63119",Kirby Aldred,"217 Chapel Ridge Dr, Hazelwood, MO, 63042",Sales,St. Louis,14.2,12/30/1899 9:08:00 AM
"Krajcik, Legros and Anderson","2620 Samuel Shepard Dr, Saint Louis, MO, 63103",Kirby Aldred,"217 Chapel Ridge Dr, Hazelwood, MO, 63042",Sales,St. Louis,16,12/30/1899 2:17:00 PM
Friesen and Sons,"707 N 2nd St, Saint Louis, MO, 63102",Kirby Aldred,"217 Chapel Ridge Dr, Hazelwood, MO, 63042",Sales,St. Louis,16,12/30/1899 5:27:00 PM
Schumm Group,"801 N 2nd St, Saint Louis, MO, 63102",Kirby Aldred,"217 Chapel Ridge Dr, Hazelwood, MO, 63042",Sales,St. Louis,16.1,12/30/1899 8:24:00 AM
Rath-Friesen,"911 Washington Avenue Suite 501, Saint Louis, MO, 63101",Kirby Aldred,"217 Chapel Ridge Dr, Hazelwood, MO, 63042",Sales,St. Louis,16.3,12/30/1899 10:10:00 AM
Pfannerstill LLC,"1630 Des Peres Rd Suite 210, Saint Louis, MO, 63131",Kirby Aldred,"217 Chapel Ridge Dr, Hazelwood, MO, 63042",Sales,St. Louis,16.4,12/30/1899 8:25:00 AM
Ebert-Larkin,"211 N Broadway, Saint Louis, MO, 63102",Kirby Aldred,"217 Chapel Ridge Dr, Hazelwood, MO, 63042",Sales,St. Louis,16.4,12/30/1899 2:41:00 PM
Friesen Inc,"1204 Washington Ave, Saint Louis, MO, 63103",Kirby Aldred,"217 Chapel Ridge Dr, Hazelwood, MO, 63042",Sales,St. Louis,16.5,12/30/1899 1:35:00 PM
Prosacco-Armstrong,"110 N Main St, East Saint Louis, IL, 62201",Kirby Aldred,"217 Chapel Ridge Dr, Hazelwood, MO, 63042",Sales,St. Louis,18.7,12/30/1899 2:29:00 PM
"Klocko, Cormier and Green","412 Missouri Ave, East Saint Louis, IL, 62201",Kirby Aldred,"217 Chapel Ridge Dr, Hazelwood, MO, 63042",Sales,St. Louis,18.7,12/30/1899 5:45:00 PM
"Jaskolski, Heaney and Smith","5415 Hampton Ave, Saint Louis, MO, 63109",Kirby Aldred,"217 Chapel Ridge Dr, Hazelwood, MO, 63042",Sales,St. Louis,18.8,12/30/1899 12:25:00 PM
"Gottlieb, Schaden and Wehner","2204 State St, East Saint Louis, IL, 62205",Kirby Aldred,"217 Chapel Ridge Dr, Hazelwood, MO, 63042",Sales,St. Louis,19.6,12/30/1899 8:30:00 AM
MacGyver-Rutherford,"3917 Mississippi Ave, East Saint Louis, IL, 62206",Kirby Aldred,"217 Chapel Ridge Dr, Hazelwood, MO, 63042",Sales,St. Louis,20.3,12/30/1899 11:10:00 AM
Kerluke LLC,"3915 Mississippi Ave, East Saint Louis, IL, 62206",Kirby Aldred,"217 Chapel Ridge Dr, Hazelwood, MO, 63042",Sales,St. Louis,20.3,12/30/1899 1:09:00 PM
MacGyver-Rutherford,"3917 Mississippi Ave, East Saint Louis, IL, 62206",Kirby Aldred,"217 Chapel Ridge Dr, Hazelwood, MO, 63042",Sales,St. Louis,20.3,12/30/1899 1:26:00 PM
Altenwerth-Conroy,"3234 Vector Dr, East Saint Louis, IL, 62206",Kirby Aldred,"217 Chapel Ridge Dr, Hazelwood, MO, 63042",Sales,St. Louis,21,12/30/1899 11:40:00 AM
"Sanford, Runolfsdottir and Oberbrunner","1110 Camp Jackson Rd, East Saint Louis, IL, 62206",Kirby Aldred,"217 Chapel Ridge Dr, Hazelwood, MO, 63042",Sales,St. Louis,21.9,12/30/1899 9:40:00 AM
"Kohler, Pfannerstill and Parisian","4772 Tudor Ave, East Saint Louis, IL, 62207",Kirby Aldred,"217 Chapel Ridge Dr, Hazelwood, MO, 63042",Sales,St. Louis,22,12/30/1899 3:58:00 PM
"Monahan, Eichmann and Kuhn","5413 Sterling AVE, East Saint Louis, IL, 62207",Kirby Aldred,"217 Chapel Ridge Dr, Hazelwood, MO, 63042",Sales,St. Louis,22.4,12/30/1899 9:17:00 AM
"Bayer, Gerhold and Bogisich","4300 Church Rd, East Saint Louis, IL, 62207",Kirby Aldred,"217 Chapel Ridge Dr, Hazelwood, MO, 63042",Sales,St. Louis,22.9,12/30/1899 4:41:00 PM
Koepp-Blanda,"8719 Brookview Dr, Saint Louis, MO, 63126",Kirby Aldred,"217 Chapel Ridge Dr, Hazelwood, MO, 63042",Sales,St. Louis,23.4,12/30/1899 5:56:00 PM
"Bauch, Koelpin and Hegmann","25 Ronnies Plz, Saint Louis, MO, 63126",Kirby Aldred,"217 Chapel Ridge Dr, Hazelwood, MO, 63042",Sales,St. Louis,24.7,12/30/1899 2:31:00 PM
Daugherty Inc,"4146 Crescent Dr, Saint Louis, MO, 63129",Kirby Aldred,"217 Chapel Ridge Dr, Hazelwood, MO, 63042",Sales,St. Louis,26.8,12/30/1899 1:01:00 PM
Daugherty Inc,"4146 Crescent Dr, Saint Louis, MO, 63129",Kirby Aldred,"217 Chapel Ridge Dr, Hazelwood, MO, 63042",Sales,St. Louis,26.8,12/30/1899 5:10:00 PM
"Purdy, Lueilwitz and Simonis","8000 Maryland Ave Ste 1060, Saint Louis, MO, 63105",Leigha Rodgers,"8710 Eulalie Ave, Brentwood, MO, 63144",Sales,St. Louis,2.6,12/30/1899 3:51:00 PM
Boyer-Macejkovic,"10725 Manchester Rd, Saint Louis, MO, 63122",Leigha Rodgers,"8710 Eulalie Ave, Brentwood, MO, 63144",Sales,St. Louis,3.9,12/30/1899 12:15:00 PM
Boyer-Macejkovic,"10725 Manchester Rd, Saint Louis, MO, 63122",Leigha Rodgers,"8710 Eulalie Ave, Brentwood, MO, 63144",Sales,St. Louis,3.9,12/30/1899 1:10:00 PM
Boyer-Macejkovic,"10725 Manchester Rd, Saint Louis, MO, 63122",Leigha Rodgers,"8710 Eulalie Ave, Brentwood, MO, 63144",Sales,St. Louis,3.9,12/30/1899 4:25:00 PM
Shanahan-Windler,"6440 Chippewa St, Saint Louis, MO, 63109",Leigha Rodgers,"8710 Eulalie Ave, Brentwood, MO, 63144",Sales,St. Louis,4.2,12/30/1899 5:15:00 PM
"Streich, Schultz and DuBuque","8050 Watson Rd, Saint Louis, MO, 63119",Leigha Rodgers,"8710 Eulalie Ave, Brentwood, MO, 63144",Sales,St. Louis,4.3,12/30/1899 10:07:00 AM
"Jaskolski, Heaney and Smith","5415 Hampton Ave, Saint Louis, MO, 63109",Leigha Rodgers,"8710 Eulalie Ave, Brentwood, MO, 63144",Sales,St. Louis,5,12/30/1899 2:21:00 PM
"Wolf, Lindgren and Zemlak","5501 Pershing Ave, Saint Louis, MO, 63112",Leigha Rodgers,"8710 Eulalie Ave, Brentwood, MO, 63144",Sales,St. Louis,6.5,12/30/1899 3:33:00 PM
Wolf Group,"1033 Corporate Square Dr, Saint Louis, MO, 63132",Leigha Rodgers,"8710 Eulalie Ave, Brentwood, MO, 63144",Sales,St. Louis,6.7,12/30/1899 8:32:00 AM
Lang LLC,"10000 Page Ave, Saint Louis, MO, 63132",Leigha Rodgers,"8710 Eulalie Ave, Brentwood, MO, 63144",Sales,St. Louis,6.9,12/30/1899 10:47:00 AM
Sawayn-Schamberger,"11404 Gravois Rd, Saint Louis, MO, 63126",Leigha Rodgers,"8710 Eulalie Ave, Brentwood, MO, 63144",Sales,St. Louis,7.4,12/30/1899 9:57:00 AM
"Kub, Reichert and Boyer","105 Concord Plaza Shopping Ctr, Saint Louis, MO, 63128",Leigha Rodgers,"8710 Eulalie Ave, Brentwood, MO, 63144",Sales,St. Louis,7.9,12/30/1899 4:16:00 PM
Shields Inc,"3146 Locust St Ste. 200, Saint Louis, MO, 63103",Leigha Rodgers,"8710 Eulalie Ave, Brentwood, MO, 63144",Sales,St. Louis,8.1,12/30/1899 10:10:00 AM
Bernier-Sanford,"2315 Pine St, Saint Louis, MO, 63103",Leigha Rodgers,"8710 Eulalie Ave, Brentwood, MO, 63144",Sales,St. Louis,8.6,12/30/1899 12:23:00 PM
"Mosciski, Wilderman and Oberbrunner","2308 S Grand Blvd, Saint Louis, MO, 63104",Leigha Rodgers,"8710 Eulalie Ave, Brentwood, MO, 63144",Sales,St. Louis,8.8,12/30/1899 12:22:00 PM
"Mosciski, Wilderman and Oberbrunner","2308 S Grand Blvd, Saint Louis, MO, 63104",Leigha Rodgers,"8710 Eulalie Ave, Brentwood, MO, 63144",Sales,St. Louis,8.8,12/30/1899 2:21:00 PM
Stracke and Sons,"3901 Union Blvd, Saint Louis, MO, 63115",Leigha Rodgers,"8710 Eulalie Ave, Brentwood, MO, 63144",Sales,St. Louis,9.4,12/30/1899 8:32:00 AM
Stracke and Sons,"3901 Union Blvd, Saint Louis, MO, 63115",Leigha Rodgers,"8710 Eulalie Ave, Brentwood, MO, 63144",Sales,St. Louis,9.4,12/30/1899 12:19:00 PM
Stracke and Sons,"3901 Union Blvd, Saint Louis, MO, 63115",Leigha Rodgers,"8710 Eulalie Ave, Brentwood, MO, 63144",Sales,St. Louis,9.4,12/30/1899 1:41:00 PM
Stehr Group,"415 S 18th St, Saint Louis, MO, 63103",Leigha Rodgers,"8710 Eulalie Ave, Brentwood, MO, 63144",Sales,St. Louis,9.7,12/30/1899 3:21:00 PM
Lemke Inc,"1617 Locust St, Saint Louis, MO, 63103",Leigha Rodgers,"8710 Eulalie Ave, Brentwood, MO, 63144",Sales,St. Louis,9.8,12/30/1899 2:36:00 PM
Rath-Friesen,"911 Washington Avenue Suite 501, Saint Louis, MO, 63101",Leigha Rodgers,"8710 Eulalie Ave, Brentwood, MO, 63144",Sales,St. Louis,9.9,12/30/1899 10:18:00 AM
Pacocha Inc,"211 N Broadway Ste 600, Saint Louis, MO, 63102",Leigha Rodgers,"8710 Eulalie Ave, Brentwood, MO, 63144",Sales,St. Louis,10.1,12/30/1899 9:22:00 AM
Carroll-Daniel,"11964 Niehaus Ln, Saint Louis, MO, 63146",Leigha Rodgers,"8710 Eulalie Ave, Brentwood, MO, 63144",Sales,St. Louis,10.2,12/30/1899 4:18:00 PM
Treutel-Kautzer,"2732 S 13th St, Saint Louis, MO, 63118",Leigha Rodgers,"8710 Eulalie Ave, Brentwood, MO, 63144",Sales,St. Louis,10.5,12/30/1899 8:10:00 AM
Goldner-Lind,"710 N 2nd St Ste 200s, Saint Louis, MO, 63102",Leigha Rodgers,"8710 Eulalie Ave, Brentwood, MO, 63144",Sales,St. Louis,10.7,12/30/1899 1:58:00 PM
Kautzer Inc,"600 Martin Luther King Dr, East Saint Louis, IL, 62201",Leigha Rodgers,"8710 Eulalie Ave, Brentwood, MO, 63144",Sales,St. Louis,12.3,12/30/1899 8:16:00 AM
Kautzer Inc,"600 Martin Luther King Dr, East Saint Louis, IL, 62201",Leigha Rodgers,"8710 Eulalie Ave, Brentwood, MO, 63144",Sales,St. Louis,12.3,12/30/1899 1:28:00 PM
"Lemke, Turcotte and Waters","11710 Administration Dr, Saint Louis, MO, 63146",Leigha Rodgers,"8710 Eulalie Ave, Brentwood, MO, 63144",Sales,St. Louis,12.6,12/30/1899 5:35:00 PM
MacGyver-Rutherford,"3917 Mississippi Ave, East Saint Louis, IL, 62206",Leigha Rodgers,"8710 Eulalie Ave, Brentwood, MO, 63144",Sales,St. Louis,13.5,12/30/1899 10:20:00 AM
"Champlin, Ebert and Brekke","813 Upper Cahokia Rd, East Saint Louis, IL, 62206",Leigha Rodgers,"8710 Eulalie Ave, Brentwood, MO, 63144",Sales,St. Louis,13.8,12/30/1899 11:08:00 AM
Vandervort-Cormier,"1606 State St, East Saint Louis, IL, 62205",Leigha Rodgers,"8710 Eulalie Ave, Brentwood, MO, 63144",Sales,St. Louis,14.4,12/30/1899 3:04:00 PM
Vandervort-Cormier,"1606 State St, East Saint Louis, IL, 62205",Leigha Rodgers,"8710 Eulalie Ave, Brentwood, MO, 63144",Sales,St. Louis,14.4,12/30/1899 4:15:00 PM
"Crist, Gulgowski and Schulist","1 Saint Luke Ct, East Saint Louis, IL, 62206",Leigha Rodgers,"8710 Eulalie Ave, Brentwood, MO, 63144",Sales,St. Louis,15.4,12/30/1899 8:40:00 AM
"Crist, Gulgowski and Schulist","1 Saint Luke Ct, East Saint Louis, IL, 62206",Leigha Rodgers,"8710 Eulalie Ave, Brentwood, MO, 63144",Sales,St. Louis,15.4,12/30/1899 9:13:00 AM
"Runolfsson, Swaniawski and Baumbach","10041 Lewis And Clark Blvd Suite 3126, Saint Louis, MO, 63136",Leigha Rodgers,"8710 Eulalie Ave, Brentwood, MO, 63144",Sales,St. Louis,15.7,12/30/1899 8:29:00 AM
"Rolfson, McCullough and Ullrich","3808 Cookson Rd, East Saint Louis, IL, 62201",Leigha Rodgers,"8710 Eulalie Ave, Brentwood, MO, 63144",Sales,St. Louis,15.8,12/30/1899 4:44:00 PM
"Bayer, Gerhold and Bogisich","4300 Church Rd, East Saint Louis, IL, 62207",Leigha Rodgers,"8710 Eulalie Ave, Brentwood, MO, 63144",Sales,St. Louis,16.1,12/30/1899 10:00:00 AM
"Pfeffer, Jacobi and Rice","4601 State St, East Saint Louis, IL, 62205",Leigha Rodgers,"8710 Eulalie Ave, Brentwood, MO, 63144",Sales,St. Louis,16.3,12/30/1899 1:20:00 PM
Conroy-O'Hara,"5506 Caseyville Ave, East Saint Louis, IL, 62204",Leigha Rodgers,"8710 Eulalie Ave, Brentwood, MO, 63144",Sales,St. Louis,16.7,12/30/1899 8:39:00 AM
"Lind, Kertzmann and Lebsack","140 Cliff Cave Rd Ste 102, Saint Louis, MO, 63129",Leigha Rodgers,"8710 Eulalie Ave, Brentwood, MO, 63144",Sales,St. Louis,17.3,12/30/1899 2:23:00 PM
"Cummings, Dare and Labadie","820 N 33rd St, East Saint Louis, IL, 62205",Mikhail Vaughan,"788 Alhambra Ct, East St Louis, IL, 62205",Sales,St. Louis,0.2,12/30/1899 12:33:00 PM
"Cummings, Dare and Labadie","820 N 33rd St, East Saint Louis, IL, 62205",Mikhail Vaughan,"788 Alhambra Ct, East St Louis, IL, 62205",Sales,St. Louis,0.2,12/30/1899 1:12:00 PM
McLaughlin-Hirthe,"2701 State St, East Saint Louis, IL, 62205",Mikhail Vaughan,"788 Alhambra Ct, East St Louis, IL, 62205",Sales,St. Louis,0.8,12/30/1899 2:35:00 PM
"Pfeffer, Jacobi and Rice","4601 State St, East Saint Louis, IL, 62205",Mikhail Vaughan,"788 Alhambra Ct, East St Louis, IL, 62205",Sales,St. Louis,1,12/30/1899 1:31:00 PM
"Klocko, Cormier and Green","412 Missouri Ave, East Saint Louis, IL, 62201",Mikhail Vaughan,"788 Alhambra Ct, East St Louis, IL, 62205",Sales,St. Louis,3.4,12/30/1899 9:09:00 AM
"Okuneva, Walsh and Olson","345 Missouri Ave, East Saint Louis, IL, 62201",Mikhail Vaughan,"788 Alhambra Ct, East St Louis, IL, 62205",Sales,St. Louis,3.4,12/30/1899 3:46:00 PM
Morar-Torphy,"699 State Route 203, East Saint Louis, IL, 62201",Mikhail Vaughan,"788 Alhambra Ct, East St Louis, IL, 62205",Sales,St. Louis,4.1,12/30/1899 5:51:00 PM
"Bayer, Gerhold and Bogisich","4300 Church Rd, East Saint Louis, IL, 62207",Mikhail Vaughan,"788 Alhambra Ct, East St Louis, IL, 62205",Sales,St. Louis,4.8,12/30/1899 8:29:00 AM
"Schaefer, Fisher and Hessel","2001 Mississippi Ave, East Saint Louis, IL, 62201",Mikhail Vaughan,"788 Alhambra Ct, East St Louis, IL, 62205",Sales,St. Louis,4.8,12/30/1899 9:44:00 AM
"Schaefer, Fisher and Hessel","2001 Mississippi Ave, East Saint Louis, IL, 62201",Mikhail Vaughan,"788 Alhambra Ct, East St Louis, IL, 62205",Sales,St. Louis,4.8,12/30/1899 3:27:00 PM
Goldner-Lind,"710 N 2nd St Ste 200s, Saint Louis, MO, 63102",Mikhail Vaughan,"788 Alhambra Ct, East St Louis, IL, 62205",Sales,St. Louis,5,12/30/1899 10:50:00 AM
Feil-Braun,"712 N 2nd St, Saint Louis, MO, 63102",Mikhail Vaughan,"788 Alhambra Ct, East St Louis, IL, 62205",Sales,St. Louis,5,12/30/1899 10:54:00 AM
"Towne, Barrows and Reinger","1 US Bank Plz Building, Saint Louis, MO, 63101",Mikhail Vaughan,"788 Alhambra Ct, East St Louis, IL, 62205",Sales,St. Louis,5,12/30/1899 2:09:00 PM
Schumm Group,"801 N 2nd St, Saint Louis, MO, 63102",Mikhail Vaughan,"788 Alhambra Ct, East St Louis, IL, 62205",Sales,St. Louis,5,12/30/1899 2:29:00 PM
Friesen and Sons,"707 N 2nd St, Saint Louis, MO, 63102",Mikhail Vaughan,"788 Alhambra Ct, East St Louis, IL, 62205",Sales,St. Louis,5,12/30/1899 3:07:00 PM
Weimann Inc,"911 Locust St Apt 103, Saint Louis, MO, 63101",Mikhail Vaughan,"788 Alhambra Ct, East St Louis, IL, 62205",Sales,St. Louis,5.4,12/30/1899 8:32:00 AM
Steuber-Rippin,"701 Market St Ste 1100, Saint Louis, MO, 63101",Mikhail Vaughan,"788 Alhambra Ct, East St Louis, IL, 62205",Sales,St. Louis,6.3,12/30/1899 3:18:00 PM
Keebler-Emard,"1518 Washington Ave Ste 102, Saint Louis, MO, 63103",Mikhail Vaughan,"788 Alhambra Ct, East St Louis, IL, 62205",Sales,St. Louis,6.5,12/30/1899 3:29:00 PM
Treutel-Kautzer,"2732 S 13th St, Saint Louis, MO, 63118",Mikhail Vaughan,"788 Alhambra Ct, East St Louis, IL, 62205",Sales,St. Louis,7.4,12/30/1899 2:44:00 PM
Bernier-Sanford,"2315 Pine St, Saint Louis, MO, 63103",Mikhail Vaughan,"788 Alhambra Ct, East St Louis, IL, 62205",Sales,St. Louis,7.5,12/30/1899 1:30:00 PM
Kris and Sons,"414 Range Ln, East Saint Louis, IL, 62206",Mikhail Vaughan,"788 Alhambra Ct, East St Louis, IL, 62205",Sales,St. Louis,8.4,12/30/1899 11:41:00 AM
Maggio Group,"2311 Cherokee St, Saint Louis, MO, 63118",Mikhail Vaughan,"788 Alhambra Ct, East St Louis, IL, 62205",Sales,St. Louis,8.7,12/30/1899 5:56:00 PM
"Crist, Gulgowski and Schulist","1 Saint Luke Ct, East Saint Louis, IL, 62206",Mikhail Vaughan,"788 Alhambra Ct, East St Louis, IL, 62205",Sales,St. Louis,8.9,12/30/1899 10:05:00 AM
Roob Inc,"4028 N Kingshighway Blvd, Saint Louis, MO, 63115",Mikhail Vaughan,"788 Alhambra Ct, East St Louis, IL, 62205",Sales,St. Louis,10.7,12/30/1899 11:38:00 AM
Reichert-Sawayn,"1300 Hampton Ave, Saint Louis, MO, 63139",Mikhail Vaughan,"788 Alhambra Ct, East St Louis, IL, 62205",Sales,St. Louis,11.2,12/30/1899 5:58:00 PM
Shanahan-Windler,"6440 Chippewa St, Saint Louis, MO, 63109",Mikhail Vaughan,"788 Alhambra Ct, East St Louis, IL, 62205",Sales,St. Louis,13.7,12/30/1899 8:00:00 AM
"Kris, Runolfsson and Becker","87 Brentwood Promenade Ct, Saint Louis, MO, 63144",Mikhail Vaughan,"788 Alhambra Ct, East St Louis, IL, 62205",Sales,St. Louis,14.4,12/30/1899 2:33:00 PM
"Douglas, Stracke and Rolfson","8229 Clayton Rd Ste 200b, Saint Louis, MO, 63117",Mikhail Vaughan,"788 Alhambra Ct, East St Louis, IL, 62205",Sales,St. Louis,16.5,12/30/1899 11:42:00 AM
Daugherty Inc,"4146 Crescent Dr, Saint Louis, MO, 63129",Mikhail Vaughan,"788 Alhambra Ct, East St Louis, IL, 62205",Sales,St. Louis,17.5,12/30/1899 12:44:00 PM
"Wilkinson, Bogan and Buckridge","9648 Olive Blvd, Saint Louis, MO, 63132",Mikhail Vaughan,"788 Alhambra Ct, East St Louis, IL, 62205",Sales,St. Louis,18.7,12/30/1899 10:07:00 AM
"Mitchell, Harris and Wisoky","325 N Kirkwood Rd Ste 200, Saint Louis, MO, 63122",Mikhail Vaughan,"788 Alhambra Ct, East St Louis, IL, 62205",Sales,St. Louis,19.1,12/30/1899 11:20:00 AM
"Hudson, Dickinson and Crooks","117 N Kirkwood Rd Ste 201, Saint Louis, MO, 63122",Mikhail Vaughan,"788 Alhambra Ct, East St Louis, IL, 62205",Sales,St. Louis,19.1,12/30/1899 3:21:00 PM
Denesik-Koepp,"9567 Page Ave, Saint Louis, MO, 63132",Mikhail Vaughan,"788 Alhambra Ct, East St Louis, IL, 62205",Sales,St. Louis,19.2,12/30/1899 10:21:00 AM
Koepp and Sons,"10805 Sunset Office Dr Ste 300, Saint Louis, MO, 63127",Mikhail Vaughan,"788 Alhambra Ct, East St Louis, IL, 62205",Sales,St. Louis,19.6,12/30/1899 9:22:00 AM
Boyer-Macejkovic,"10725 Manchester Rd, Saint Louis, MO, 63122",Mikhail Vaughan,"788 Alhambra Ct, East St Louis, IL, 62205",Sales,St. Louis,20,12/30/1899 11:47:00 AM
Boyer-Macejkovic,"10725 Manchester Rd, Saint Louis, MO, 63122",Mikhail Vaughan,"788 Alhambra Ct, East St Louis, IL, 62205",Sales,St. Louis,20,12/30/1899 1:17:00 PM
"Gusikowski, Green and Hills","10920 Schuetz Rd Ste. 4, Saint Louis, MO, 63146",Mikhail Vaughan,"788 Alhambra Ct, East St Louis, IL, 62205",Sales,St. Louis,21,12/30/1899 11:49:00 AM
Mraz-Witting,"11951 Devonshire Ave, Saint Louis, MO, 63131",Mikhail Vaughan,"788 Alhambra Ct, East St Louis, IL, 62205",Sales,St. Louis,23.3,12/30/1899 10:09:00 AM
Smith-Hessel,"12647 Olive Blvd Ste 120, Saint Louis, MO, 63141",Mikhail Vaughan,"788 Alhambra Ct, East St Louis, IL, 62205",Sales,St. Louis,23.5,12/30/1899 9:06:00 AM
"Streich, Schultz and DuBuque","8050 Watson Rd, Saint Louis, MO, 63119",Najma Grey,"9444 Brenda Ave, St. Louis, MO, 63123",Sales,St. Louis,2.6,12/30/1899 8:01:00 AM
"Kub, Reichert and Boyer","105 Concord Plaza Shopping Ctr, Saint Louis, MO, 63128",Najma Grey,"9444 Brenda Ave, St. Louis, MO, 63123",Sales,St. Louis,3,12/30/1899 8:41:00 AM
"Ondricka, Murray and Maggio","8645 S Broadway, Saint Louis, MO, 63111",Najma Grey,"9444 Brenda Ave, St. Louis, MO, 63123",Sales,St. Louis,5.4,12/30/1899 12:45:00 PM
"Ondricka, Murray and Maggio","8645 S Broadway, Saint Louis, MO, 63111",Najma Grey,"9444 Brenda Ave, St. Louis, MO, 63123",Sales,St. Louis,5.4,12/30/1899 5:19:00 PM
Hahn-Zulauf,"6717 Waldemar Ave, Saint Louis, MO, 63139",Najma Grey,"9444 Brenda Ave, St. Louis, MO, 63123",Sales,St. Louis,5.7,12/30/1899 10:09:00 AM
Mosciski Inc,"1334 Strassner Dr, Saint Louis, MO, 63144",Najma Grey,"9444 Brenda Ave, St. Louis, MO, 63123",Sales,St. Louis,6.5,12/30/1899 5:22:00 PM
"Lynch, Mayert and Mante","8812 Madge Ave, Saint Louis, MO, 63144",Najma Grey,"9444 Brenda Ave, St. Louis, MO, 63123",Sales,St. Louis,6.7,12/30/1899 5:41:00 PM
Lueilwitz-Rosenbaum,"1928 S Broadway, Saint Louis, MO, 63104",Najma Grey,"9444 Brenda Ave, St. Louis, MO, 63123",Sales,St. Louis,10,12/30/1899 1:36:00 PM
Lueilwitz-Rosenbaum,"1928 S Broadway, Saint Louis, MO, 63104",Najma Grey,"9444 Brenda Ave, St. Louis, MO, 63123",Sales,St. Louis,10,12/30/1899 2:50:00 PM
Kreiger-Kuphal,"5600 Delmar Blvd, Saint Louis, MO, 63112",Najma Grey,"9444 Brenda Ave, St. Louis, MO, 63123",Sales,St. Louis,11.3,12/30/1899 4:04:00 PM
Keebler-Emard,"1518 Washington Ave Ste 102, Saint Louis, MO, 63103",Najma Grey,"9444 Brenda Ave, St. Louis, MO, 63123",Sales,St. Louis,11.6,12/30/1899 11:46:00 AM
Welch-Oberbrunner,"100 S 4th St, Saint Louis, MO, 63102",Najma Grey,"9444 Brenda Ave, St. Louis, MO, 63123",Sales,St. Louis,11.6,12/30/1899 4:56:00 PM
Welch-Oberbrunner,"100 S 4th St, Saint Louis, MO, 63102",Najma Grey,"9444 Brenda Ave, St. Louis, MO, 63123",Sales,St. Louis,11.6,12/30/1899 5:02:00 PM
DuBuque Inc,"906 Olive St Ste 540, Saint Louis, MO, 63101",Najma Grey,"9444 Brenda Ave, St. Louis, MO, 63123",Sales,St. Louis,11.7,12/30/1899 5:39:00 PM
Pacocha Inc,"211 N Broadway Ste 600, Saint Louis, MO, 63102",Najma Grey,"9444 Brenda Ave, St. Louis, MO, 63123",Sales,St. Louis,11.8,12/30/1899 10:40:00 AM
Cronin-Schuppe,"211 N Broadway Ste 2060, Saint Louis, MO, 63102",Najma Grey,"9444 Brenda Ave, St. Louis, MO, 63123",Sales,St. Louis,11.8,12/30/1899 2:32:00 PM
Pacocha Inc,"211 N Broadway Ste 600, Saint Louis, MO, 63102",Najma Grey,"9444 Brenda Ave, St. Louis, MO, 63123",Sales,St. Louis,11.8,12/30/1899 4:45:00 PM
"Towne, Barrows and Reinger","1 US Bank Plz Building, Saint Louis, MO, 63101",Najma Grey,"9444 Brenda Ave, St. Louis, MO, 63123",Sales,St. Louis,12.2,12/30/1899 9:54:00 AM
Dach-Marquardt,"701 Convention Plz, Saint Louis, MO, 63101",Najma Grey,"9444 Brenda Ave, St. Louis, MO, 63123",Sales,St. Louis,12.2,12/30/1899 10:31:00 AM
Friesen and Sons,"707 N 2nd St, Saint Louis, MO, 63102",Najma Grey,"9444 Brenda Ave, St. Louis, MO, 63123",Sales,St. Louis,12.2,12/30/1899 1:32:00 PM
Dach-Marquardt,"701 Convention Plz, Saint Louis, MO, 63101",Najma Grey,"9444 Brenda Ave, St. Louis, MO, 63123",Sales,St. Louis,12.2,12/30/1899 2:06:00 PM
Feil-Braun,"712 N 2nd St, Saint Louis, MO, 63102",Najma Grey,"9444 Brenda Ave, St. Louis, MO, 63123",Sales,St. Louis,12.2,12/30/1899 2:33:00 PM
"McKenzie, Funk and Stark","10434 Page Ave, Saint Louis, MO, 63132",Najma Grey,"9444 Brenda Ave, St. Louis, MO, 63123",Sales,St. Louis,13.9,12/30/1899 12:14:00 PM
"Gusikowski, Green and Hills","10920 Schuetz Rd Ste. 4, Saint Louis, MO, 63146",Najma Grey,"9444 Brenda Ave, St. Louis, MO, 63123",Sales,St. Louis,14.6,12/30/1899 1:12:00 PM
Altenwerth-Conroy,"3234 Vector Dr, East Saint Louis, IL, 62206",Najma Grey,"9444 Brenda Ave, St. Louis, MO, 63123",Sales,St. Louis,15.6,12/30/1899 10:50:00 AM
Hilll-Steuber,"540 Wimmer Pl, East Saint Louis, IL, 62205",Najma Grey,"9444 Brenda Ave, St. Louis, MO, 63123",Sales,St. Louis,15.9,12/30/1899 8:58:00 AM
Hilll-Steuber,"540 Wimmer Pl, East Saint Louis, IL, 62205",Najma Grey,"9444 Brenda Ave, St. Louis, MO, 63123",Sales,St. Louis,15.9,12/30/1899 12:17:00 PM
"Schaefer, Fisher and Hessel","2001 Mississippi Ave, East Saint Louis, IL, 62201",Najma Grey,"9444 Brenda Ave, St. Louis, MO, 63123",Sales,St. Louis,16.3,12/30/1899 10:29:00 AM
"Cummings, Dare and Labadie","820 N 33rd St, East Saint Louis, IL, 62205",Najma Grey,"9444 Brenda Ave, St. Louis, MO, 63123",Sales,St. Louis,16.5,12/30/1899 10:08:00 AM
Barton Group,"1493 Camp Jackson Rd, East Saint Louis, IL, 62206",Najma Grey,"9444 Brenda Ave, St. Louis, MO, 63123",Sales,St. Louis,17.6,12/30/1899 9:24:00 AM
"Pfeffer, Jacobi and Rice","4601 State St, East Saint Louis, IL, 62205",Najma Grey,"9444 Brenda Ave, St. Louis, MO, 63123",Sales,St. Louis,17.7,12/30/1899 11:58:00 AM
Rutherford-Erdman,"12545 Olive Blvd Suite 107, Saint Louis, MO, 63141",Najma Grey,"9444 Brenda Ave, St. Louis, MO, 63123",Sales,St. Louis,17.7,12/30/1899 5:34:00 PM
Smith-Hessel,"12647 Olive Blvd Ste 120, Saint Louis, MO, 63141",Najma Grey,"9444 Brenda Ave, St. Louis, MO, 63123",Sales,St. Louis,17.9,12/30/1899 11:51:00 AM
"Wolf, Lindgren and Zemlak","5501 Pershing Ave, Saint Louis, MO, 63112",Penny Hamilton,"5597 Lindell Blvd, St. Louis, MO, 63112",Sales,St. Louis,0.9,12/30/1899 3:36:00 PM
Bernhard and Sons,"1015a N Grand Blvd, Saint Louis, MO, 63106",Penny Hamilton,"5597 Lindell Blvd, St. Louis, MO, 63112",Sales,St. Louis,3.2,12/30/1899 12:09:00 PM
Reichert-Sawayn,"1300 Hampton Ave, Saint Louis, MO, 63139",Penny Hamilton,"5597 Lindell Blvd, St. Louis, MO, 63112",Sales,St. Louis,3.4,12/30/1899 10:38:00 AM
Kozey Group,"7777 Bonhomme Ave Ste 1910, Saint Louis, MO, 63105",Penny Hamilton,"5597 Lindell Blvd, St. Louis, MO, 63112",Sales,St. Louis,3.4,12/30/1899 5:35:00 PM
Mills Group,"101 S Hanley Rd Ste 1350, Saint Louis, MO, 63105",Penny Hamilton,"5597 Lindell Blvd, St. Louis, MO, 63112",Sales,St. Louis,3.5,12/30/1899 4:15:00 PM
Roob Inc,"4028 N Kingshighway Blvd, Saint Louis, MO, 63115",Penny Hamilton,"5597 Lindell Blvd, St. Louis, MO, 63112",Sales,St. Louis,3.7,12/30/1899 2:24:00 PM
Corkery-Marquardt,"7503 Big Bend Blvd, Saint Louis, MO, 63119",Penny Hamilton,"5597 Lindell Blvd, St. Louis, MO, 63112",Sales,St. Louis,5.1,12/30/1899 10:56:00 AM
Prosacco-Gerlach,"8224 Manchester Rd Ste 200, Saint Louis, MO, 63144",Penny Hamilton,"5597 Lindell Blvd, St. Louis, MO, 63112",Sales,St. Louis,5.3,12/30/1899 1:36:00 PM
Shanahan-Windler,"6440 Chippewa St, Saint Louis, MO, 63109",Penny Hamilton,"5597 Lindell Blvd, St. Louis, MO, 63112",Sales,St. Louis,5.5,12/30/1899 5:20:00 PM
"Jaskolski, Heaney and Smith","5415 Hampton Ave, Saint Louis, MO, 63109",Penny Hamilton,"5597 Lindell Blvd, St. Louis, MO, 63112",Sales,St. Louis,6.3,12/30/1899 5:04:00 PM
"Towne, Barrows and Reinger","1 US Bank Plz Building, Saint Louis, MO, 63101",Penny Hamilton,"5597 Lindell Blvd, St. Louis, MO, 63112",Sales,St. Louis,6.8,12/30/1899 3:08:00 PM
Schumm Group,"801 N 2nd St, Saint Louis, MO, 63102",Penny Hamilton,"5597 Lindell Blvd, St. Louis, MO, 63112",Sales,St. Louis,7,12/30/1899 10:03:00 AM
"Wilkinson, Bogan and Buckridge","9648 Olive Blvd, Saint Louis, MO, 63132",Penny Hamilton,"5597 Lindell Blvd, St. Louis, MO, 63112",Sales,St. Louis,7.3,12/30/1899 5:22:00 PM
"Okuneva, Walsh and Olson","345 Missouri Ave, East Saint Louis, IL, 62201",Penny Hamilton,"5597 Lindell Blvd, St. Louis, MO, 63112",Sales,St. Louis,8.2,12/30/1899 10:32:00 AM
Prosacco-Armstrong,"110 N Main St, East Saint Louis, IL, 62201",Penny Hamilton,"5597 Lindell Blvd, St. Louis, MO, 63112",Sales,St. Louis,8.2,12/30/1899 1:02:00 PM
Kautzer Inc,"600 Martin Luther King Dr, East Saint Louis, IL, 62201",Penny Hamilton,"5597 Lindell Blvd, St. Louis, MO, 63112",Sales,St. Louis,8.6,12/30/1899 9:08:00 AM
Blick Inc,"11100 Olive Blvd, Saint Louis, MO, 63141",Penny Hamilton,"5597 Lindell Blvd, St. Louis, MO, 63112",Sales,St. Louis,9.3,12/30/1899 4:03:00 PM
"Bauch, Koelpin and Hegmann","25 Ronnies Plz, Saint Louis, MO, 63126",Penny Hamilton,"5597 Lindell Blvd, St. Louis, MO, 63112",Sales,St. Louis,11.1,12/30/1899 12:32:00 PM
"Bauch, Koelpin and Hegmann","25 Ronnies Plz, Saint Louis, MO, 63126",Penny Hamilton,"5597 Lindell Blvd, St. Louis, MO, 63112",Sales,St. Louis,11.1,12/30/1899 4:36:00 PM
Koepp and Sons,"10805 Sunset Office Dr Ste 300, Saint Louis, MO, 63127",Penny Hamilton,"5597 Lindell Blvd, St. Louis, MO, 63112",Sales,St. Louis,11.2,12/30/1899 8:29:00 AM
McKenzie-Tremblay,"105 Concord Plaza Shopping Ctr Ste 211, Saint Louis, MO, 63128",Penny Hamilton,"5597 Lindell Blvd, St. Louis, MO, 63112",Sales,St. Louis,11.2,12/30/1899 3:19:00 PM
"Mitchell, Harris and Wisoky","325 N Kirkwood Rd Ste 200, Saint Louis, MO, 63122",Penny Hamilton,"5597 Lindell Blvd, St. Louis, MO, 63112",Sales,St. Louis,11.3,12/30/1899 3:32:00 PM
"Mitchell, Harris and Wisoky","325 N Kirkwood Rd Ste 200, Saint Louis, MO, 63122",Penny Hamilton,"5597 Lindell Blvd, St. Louis, MO, 63112",Sales,St. Louis,11.3,12/30/1899 4:15:00 PM
Barton Group,"1493 Camp Jackson Rd, East Saint Louis, IL, 62206",Penny Hamilton,"5597 Lindell Blvd, St. Louis, MO, 63112",Sales,St. Louis,11.9,12/30/1899 1:38:00 PM
"Klein, Anderson and Larkin","11012 Lin Valle Dr, Saint Louis, MO, 63123",Penny Hamilton,"5597 Lindell Blvd, St. Louis, MO, 63112",Sales,St. Louis,12.1,12/30/1899 8:15:00 AM
Pfannerstill LLC,"1630 Des Peres Rd Suite 210, Saint Louis, MO, 63131",Penny Hamilton,"5597 Lindell Blvd, St. Louis, MO, 63112",Sales,St. Louis,12.8,12/30/1899 11:53:00 AM
"Kub, Reichert and Boyer","105 Concord Plaza Shopping Ctr, Saint Louis, MO, 63128",Penny Hamilton,"5597 Lindell Blvd, St. Louis, MO, 63112",Sales,St. Louis,14.3,12/30/1899 9:50:00 AM
"Schultz, Kuhlman and Romaguera","8213 State St, East Saint Louis, IL, 62203",Penny Hamilton,"5597 Lindell Blvd, St. Louis, MO, 63112",Sales,St. Louis,15.4,12/30/1899 2:49:00 PM
Kunde Inc,"4631 Lemay Ferry Rd, Saint Louis, MO, 63129",Penny Hamilton,"5597 Lindell Blvd, St. Louis, MO, 63112",Sales,St. Louis,18.3,12/30/1899 11:16:00 AM
Rutherford-Erdman,"12545 Olive Blvd Suite 107, Saint Louis, MO, 63141",Raj Maguire,"822 Mary Jo Ln, Hazelwood, MO, 63042",Sales,St. Louis,11,12/30/1899 2:12:00 PM
"Runolfsson, Swaniawski and Baumbach","10041 Lewis And Clark Blvd Suite 3126, Saint Louis, MO, 63136",Raj Maguire,"822 Mary Jo Ln, Hazelwood, MO, 63042",Sales,St. Louis,11.1,12/30/1899 8:13:00 AM
Blick Inc,"11100 Olive Blvd, Saint Louis, MO, 63141",Raj Maguire,"822 Mary Jo Ln, Hazelwood, MO, 63042",Sales,St. Louis,11.3,12/30/1899 9:32:00 AM
Lang LLC,"10000 Page Ave, Saint Louis, MO, 63132",Raj Maguire,"822 Mary Jo Ln, Hazelwood, MO, 63042",Sales,St. Louis,12,12/30/1899 4:37:00 PM
Stracke and Sons,"3901 Union Blvd, Saint Louis, MO, 63115",Raj Maguire,"822 Mary Jo Ln, Hazelwood, MO, 63042",Sales,St. Louis,13.3,12/30/1899 4:03:00 PM
"Runte, Effertz and Barrows","13422 Clayton Rd Ste 220, Saint Louis, MO, 63131",Raj Maguire,"822 Mary Jo Ln, Hazelwood, MO, 63042",Sales,St. Louis,15,12/30/1899 11:02:00 AM
"Kris, Runolfsson and Becker","87 Brentwood Promenade Ct, Saint Louis, MO, 63144",Raj Maguire,"822 Mary Jo Ln, Hazelwood, MO, 63042",Sales,St. Louis,15.2,12/30/1899 3:05:00 PM
Mraz-Witting,"11951 Devonshire Ave, Saint Louis, MO, 63131",Raj Maguire,"822 Mary Jo Ln, Hazelwood, MO, 63042",Sales,St. Louis,15.7,12/30/1899 2:51:00 PM
Wuckert Group,"1 Brookings Dr, Saint Louis, MO, 63130",Raj Maguire,"822 Mary Jo Ln, Hazelwood, MO, 63042",Sales,St. Louis,16.1,12/30/1899 8:09:00 AM
Prohaska-White,"803 Lafayette Ave, Saint Louis, MO, 63119",Raj Maguire,"822 Mary Jo Ln, Hazelwood, MO, 63042",Sales,St. Louis,16.6,12/30/1899 5:12:00 PM
Bernhard and Sons,"1015a N Grand Blvd, Saint Louis, MO, 63106",Raj Maguire,"822 Mary Jo Ln, Hazelwood, MO, 63042",Sales,St. Louis,18,12/30/1899 8:09:00 AM
Reichert-Sawayn,"1300 Hampton Ave, Saint Louis, MO, 63139",Raj Maguire,"822 Mary Jo Ln, Hazelwood, MO, 63042",Sales,St. Louis,18.3,12/30/1899 10:07:00 AM
Friesen and Sons,"707 N 2nd St, Saint Louis, MO, 63102",Raj Maguire,"822 Mary Jo Ln, Hazelwood, MO, 63042",Sales,St. Louis,18.7,12/30/1899 3:03:00 PM
"White, Roberts and Gulgowski","710 N 2nd St, Saint Louis, MO, 63102",Raj Maguire,"822 Mary Jo Ln, Hazelwood, MO, 63042",Sales,St. Louis,18.7,12/30/1899 4:46:00 PM
Steuber-Rippin,"701 Market St Ste 1100, Saint Louis, MO, 63101",Raj Maguire,"822 Mary Jo Ln, Hazelwood, MO, 63042",Sales,St. Louis,19.3,12/30/1899 9:38:00 AM
"Ward, Schoen and Hirthe","10525 Big Bend Rd, Saint Louis, MO, 63122",Raj Maguire,"822 Mary Jo Ln, Hazelwood, MO, 63042",Sales,St. Louis,19.3,12/30/1899 2:54:00 PM
"Nader, Luettgen and Nitzsche","1706 5th St, Madison, IL, 62060",Raj Maguire,"822 Mary Jo Ln, Hazelwood, MO, 63042",Sales,St. Louis,19.5,12/30/1899 8:57:00 AM
Lemke Inc,"1617 Locust St, Saint Louis, MO, 63103",Raj Maguire,"822 Mary Jo Ln, Hazelwood, MO, 63042",Sales,St. Louis,19.6,12/30/1899 11:43:00 AM
"Olson, Torp and Kuhn","7253 Watson Rd, Saint Louis, MO, 63119",Raj Maguire,"822 Mary Jo Ln, Hazelwood, MO, 63042",Sales,St. Louis,19.7,12/30/1899 2:30:00 PM
Prosacco-Armstrong,"110 N Main St, East Saint Louis, IL, 62201",Raj Maguire,"822 Mary Jo Ln, Hazelwood, MO, 63042",Sales,St. Louis,21.4,12/30/1899 2:53:00 PM
"Kemmer, Daugherty and Shanahan","327 Missouri Ave, East Saint Louis, IL, 62201",Raj Maguire,"822 Mary Jo Ln, Hazelwood, MO, 63042",Sales,St. Louis,21.4,12/30/1899 3:10:00 PM
"Jaskolski, Heaney and Smith","5415 Hampton Ave, Saint Louis, MO, 63109",Raj Maguire,"822 Mary Jo Ln, Hazelwood, MO, 63042",Sales,St. Louis,21.5,12/30/1899 9:13:00 AM
Ratke Group,"750 Missouri Ave, East Saint Louis, IL, 62201",Raj Maguire,"822 Mary Jo Ln, Hazelwood, MO, 63042",Sales,St. Louis,21.7,12/30/1899 5:32:00 PM
Schaden-Walker,"9109 Watson Rd, Saint Louis, MO, 63126",Raj Maguire,"822 Mary Jo Ln, Hazelwood, MO, 63042",Sales,St. Louis,21.9,12/30/1899 1:23:00 PM
McGlynn-Gorczany,"1750 State St, East Saint Louis, IL, 62205",Raj Maguire,"822 Mary Jo Ln, Hazelwood, MO, 63042",Sales,St. Louis,21.9,12/30/1899 2:31:00 PM
Hilll-Steuber,"540 Wimmer Pl, East Saint Louis, IL, 62205",Raj Maguire,"822 Mary Jo Ln, Hazelwood, MO, 63042",Sales,St. Louis,22.1,12/30/1899 9:16:00 AM
"Yost, Vandervort and Swift","4438 Chippewa St., Saint Louis, MO, 63116",Raj Maguire,"822 Mary Jo Ln, Hazelwood, MO, 63042",Sales,St. Louis,22.1,12/30/1899 9:38:00 AM
"Hartmann, Heller and Hackett","11 Ohio St, East Saint Louis, IL, 62201",Raj Maguire,"822 Mary Jo Ln, Hazelwood, MO, 63042",Sales,St. Louis,22.5,12/30/1899 12:24:00 PM
Ferry-Schamberger,"2644 Saint Vincent Ave, Saint Louis, MO, 63104",Raj Maguire,"822 Mary Jo Ln, Hazelwood, MO, 63042",Sales,St. Louis,22.6,12/30/1899 1:52:00 PM
McLaughlin-Hirthe,"2701 State St, East Saint Louis, IL, 62205",Raj Maguire,"822 Mary Jo Ln, Hazelwood, MO, 63042",Sales,St. Louis,22.7,12/30/1899 5:56:00 PM
Kerluke LLC,"3915 Mississippi Ave, East Saint Louis, IL, 62206",Raj Maguire,"822 Mary Jo Ln, Hazelwood, MO, 63042",Sales,St. Louis,23,12/30/1899 1:37:00 PM
Stehr Group,"415 S 18th St, Saint Louis, MO, 63103",Raj Maguire,"822 Mary Jo Ln, Hazelwood, MO, 63042",Sales,St. Louis,23.1,12/30/1899 3:01:00 PM
Russel-Renner,"10 Archview Dr, East Saint Louis, IL, 62206",Raj Maguire,"822 Mary Jo Ln, Hazelwood, MO, 63042",Sales,St. Louis,23.8,12/30/1899 8:03:00 AM
Conroy-O'Hara,"5506 Caseyville Ave, East Saint Louis, IL, 62204",Raj Maguire,"822 Mary Jo Ln, Hazelwood, MO, 63042",Sales,St. Louis,24.4,12/30/1899 12:14:00 PM
"Sanford, Runolfsdottir and Oberbrunner","1110 Camp Jackson Rd, East Saint Louis, IL, 62206",Raj Maguire,"822 Mary Jo Ln, Hazelwood, MO, 63042",Sales,St. Louis,24.6,12/30/1899 8:35:00 AM
Stracke-Marks,"1 Annable Ct, East Saint Louis, IL, 62206",Raj Maguire,"822 Mary Jo Ln, Hazelwood, MO, 63042",Sales,St. Louis,24.6,12/30/1899 1:44:00 PM
"Sanford, Runolfsdottir and Oberbrunner","1110 Camp Jackson Rd, East Saint Louis, IL, 62206",Raj Maguire,"822 Mary Jo Ln, Hazelwood, MO, 63042",Sales,St. Louis,24.6,12/30/1899 2:26:00 PM
"Crist, Gulgowski and Schulist","1 Saint Luke Ct, East Saint Louis, IL, 62206",Raj Maguire,"822 Mary Jo Ln, Hazelwood, MO, 63042",Sales,St. Louis,24.9,12/30/1899 1:21:00 PM
"Monahan, Eichmann and Kuhn","5413 Sterling AVE, East Saint Louis, IL, 62207",Raj Maguire,"822 Mary Jo Ln, Hazelwood, MO, 63042",Sales,St. Louis,25.1,12/30/1899 2:21:00 PM
"Monahan, Eichmann and Kuhn","5413 Sterling AVE, East Saint Louis, IL, 62207",Raj Maguire,"822 Mary Jo Ln, Hazelwood, MO, 63042",Sales,St. Louis,25.1,12/30/1899 3:41:00 PM
"Schultz, Kuhlman and Romaguera","8213 State St, East Saint Louis, IL, 62203",Raj Maguire,"822 Mary Jo Ln, Hazelwood, MO, 63042",Sales,St. Louis,26.8,12/30/1899 10:43:00 AM
"Lind, Kertzmann and Lebsack","140 Cliff Cave Rd Ste 102, Saint Louis, MO, 63129",Raj Maguire,"822 Mary Jo Ln, Hazelwood, MO, 63042",Sales,St. Louis,28.9,12/30/1899 11:24:00 AM
"Crist, Gulgowski and Schulist","1 Saint Luke Ct, East Saint Louis, IL, 62206",Sabrina Kelly,"535 St Leo Dr, Cahokia, IL, 62206",Sales,St. Louis,0.9,12/30/1899 12:09:00 PM
"Champlin, Ebert and Brekke","813 Upper Cahokia Rd, East Saint Louis, IL, 62206",Sabrina Kelly,"535 St Leo Dr, Cahokia, IL, 62206",Sales,St. Louis,1.6,12/30/1899 4:40:00 PM
Jacobs-Stroman,"1234 Camp Jackson Rd, East Saint Louis, IL, 62206",Sabrina Kelly,"535 St Leo Dr, Cahokia, IL, 62206",Sales,St. Louis,2,12/30/1899 2:06:00 PM
Russel-Renner,"10 Archview Dr, East Saint Louis, IL, 62206",Sabrina Kelly,"535 St Leo Dr, Cahokia, IL, 62206",Sales,St. Louis,3.7,12/30/1899 10:44:00 AM
Ratke Group,"750 Missouri Ave, East Saint Louis, IL, 62201",Sabrina Kelly,"535 St Leo Dr, Cahokia, IL, 62206",Sales,St. Louis,5.4,12/30/1899 4:03:00 PM
Lueilwitz-Rosenbaum,"1928 S Broadway, Saint Louis, MO, 63104",Sabrina Kelly,"535 St Leo Dr, Cahokia, IL, 62206",Sales,St. Louis,6.3,12/30/1899 4:40:00 PM
Schumm Group,"801 N 2nd St, Saint Louis, MO, 63102",Sabrina Kelly,"535 St Leo Dr, Cahokia, IL, 62206",Sales,St. Louis,6.6,12/30/1899 5:53:00 PM
Gleichner-Bartell,"1214 N 18th St, East Saint Louis, IL, 62205",Sabrina Kelly,"535 St Leo Dr, Cahokia, IL, 62206",Sales,St. Louis,7.3,12/30/1899 8:46:00 AM
Gleichner-Bartell,"1214 N 18th St, East Saint Louis, IL, 62205",Sabrina Kelly,"535 St Leo Dr, Cahokia, IL, 62206",Sales,St. Louis,7.3,12/30/1899 12:20:00 PM
"Monahan, Eichmann and Kuhn","5413 Sterling AVE, East Saint Louis, IL, 62207",Sabrina Kelly,"535 St Leo Dr, Cahokia, IL, 62206",Sales,St. Louis,7.8,12/30/1899 4:43:00 PM
Batz Group,"2920 Ohio Ave, East Saint Louis, IL, 62205",Sabrina Kelly,"535 St Leo Dr, Cahokia, IL, 62206",Sales,St. Louis,8.2,12/30/1899 11:20:00 AM
McLaughlin-Hirthe,"2701 State St, East Saint Louis, IL, 62205",Sabrina Kelly,"535 St Leo Dr, Cahokia, IL, 62206",Sales,St. Louis,8.2,12/30/1899 2:30:00 PM
Bednar-Leannon,"640 N 61st St, East Saint Louis, IL, 62203",Sabrina Kelly,"535 St Leo Dr, Cahokia, IL, 62206",Sales,St. Louis,10.7,12/30/1899 8:21:00 AM
"McClure, Bode and Torphy","1327 Hampton Ave, Saint Louis, MO, 63139",Sabrina Kelly,"535 St Leo Dr, Cahokia, IL, 62206",Sales,St. Louis,10.8,12/30/1899 1:45:00 PM
"Wolf, Lindgren and Zemlak","5501 Pershing Ave, Saint Louis, MO, 63112",Sabrina Kelly,"535 St Leo Dr, Cahokia, IL, 62206",Sales,St. Louis,11,12/30/1899 4:17:00 PM
Kreiger-Kuphal,"5600 Delmar Blvd, Saint Louis, MO, 63112",Sabrina Kelly,"535 St Leo Dr, Cahokia, IL, 62206",Sales,St. Louis,11.6,12/30/1899 3:25:00 PM
Shanahan-Windler,"6440 Chippewa St, Saint Louis, MO, 63109",Sabrina Kelly,"535 St Leo Dr, Cahokia, IL, 62206",Sales,St. Louis,12.7,12/30/1899 12:20:00 PM
"Watsica, Gislason and Hirthe","1337 Strassner Dr, Saint Louis, MO, 63144",Sabrina Kelly,"535 St Leo Dr, Cahokia, IL, 62206",Sales,St. Louis,13.9,12/30/1899 8:07:00 AM
Kozey Group,"7777 Bonhomme Ave Ste 1910, Saint Louis, MO, 63105",Sabrina Kelly,"535 St Leo Dr, Cahokia, IL, 62206",Sales,St. Louis,14.5,12/30/1899 10:45:00 AM
"Bernhard, Quitzon and Jacobson","292 East Ave Ste 7, Saint Louis, MO, 63119",Sabrina Kelly,"535 St Leo Dr, Cahokia, IL, 62206",Sales,St. Louis,15.8,12/30/1899 2:01:00 PM
"Streich, Schultz and DuBuque","8050 Watson Rd, Saint Louis, MO, 63119",Sabrina Kelly,"535 St Leo Dr, Cahokia, IL, 62206",Sales,St. Louis,15.8,12/30/1899 3:47:00 PM
Bartoletti-Schulist,"34 N Gore Ave, Saint Louis, MO, 63119",Sabrina Kelly,"535 St Leo Dr, Cahokia, IL, 62206",Sales,St. Louis,16.6,12/30/1899 3:17:00 PM
"Hegmann, Stracke and Torp","11777 Gravois Rd, Saint Louis, MO, 63127",Sabrina Kelly,"535 St Leo Dr, Cahokia, IL, 62206",Sales,St. Louis,17.7,12/30/1899 12:01:00 PM
Lang LLC,"10000 Page Ave, Saint Louis, MO, 63132",Sabrina Kelly,"535 St Leo Dr, Cahokia, IL, 62206",Sales,St. Louis,19.4,12/30/1899 9:14:00 AM
"Boyer, Berge and Lesch","9016 Saint Charles Rock Rd, Saint Louis, MO, 63114",Sabrina Kelly,"535 St Leo Dr, Cahokia, IL, 62206",Sales,St. Louis,20.3,12/30/1899 8:21:00 AM
"Ondricka, Murray and Maggio","8645 S Broadway, Saint Louis, MO, 63111",Shanelle Durham,"7833 Carlsbad Dr, St. Louis, MO, 63123",Sales,St. Louis,2.3,12/30/1899 3:19:00 PM
"Rice, Lemke and McCullough","3444 S Jefferson Ave, Saint Louis, MO, 63118",Shanelle Durham,"7833 Carlsbad Dr, St. Louis, MO, 63123",Sales,St. Louis,5.2,12/30/1899 9:32:00 AM
Klein LLC,"7120 Manchester Ave, Saint Louis, MO, 63143",Shanelle Durham,"7833 Carlsbad Dr, St. Louis, MO, 63123",Sales,St. Louis,5.2,12/30/1899 12:21:00 PM
Reichert-Sawayn,"1300 Hampton Ave, Saint Louis, MO, 63139",Shanelle Durham,"7833 Carlsbad Dr, St. Louis, MO, 63123",Sales,St. Louis,5.3,12/30/1899 1:34:00 PM
Hahn-Zulauf,"6717 Waldemar Ave, Saint Louis, MO, 63139",Shanelle Durham,"7833 Carlsbad Dr, St. Louis, MO, 63123",Sales,St. Louis,5.4,12/30/1899 9:15:00 AM
Bosco Inc,"292 East Ave, Saint Louis, MO, 63119",Shanelle Durham,"7833 Carlsbad Dr, St. Louis, MO, 63123",Sales,St. Louis,5.7,12/30/1899 9:11:00 AM
Prosacco-Gerlach,"8224 Manchester Rd Ste 200, Saint Louis, MO, 63144",Shanelle Durham,"7833 Carlsbad Dr, St. Louis, MO, 63123",Sales,St. Louis,5.7,12/30/1899 11:41:00 AM
"Watsica, Gislason and Hirthe","1337 Strassner Dr, Saint Louis, MO, 63144",Shanelle Durham,"7833 Carlsbad Dr, St. Louis, MO, 63123",Sales,St. Louis,6.2,12/30/1899 11:52:00 AM
"Kris, Runolfsson and Becker","87 Brentwood Promenade Ct, Saint Louis, MO, 63144",Shanelle Durham,"7833 Carlsbad Dr, St. Louis, MO, 63123",Sales,St. Louis,6.5,12/30/1899 9:24:00 AM
Lueilwitz-Rosenbaum,"1928 S Broadway, Saint Louis, MO, 63104",Shanelle Durham,"7833 Carlsbad Dr, St. Louis, MO, 63123",Sales,St. Louis,7.1,12/30/1899 10:28:00 AM
Hills LLC,"9735 Landmark Parkway Dr, Saint Louis, MO, 63127",Shanelle Durham,"7833 Carlsbad Dr, St. Louis, MO, 63123",Sales,St. Louis,7.1,12/30/1899 1:38:00 PM
Kozey Group,"7777 Bonhomme Ave Ste 1910, Saint Louis, MO, 63105",Shanelle Durham,"7833 Carlsbad Dr, St. Louis, MO, 63123",Sales,St. Louis,7.8,12/30/1899 8:51:00 AM
Heathcote-Gutkowski,"4206 Consett Dr, Saint Louis, MO, 63129",Shanelle Durham,"7833 Carlsbad Dr, St. Louis, MO, 63123",Sales,St. Louis,8,12/30/1899 12:03:00 PM
Ferry-Schamberger,"2644 Saint Vincent Ave, Saint Louis, MO, 63104",Shanelle Durham,"7833 Carlsbad Dr, St. Louis, MO, 63123",Sales,St. Louis,8.2,12/30/1899 12:28:00 PM
"Mosciski, Wilderman and Oberbrunner","2308 S Grand Blvd, Saint Louis, MO, 63104",Shanelle Durham,"7833 Carlsbad Dr, St. Louis, MO, 63123",Sales,St. Louis,8.9,12/30/1899 3:31:00 PM
"Jenkins, Pollich and Cartwright","515 Olive St Ste 702, Saint Louis, MO, 63101",Shanelle Durham,"7833 Carlsbad Dr, St. Louis, MO, 63123",Sales,St. Louis,9,12/30/1899 11:01:00 AM
"Lind, Kertzmann and Lebsack","140 Cliff Cave Rd Ste 102, Saint Louis, MO, 63129",Shanelle Durham,"7833 Carlsbad Dr, St. Louis, MO, 63123",Sales,St. Louis,9.4,12/30/1899 8:52:00 AM
"Bernhard, Bechtelar and Shanahan","911 Washington Ave, Saint Louis, MO, 63101",Shanelle Durham,"7833 Carlsbad Dr, St. Louis, MO, 63123",Sales,St. Louis,9.4,12/30/1899 12:39:00 PM
Ratke Group,"750 Missouri Ave, East Saint Louis, IL, 62201",Shanelle Durham,"7833 Carlsbad Dr, St. Louis, MO, 63123",Sales,St. Louis,10.8,12/30/1899 4:49:00 PM
"Champlin, Ebert and Brekke","813 Upper Cahokia Rd, East Saint Louis, IL, 62206",Shanelle Durham,"7833 Carlsbad Dr, St. Louis, MO, 63123",Sales,St. Louis,12.4,12/30/1899 8:28:00 AM
"Schmitt, Klocko and Gutkowski","1798 Summit Ave, East Saint Louis, IL, 62205",Shanelle Durham,"7833 Carlsbad Dr, St. Louis, MO, 63123",Sales,St. Louis,12.5,12/30/1899 12:58:00 PM
"Schmitt, Klocko and Gutkowski","1798 Summit Ave, East Saint Louis, IL, 62205",Shanelle Durham,"7833 Carlsbad Dr, St. Louis, MO, 63123",Sales,St. Louis,12.5,12/30/1899 4:06:00 PM
Jacobs-Stroman,"1234 Camp Jackson Rd, East Saint Louis, IL, 62206",Shanelle Durham,"7833 Carlsbad Dr, St. Louis, MO, 63123",Sales,St. Louis,13.8,12/30/1899 4:46:00 PM
"Runte, Effertz and Barrows","13422 Clayton Rd Ste 220, Saint Louis, MO, 63131",Shanelle Durham,"7833 Carlsbad Dr, St. Louis, MO, 63123",Sales,St. Louis,15.9,12/30/1899 9:01:00 AM
Gaylord Group,"12647 Olive Blvd, Saint Louis, MO, 63141",Shanelle Durham,"7833 Carlsbad Dr, St. Louis, MO, 63123",Sales,St. Louis,21.7,12/30/1899 4:54:00 PM
"Lemke, Turcotte and Waters","11710 Administration Dr, Saint Louis, MO, 63146",Shanelle Durham,"7833 Carlsbad Dr, St. Louis, MO, 63123",Sales,St. Louis,23.9,12/30/1899 8:04:00 AM
"Olson, Torp and Kuhn","7253 Watson Rd, Saint Louis, MO, 63119",Skyla Mcgill,"6247 Pointview Ln, St. Louis, MO, 63123",Sales,St. Louis,1.1,12/30/1899 8:38:00 AM
Shanahan-Windler,"6440 Chippewa St, Saint Louis, MO, 63109",Skyla Mcgill,"6247 Pointview Ln, St. Louis, MO, 63123",Sales,St. Louis,2.1,12/30/1899 2:22:00 PM
"Yost, Vandervort and Swift","4438 Chippewa St., Saint Louis, MO, 63116",Skyla Mcgill,"6247 Pointview Ln, St. Louis, MO, 63123",Sales,St. Louis,3.9,12/30/1899 12:49:00 PM
Prohaska-White,"803 Lafayette Ave, Saint Louis, MO, 63119",Skyla Mcgill,"6247 Pointview Ln, St. Louis, MO, 63123",Sales,St. Louis,3.9,12/30/1899 5:40:00 PM
"Carroll, Carroll and Lindgren","15400 S Grand Blvd, Saint Louis, MO, 63111",Skyla Mcgill,"6247 Pointview Ln, St. Louis, MO, 63123",Sales,St. Louis,4.4,12/30/1899 10:51:00 AM
"Carroll, Carroll and Lindgren","15400 S Grand Blvd, Saint Louis, MO, 63111",Skyla Mcgill,"6247 Pointview Ln, St. Louis, MO, 63123",Sales,St. Louis,4.4,12/30/1899 3:47:00 PM
"Kub, Reichert and Boyer","105 Concord Plaza Shopping Ctr, Saint Louis, MO, 63128",Skyla Mcgill,"6247 Pointview Ln, St. Louis, MO, 63123",Sales,St. Louis,5.8,12/30/1899 11:59:00 AM
McKenzie-Tremblay,"105 Concord Plaza Shopping Ctr Ste 211, Saint Louis, MO, 63128",Skyla Mcgill,"6247 Pointview Ln, St. Louis, MO, 63123",Sales,St. Louis,5.8,12/30/1899 4:52:00 PM
"Rice, Lemke and McCullough","3444 S Jefferson Ave, Saint Louis, MO, 63118",Skyla Mcgill,"6247 Pointview Ln, St. Louis, MO, 63123",Sales,St. Louis,6.8,12/30/1899 1:00:00 PM
Boyer-Macejkovic,"10725 Manchester Rd, Saint Louis, MO, 63122",Skyla Mcgill,"6247 Pointview Ln, St. Louis, MO, 63123",Sales,St. Louis,8.3,12/30/1899 12:29:00 PM
Mraz-Witting,"11951 Devonshire Ave, Saint Louis, MO, 63131",Skyla Mcgill,"6247 Pointview Ln, St. Louis, MO, 63123",Sales,St. Louis,9.2,12/30/1899 8:34:00 AM
Mraz-Witting,"11951 Devonshire Ave, Saint Louis, MO, 63131",Skyla Mcgill,"6247 Pointview Ln, St. Louis, MO, 63123",Sales,St. Louis,9.2,12/30/1899 1:24:00 PM
"Krajcik, Legros and Anderson","2620 Samuel Shepard Dr, Saint Louis, MO, 63103",Skyla Mcgill,"6247 Pointview Ln, St. Louis, MO, 63123",Sales,St. Louis,10.2,12/30/1899 1:56:00 PM
"Spencer, Dickinson and Lakin","904 S 4th St, Saint Louis, MO, 63102",Skyla Mcgill,"6247 Pointview Ln, St. Louis, MO, 63123",Sales,St. Louis,11,12/30/1899 1:05:00 PM
Cronin-Schuppe,"211 N Broadway Ste 2060, Saint Louis, MO, 63102",Skyla Mcgill,"6247 Pointview Ln, St. Louis, MO, 63123",Sales,St. Louis,11.1,12/30/1899 8:30:00 AM
"Jenkins, Pollich and Cartwright","515 Olive St Ste 702, Saint Louis, MO, 63101",Skyla Mcgill,"6247 Pointview Ln, St. Louis, MO, 63123",Sales,St. Louis,11.2,12/30/1899 2:38:00 PM
"Jenkins, Pollich and Cartwright","515 Olive St Ste 702, Saint Louis, MO, 63101",Skyla Mcgill,"6247 Pointview Ln, St. Louis, MO, 63123",Sales,St. Louis,11.2,12/30/1899 5:05:00 PM
Goldner-Lind,"710 N 2nd St Ste 200s, Saint Louis, MO, 63102",Skyla Mcgill,"6247 Pointview Ln, St. Louis, MO, 63123",Sales,St. Louis,11.5,12/30/1899 9:23:00 AM
Dach-Marquardt,"701 Convention Plz, Saint Louis, MO, 63101",Skyla Mcgill,"6247 Pointview Ln, St. Louis, MO, 63123",Sales,St. Louis,11.5,12/30/1899 3:36:00 PM
"Klocko, Cormier and Green","412 Missouri Ave, East Saint Louis, IL, 62201",Skyla Mcgill,"6247 Pointview Ln, St. Louis, MO, 63123",Sales,St. Louis,12.7,12/30/1899 11:06:00 AM
"Kemmer, Daugherty and Shanahan","327 Missouri Ave, East Saint Louis, IL, 62201",Skyla Mcgill,"6247 Pointview Ln, St. Louis, MO, 63123",Sales,St. Louis,12.7,12/30/1899 11:56:00 AM
Wisoky LLC,"212 Collinsville Ave, East Saint Louis, IL, 62201",Skyla Mcgill,"6247 Pointview Ln, St. Louis, MO, 63123",Sales,St. Louis,12.7,12/30/1899 4:18:00 PM
Pfannerstill LLC,"1630 Des Peres Rd Suite 210, Saint Louis, MO, 63131",Skyla Mcgill,"6247 Pointview Ln, St. Louis, MO, 63123",Sales,St. Louis,14.2,12/30/1899 8:31:00 AM
Kerluke LLC,"3915 Mississippi Ave, East Saint Louis, IL, 62206",Skyla Mcgill,"6247 Pointview Ln, St. Louis, MO, 63123",Sales,St. Louis,14.3,12/30/1899 2:04:00 PM
Russel-Renner,"10 Archview Dr, East Saint Louis, IL, 62206",Skyla Mcgill,"6247 Pointview Ln, St. Louis, MO, 63123",Sales,St. Louis,15.1,12/30/1899 11:23:00 AM
Russel-Renner,"10 Archview Dr, East Saint Louis, IL, 62206",Skyla Mcgill,"6247 Pointview Ln, St. Louis, MO, 63123",Sales,St. Louis,15.1,12/30/1899 1:16:00 PM
Russel-Renner,"10 Archview Dr, East Saint Louis, IL, 62206",Skyla Mcgill,"6247 Pointview Ln, St. Louis, MO, 63123",Sales,St. Louis,15.1,12/30/1899 4:32:00 PM
Batz Group,"2920 Ohio Ave, East Saint Louis, IL, 62205",Skyla Mcgill,"6247 Pointview Ln, St. Louis, MO, 63123",Sales,St. Louis,15.8,12/30/1899 3:56:00 PM
Bednar-Leannon,"640 N 61st St, East Saint Louis, IL, 62203",Skyla Mcgill,"6247 Pointview Ln, St. Louis, MO, 63123",Sales,St. Louis,18.5,12/30/1899 12:09:00 PM
"Schultz, Kuhlman and Romaguera","8213 State St, East Saint Louis, IL, 62203",Skyla Mcgill,"6247 Pointview Ln, St. Louis, MO, 63123",Sales,St. Louis,19.9,12/30/1899 4:12:00 PM
"Runolfsson, Swaniawski and Baumbach","10041 Lewis And Clark Blvd Suite 3126, Saint Louis, MO, 63136",Skyla Mcgill,"6247 Pointview Ln, St. Louis, MO, 63123",Sales,St. Louis,21.9,12/30/1899 5:13:00 PM
Wuckert Group,"1 Brookings Dr, Saint Louis, MO, 63130",Susan Velasquez,"1515 Partridge Ave, St. Louis, MO, 63133",Sales,St. Louis,3.2,12/30/1899 10:40:00 AM
"Stokes, Collins and Rice","6637 Donald St, Saint Louis, MO, 63121",Susan Velasquez,"1515 Partridge Ave, St. Louis, MO, 63133",Sales,St. Louis,4.1,12/30/1899 3:31:00 PM
"Wilkinson, Bogan and Buckridge","9648 Olive Blvd, Saint Louis, MO, 63132",Susan Velasquez,"1515 Partridge Ave, St. Louis, MO, 63133",Sales,St. Louis,4.6,12/30/1899 10:05:00 AM
Lemke-Stracke,"2355 Hampton Ave, Saint Louis, MO, 63139",Susan Velasquez,"1515 Partridge Ave, St. Louis, MO, 63133",Sales,St. Louis,6.4,12/30/1899 10:11:00 AM
Blick Inc,"11100 Olive Blvd, Saint Louis, MO, 63141",Susan Velasquez,"1515 Partridge Ave, St. Louis, MO, 63133",Sales,St. Louis,6.6,12/30/1899 3:09:00 PM
Mosciski Inc,"1334 Strassner Dr, Saint Louis, MO, 63144",Susan Velasquez,"1515 Partridge Ave, St. Louis, MO, 63133",Sales,St. Louis,7.5,12/30/1899 11:02:00 AM
Friesen Inc,"1204 Washington Ave, Saint Louis, MO, 63103",Susan Velasquez,"1515 Partridge Ave, St. Louis, MO, 63133",Sales,St. Louis,7.6,12/30/1899 10:15:00 AM
"Lynch, Mayert and Mante","8812 Madge Ave, Saint Louis, MO, 63144",Susan Velasquez,"1515 Partridge Ave, St. Louis, MO, 63133",Sales,St. Louis,7.7,12/30/1899 2:27:00 PM
Prosacco-Gerlach,"8224 Manchester Rd Ste 200, Saint Louis, MO, 63144",Susan Velasquez,"1515 Partridge Ave, St. Louis, MO, 63133",Sales,St. Louis,8.3,12/30/1899 4:49:00 PM
Prosacco-Gerlach,"8224 Manchester Rd Ste 200, Saint Louis, MO, 63144",Susan Velasquez,"1515 Partridge Ave, St. Louis, MO, 63133",Sales,St. Louis,8.3,12/30/1899 5:40:00 PM
"Yost, Vandervort and Swift","4438 Chippewa St., Saint Louis, MO, 63116",Susan Velasquez,"1515 Partridge Ave, St. Louis, MO, 63133",Sales,St. Louis,8.4,12/30/1899 11:00:00 AM
Kutch Inc,"5044 lindenwood ave, Saint Louis, MO, 63109",Susan Velasquez,"1515 Partridge Ave, St. Louis, MO, 63133",Sales,St. Louis,8.4,12/30/1899 2:10:00 PM
Corkery-Marquardt,"7503 Big Bend Blvd, Saint Louis, MO, 63119",Susan Velasquez,"1515 Partridge Ave, St. Louis, MO, 63133",Sales,St. Louis,9.8,12/30/1899 2:14:00 PM
Steuber-Rippin,"701 Market St Ste 1100, Saint Louis, MO, 63101",Susan Velasquez,"1515 Partridge Ave, St. Louis, MO, 63133",Sales,St. Louis,10.3,12/30/1899 12:42:00 PM
Welch-Oberbrunner,"100 S 4th St, Saint Louis, MO, 63102",Susan Velasquez,"1515 Partridge Ave, St. Louis, MO, 63133",Sales,St. Louis,10.5,12/30/1899 1:35:00 PM
Ebert-Larkin,"211 N Broadway, Saint Louis, MO, 63102",Susan Velasquez,"1515 Partridge Ave, St. Louis, MO, 63133",Sales,St. Louis,10.6,12/30/1899 5:49:00 PM
"Jenkins, Pollich and Cartwright","515 Olive St Ste 702, Saint Louis, MO, 63101",Susan Velasquez,"1515 Partridge Ave, St. Louis, MO, 63133",Sales,St. Louis,10.7,12/30/1899 2:43:00 PM
Sawayn-Schamberger,"11404 Gravois Rd, Saint Louis, MO, 63126",Susan Velasquez,"1515 Partridge Ave, St. Louis, MO, 63133",Sales,St. Louis,11.6,12/30/1899 3:01:00 PM
"White, Roberts and Gulgowski","710 N 2nd St, Saint Louis, MO, 63102",Susan Velasquez,"1515 Partridge Ave, St. Louis, MO, 63133",Sales,St. Louis,12.1,12/30/1899 10:54:00 AM
Feil-Braun,"712 N 2nd St, Saint Louis, MO, 63102",Susan Velasquez,"1515 Partridge Ave, St. Louis, MO, 63133",Sales,St. Louis,12.1,12/30/1899 2:47:00 PM
Prosacco-Armstrong,"110 N Main St, East Saint Louis, IL, 62201",Susan Velasquez,"1515 Partridge Ave, St. Louis, MO, 63133",Sales,St. Louis,12.4,12/30/1899 8:50:00 AM
Howell-Ritchie,"336 Leffingwell Ave, Saint Louis, MO, 63122",Susan Velasquez,"1515 Partridge Ave, St. Louis, MO, 63133",Sales,St. Louis,12.6,12/30/1899 11:36:00 AM
"Nader, Luettgen and Nitzsche","1706 5th St, Madison, IL, 62060",Susan Velasquez,"1515 Partridge Ave, St. Louis, MO, 63133",Sales,St. Louis,12.9,12/30/1899 1:40:00 PM
"Hudson, Dickinson and Crooks","117 N Kirkwood Rd Ste 201, Saint Louis, MO, 63122",Susan Velasquez,"1515 Partridge Ave, St. Louis, MO, 63133",Sales,St. Louis,13.5,12/30/1899 9:28:00 AM
"Champlin, Ebert and Brekke","813 Upper Cahokia Rd, East Saint Louis, IL, 62206",Susan Velasquez,"1515 Partridge Ave, St. Louis, MO, 63133",Sales,St. Louis,14.3,12/30/1899 10:54:00 AM
"Schmitt, Klocko and Gutkowski","1798 Summit Ave, East Saint Louis, IL, 62205",Susan Velasquez,"1515 Partridge Ave, St. Louis, MO, 63133",Sales,St. Louis,15,12/30/1899 9:27:00 AM
"Gottlieb, Schaden and Wehner","2204 State St, East Saint Louis, IL, 62205",Susan Velasquez,"1515 Partridge Ave, St. Louis, MO, 63133",Sales,St. Louis,15.1,12/30/1899 5:03:00 PM
Kris and Sons,"414 Range Ln, East Saint Louis, IL, 62206",Susan Velasquez,"1515 Partridge Ave, St. Louis, MO, 63133",Sales,St. Louis,15.4,12/30/1899 10:35:00 AM
Morar-Torphy,"699 State Route 203, East Saint Louis, IL, 62201",Susan Velasquez,"1515 Partridge Ave, St. Louis, MO, 63133",Sales,St. Louis,15.7,12/30/1899 9:53:00 AM
"Schaefer, Fisher and Hessel","2001 Mississippi Ave, East Saint Louis, IL, 62201",Susan Velasquez,"1515 Partridge Ave, St. Louis, MO, 63133",Sales,St. Louis,15.8,12/30/1899 10:26:00 AM
"Crist, Gulgowski and Schulist","1 Saint Luke Ct, East Saint Louis, IL, 62206",Susan Velasquez,"1515 Partridge Ave, St. Louis, MO, 63133",Sales,St. Louis,15.9,12/30/1899 4:07:00 PM
Batz Group,"2920 Ohio Ave, East Saint Louis, IL, 62205",Susan Velasquez,"1515 Partridge Ave, St. Louis, MO, 63133",Sales,St. Louis,16,12/30/1899 1:48:00 PM
"Monahan, Eichmann and Kuhn","5413 Sterling AVE, East Saint Louis, IL, 62207",Susan Velasquez,"1515 Partridge Ave, St. Louis, MO, 63133",Sales,St. Louis,16.1,12/30/1899 5:58:00 PM
Mante LLC,"4601 State St Ste 220a, East Saint Louis, IL, 62205",Susan Velasquez,"1515 Partridge Ave, St. Louis, MO, 63133",Sales,St. Louis,17.3,12/30/1899 10:43:00 AM
Gottlieb-Harvey,"7001 State St, East Saint Louis, IL, 62203",Susan Velasquez,"1515 Partridge Ave, St. Louis, MO, 63133",Sales,St. Louis,18.8,12/30/1899 9:53:00 AM
Bednar-Leannon,"640 N 61st St, East Saint Louis, IL, 62203",Tyriq Cross,"2819 N 45th St, East St Louis, IL, 62201",Sales,St. Louis,4.2,12/30/1899 12:07:00 PM
Mante LLC,"4601 State St Ste 220a, East Saint Louis, IL, 62205",Tyriq Cross,"2819 N 45th St, East St Louis, IL, 62201",Sales,St. Louis,4.3,12/30/1899 11:24:00 AM
McLaughlin-Hirthe,"2701 State St, East Saint Louis, IL, 62205",Tyriq Cross,"2819 N 45th St, East St Louis, IL, 62201",Sales,St. Louis,4.5,12/30/1899 10:39:00 AM
"Nader, Luettgen and Nitzsche","1706 5th St, Madison, IL, 62060",Tyriq Cross,"2819 N 45th St, East St Louis, IL, 62201",Sales,St. Louis,4.9,12/30/1899 12:33:00 PM
Feil-Braun,"712 N 2nd St, Saint Louis, MO, 63102",Tyriq Cross,"2819 N 45th St, East St Louis, IL, 62201",Sales,St. Louis,5.7,12/30/1899 8:36:00 AM
Friesen and Sons,"707 N 2nd St, Saint Louis, MO, 63102",Tyriq Cross,"2819 N 45th St, East St Louis, IL, 62201",Sales,St. Louis,5.7,12/30/1899 1:25:00 PM
Brakus and Sons,"812 Collins St, Saint Louis, MO, 63102",Tyriq Cross,"2819 N 45th St, East St Louis, IL, 62201",Sales,St. Louis,5.7,12/30/1899 4:47:00 PM
Schumm Group,"801 N 2nd St, Saint Louis, MO, 63102",Tyriq Cross,"2819 N 45th St, East St Louis, IL, 62201",Sales,St. Louis,5.7,12/30/1899 5:12:00 PM
Jacobs-Stroman,"1234 Camp Jackson Rd, East Saint Louis, IL, 62206",Tyriq Cross,"2819 N 45th St, East St Louis, IL, 62201",Sales,St. Louis,9.4,12/30/1899 2:49:00 PM
Bernhard and Sons,"1015a N Grand Blvd, Saint Louis, MO, 63106",Tyriq Cross,"2819 N 45th St, East St Louis, IL, 62201",Sales,St. Louis,9.5,12/30/1899 9:58:00 AM
Roob Inc,"4028 N Kingshighway Blvd, Saint Louis, MO, 63115",Tyriq Cross,"2819 N 45th St, East St Louis, IL, 62201",Sales,St. Louis,11.4,12/30/1899 4:35:00 PM
"McClure, Bode and Torphy","1327 Hampton Ave, Saint Louis, MO, 63139",Tyriq Cross,"2819 N 45th St, East St Louis, IL, 62201",Sales,St. Louis,11.9,12/30/1899 10:21:00 AM
"Carroll, Carroll and Lindgren","15400 S Grand Blvd, Saint Louis, MO, 63111",Tyriq Cross,"2819 N 45th St, East St Louis, IL, 62201",Sales,St. Louis,11.9,12/30/1899 2:33:00 PM
Shanahan-Windler,"6440 Chippewa St, Saint Louis, MO, 63109",Tyriq Cross,"2819 N 45th St, East St Louis, IL, 62201",Sales,St. Louis,14.4,12/30/1899 12:22:00 PM
Mosciski Inc,"1334 Strassner Dr, Saint Louis, MO, 63144",Tyriq Cross,"2819 N 45th St, East St Louis, IL, 62201",Sales,St. Louis,15,12/30/1899 9:51:00 AM
"Watsica, Gislason and Hirthe","1337 Strassner Dr, Saint Louis, MO, 63144",Tyriq Cross,"2819 N 45th St, East St Louis, IL, 62201",Sales,St. Louis,15,12/30/1899 5:22:00 PM
"Runolfsson, Swaniawski and Baumbach","10041 Lewis And Clark Blvd Suite 3126, Saint Louis, MO, 63136",Tyriq Cross,"2819 N 45th St, East St Louis, IL, 62201",Sales,St. Louis,15.7,12/30/1899 10:45:00 AM
"Runolfsson, Swaniawski and Baumbach","10041 Lewis And Clark Blvd Suite 3126, Saint Louis, MO, 63136",Tyriq Cross,"2819 N 45th St, East St Louis, IL, 62201",Sales,St. Louis,15.7,12/30/1899 4:09:00 PM
"Olson, Torp and Kuhn","7253 Watson Rd, Saint Louis, MO, 63119",Tyriq Cross,"2819 N 45th St, East St Louis, IL, 62201",Sales,St. Louis,15.8,12/30/1899 4:03:00 PM
Brown-Mohr,"7400 Watson Rd, Saint Louis, MO, 63119",Tyriq Cross,"2819 N 45th St, East St Louis, IL, 62201",Sales,St. Louis,16.7,12/30/1899 9:55:00 AM
"Klein, Anderson and Larkin","11012 Lin Valle Dr, Saint Louis, MO, 63123",Tyriq Cross,"2819 N 45th St, East St Louis, IL, 62201",Sales,St. Louis,17.6,12/30/1899 8:27:00 AM
Kerluke-Hackett,"12430 Tesson Ferry Road, Saint Louis, MO, 63128",Tyriq Cross,"2819 N 45th St, East St Louis, IL, 62201",Sales,St. Louis,21,12/30/1899 10:41:00 AM
"McKenzie, Funk and Stark","10434 Page Ave, Saint Louis, MO, 63132",Tyriq Cross,"2819 N 45th St, East St Louis, IL, 62201",Sales,St. Louis,21,12/30/1899 1:20:00 PM
Pfannerstill LLC,"1630 Des Peres Rd Suite 210, Saint Louis, MO, 63131",Tyriq Cross,"2819 N 45th St, East St Louis, IL, 62201",Sales,St. Louis,23.3,12/30/1899 8:09:00 AM
