Pay_Date|Payroll_ID|Emp_No|Home_Div|Work_Div|First_Name|Last_Name|Job|Reg_Hrs|OT_Hrs|Reg_Pay|OT_Pay|Futa|Suta|Fica_Medc|Work_Comp
1/2/2015|27310001|195|1|1|Al|Ramos|14005|0|0|0|0|0.08|0.34|1.07|0.04
1/2/2015|27310001|195|1|1|Al|Ramos|14H002|25|0|705.58|0|3.96|15.83|50.47|1.83
1/2/2015|27310001|195|1|1|Al|Ramos|14H010|0|0|0|0|2.53|10.13|32.29|1.17
1/2/2015|27310001|106|1|1|Allan|Wood|14002|11|0|220|0|1.32|5.28|16.83|3.52
1/2/2015|27310001|106|1|1|Allan|Wood|14005|0|0|0|0|0.09|0.36|1.15|0.24
1/2/2015|27310001|106|1|1|Allan|Wood|14010|0|0|0|0|1.92|7.68|24.48|5.12
1/2/2015|27310001|106|1|1|Allan|Wood|14012|0|0|0|0|1.56|6.24|19.89|4.16
1/2/2015|27310001|304|1|1|Allen|Price|14H010|0|0|0|0|2.08|8.34|26.58|5.89
1/2/2015|27310001|304|1|1|Allen|Price|14H012|0|0|0|0|3.13|12.51|39.88|8.83
1/2/2015|27310001|274|1|1|Angel|Watts|14005|0|0|0|0|0.03|0.14|0.46|0.1
1/2/2015|27310001|274|1|1|Angel|Watts|14H010|0|0|0|0|2.4|9.6|30.6|6.4
1/2/2015|27310001|274|1|1|Angel|Watts|14H012|0|0|0|0|1.21|4.8|15.3|3.2
1/2/2015|27310001|1|1|1|Antonio|Torres|14H001|11|0|306.5|0|1.62|6.46|20.58|0.4
1/2/2015|27310001|1|1|1|Antonio|Torres|14H010|0|0|0|0|2.35|9.39|29.93|0.58
1/2/2015|27310001|1|1|1|Antonio|Torres|14S001|11|0|306.5|0|1.61|6.46|20.58|0.4
1/2/2015|27310001|391|2|2|Barry|Mckenzie|14005|0|0|0|0|0.05|0.39|0.62|0.18
1/2/2015|27310001|391|2|2|Barry|Mckenzie|14H001B|5|0|128.75|0|0.7|5.58|8.9|2.58
1/2/2015|27310001|391|2|2|Barry|Mckenzie|14H010B|0|0|0|0|2.23|17.85|28.45|8.24
1/2/2015|27310001|259|1|1|Beulah|Gibbs|14005|0|0|0|0|0.05|0.21|0.66|0.14
1/2/2015|27310001|259|1|1|Beulah|Gibbs|14S004|5|0|128.75|0|0.74|2.97|9.48|2.06
1/2/2015|27310001|259|1|1|Beulah|Gibbs|14S008|1|0|25.75|0|0.15|0.6|1.9|0.41
1/2/2015|27310001|259|1|1|Beulah|Gibbs|14S010|0|0|0|0|2.38|9.51|30.33|6.59
1/2/2015|27310001|259|1|1|Beulah|Gibbs|14S012|0|0|0|0|0.22|0.89|2.84|0.62
1/2/2015|27310001|390|1|1|Brendan|Curry|14005|0|0|0|0|0.03|0.13|0.43|0.1
1/2/2015|27310001|390|1|1|Brendan|Curry|14H010|0|0|0|0|3.22|12.88|41.05|9.23
1/2/2015|27310001|168|1|1|Brittany|Carlson|14005|0|0|0|0|0.09|0.35|1.11|0.24
1/2/2015|27310001|168|1|1|Brittany|Carlson|14H010|0|0|0|0|3.27|13.11|41.8|9.04
1/2/2015|27310001|291|1|1|Carlton|Mcdonald|14H009|0|0|0|0|1.12|4.48|14.29|2.99
1/2/2015|27310001|291|1|1|Carlton|Mcdonald|14H010|0|0|0|0|2.24|8.97|28.58|5.98
1/2/2015|27310001|291|1|1|Carlton|Mcdonald|14H012|0|0|0|0|2.24|8.97|28.58|5.98
1/2/2015|27310001|249|1|1|Cary|Foster|14S002|13|0|487.5|0|2.72|10.88|34.69|7.8
1/2/2015|27310001|249|1|1|Cary|Foster|14S004|3|0|112.5|0|0.63|2.51|8|1.8
1/2/2015|27310001|249|1|1|Cary|Foster|14S009|0|0|0|0|1.67|6.7|21.34|4.8
1/2/2015|27310001|249|1|1|Cary|Foster|14S010|0|0|0|0|3.35|13.39|42.69|9.6
1/2/2015|27310001|179|1|1|Cassandra|Poole|14005|0|0|0|0|0.05|0.2|0.64|0.14
1/2/2015|27310001|179|1|1|Cassandra|Poole|14H004|22|0|951.92|0|5.34|21.33|67.99|15.23
1/2/2015|27310001|179|1|1|Cassandra|Poole|14H010|0|0|0|0|3.88|15.51|49.45|11.08
1/2/2015|27310001|368|1|1|Cesar|Greene|14005|0|0|0|0|0.05|0.18|0.59|0.14
1/2/2015|27310001|368|1|1|Cesar|Greene|14S008|1|0|24.5|0|0.13|0.51|1.61|0.39
1/2/2015|27310001|368|1|1|Cesar|Greene|14S010|0|0|0|0|2.01|8.08|25.74|6.27
1/2/2015|27310001|27|1|1|Cindy|Lunt|14005|0|0|0|0|0.05|0.2|0.63|0.14
1/2/2015|27310001|27|1|1|Cindy|Lunt|14S001|2.5|0|76.25|0|0.41|1.66|5.31|1.22
1/2/2015|27310001|27|1|1|Cindy|Lunt|14S004|1|0|30.5|0|0.17|0.67|2.13|0.49
1/2/2015|27310001|27|1|1|Cindy|Lunt|14S006|1.5|0|45.75|0|0.25|1|3.18|0.73
1/2/2015|27310001|27|1|1|Cindy|Lunt|14S010|0|0|0|0|2.66|10.66|33.98|7.81
1/2/2015|27310001|27|1|1|Cindy|Lunt|14S012|0|0|0|0|1.33|5.33|16.99|3.9
1/2/2015|27310001|239|1|1|Clarence|Padilla|14H001|8|0|174.16|0|0.98|3.93|12.52|0.23
1/2/2015|27310001|239|1|1|Clarence|Padilla|14H010|0|0|0|0|0.99|3.93|12.53|0.23
1/2/2015|27310001|239|1|1|Clarence|Padilla|14H012|0|0|0|0|0.49|1.97|6.25|0.11
1/2/2015|27310001|239|1|1|Clarence|Padilla|14S001|8|0|174.16|0|0.98|3.93|12.53|0.23
1/2/2015|27310001|239|1|1|Clarence|Padilla|14S010|0|0|0|0|0.98|3.93|12.53|0.23
1/2/2015|27310001|239|1|1|Clarence|Padilla|14S012|0|0|0|0|0.49|1.96|6.27|0.11
1/2/2015|27310001|369|1|1|Clark|Morgan|14H002|17|0|357|0|2.12|8.48|27.02|0.93
1/2/2015|27310001|369|1|1|Clark|Morgan|14H010|0|0|0|0|2|7.97|25.45|0.87
1/2/2015|27310001|369|1|1|Clark|Morgan|14H012|0|0|0|0|0.37|1.5|4.76|0.16
1/2/2015|27310001|38|1|1|Conrad|Walker|14005|0|0|0|0|0.09|0.35|1.12|0.04
1/2/2015|27310001|38|1|1|Conrad|Walker|14H002|20|0|908.08|0|5.33|21.34|68.02|2.36
1/2/2015|27310001|38|1|1|Conrad|Walker|14H010|0|0|0|0|4.27|17.07|54.42|1.89
1/2/2015|27310001|169|1|1|Cornelius|Gibson|14005|0|0|0|0|0.07|0.28|0.88|0.19
1/2/2015|27310001|169|1|1|Cornelius|Gibson|14H004|5|0|163.75|0|0.95|3.8|12.11|2.62
1/2/2015|27310001|169|1|1|Cornelius|Gibson|14H010|0|0|0|0|3.04|12.15|38.75|8.38
1/2/2015|27310001|44|4|4|Dale|Hamilton|14001|40|0|3850|0|23.1|92.4|294.53|5
1/2/2015|27310001|396|5|5|Darryl|Burgess|14005|0|0|0|0|0.05|0.25|0.69|0.38
1/2/2015|27310001|396|5|5|Darryl|Burgess|14H001R|1|0|32|0|0.19|0.9|2.44|1.36
1/2/2015|27310001|396|5|5|Darryl|Burgess|14H004R|8|0|256|0|1.54|7.16|19.6|10.85
1/2/2015|27310001|396|5|5|Darryl|Burgess|14H010R|0|0|0|0|3.07|14.34|39.16|21.71
1/2/2015|27310001|204|1|1|Deborah|Bennett|14005|0|0|0|0|0.02|0.07|0.22|0.05
1/2/2015|27310001|204|1|1|Deborah|Bennett|14H009|0|0|0|0|2.74|10.96|34.93|7.74
1/2/2015|27310001|204|1|1|Deborah|Bennett|14H010|0|0|0|0|2.74|10.96|34.93|7.74
1/2/2015|27310001|53|1|1|Delia|Lopez|14005|0|0|0|0|0.08|0.33|1.04|0.24
1/2/2015|27310001|53|1|1|Delia|Lopez|14H009|0|0|0|0|2.01|8.04|25.62|5.89
1/2/2015|27310001|53|1|1|Delia|Lopez|14H010|0|0|0|0|2.01|8.03|25.62|5.89
1/2/2015|27310001|15|1|1|Don|Young|14005|0|0|0|0|0.08|0.32|1.02|0.24
1/2/2015|27310001|15|1|1|Don|Young|14H010|0|0|0|0|2.37|9.45|30.13|7.08
1/2/2015|27310001|15|1|1|Don|Young|14H012|0|0|0|0|1.18|4.73|15.06|3.54
1/2/2015|27310001|11|1|1|Earnest|Drake|14005|0|0|0|0|0.03|0.14|0.44|0.1
1/2/2015|27310001|11|1|1|Earnest|Drake|14H004|4|0|151.92|0|0.88|3.52|11.23|2.43
1/2/2015|27310001|11|1|1|Earnest|Drake|14H009|0|0|0|0|1.76|7.04|22.46|4.86
1/2/2015|27310001|11|1|1|Earnest|Drake|14H010|0|0|0|0|3.53|14.09|44.9|9.72
1/2/2015|27310001|20|1|1|Ed|Craig|14S009|0|0|0|0|2.45|9.79|31.22|1.2
1/2/2015|27310001|20|1|1|Ed|Craig|14S010|0|0|0|0|2.45|9.79|31.21|1.2
1/2/2015|27310001|20|1|1|Ed|Craig|14S012|0|0|0|0|1.22|4.9|15.61|0.6
1/2/2015|27310001|180|1|1|Elisa|Warren|14005|0|0|0|0|0.08|0.31|0.97|0.24
1/2/2015|27310001|180|1|1|Elisa|Warren|14H006|3|0|69.75|0|0.35|1.4|4.48|1.12
1/2/2015|27310001|180|1|1|Elisa|Warren|14H009|0|0|0|0|0.94|3.75|11.93|2.98
1/2/2015|27310001|180|1|1|Elisa|Warren|14H010|0|0|0|0|1.87|7.48|23.86|5.95
1/2/2015|27310001|2|1|1|Ellen|Estrada|14005|0|0|0|0|0.05|0.22|0.69|0.14
1/2/2015|27310001|2|1|1|Ellen|Estrada|14H004|6|0|150|0|0.9|3.6|11.47|2.4
1/2/2015|27310001|2|1|1|Ellen|Estrada|14H009|0|0|0|0|1.35|5.4|17.21|3.6
1/2/2015|27310001|2|1|1|Ellen|Estrada|14H010|0|0|0|0|2.4|9.6|30.6|6.4
1/2/2015|27310001|45|4|4|Ernesto|Todd|14002|40|0|4225.64|0|24.39|97.54|310.92|5.49
1/2/2015|27310001|375|1|1|Fannie|Parks|14005|0|0|0|0|0.03|0.14|0.46|0.1
1/2/2015|27310001|375|1|1|Fannie|Parks|14S009|0|0|0|0|1.01|4.03|12.86|2.69
1/2/2015|27310001|375|1|1|Fannie|Parks|14S010|0|0|0|0|2.02|8.07|25.7|5.38
1/2/2015|27310001|19|1|1|Frank|Diaz|14S006|3|0|81|0|0.47|1.87|5.97|1.3
1/2/2015|27310001|19|1|1|Frank|Diaz|14S009|0|0|0|0|0.78|3.12|9.96|2.16
1/2/2015|27310001|19|1|1|Frank|Diaz|14S010|0|0|0|0|2.5|10|31.86|6.91
1/2/2015|27310001|381|1|1|Frankie|Mcdaniel|14005|0|0|0|0|0.08|0.33|1.04|0.04
1/2/2015|27310001|381|1|1|Frankie|Mcdaniel|14S002|15|0|324.52|0|1.77|7.07|22.54|0.84
1/2/2015|27310001|381|1|1|Frankie|Mcdaniel|14S009|0|0|0|0|1.06|4.25|13.53|0.51
1/2/2015|27310001|381|1|1|Frankie|Mcdaniel|14S010|0|0|0|0|1.89|7.54|24.04|0.9
1/2/2015|27310001|133|1|1|Geneva|Moody|14S009|0|0|0|0|4.03|16.12|51.39|11.42
1/2/2015|27310001|133|1|1|Geneva|Moody|14S010|0|0|0|0|2.69|10.75|34.27|7.62
1/2/2015|27310001|402|5|5|Gwendolyn|Alvarado|14005|0|0|0|0|0.05|0.25|0.62|0.38
1/2/2015|27310001|402|5|5|Gwendolyn|Alvarado|14H001R|0.5|0|9|0|0.05|0.25|0.62|0.38
1/2/2015|27310001|402|5|5|Gwendolyn|Alvarado|14H008R|21.5|0|387|0|2.09|10.84|26.59|16.41
1/2/2015|27310001|402|5|5|Gwendolyn|Alvarado|14H010R|0|0|0|0|1.55|8.06|19.79|12.21
1/2/2015|27310001|194|1|1|Hector|Wright|14H001|4|0|90|0|0.44|1.75|5.58|1.44
1/2/2015|27310001|194|1|1|Hector|Wright|14H002|4|0|90|0|0.44|1.75|5.57|1.44
1/2/2015|27310001|194|1|1|Hector|Wright|14H010|0|0|0|0|1.75|7|22.32|5.76
1/2/2015|27310001|194|1|1|Hector|Wright|14H012|0|0|0|0|0.88|3.5|11.15|2.88
1/2/2015|27310001|203|1|1|Helen|Paul|14005|0|0|0|0|0.12|0.47|1.49|0.03
1/2/2015|27310001|203|1|1|Helen|Paul|14H001|6|0|388.87|0|2.17|8.67|27.65|0.51
1/2/2015|27310001|203|1|1|Helen|Paul|14H006|6|0|388.87|0|2.17|8.67|27.64|0.51
1/2/2015|27310001|203|1|1|Helen|Paul|14H010|0|0|0|0|2.89|11.56|36.87|0.67
1/2/2015|27310001|203|1|1|Helen|Paul|14H012|0|0|0|0|0.72|2.89|9.22|0.17
1/2/2015|27310001|203|1|1|Helen|Paul|14S001|4|0|259.25|0|1.44|5.79|18.44|0.34
1/2/2015|27310001|203|1|1|Helen|Paul|14S006|4|0|259.25|0|1.45|5.78|18.43|0.34
1/2/2015|27310001|203|1|1|Helen|Paul|14S010|0|0|0|0|2.89|11.57|36.85|0.67
1/2/2015|27310001|203|1|1|Helen|Paul|14S012|0|0|0|0|0.72|2.89|9.22|0.17
1/2/2015|27310001|357|1|1|Stanley|Peterson|14005|0|0|0|0|0.04|0.18|0.57|0.14
1/2/2015|27310001|357|1|1|Stanley|Peterson|14S006|6.5|0|130|0|0.65|2.58|8.22|2.08
1/2/2015|27310001|357|1|1|Stanley|Peterson|14S008|0.5|0|10|0|0.05|0.2|0.63|0.16
1/2/2015|27310001|357|1|1|Stanley|Peterson|14S010|0|0|0|0|1.59|6.34|20.23|5.12
1/2/2015|27310001|269|1|1|Jo|Manning|14005|0|0|0|0|0.05|0.2|0.63|0.14
1/2/2015|27310001|269|1|1|Jo|Manning|14H004SG|9|0|252|0|1.39|5.58|17.78|4.03
1/2/2015|27310001|269|1|1|Jo|Manning|14H010SG|0|0|0|0|2.48|9.91|31.6|7.17
1/2/2015|27310001|269|1|1|Jo|Manning|14S002SG|4|0|112|0|0.62|2.48|7.9|1.79
1/2/2015|27310001|248|1|1|Jodi|Powers|14H001|5.25|0|107.63|0|0.57|2.27|7.24|0.14
1/2/2015|27310001|248|1|1|Jodi|Powers|14H009|0|0|0|0|0.76|3.03|9.66|0.19
1/2/2015|27310001|248|1|1|Jodi|Powers|14H010|0|0|0|0|0.86|3.47|11.04|0.21
1/2/2015|27310001|248|1|1|Jodi|Powers|14S001|5|0|102.5|0|0.54|2.17|6.9|0.13
1/2/2015|27310001|248|1|1|Jodi|Powers|14S009|0|0|0|0|0.73|2.92|9.32|0.18
1/2/2015|27310001|248|1|1|Jodi|Powers|14S010|0|0|0|0|0.87|3.46|11.04|0.21
1/2/2015|27310001|30|1|1|Joe|Perry|14H002|2.5|0|60.92|0|0.31|1.23|3.92|0.08
1/2/2015|27310001|30|1|1|Joe|Perry|14H003|2.5|0|60.92|0|0.31|1.23|3.92|0.08
1/2/2015|27310001|30|1|1|Joe|Perry|14H009|0|0|0|0|0.49|1.97|6.28|0.13
1/2/2015|27310001|30|1|1|Joe|Perry|14H010|0|0|0|0|1.97|7.88|25.11|0.51
1/2/2015|27310001|30|1|1|Joe|Perry|14S003|0.5|0|12.18|0|0.06|0.25|0.79|0.02
1/2/2015|27310001|403|1|1|Joyce|Ferguson|14S008|1|0|17|0|0.1|0.41|1.3|0.27
1/2/2015|27310001|403|1|1|Joyce|Ferguson|14S010|0|0|0|0|1.63|6.53|20.8|4.35
1/2/2015|27310001|376|1|1|Katie|Hodges|14H010|0|0|0|0|1.7|6.81|21.69|4.79
1/2/2015|27310001|6|1|1|Kelly|Murray|14005|0|0|0|0|0.05|0.21|0.66|0.14
1/2/2015|27310001|6|1|1|Kelly|Murray|14H010|0|0|0|0|2.04|8.14|25.96|5.63
1/2/2015|27310001|210|2|2|Kenny|Robertson|14005|0|0|0|0|0.04|0.29|0.46|0.12
1/2/2015|27310001|210|2|2|Kenny|Robertson|14H009B|0|0|0|0|1.14|9.13|14.56|3.8
1/2/2015|27310001|210|2|2|Kenny|Robertson|14H010B|0|0|0|0|2.28|18.26|29.1|7.61
1/2/2015|27310001|37|1|1|Kirk|Byrd|14H005|2|0|49|0|0.27|1.06|3.36|0.78
1/2/2015|27310001|37|1|1|Kirk|Byrd|14S009|0|0|0|0|2.1|8.42|26.86|6.27
1/2/2015|27310001|37|1|1|Kirk|Byrd|14S010|0|0|0|0|2.11|8.43|26.86|6.27
1/2/2015|27310001|35|1|1|Leonard|Wong|14H002|24|0|692.31|0|3.83|15.35|48.92|1.8
1/2/2015|27310001|35|1|1|Leonard|Wong|14H010|0|0|0|0|2.56|10.23|32.61|1.2
1/2/2015|27310001|302|1|1|Leslie|Dean|14005|0|0|0|0|0.09|0.36|1.15|0.24
1/2/2015|27310001|302|1|1|Leslie|Dean|14H009|0|0|0|0|1.06|4.22|13.47|2.82
1/2/2015|27310001|302|1|1|Leslie|Dean|14H010|0|0|0|0|2.11|8.45|26.92|5.63
1/2/2015|27310001|287|2|2|Levi|Christensen|14H001|6|0|85.5|0|0.49|3.89|6.21|0.21
1/2/2015|27310001|287|2|2|Levi|Christensen|14H001B|1|0|14.25|0|0.08|0.65|1.04|0.03
1/2/2015|27310001|287|2|2|Levi|Christensen|14H006B|1|0|14.25|0|0.08|0.65|1.03|0.03
1/2/2015|27310001|287|2|2|Levi|Christensen|14H010B|0|0|0|0|1.3|10.39|16.55|0.55
1/2/2015|27310001|287|2|2|Levi|Christensen|14H012B|0|0|0|0|1.3|10.38|16.55|0.55
1/2/2015|27310001|385|1|1|Lillian|Jefferson|14H001|12|0|180|0|1.08|4.32|13.77|2.88
1/2/2015|27310001|385|1|1|Lillian|Jefferson|14H010|0|0|0|0|0.72|2.88|9.18|1.92
1/2/2015|27310001|385|1|1|Lillian|Jefferson|14S001|12|0|180|0|1.08|4.32|13.77|2.88
1/2/2015|27310001|385|1|1|Lillian|Jefferson|14S010|0|0|0|0|0.72|2.88|9.18|1.92
1/2/2015|27310001|255|1|1|Lois|Moran|14H010|0|0|0|0|1.66|6.62|21.11|4.61
1/2/2015|27310001|255|1|1|Lois|Moran|14H012|0|0|0|0|2.48|9.94|31.66|6.91
1/2/2015|27310001|153|1|1|Lynne|Soto|14H010|0|0|0|0|1.39|5.57|17.74|3.71
1/2/2015|27310001|13|1|1|Mamie|Day|14H002|3|0|139.61|0|0.84|3.35|10.67|2.23
1/2/2015|27310001|13|1|1|Mamie|Day|14H003|8|0|372.31|0|2.23|8.94|28.48|5.96
1/2/2015|27310001|13|1|1|Mamie|Day|14H007|7|0|325.77|0|1.96|7.82|24.92|5.21
1/2/2015|27310001|13|1|1|Mamie|Day|14H010|0|0|0|0|4.47|17.87|56.97|11.91
1/2/2015|27310001|358|1|1|Marc|Wallace|14H001|9|0|141.75|0|0.67|2.67|8.53|0.18
1/2/2015|27310001|358|1|1|Marc|Wallace|14H009|0|0|0|0|1.11|4.46|14.19|0.31
1/2/2015|27310001|358|1|1|Marc|Wallace|14H010|0|0|0|0|1.19|4.75|15.15|0.33
1/2/2015|27310001|316|1|1|Marguerite|Thornton|14005|0|0|0|0|0.05|0.21|0.67|0.14
1/2/2015|27310001|316|1|1|Marguerite|Thornton|14H010|0|0|0|0|2.43|9.73|31.01|6.72
1/2/2015|27310001|314|1|1|Marianne|Baldwin|14005|0|0|0|0|0.04|0.14|0.46|0.1
1/2/2015|27310001|314|1|1|Marianne|Baldwin|14H009SG|0|0|0|0|0.52|2.09|6.65|1.39
1/2/2015|27310001|314|1|1|Marianne|Baldwin|14H010SG|0|0|0|0|2.08|8.36|26.62|5.57
1/2/2015|27310001|39|1|1|Marie|Hudson|14H005|30|0|217.5|0|0.32|1.26|4.02|3.48
1/2/2015|27310001|22|1|1|Marion|Scott|14H010|0|0|0|0|2.94|11.77|37.51|8.61
1/2/2015|27310001|18|1|1|Marty|Barnes|14H001|11|0|220|0|1.32|5.28|16.83|0.29
1/2/2015|27310001|18|1|1|Marty|Barnes|14S001|11|0|220|0|1.32|5.28|16.83|0.29
1/2/2015|27310001|23|1|1|Mary|Waters|14H009|0|0|0|0|0.61|2.42|7.71|1.73
1/2/2015|27310001|23|1|1|Mary|Waters|14H010|0|0|0|0|3.22|12.89|41.1|9.23
1/2/2015|27310001|23|1|1|Mary|Waters|14H012|0|0|0|0|1.61|6.45|20.54|4.62
1/2/2015|27310001|401|2|2|Maryann|Cohen|14005|0|0|0|0|0.03|0.29|0.46|0.12
1/2/2015|27310001|401|2|2|Maryann|Cohen|14H001B|1|0|26|0|0.16|1.25|1.98|0.52
1/2/2015|27310001|401|2|2|Maryann|Cohen|14H006B|5|0|130|0|0.78|6.24|9.95|2.6
1/2/2015|27310001|401|2|2|Maryann|Cohen|14H010B|0|0|0|0|2.5|19.97|31.82|8.32
1/2/2015|27310001|3|1|1|Melanie|Green|14H001|21|0|1219.2|0|7.24|28.97|92.35|1.58
1/2/2015|27310001|3|1|1|Melanie|Green|14H001B|8|0|464.45|0|2.76|11.04|35.18|0.6
1/2/2015|27310001|3|1|1|Melanie|Green|14H002|8|0|464.45|0|2.76|11.04|35.18|0.6
1/2/2015|27310001|3|1|1|Melanie|Green|14H009|0|0|0|0|2.76|11.03|35.19|0.6
1/2/2015|27310001|3|1|1|Melanie|Green|14H010|0|0|0|0|2.76|11.04|35.18|0.6
1/2/2015|27310001|374|5|5|Melvin|Strickland|14H001|3|0|60|0|0.3|1.68|3.87|0.24
1/2/2015|27310001|374|5|5|Melvin|Strickland|14H001R|11.5|0|230|0|1.16|6.44|14.85|0.92
1/2/2015|27310001|374|5|5|Melvin|Strickland|14H006|9|0|180|0|0.91|5.04|11.61|0.72
1/2/2015|27310001|374|5|5|Melvin|Strickland|14H006R|0.5|0|10|0|0.06|0.28|0.65|0.04
1/2/2015|27310001|374|5|5|Melvin|Strickland|14H010R|0|0|0|0|1.62|8.96|20.66|1.28
1/2/2015|27310001|201|1|1|Michele|Lee|14005|0|0|0|0|0.04|0.14|0.46|0.1
1/2/2015|27310001|201|1|1|Michele|Lee|14H009|0|0|0|0|1.44|5.76|18.36|3.84
1/2/2015|27310001|201|1|1|Michele|Lee|14H010|0|0|0|0|2.88|11.52|36.72|7.68
1/2/2015|27310001|192|5|5|Mike|Briggs|14005|0|0|0|6|0.03|0.17|0.41|0.17
1/2/2015|27310001|192|5|5|Mike|Briggs|14H002R|12|0|288.46|0|1.54|8.08|19.67|12.23
1/2/2015|27310001|192|5|5|Mike|Briggs|14H010R|0|0|0|0|2.05|10.77|26.23|16.31
1/2/2015|27310001|192|5|5|Mike|Briggs|14H012R|0|0|0|0|1.03|5.38|13.12|8.15
1/2/2015|27310001|192|5|5|Mike|Briggs|14S002R|4|0|96.15|0|0.52|2.69|6.56|4.08
1/2/2015|27310001|398|1|1|Mona|Howard|14S005|4|0|48|0|0.29|1.15|3.68|0.77
1/2/2015|27310001|398|1|1|Mona|Howard|14S008|1|0|12|0|0.07|0.29|0.91|0.19
1/2/2015|27310001|398|1|1|Mona|Howard|14S010|0|0|0|0|1.15|4.61|14.68|3.07
1/2/2015|27310001|276|1|1|Morris|Glover|14005|0|0|0|0|0.08|0.32|1.02|0.24
1/2/2015|27310001|276|1|1|Morris|Glover|14H009|0|0|0|0|0.98|3.92|12.49|2.91
1/2/2015|27310001|276|1|1|Morris|Glover|14H010|0|0|0|0|1.96|7.84|24.99|5.82
1/2/2015|27310001|352|1|1|Myra|Vega|14S009|0|0|0|0|0.78|3.12|9.94|2.43
1/2/2015|27310001|352|1|1|Myra|Vega|14S010|0|0|0|0|1.56|6.24|19.89|4.86
1/2/2015|27310001|352|1|1|Myra|Vega|14S012|0|0|0|0|1.56|6.24|19.89|4.86
1/2/2015|27310001|199|1|1|Nettie|Stevens|14005|0|0|0|0|0.09|0.34|1.07|0.24
1/2/2015|27310001|199|1|1|Nettie|Stevens|14H006|2.5|0|89.25|0|0.5|2|6.38|1.43
1/2/2015|27310001|199|1|1|Nettie|Stevens|14H006|0|6|0|321.3|1.8|7.21|22.96|3.43
1/2/2015|27310001|199|1|1|Nettie|Stevens|14H006B|1.5|0|53.55|0|0.3|1.2|3.83|0.86
1/2/2015|27310001|199|1|1|Nettie|Stevens|14H008|0.5|0|17.85|0|0.1|0.4|1.27|0.29
1/2/2015|27310001|199|1|1|Nettie|Stevens|14H010|0|0|0|0|3.2|12.8|40.82|9.14
1/2/2015|27310001|260|1|1|Nichole|Fox|14005|0|0|0|0|0.03|0.13|0.43|0.1
1/2/2015|27310001|260|1|1|Nichole|Fox|14H010|0|0|0|0|2.22|8.87|28.28|6.34
1/2/2015|27310001|260|1|1|Nichole|Fox|14H012|0|0|0|0|1.11|4.44|14.14|3.17
1/2/2015|27310001|380|1|1|Preston|Robinson|14005|0|0|0|0|0.04|0.17|0.56|0.14
1/2/2015|27310001|380|1|1|Preston|Robinson|14S006|4|0|80|0|0.39|1.55|4.93|1.28
1/2/2015|27310001|380|1|1|Preston|Robinson|14S010|0|0|0|0|1.55|6.19|19.71|5.12
1/2/2015|27310001|181|1|1|Ramona|Myers|14H009|0|0|0|0|1.41|5.62|17.92|3.75
1/2/2015|27310001|181|1|1|Ramona|Myers|14H010|0|0|0|0|2.81|11.24|35.83|7.49
1/2/2015|27310001|117|1|1|Richard|Wood|14H006|6|0|90|0|0.54|2.16|6.89|1.44
1/2/2015|27310001|117|1|1|Richard|Wood|14H010|0|0|0|0|2.16|8.64|27.52|6.4
1/2/2015|27310001|400|1|1|Roberto|Ortega|14005|0|0|0|0|0.07|0.3|0.96|0.04
1/2/2015|27310001|400|1|1|Roberto|Ortega|14H002|24|0|496.16|0|2.51|10.02|31.96|1.29
1/2/2015|27310001|400|1|1|Roberto|Ortega|14H010|0|0|0|0|1.67|6.69|21.31|0.86
1/2/2015|27310001|367|1|1|Samuel|Harper|14H010|0|0|0|0|1.04|4.15|13.22|2.82
1/2/2015|27310001|7|1|1|Shelia|Keller|14H002|20|0|534.19|0|3.21|12.82|40.86|8.55
1/2/2015|27310001|7|1|1|Shelia|Keller|14H010|0|0|0|0|2.56|10.26|32.7|6.84
1/2/2015|27310001|34|1|1|Sheryl|Hill|14005|0|0|0|0|0.09|0.34|1.09|0.24
1/2/2015|27310001|34|1|1|Sheryl|Hill|14H001|3|0|152.64|0|0.87|3.48|11.1|2.44
1/2/2015|27310001|34|1|1|Sheryl|Hill|14H003|5|0|254.41|0|1.45|5.81|18.51|4.07
1/2/2015|27310001|34|1|1|Sheryl|Hill|14H007|2|0|101.76|0|0.58|2.32|7.4|1.63
1/2/2015|27310001|34|1|1|Sheryl|Hill|14H010|0|0|0|0|4.64|18.59|59.23|13.03
1/2/2015|27310001|336|1|1|Shirley|Parker|14005|0|0|0|0|0.04|0.14|0.46|0.1
1/2/2015|27310001|336|1|1|Shirley|Parker|14H010|0|0|0|0|2.35|9.41|29.99|6.27
1/2/2015|27310001|336|1|1|Shirley|Parker|14H012|0|0|0|0|1.17|4.71|14.99|3.14
1/2/2015|27310001|345|1|1|Sidney|Hansen|14H010|0|0|0|0|2.11|8.45|26.94|5.63
1/2/2015|27310001|345|1|1|Sidney|Hansen|14H011|0|0|0|0|1.06|4.22|13.46|2.82
1/2/2015|27310001|99|1|1|Sue|Riley|14H006|11|0|231|0|1.34|5.37|17.11|3.7
1/2/2015|27310001|99|1|1|Sue|Riley|14H010|0|0|0|0|0.98|3.9|12.45|2.69
1/2/2015|27310001|99|1|1|Sue|Riley|14H012|0|0|0|0|0.12|0.49|1.55|0.34
1/2/2015|27310001|99|1|1|Sue|Riley|14S006|11|0|231|0|1.34|5.37|17.11|3.7
1/2/2015|27310001|99|1|1|Sue|Riley|14S010|0|0|0|0|0.98|3.9|12.44|2.69
1/2/2015|27310001|99|1|1|Sue|Riley|14S012|0|0|0|0|0.12|0.49|1.56|0.34
1/2/2015|27310001|25|1|1|Tami|Luna|14H001|9.5|0|218.41|0|1.25|5.02|16|0.28
1/2/2015|27310001|25|1|1|Tami|Luna|14H010|0|0|0|0|1.06|4.23|13.47|0.24
1/2/2015|27310001|25|1|1|Tami|Luna|14H012|0|0|0|0|0.47|1.85|5.9|0.1
1/2/2015|27310001|25|1|1|Tami|Luna|14S001|9|0|206.9|0|1.19|4.75|15.16|0.27
1/2/2015|27310001|25|1|1|Tami|Luna|14S010|0|0|0|0|1.05|4.22|13.47|0.24
1/2/2015|27310001|25|1|1|Tami|Luna|14S012|0|0|0|0|0.26|1.06|3.37|0.06
1/2/2015|27310001|184|1|1|Tammy|Wilkins|14005|0|0|0|0|0.08|0.33|1.06|0.24
1/2/2015|27310001|184|1|1|Tammy|Wilkins|14H009|0|0|0|0|4|16.01|51.03|11.53
1/2/2015|27310001|184|1|1|Tammy|Wilkins|14H010|0|0|0|0|2.67|10.68|34.02|7.69
1/2/2015|27310001|320|1|1|Terry|Moreno|14H010|0|0|0|0|3.44|13.75|43.84|9.17
1/2/2015|27310001|320|1|1|Terry|Moreno|14H012|0|0|0|0|5.16|20.63|65.76|13.75
1/2/2015|27310001|343|1|1|Tommy|Graves|14005|0|0|0|0|0.02|0.06|0.19|0.05
1/2/2015|27310001|343|1|1|Tommy|Graves|14H006|5|0|105|0|0.53|2.11|6.71|1.68
1/2/2015|27310001|343|1|1|Tommy|Graves|14H006|0|2|0|63|0.32|1.27|4.03|0.67
1/2/2015|27310001|343|1|1|Tommy|Graves|14H009|0|0|0|0|1.69|6.74|21.49|5.38
1/2/2015|27310001|343|1|1|Tommy|Graves|14H010|0|0|0|0|1.68|6.74|21.49|5.38
1/2/2015|27310001|399|1|1|Yvette|Miller|14005|0|0|0|0|0.09|0.34|1.1|0.04
1/2/2015|27310001|399|1|1|Yvette|Miller|14S002|20|0|432.69|0|2.48|9.93|31.64|1.12
1/2/2015|27310001|399|1|1|Yvette|Miller|14S009|0|0|0|0|0.5|1.98|6.33|0.23
1/2/2015|27310001|399|1|1|Yvette|Miller|14S010|0|0|0|0|1.98|7.95|25.3|0.9
1/9/2015|27310003|195|1|1|Al|Ramos|14005|0|0|0|0|0.08|0.34|1.07|0.04
1/9/2015|27310003|195|1|1|Al|Ramos|14H012|0|0|0|0|3.9|15.57|49.66|1.81
1/9/2015|27310003|195|1|1|Al|Ramos|15H002|8|0|231.43|0|1.3|5.19|16.55|0.6
1/9/2015|27310003|195|1|1|Al|Ramos|15H010|0|0|0|0|1.29|5.2|16.55|0.6
1/9/2015|27310003|106|1|1|Allan|Wood|14002|8|0|160|0|0.96|3.84|12.24|2.56
1/9/2015|27310003|106|1|1|Allan|Wood|14005|0|0|0|0|0.09|0.36|1.15|0.24
1/9/2015|27310003|106|1|1|Allan|Wood|14009|0|0|0|0|0.6|2.4|7.65|1.6
1/9/2015|27310003|106|1|1|Allan|Wood|14012|0|0|0|0|1.32|5.28|16.83|3.52
1/9/2015|27310003|106|1|1|Allan|Wood|15009|0|0|0|0|0.96|3.84|12.24|2.56
1/9/2015|27310003|106|1|1|Allan|Wood|15010|0|0|0|0|0.96|3.84|12.24|2.56
1/9/2015|27310003|304|1|1|Allen|Price|14H009|0|0|0|0|3.13|12.51|39.88|8.83
1/9/2015|27310003|304|1|1|Allen|Price|15H009|0|0|0|0|1.04|4.17|13.29|2.94
1/9/2015|27310003|304|1|1|Allen|Price|15H010|0|0|0|0|1.04|4.17|13.29|2.94
1/9/2015|27310003|274|1|1|Angel|Watts|14005|0|0|0|0|0.05|0.21|0.69|0.14
1/9/2015|27310003|274|1|1|Angel|Watts|14H012|0|0|0|0|1.2|4.81|15.3|3.2
1/9/2015|27310003|274|1|1|Angel|Watts|15H010|0|0|0|0|1.2|4.8|15.3|3.2
1/9/2015|27310003|1|1|1|Antonio|Torres|14H001|9|0|275.85|0|1.46|5.81|18.53|0.36
1/9/2015|27310003|1|1|1|Antonio|Torres|14S001|9|0|275.85|0|1.45|5.81|18.52|0.36
1/9/2015|27310003|1|1|1|Antonio|Torres|15H001|3|0|91.95|0|0.49|1.94|6.17|0.12
1/9/2015|27310003|1|1|1|Antonio|Torres|15H010|0|0|0|0|1.29|5.17|16.46|0.32
1/9/2015|27310003|1|1|1|Antonio|Torres|15S001|3|0|91.95|0|0.48|1.93|6.18|0.12
1/9/2015|27310003|391|2|2|Barry|Mckenzie|14005|0|0|0|0|0.05|0.39|0.62|0.18
1/9/2015|27310003|391|2|2|Barry|Mckenzie|14H001B|8.5|0|218.88|0|1.19|9.48|15.12|4.38
1/9/2015|27310003|391|2|2|Barry|Mckenzie|15H010B|0|0|0|0|1.11|8.92|14.22|4.12
1/9/2015|27310003|259|1|1|Beulah|Gibbs|14005|0|0|0|0|0.05|0.21|0.66|0.14
1/9/2015|27310003|259|1|1|Beulah|Gibbs|14S004|3.5|0|90.13|0|0.52|2.08|6.63|1.44
1/9/2015|27310003|259|1|1|Beulah|Gibbs|14S008|1|0|25.75|0|0.15|0.6|1.9|0.41
1/9/2015|27310003|259|1|1|Beulah|Gibbs|14S012|0|0|0|0|0.67|2.68|8.52|1.85
1/9/2015|27310003|259|1|1|Beulah|Gibbs|15S010|0|0|0|0|1.19|4.75|15.17|3.3
1/9/2015|27310003|259|1|1|Beulah|Gibbs|15S012|0|0|0|0|1.19|4.75|15.17|3.3
1/9/2015|27310003|390|1|1|Brendan|Curry|14005|0|0|0|0|0.05|0.2|0.65|0.14
1/9/2015|27310003|390|1|1|Brendan|Curry|15H010|0|0|0|0|1.63|6.54|20.83|4.62
1/9/2015|27310003|168|1|1|Brittany|Carlson|14005|0|0|0|0|0.09|0.35|1.11|0.24
1/9/2015|27310003|168|1|1|Brittany|Carlson|14H012|0|0|0|0|4.91|19.67|62.71|13.56
1/9/2015|27310003|168|1|1|Brittany|Carlson|15H010|0|0|0|0|1.64|6.56|20.9|4.52
1/9/2015|27310003|291|1|1|Carlton|Mcdonald|14H009|0|0|0|0|3.36|13.45|42.87|8.97
1/9/2015|27310003|291|1|1|Carlton|Mcdonald|15H009|0|0|0|0|1.12|4.49|14.29|2.99
1/9/2015|27310003|291|1|1|Carlton|Mcdonald|15H010|0|0|0|0|1.12|4.48|14.29|2.99
1/9/2015|27310003|249|1|1|Cary|Foster|14S011|0|0|0|0|3.35|13.39|42.69|9.6
1/9/2015|27310003|249|1|1|Cary|Foster|14S012|0|0|0|0|1.67|6.7|21.34|4.8
1/9/2015|27310003|249|1|1|Cary|Foster|15S009|0|0|0|0|1.67|6.7|21.35|4.8
1/9/2015|27310003|249|1|1|Cary|Foster|15S010|0|0|0|0|1.68|6.69|21.34|4.8
1/9/2015|27310003|179|1|1|Cassandra|Poole|14005|0|0|0|0|0.02|0.07|0.21|0.05
1/9/2015|27310003|179|1|1|Cassandra|Poole|14H012|0|0|0|0|5.81|23.26|74.16|16.62
1/9/2015|27310003|179|1|1|Cassandra|Poole|15H004|8|0|346.15|0|1.94|7.75|24.72|5.54
1/9/2015|27310003|179|1|1|Cassandra|Poole|15H010|0|0|0|0|1.94|7.76|24.71|5.54
1/9/2015|27310003|368|1|1|Cesar|Greene|14S009|0|0|0|0|2.06|8.23|26.23|6.27
1/9/2015|27310003|368|1|1|Cesar|Greene|14S012|0|0|0|0|1.03|4.11|13.12|3.14
1/9/2015|27310003|368|1|1|Cesar|Greene|15S009|0|0|0|0|1.02|4.11|13.12|3.14
1/9/2015|27310003|368|1|1|Cesar|Greene|15S010|0|0|0|0|1.03|4.12|13.11|3.14
1/9/2015|27310003|27|1|1|Cindy|Lunt|14005|0|0|0|0|0.05|0.2|0.63|0.14
1/9/2015|27310003|27|1|1|Cindy|Lunt|14S001|3|0|91.5|0|0.5|2|6.37|1.46
1/9/2015|27310003|27|1|1|Cindy|Lunt|14S002|2.5|0|76.25|0|0.42|1.67|5.32|1.22
1/9/2015|27310003|27|1|1|Cindy|Lunt|14S004|1|0|30.5|0|0.17|0.67|2.12|0.49
1/9/2015|27310003|27|1|1|Cindy|Lunt|14S006|2|0|61|0|0.33|1.33|4.25|0.98
1/9/2015|27310003|27|1|1|Cindy|Lunt|14S012|0|0|0|0|1.33|5.33|16.99|3.9
1/9/2015|27310003|27|1|1|Cindy|Lunt|15S001|1|0|30.5|0|0.16|0.67|2.14|0.49
1/9/2015|27310003|27|1|1|Cindy|Lunt|15S002|1|0|30.5|0|0.16|0.66|2.12|0.49
1/9/2015|27310003|27|1|1|Cindy|Lunt|15S004|1|0|30.5|0|0.17|0.66|2.12|0.49
1/9/2015|27310003|27|1|1|Cindy|Lunt|15S006|1|0|30.5|0|0.17|0.67|2.12|0.49
1/9/2015|27310003|27|1|1|Cindy|Lunt|15S010|0|0|0|0|1.33|5.33|16.99|3.9
1/9/2015|27310003|239|1|1|Clarence|Padilla|14H001|9|0|195.93|0|1.1|4.39|14|0.25
1/9/2015|27310003|239|1|1|Clarence|Padilla|14H012|0|0|0|0|0.49|1.95|6.22|0.11
1/9/2015|27310003|239|1|1|Clarence|Padilla|14S001|8.75|0|190.49|0|1.06|4.27|13.61|0.25
1/9/2015|27310003|239|1|1|Clarence|Padilla|14S012|0|0|0|0|0.49|1.95|6.22|0.11
1/9/2015|27310003|239|1|1|Clarence|Padilla|15H001|1.25|0|27.21|0|0.16|0.61|1.94|0.04
1/9/2015|27310003|239|1|1|Clarence|Padilla|15H010|0|0|0|0|0.49|1.95|6.22|0.11
1/9/2015|27310003|239|1|1|Clarence|Padilla|15S001|1.25|0|27.21|0|0.15|0.61|1.95|0.04
1/9/2015|27310003|239|1|1|Clarence|Padilla|15S010|0|0|0|0|0.48|1.96|6.23|0.11
1/9/2015|27310003|369|1|1|Clark|Morgan|14H002|22|0|462|0|2.74|10.98|35|1.2
1/9/2015|27310003|369|1|1|Clark|Morgan|14H009|0|0|0|0|0.25|1|3.19|0.11
1/9/2015|27310003|369|1|1|Clark|Morgan|15H002|6|0|126|0|0.75|2.99|9.53|0.33
1/9/2015|27310003|369|1|1|Clark|Morgan|15H010|0|0|0|0|1|3.99|12.72|0.44
1/9/2015|27310003|38|1|1|Conrad|Walker|14005|0|0|0|0|0.09|0.35|1.12|0.04
1/9/2015|27310003|38|1|1|Conrad|Walker|14H002|22|0|946.32|0|5.56|22.24|70.89|2.46
1/9/2015|27310003|38|1|1|Conrad|Walker|15H010|0|0|0|0|2.02|8.08|25.77|0.89
1/9/2015|27310003|38|1|1|Conrad|Walker|15H012|0|0|0|0|2.02|8.09|25.78|0.89
1/9/2015|27310003|169|1|1|Cornelius|Gibson|14H009|0|0|0|0|4.55|18.23|58.09|12.58
1/9/2015|27310003|169|1|1|Cornelius|Gibson|15H009|0|0|0|0|1.52|6.07|19.37|4.19
1/9/2015|27310003|169|1|1|Cornelius|Gibson|15H010|0|0|0|0|1.52|6.08|19.36|4.19
1/9/2015|27310003|44|4|4|Dale|Hamilton|14001|40|0|3850|0|18.9|92.4|294.53|5
1/9/2015|27310003|396|5|5|Darryl|Burgess|14005|0|0|0|0|0.07|0.34|0.91|0.51
1/9/2015|27310003|396|5|5|Darryl|Burgess|14H001R|1|0|32|0|0.19|0.9|2.44|1.36
1/9/2015|27310003|396|5|5|Darryl|Burgess|14H004R|4|0|128|0|0.77|3.58|9.8|5.43
1/9/2015|27310003|396|5|5|Darryl|Burgess|15H010R|0|0|0|0|1.54|7.17|19.58|10.85
1/9/2015|27310003|204|1|1|Deborah|Bennett|14H009|0|0|0|0|4.11|16.43|52.39|11.61
1/9/2015|27310003|204|1|1|Deborah|Bennett|15H009|0|0|0|0|1.37|5.48|17.47|3.87
1/9/2015|27310003|204|1|1|Deborah|Bennett|15H010|0|0|0|0|1.37|5.48|17.46|3.87
1/9/2015|27310003|53|1|1|Delia|Lopez|14H009|0|0|0|0|0.5|2.01|6.39|1.47
1/9/2015|27310003|53|1|1|Delia|Lopez|14H012|0|0|0|0|2.5|10.03|31.97|7.36
1/9/2015|27310003|53|1|1|Delia|Lopez|15H009|0|0|0|0|1|4.01|12.8|2.94
1/9/2015|27310003|53|1|1|Delia|Lopez|15H010|0|0|0|0|1.01|4.01|12.78|2.94
1/9/2015|27310003|15|1|1|Don|Young|14005|0|0|0|0|0.08|0.32|1.02|0.24
1/9/2015|27310003|15|1|1|Don|Young|14H009|0|0|0|0|1.19|4.73|15.06|3.54
1/9/2015|27310003|15|1|1|Don|Young|14H012|0|0|0|0|2.36|9.45|30.12|7.08
1/9/2015|27310003|15|1|1|Don|Young|15H009|0|0|0|0|0.73|2.95|9.41|2.21
1/9/2015|27310003|15|1|1|Don|Young|15H010|0|0|0|0|1.19|4.73|15.07|3.54
1/9/2015|27310003|11|1|1|Earnest|Drake|14H012|0|0|0|0|5.28|21.13|67.34|14.58
1/9/2015|27310003|11|1|1|Earnest|Drake|15H009|0|0|0|0|1.76|7.04|22.44|4.86
1/9/2015|27310003|11|1|1|Earnest|Drake|15H010|0|0|0|0|1.76|7.04|22.45|4.86
1/9/2015|27310003|20|1|1|Ed|Craig|14S002|8.5|0|245.52|0|1.3|5.2|16.58|0.64
1/9/2015|27310003|20|1|1|Ed|Craig|14S009|0|0|0|0|2.37|9.48|30.24|1.16
1/9/2015|27310003|20|1|1|Ed|Craig|15S002|8|0|231.08|0|1.23|4.9|15.61|0.6
1/9/2015|27310003|20|1|1|Ed|Craig|15S010|0|0|0|0|1.22|4.9|15.61|0.6
1/9/2015|27310003|180|1|1|Elisa|Warren|14005|0|0|0|0|0.06|0.24|0.78|0.19
1/9/2015|27310003|180|1|1|Elisa|Warren|14H006|2|0|46.5|0|0.24|0.95|3.01|0.74
1/9/2015|27310003|180|1|1|Elisa|Warren|15H010|0|0|0|0|0.95|3.79|12.05|2.98
1/9/2015|27310003|45|4|4|Ernesto|Todd|14002|40|0|4225.64|0|17.61|97.54|310.92|5.49
1/9/2015|27310003|375|1|1|Fannie|Parks|14005|0|0|0|0|0.05|0.22|0.69|0.14
1/9/2015|27310003|375|1|1|Fannie|Parks|14S004|5|0|105|0|0.63|2.52|8.03|1.68
1/9/2015|27310003|375|1|1|Fannie|Parks|15S010|0|0|0|0|1.01|4.03|12.84|2.69
1/9/2015|27310003|375|1|1|Fannie|Parks|15S012|0|0|0|0|1.01|4.03|12.86|2.69
1/9/2015|27310003|19|1|1|Frank|Diaz|14S012|0|0|0|0|3.75|14.99|47.79|10.37
1/9/2015|27310003|19|1|1|Frank|Diaz|15S009|0|0|0|0|1.25|5|15.93|3.46
1/9/2015|27310003|19|1|1|Frank|Diaz|15S010|0|0|0|0|1.25|5|15.93|3.46
1/9/2015|27310003|381|1|1|Frankie|Mcdaniel|14005|0|0|0|0|0.08|0.33|1.04|0.04
1/9/2015|27310003|381|1|1|Frankie|Mcdaniel|14S002|24|0|519.23|0|2.83|11.32|36.07|1.35
1/9/2015|27310003|381|1|1|Frankie|Mcdaniel|15S002|8|0|173.08|0|0.95|3.77|12.01|0.45
1/9/2015|27310003|381|1|1|Frankie|Mcdaniel|15S010|0|0|0|0|0.94|3.77|12.03|0.45
1/9/2015|27310003|133|1|1|Geneva|Moody|14S009|0|0|0|0|4.03|16.12|51.39|11.42
1/9/2015|27310003|133|1|1|Geneva|Moody|15S009|0|0|0|0|1.35|5.38|17.14|3.81
1/9/2015|27310003|133|1|1|Geneva|Moody|15S010|0|0|0|0|1.34|5.37|17.13|3.81
1/9/2015|27310003|402|5|5|Gwendolyn|Alvarado|14005|0|0|0|0|0.06|0.34|0.83|0.51
1/9/2015|27310003|402|5|5|Gwendolyn|Alvarado|14H001R|1|0|18|0|0.1|0.5|1.25|0.76
1/9/2015|27310003|402|5|5|Gwendolyn|Alvarado|14H008R|17|0|306|0|1.65|8.57|21.08|12.97
1/9/2015|27310003|402|5|5|Gwendolyn|Alvarado|15H008R|5|0|90|0|0.49|2.52|6.2|3.82
1/9/2015|27310003|402|5|5|Gwendolyn|Alvarado|15H010R|0|0|0|0|0.78|4.03|9.92|6.11
1/9/2015|27310003|194|1|1|Hector|Wright|14H009|0|0|0|0|1.75|7|22.31|5.76
1/9/2015|27310003|194|1|1|Hector|Wright|14H012|0|0|0|0|0.88|3.5|11.15|2.88
1/9/2015|27310003|194|1|1|Hector|Wright|15H009|0|0|0|0|0.88|3.5|11.16|2.88
1/9/2015|27310003|194|1|1|Hector|Wright|15H010|0|0|0|0|0.87|3.5|11.16|2.88
1/9/2015|27310003|203|1|1|Helen|Paul|14005|0|0|0|0|0.12|0.47|1.49|0.03
1/9/2015|27310003|203|1|1|Helen|Paul|14H001|4|0|259.25|0|1.45|5.78|18.43|0.34
1/9/2015|27310003|203|1|1|Helen|Paul|14H006|4|0|259.25|0|1.44|5.78|18.44|0.34
1/9/2015|27310003|203|1|1|Helen|Paul|14H012|0|0|0|0|1.45|5.78|18.44|0.34
1/9/2015|27310003|203|1|1|Helen|Paul|14S001|4|0|259.25|0|1.44|5.79|18.43|0.34
1/9/2015|27310003|203|1|1|Helen|Paul|14S006|4|0|259.25|0|1.45|5.78|18.44|0.34
1/9/2015|27310003|203|1|1|Helen|Paul|14S012|0|0|0|0|1.44|5.78|18.43|0.34
1/9/2015|27310003|203|1|1|Helen|Paul|15H001|2|0|129.61|0|0.72|2.89|9.22|0.17
1/9/2015|27310003|203|1|1|Helen|Paul|15H006|2|0|129.62|0|0.72|2.89|9.21|0.17
1/9/2015|27310003|203|1|1|Helen|Paul|15H010|0|0|0|0|1.45|5.78|18.43|0.34
1/9/2015|27310003|203|1|1|Helen|Paul|15S001|2|0|129.61|0|0.73|2.89|9.21|0.17
1/9/2015|27310003|203|1|1|Helen|Paul|15S006|2|0|129.62|0|0.72|2.89|9.21|0.17
1/9/2015|27310003|203|1|1|Helen|Paul|15S010|0|0|0|0|1.44|5.79|18.43|0.34
1/9/2015|27310003|357|1|1|Stanley|Peterson|14005|0|0|0|0|0.06|0.24|0.78|0.19
1/9/2015|27310003|357|1|1|Stanley|Peterson|14S006|3.5|0|70|0|0.35|1.42|4.51|1.12
1/9/2015|27310003|357|1|1|Stanley|Peterson|15S006|0|4|0|120|0.61|2.43|7.74|1.28
1/9/2015|27310003|357|1|1|Stanley|Peterson|15S009|0|0|0|0|0.61|2.44|7.75|1.92
1/9/2015|27310003|357|1|1|Stanley|Peterson|15S010|0|0|0|0|0.81|3.24|10.32|2.56
1/9/2015|27310003|269|1|1|Jo|Manning|14005|0|0|0|0|0.06|0.27|0.84|0.19
1/9/2015|27310003|269|1|1|Jo|Manning|14H004SG|5|0|140|0|0.78|3.1|9.89|2.24
1/9/2015|27310003|269|1|1|Jo|Manning|14S002SG|3|0|84|0|0.46|1.86|5.94|1.34
1/9/2015|27310003|269|1|1|Jo|Manning|15H004SG|2|0|56|0|0.31|1.24|3.94|0.9
1/9/2015|27310003|269|1|1|Jo|Manning|15H010SG|0|0|0|0|1.24|4.95|15.81|3.58
1/9/2015|27310003|269|1|1|Jo|Manning|15S002SG|5|0|140|0|0.78|3.1|9.87|2.24
1/9/2015|27310003|248|1|1|Jodi|Powers|14H001|12.5|0|256.25|0|1.35|5.41|17.25|0.33
1/9/2015|27310003|248|1|1|Jodi|Powers|14S001|12.25|0|251.13|0|1.33|5.31|16.9|0.33
1/9/2015|27310003|248|1|1|Jodi|Powers|15H009|0|0|0|0|0.38|1.51|4.84|0.09
1/9/2015|27310003|248|1|1|Jodi|Powers|15H010|0|0|0|0|0.44|1.73|5.52|0.11
1/9/2015|27310003|248|1|1|Jodi|Powers|15S009|0|0|0|0|0.4|1.63|5.17|0.1
1/9/2015|27310003|248|1|1|Jodi|Powers|15S010|0|0|0|0|0.43|1.73|5.52|0.11
1/9/2015|27310003|30|1|1|Joe|Perry|14H012|0|0|0|0|2.95|11.81|37.66|0.76
1/9/2015|27310003|30|1|1|Joe|Perry|15H009|0|0|0|0|0.98|3.94|12.55|0.25
1/9/2015|27310003|30|1|1|Joe|Perry|15H010|0|0|0|0|0.99|3.94|12.56|0.25
1/9/2015|27310003|403|1|1|Joyce|Ferguson|14S008|1|0|17|0|0.1|0.41|1.3|0.27
1/9/2015|27310003|403|1|1|Joyce|Ferguson|15S010|0|0|0|0|0.82|3.26|10.4|2.18
1/9/2015|27310003|376|1|1|Katie|Hodges|14H009|0|0|0|0|0.98|3.91|12.48|2.84
1/9/2015|27310003|376|1|1|Katie|Hodges|15H010|0|0|0|0|0.82|3.3|10.51|2.39
1/9/2015|27310003|6|1|1|Kelly|Murray|14H012|0|0|0|0|3.05|12.21|38.91|8.45
1/9/2015|27310003|6|1|1|Kelly|Murray|15H009|0|0|0|0|1.02|4.07|12.97|2.82
1/9/2015|27310003|6|1|1|Kelly|Murray|15H010|0|0|0|0|1.02|4.07|12.98|2.82
1/9/2015|27310003|210|2|2|Kenny|Robertson|14005|0|0|0|0|0.05|0.43|0.69|0.18
1/9/2015|27310003|210|2|2|Kenny|Robertson|14H001B|11|0|261.58|0|1.57|12.56|20.01|5.23
1/9/2015|27310003|210|2|2|Kenny|Robertson|15H009B|0|0|0|0|1.15|9.14|14.56|3.8
1/9/2015|27310003|210|2|2|Kenny|Robertson|15H010B|0|0|0|0|1.14|9.13|14.55|3.8
1/9/2015|27310003|37|1|1|Kirk|Byrd|14H005|3|0|73.5|0|0.39|1.58|5.03|1.18
1/9/2015|27310003|37|1|1|Kirk|Byrd|14S009|0|0|0|0|1.05|4.21|13.44|3.14
1/9/2015|27310003|37|1|1|Kirk|Byrd|15S010|0|0|0|0|1.06|4.22|13.43|3.14
1/9/2015|27310003|37|1|1|Kirk|Byrd|15S012|0|0|0|0|1.05|4.21|13.43|3.14
1/9/2015|27310003|35|1|1|Leonard|Wong|14H009|0|0|0|0|3.83|15.35|48.92|1.8
1/9/2015|27310003|35|1|1|Leonard|Wong|15H009|0|0|0|0|1.28|5.11|16.3|0.6
1/9/2015|27310003|35|1|1|Leonard|Wong|15H010|0|0|0|0|1.28|5.12|16.31|0.6
1/9/2015|27310003|302|1|1|Leslie|Dean|14H009|0|0|0|0|3.17|12.67|40.4|8.45
1/9/2015|27310003|302|1|1|Leslie|Dean|15H009|0|0|0|0|1.05|4.23|13.46|2.82
1/9/2015|27310003|302|1|1|Leslie|Dean|15H010|0|0|0|0|1.06|4.22|13.46|2.82
1/9/2015|27310003|287|2|2|Levi|Christensen|14H001|11|0|156.75|0|0.9|7.14|11.37|0.38
1/9/2015|27310003|287|2|2|Levi|Christensen|14H001B|1.5|0|21.38|0|0.12|0.97|1.55|0.05
1/9/2015|27310003|287|2|2|Levi|Christensen|14H006B|1.5|0|21.38|0|0.12|0.98|1.56|0.05
1/9/2015|27310003|287|2|2|Levi|Christensen|14H009B|0|0|0|0|0.81|6.49|10.34|0.34
1/9/2015|27310003|287|2|2|Levi|Christensen|15H009B|0|0|0|0|0.65|5.19|8.28|0.27
1/9/2015|27310003|287|2|2|Levi|Christensen|15H010B|0|0|0|0|0.65|5.19|8.28|0.27
1/9/2015|27310003|385|1|1|Lillian|Jefferson|14H001|9|0|135|0|0.81|3.24|10.33|2.16
1/9/2015|27310003|385|1|1|Lillian|Jefferson|14H012|0|0|0|0|0.72|2.88|9.18|1.92
1/9/2015|27310003|385|1|1|Lillian|Jefferson|14S001|9|0|135|0|0.81|3.24|10.32|2.16
1/9/2015|27310003|385|1|1|Lillian|Jefferson|15H009|0|0|0|0|0.72|2.88|9.18|1.92
1/9/2015|27310003|385|1|1|Lillian|Jefferson|15H010|0|0|0|0|0.72|2.88|9.18|1.92
1/9/2015|27310003|255|1|1|Lois|Moran|14H009|0|0|0|0|2.48|9.94|31.66|6.91
1/9/2015|27310003|255|1|1|Lois|Moran|15H009|0|0|0|0|0.83|3.31|10.56|2.3
1/9/2015|27310003|255|1|1|Lois|Moran|15H010|0|0|0|0|0.83|3.31|10.55|2.3
1/9/2015|27310003|153|1|1|Lynne|Soto|15H009|0|0|0|0|0.69|2.79|8.87|1.86
1/9/2015|27310003|153|1|1|Lynne|Soto|15H010|0|0|0|0|0.7|2.78|8.87|1.86
1/9/2015|27310003|13|1|1|Mamie|Day|14H012|0|0|0|0|6.7|26.81|85.44|17.87
1/9/2015|27310003|13|1|1|Mamie|Day|15H009|0|0|0|0|2.23|8.94|28.48|5.96
1/9/2015|27310003|13|1|1|Mamie|Day|15H010|0|0|0|0|2.24|8.93|28.49|5.96
1/9/2015|27310003|358|1|1|Marc|Wallace|14H001|24|0|378|0|1.78|7.13|22.72|0.49
1/9/2015|27310003|358|1|1|Marc|Wallace|15H001|8|0|126|0|0.6|2.37|7.57|0.16
1/9/2015|27310003|358|1|1|Marc|Wallace|15H010|0|0|0|0|0.59|2.38|7.58|0.16
1/9/2015|27310003|316|1|1|Marguerite|Thornton|14H009|0|0|0|0|2.43|9.73|31.01|6.72
1/9/2015|27310003|316|1|1|Marguerite|Thornton|14H012|0|0|0|0|1.22|4.86|15.51|3.36
1/9/2015|27310003|316|1|1|Marguerite|Thornton|15H009|0|0|0|0|1.22|4.86|15.5|3.36
1/9/2015|27310003|316|1|1|Marguerite|Thornton|15H010|0|0|0|0|1.21|4.87|15.5|3.36
1/9/2015|27310003|314|1|1|Marianne|Baldwin|14005|0|0|0|0|0.05|0.22|0.69|0.14
1/9/2015|27310003|314|1|1|Marianne|Baldwin|15H009|0|0|0|0|1.04|4.18|13.31|2.78
1/9/2015|27310003|314|1|1|Marianne|Baldwin|15H010|0|0|0|0|1.05|4.17|13.31|2.78
1/9/2015|27310003|39|1|1|Marie|Hudson|14H005|30|0|217.5|0|0.32|1.26|4.02|3.48
1/9/2015|27310003|22|1|1|Marion|Scott|14H009|0|0|0|0|2.94|11.77|37.51|8.61
1/9/2015|27310003|22|1|1|Marion|Scott|14H012|0|0|0|0|1.47|5.88|18.75|4.31
1/9/2015|27310003|22|1|1|Marion|Scott|15H009|0|0|0|0|1.47|5.88|18.75|4.31
1/9/2015|27310003|22|1|1|Marion|Scott|15H010|0|0|0|0|1.47|5.89|18.76|4.31
1/9/2015|27310003|18|1|1|Marty|Barnes|14H001|8|0|160|0|0.96|3.84|12.24|0.21
1/9/2015|27310003|18|1|1|Marty|Barnes|14S001|8|0|160|0|0.96|3.84|12.24|0.21
1/9/2015|27310003|18|1|1|Marty|Barnes|15H001|4|0|80|0|0.48|1.92|6.12|0.1
1/9/2015|27310003|18|1|1|Marty|Barnes|15S001|4|0|80|0|0.48|1.92|6.12|0.1
1/9/2015|27310003|23|1|1|Mary|Waters|14H009|0|0|0|0|1.61|6.45|20.54|4.62
1/9/2015|27310003|23|1|1|Mary|Waters|14H012|0|0|0|0|3.22|12.89|41.1|9.23
1/9/2015|27310003|23|1|1|Mary|Waters|15H009|0|0|0|0|1.61|6.44|20.56|4.62
1/9/2015|27310003|23|1|1|Mary|Waters|15H010|0|0|0|0|1.62|6.45|20.54|4.62
1/9/2015|27310003|401|2|2|Maryann|Cohen|14005|0|0|0|0|0.05|0.43|0.69|0.18
1/9/2015|27310003|401|2|2|Maryann|Cohen|14H001B|1|0|26|0|0.16|1.25|1.99|0.52
1/9/2015|27310003|401|2|2|Maryann|Cohen|15H010B|0|0|0|0|1.25|9.98|15.92|4.16
1/9/2015|27310003|3|1|1|Melanie|Green|14H001|4|0|307.7|0|1.83|7.31|23.31|0.4
1/9/2015|27310003|3|1|1|Melanie|Green|14H001R|4|0|307.7|0|1.83|7.31|23.31|0.4
1/9/2015|27310003|3|1|1|Melanie|Green|14H009|0|0|0|0|7.31|29.25|93.23|1.6
1/9/2015|27310003|3|1|1|Melanie|Green|15H009|0|0|0|0|3.65|14.63|46.61|0.8
1/9/2015|27310003|3|1|1|Melanie|Green|15H010|0|0|0|0|3.66|14.62|46.62|0.8
1/9/2015|27310003|374|5|5|Melvin|Strickland|14H001|3|0|60|0|0.3|1.68|3.87|0.24
1/9/2015|27310003|374|5|5|Melvin|Strickland|14H001R|9.5|0|190|0|0.96|5.32|12.27|0.76
1/9/2015|27310003|374|5|5|Melvin|Strickland|14H006|11.5|0|230|0|1.17|6.44|14.84|0.92
1/9/2015|27310003|374|5|5|Melvin|Strickland|15H009R|0|0|0|0|0.81|4.48|10.33|0.64
1/9/2015|27310003|374|5|5|Melvin|Strickland|15H010R|0|0|0|0|0.81|4.48|10.33|0.64
1/9/2015|27310003|201|1|1|Michele|Lee|14005|0|0|0|0|0.02|0.07|0.23|0.05
1/9/2015|27310003|201|1|1|Michele|Lee|14H012|0|0|0|0|4.32|17.28|55.08|11.52
1/9/2015|27310003|201|1|1|Michele|Lee|15H010|0|0|0|0|1.44|5.76|18.36|3.84
1/9/2015|27310003|192|5|5|Mike|Briggs|14005|0|0|0|0|0.03|0.17|0.41|0.25
1/9/2015|27310003|192|5|5|Mike|Briggs|14H002R|12|0|288.46|0|1.54|8.08|19.67|12.23
1/9/2015|27310003|192|5|5|Mike|Briggs|14H012R|0|0|0|0|1.03|5.38|13.11|8.15
1/9/2015|27310003|192|5|5|Mike|Briggs|14S002R|4|0|96.15|0|0.52|2.69|6.56|4.08
1/9/2015|27310003|192|5|5|Mike|Briggs|15H009R|0|0|0|0|1.02|5.38|13.12|8.15
1/9/2015|27310003|192|5|5|Mike|Briggs|15H010R|0|0|0|0|1.03|5.39|13.12|8.15
1/9/2015|27310003|398|1|1|Mona|Howard|14S008|1|0|12|0|0.07|0.29|0.91|0.19
1/9/2015|27310003|398|1|1|Mona|Howard|15S010|0|0|0|0|0.58|2.3|7.34|1.54
1/9/2015|27310003|276|1|1|Morris|Glover|14005|0|0|0|0|0.05|0.2|0.64|0.14
1/9/2015|27310003|276|1|1|Morris|Glover|15H010|0|0|0|0|1.03|4.1|13.05|2.91
1/9/2015|27310003|276|1|1|Morris|Glover|15H012|0|0|0|0|1.02|4.09|13.05|2.91
1/9/2015|27310003|352|1|1|Myra|Vega|14S009|0|0|0|0|2.34|9.36|29.83|7.3
1/9/2015|27310003|352|1|1|Myra|Vega|15S009|0|0|0|0|0.78|3.12|9.95|2.43
1/9/2015|27310003|352|1|1|Myra|Vega|15S010|0|0|0|0|0.78|3.12|9.94|2.43
1/9/2015|27310003|199|1|1|Nettie|Stevens|14005|0|0|0|0|0.05|0.2|0.63|0.14
1/9/2015|27310003|199|1|1|Nettie|Stevens|14H001B|2|0|71.4|0|0.4|1.58|5.03|1.14
1/9/2015|27310003|199|1|1|Nettie|Stevens|14H006|6.5|0|232.05|0|1.28|5.13|16.36|3.71
1/9/2015|27310003|199|1|1|Nettie|Stevens|14H006|0|2|0|107.1|0.59|2.37|7.55|1.14
1/9/2015|27310003|199|1|1|Nettie|Stevens|14H008|0.5|0|17.85|0|0.1|0.4|1.26|0.29
1/9/2015|27310003|199|1|1|Nettie|Stevens|15H009|0|0|0|0|1.58|6.32|20.12|4.57
1/9/2015|27310003|199|1|1|Nettie|Stevens|15H010|0|0|0|0|1.58|6.31|20.14|4.57
1/9/2015|27310003|260|1|1|Nichole|Fox|14005|0|0|0|0|0.02|0.07|0.21|0.05
1/9/2015|27310003|260|1|1|Nichole|Fox|14H009|0|0|0|0|1.39|5.54|17.68|3.96
1/9/2015|27310003|260|1|1|Nichole|Fox|14H012|0|0|0|0|1.1|4.43|14.14|3.17
1/9/2015|27310003|260|1|1|Nichole|Fox|15H009|0|0|0|0|1.11|4.43|14.13|3.17
1/9/2015|27310003|260|1|1|Nichole|Fox|15H010|0|0|0|0|1.11|4.44|14.14|3.17
1/9/2015|27310003|380|1|1|Preston|Robinson|14005|0|0|0|0|0.03|0.12|0.37|0.1
1/9/2015|27310003|380|1|1|Preston|Robinson|14S001|1|0|20|0|0.1|0.39|1.23|0.32
1/9/2015|27310003|380|1|1|Preston|Robinson|14S009|0|0|0|0|0.68|2.7|8.61|2.24
1/9/2015|27310003|380|1|1|Preston|Robinson|15S009|0|0|0|0|0.77|3.09|9.86|2.56
1/9/2015|27310003|380|1|1|Preston|Robinson|15S010|0|0|0|0|0.77|3.09|9.85|2.56
1/9/2015|27310003|181|1|1|Ramona|Myers|14005|0|0|0|0|0.09|0.36|1.15|0.24
1/9/2015|27310003|181|1|1|Ramona|Myers|14H009|0|0|0|0|3.51|14.05|44.79|9.37
1/9/2015|27310003|181|1|1|Ramona|Myers|15H010|0|0|0|0|1.41|5.62|17.91|3.75
1/9/2015|27310003|386|1|1|Raquel|Singleton|14S002|13|0|156|0|0.94|3.74|11.93|2.5
1/9/2015|27310003|117|1|1|Richard|Wood|14H012|0|0|0|0|3.24|12.95|41.28|9.6
1/9/2015|27310003|117|1|1|Richard|Wood|15H009|0|0|0|0|1.08|4.32|13.76|3.2
1/9/2015|27310003|117|1|1|Richard|Wood|15H010|0|0|0|0|1.08|4.32|13.76|3.2
1/9/2015|27310003|400|1|1|Roberto|Ortega|14005|0|0|0|0|0.07|0.3|0.96|0.04
1/9/2015|27310003|400|1|1|Roberto|Ortega|14H009|0|0|0|0|1.67|6.68|21.31|0.86
1/9/2015|27310003|400|1|1|Roberto|Ortega|14H012|0|0|0|0|0.84|3.34|10.66|0.43
1/9/2015|27310003|400|1|1|Roberto|Ortega|15H009|0|0|0|0|0.84|3.34|10.65|0.43
1/9/2015|27310003|400|1|1|Roberto|Ortega|15H010|0|0|0|0|0.83|3.35|10.65|0.43
1/9/2015|27310003|367|1|1|Samuel|Harper|14H012|0|0|0|0|1.55|6.22|19.83|4.22
1/9/2015|27310003|367|1|1|Samuel|Harper|15H009|0|0|0|0|0.52|2.07|6.61|1.41
1/9/2015|27310003|367|1|1|Samuel|Harper|15H010|0|0|0|0|0.52|2.08|6.61|1.41
1/9/2015|27310003|7|1|1|Shelia|Keller|14H002|16|0|569.8|0|3.42|13.68|43.59|9.12
1/9/2015|27310003|7|1|1|Shelia|Keller|15H002|3|0|106.84|0|0.64|2.56|8.18|1.71
1/9/2015|27310003|7|1|1|Shelia|Keller|15H010|0|0|0|0|1.71|6.84|21.79|4.56
1/9/2015|27310003|34|1|1|Sheryl|Hill|14005|0|0|0|0|0.08|0.34|1.09|0.24
1/9/2015|27310003|34|1|1|Sheryl|Hill|14H001|1|0|55.51|0|0.32|1.27|4.03|0.89
1/9/2015|27310003|34|1|1|Sheryl|Hill|14H003|3|0|166.52|0|0.95|3.8|12.12|2.66
1/9/2015|27310003|34|1|1|Sheryl|Hill|15H003|1|0|55.51|0|0.32|1.26|4.04|0.89
1/9/2015|27310003|34|1|1|Sheryl|Hill|15H010|0|0|0|0|2.54|10.14|32.31|7.1
1/9/2015|27310003|336|1|1|Shirley|Parker|14005|0|0|0|0|0.02|0.07|0.23|0.05
1/9/2015|27310003|336|1|1|Shirley|Parker|14H009|0|0|0|0|3.53|14.12|44.99|9.41
1/9/2015|27310003|336|1|1|Shirley|Parker|15H010|0|0|0|0|1.17|4.7|14.99|3.14
1/9/2015|27310003|345|1|1|Sidney|Hansen|15H010|0|0|0|0|1.06|4.22|13.46|2.82
1/9/2015|27310003|99|1|1|Sue|Riley|14H006|8|0|168|0|0.97|3.91|12.47|2.69
1/9/2015|27310003|99|1|1|Sue|Riley|14H009|0|0|0|0|0.13|0.49|1.56|0.34
1/9/2015|27310003|99|1|1|Sue|Riley|14H012|0|0|0|0|0.49|1.96|6.23|1.34
1/9/2015|27310003|99|1|1|Sue|Riley|14S006|8|0|168|0|0.98|3.91|12.46|2.69
1/9/2015|27310003|99|1|1|Sue|Riley|14S009|0|0|0|0|0.12|0.49|1.55|0.34
1/9/2015|27310003|99|1|1|Sue|Riley|14S012|0|0|0|0|0.49|1.95|6.23|1.34
1/9/2015|27310003|99|1|1|Sue|Riley|15H006|4|0|84|0|0.49|1.95|6.23|1.34
1/9/2015|27310003|99|1|1|Sue|Riley|15H010|0|0|0|0|0.48|1.96|6.23|1.34
1/9/2015|27310003|99|1|1|Sue|Riley|15S006|4|0|84|0|0.49|1.96|6.24|1.34
1/9/2015|27310003|99|1|1|Sue|Riley|15S010|0|0|0|0|0.49|1.95|6.24|1.34
1/9/2015|27310003|25|1|1|Tami|Luna|14H001|13.5|0|310.37|0|1.78|7.13|22.74|0.4
1/9/2015|27310003|25|1|1|Tami|Luna|14S001|13.5|0|310.37|0|1.78|7.13|22.74|0.4
1/9/2015|27310003|25|1|1|Tami|Luna|15H009|0|0|0|0|0.33|1.32|4.21|0.07
1/9/2015|27310003|25|1|1|Tami|Luna|15H010|0|0|0|0|0.53|2.12|6.73|0.12
1/9/2015|27310003|25|1|1|Tami|Luna|15S009|0|0|0|0|0.33|1.32|4.21|0.07
1/9/2015|27310003|25|1|1|Tami|Luna|15S010|0|0|0|0|0.53|2.11|6.74|0.12
1/9/2015|27310003|184|1|1|Tammy|Wilkins|14005|0|0|0|0|0.08|0.33|1.06|0.24
1/9/2015|27310003|184|1|1|Tammy|Wilkins|14H009|0|0|0|0|4|16.01|51.03|11.53
1/9/2015|27310003|184|1|1|Tammy|Wilkins|15H009|0|0|0|0|1.33|5.34|17.01|3.84
1/9/2015|27310003|184|1|1|Tammy|Wilkins|15H010|0|0|0|0|1.34|5.34|17.01|3.84
1/9/2015|27310003|320|1|1|Terry|Moreno|14005|0|0|0|0|0.05|0.22|0.69|0.14
1/9/2015|27310003|320|1|1|Terry|Moreno|14H002|4|0|143.27|0|0.86|3.43|10.96|2.29
1/9/2015|27310003|320|1|1|Terry|Moreno|14H003|8|0|286.54|0|1.72|6.88|21.92|4.58
1/9/2015|27310003|320|1|1|Terry|Moreno|15H009|0|0|0|0|1.72|6.88|21.93|4.58
1/9/2015|27310003|320|1|1|Terry|Moreno|15H010|0|0|0|0|1.72|6.87|21.91|4.58
1/9/2015|27310003|343|1|1|Tommy|Graves|14005|0|0|0|0|0.04|0.18|0.57|0.14
1/9/2015|27310003|343|1|1|Tommy|Graves|14H006|3|0|63|0|0.31|1.25|3.99|1.01
1/9/2015|27310003|343|1|1|Tommy|Graves|15H010|0|0|0|0|0.83|3.34|10.64|2.69
1/9/2015|27310003|343|1|1|Tommy|Graves|15H012|0|0|0|0|0.84|3.33|10.63|2.69
1/9/2015|27310003|399|1|1|Yvette|Miller|14005|0|0|0|0|0.09|0.34|1.1|0.04
1/9/2015|27310003|399|1|1|Yvette|Miller|14S002|24|0|519.23|0|2.98|11.91|37.97|1.35
1/9/2015|27310003|399|1|1|Yvette|Miller|15S009|0|0|0|0|0.99|3.97|12.64|0.45
1/9/2015|27310003|399|1|1|Yvette|Miller|15S010|0|0|0|0|0.99|3.98|12.66|0.45
1/10/2015|27310004|385|1|1|Lillian|Jefferson|14H001|20|0|300|0|1.8|7.2|22.95|4.8
1/10/2015|27310004|385|1|1|Lillian|Jefferson|14S001|20|0|300|0|1.8|7.2|22.95|4.8
1/13/2015|27310005|390|1|1|Brendan|Curry|15H004|17|0|612.98|0|4.34|17.35|55.32|9.81
1/13/2015|27310005|390|1|1|Brendan|Curry|15H012|0|0|0|0|2.04|8.17|26.03|4.62
1/16/2015|27310006|195|1|1|Al|Ramos|15005|0|0|0|0|0.08|0.34|1.07|0.04
1/16/2015|27310006|195|1|1|Al|Ramos|15H002|43|0|1157.15|0|6.49|25.96|82.76|3.01
1/16/2015|27310006|106|1|1|Allan|Wood|15002|36|0|720|0|4.32|17.28|55.08|11.52
1/16/2015|27310006|106|1|1|Allan|Wood|15005|0|0|0|0|0.09|0.36|1.15|0.24
1/16/2015|27310006|106|1|1|Allan|Wood|15009|0|0|0|0|0.48|1.92|6.12|1.28
1/16/2015|27310006|304|1|1|Allen|Price|15H008|1|0|23|0|0.13|0.52|1.66|0.37
1/16/2015|27310006|274|1|1|Angel|Watts|15005|0|0|0|0|0.09|0.36|1.15|0.24
1/16/2015|27310006|274|1|1|Angel|Watts|15H008|1.5|0|37.5|0|0.23|0.9|2.87|0.6
1/16/2015|27310006|1|1|1|Antonio|Torres|15H001|23|0|503.54|0|2.66|10.61|33.81|0.65
1/16/2015|27310006|1|1|1|Antonio|Torres|15S001|23|0|503.54|0|2.65|10.61|33.81|0.65
1/16/2015|27310006|391|2|2|Barry|Mckenzie|15005|0|0|0|0|0.08|0.66|1.05|0.3
1/16/2015|27310006|391|2|2|Barry|Mckenzie|15H001B|22|0|566.5|0|3.11|24.86|39.62|11.33
1/16/2015|27310006|259|1|1|Beulah|Gibbs|15005|0|0|0|0|0.09|0.35|1.11|0.24
1/16/2015|27310006|259|1|1|Beulah|Gibbs|15S004|4.5|0|115.88|0|0.67|2.68|8.55|1.85
1/16/2015|27310006|259|1|1|Beulah|Gibbs|15S008|0.5|0|12.88|0|0.08|0.3|0.95|0.21
1/16/2015|27310006|168|1|1|Brittany|Carlson|15005|0|0|0|0|0.09|0.35|1.11|0.24
1/16/2015|27310006|168|1|1|Brittany|Carlson|15H001SG|20|0|706.28|0|4.09|16.39|52.25|11.3
1/16/2015|27310006|291|1|1|Carlton|Mcdonald|15005|0|0|0|0|0.07|0.29|0.91|0.19
1/16/2015|27310006|291|1|1|Carlton|Mcdonald|15H008|2|0|46.7|0|0.28|1.12|3.58|0.75
1/16/2015|27310006|291|1|1|Carlton|Mcdonald|15H009|0|0|0|0|1.12|4.48|14.29|2.99
1/16/2015|27310006|249|1|1|Cary|Foster|15S009|0|0|0|0|6.7|26.78|85.37|19.2
1/16/2015|27310006|249|1|1|Cary|Foster|15S011|0|0|0|0|1.67|6.7|21.35|4.8
1/16/2015|27310006|179|1|1|Cassandra|Poole|15005|0|0|0|0|0.08|0.34|1.07|0.24
1/16/2015|27310006|179|1|1|Cassandra|Poole|15H002|2.5|0|100.63|0|0.57|2.26|7.19|1.61
1/16/2015|27310006|179|1|1|Cassandra|Poole|15H004|13.5|0|543.38|0|3.04|12.18|38.82|8.69
1/16/2015|27310006|368|1|1|Cesar|Greene|15005|0|0|0|0|0.08|0.32|1.02|0.24
1/16/2015|27310006|27|1|1|Cindy|Lunt|15005|0|0|0|0|0.06|0.26|0.84|0.19
1/16/2015|27310006|27|1|1|Cindy|Lunt|15S001|3|0|91.5|0|0.5|2.01|6.38|1.46
1/16/2015|27310006|27|1|1|Cindy|Lunt|15S002|4.5|0|137.25|0|0.75|3|9.58|2.2
1/16/2015|27310006|27|1|1|Cindy|Lunt|15S004|2|0|61|0|0.34|1.33|4.25|0.98
1/16/2015|27310006|27|1|1|Cindy|Lunt|15S006|3.5|0|106.75|0|0.58|2.34|7.44|1.71
1/16/2015|27310006|27|1|1|Cindy|Lunt|15S008|2|0|61|0|0.33|1.33|4.25|0.98
1/16/2015|27310006|27|1|1|Cindy|Lunt|15S009|0|0|0|0|1.34|5.34|17.01|3.9
1/16/2015|27310006|239|1|1|Clarence|Padilla|15H001|20|0|435.4|0|2.46|9.83|31.32|0.57
1/16/2015|27310006|239|1|1|Clarence|Padilla|15S001|20|0|435.4|0|2.45|9.82|31.31|0.57
1/16/2015|27310006|369|1|1|Clark|Morgan|15H002|28|0|588|0|3.48|13.95|44.45|1.53
1/16/2015|27310006|369|1|1|Clark|Morgan|15H009|0|0|0|0|0.5|1.99|6.35|0.22
1/16/2015|27310006|38|1|1|Conrad|Walker|15005|0|0|0|0|0.09|0.35|1.12|0.04
1/16/2015|27310006|38|1|1|Conrad|Walker|15H002|43|0|1634.54|0|9.6|38.41|122.44|4.25
1/16/2015|27310006|169|1|1|Cornelius|Gibson|15005|0|0|0|0|0.08|0.34|1.11|0.24
1/16/2015|27310006|169|1|1|Cornelius|Gibson|15H004|4.5|0|147.38|0|0.85|3.42|10.9|2.36
1/16/2015|27310006|169|1|1|Cornelius|Gibson|15H008|1.5|0|49.13|0|0.29|1.14|3.63|0.79
1/16/2015|27310006|44|4|4|Dale|Hamilton|15001|40|0|3850|0|0|92.4|294.53|5
1/16/2015|27310006|396|5|5|Darryl|Burgess|15005|0|0|0|0|0.09|0.42|1.15|0.64
1/16/2015|27310006|396|5|5|Darryl|Burgess|15H001R|1|0|32|0|0.19|0.9|2.44|1.36
1/16/2015|27310006|396|5|5|Darryl|Burgess|15H004R|2|0|64|0|0.39|1.79|4.9|2.71
1/16/2015|27310006|204|1|1|Deborah|Bennett|15005|0|0|0|0|0.07|0.27|0.86|0.19
1/16/2015|27310006|204|1|1|Deborah|Bennett|15H008|1|0|30.23|0|0.17|0.68|2.18|0.48
1/16/2015|27310006|204|1|1|Deborah|Bennett|15H009|0|0|0|0|1.2|4.8|15.29|3.39
1/16/2015|27310006|53|1|1|Delia|Lopez|15005|0|0|0|0|0.08|0.33|1.05|0.24
1/16/2015|27310006|15|1|1|Don|Young|15005|0|0|0|0|0.08|0.32|1.02|0.24
1/16/2015|27310006|15|1|1|Don|Young|15H003|1|0|27.65|0|0.15|0.59|1.89|0.44
1/16/2015|27310006|15|1|1|Don|Young|15H008|1|0|27.65|0|0.15|0.59|1.87|0.44
1/16/2015|27310006|11|1|1|Earnest|Drake|15H004|3|0|113.93|0|0.66|2.64|8.41|1.82
1/16/2015|27310006|11|1|1|Earnest|Drake|15H009|0|0|0|0|0.88|3.52|11.23|2.43
1/16/2015|27310006|20|1|1|Ed|Craig|15S002|38|0|1155.39|0|6.12|24.48|78.04|3
1/16/2015|27310006|180|1|1|Elisa|Warren|15005|0|0|0|0|0.08|0.32|1.01|0.24
1/16/2015|27310006|180|1|1|Elisa|Warren|15H006|2|0|46.5|0|0.25|0.98|3.12|0.74
1/16/2015|27310006|180|1|1|Elisa|Warren|15H006|0|2|0|69.75|0.37|1.46|4.68|0.74
1/16/2015|27310006|180|1|1|Elisa|Warren|15H008|1|0|23.25|0|0.12|0.49|1.56|0.37
1/16/2015|27310006|45|4|4|Ernesto|Todd|15002|40|0|4225.64|0|0|97.54|310.92|5.49
1/16/2015|27310006|375|1|1|Fannie|Parks|15005|0|0|0|0|0.09|0.36|1.15|0.24
1/16/2015|27310006|375|1|1|Fannie|Parks|15S001|1|0|21|0|0.13|0.5|1.61|0.34
1/16/2015|27310006|375|1|1|Fannie|Parks|15S004|6|0|126|0|0.75|3.03|9.63|2.02
1/16/2015|27310006|381|1|1|Frankie|Mcdaniel|15005|0|0|0|0|0.08|0.33|1.04|0.04
1/16/2015|27310006|381|1|1|Frankie|Mcdaniel|15S002|40|0|865.39|0|4.72|18.86|60.11|2.25
1/16/2015|27310006|133|1|1|Geneva|Moody|15005|0|0|0|0|0.09|0.34|1.1|0.24
1/16/2015|27310006|133|1|1|Geneva|Moody|15S005|11.5|0|342.13|0|1.97|7.86|25.06|5.47
1/16/2015|27310006|402|5|5|Gwendolyn|Alvarado|15005|0|0|0|0|0.08|0.42|1.04|0.64
1/16/2015|27310006|402|5|5|Gwendolyn|Alvarado|15H001R|1|0|18|0|0.1|0.5|1.25|0.76
1/16/2015|27310006|402|5|5|Gwendolyn|Alvarado|15H008R|1|0|18|0|0.1|0.51|1.23|0.76
1/16/2015|27310006|194|1|1|Hector|Wright|15H008|1|0|22.5|0|0.11|0.44|1.39|0.36
1/16/2015|27310006|194|1|1|Hector|Wright|15H011|0|0|0|0|0.87|3.5|11.15|2.88
1/16/2015|27310006|203|1|1|Helen|Paul|15005|0|0|0|0|0.1|0.47|1.49|0.03
1/16/2015|27310006|203|1|1|Helen|Paul|15H001|6|0|388.87|0|1.91|8.67|27.65|0.51
1/16/2015|27310006|203|1|1|Helen|Paul|15H001B|4|0|259.25|0|1.28|5.78|18.43|0.34
1/16/2015|27310006|203|1|1|Helen|Paul|15H006|5|0|324.06|0|1.59|7.22|23.03|0.42
1/16/2015|27310006|203|1|1|Helen|Paul|15H006B|6|0|388.86|0|1.91|8.67|27.65|0.51
1/16/2015|27310006|203|1|1|Helen|Paul|15S001|4|0|259.25|0|1.28|5.79|18.44|0.34
1/16/2015|27310006|203|1|1|Helen|Paul|15S001B|4|0|259.25|0|1.27|5.79|18.44|0.34
1/16/2015|27310006|203|1|1|Helen|Paul|15S006|5|0|324.06|0|1.59|7.23|23.04|0.42
1/16/2015|27310006|203|1|1|Helen|Paul|15S006B|6|0|388.86|0|1.92|8.67|27.64|0.51
1/16/2015|27310006|357|1|1|Stanley|Peterson|15005|0|0|0|0|0.08|0.32|1.01|0.24
1/16/2015|27310006|357|1|1|Stanley|Peterson|15S001|1|0|20|0|0.1|0.42|1.35|0.32
1/16/2015|27310006|357|1|1|Stanley|Peterson|15S002|1.5|0|30|0|0.15|0.63|2.02|0.48
1/16/2015|27310006|357|1|1|Stanley|Peterson|15S006|2|0|40|0|0.21|0.84|2.69|0.64
1/16/2015|27310006|357|1|1|Stanley|Peterson|15S006|0|2|0|60|0.32|1.27|4.03|0.64
1/16/2015|27310006|269|1|1|Jo|Manning|15005|0|0|0|0|0.08|0.33|1.07|0.24
1/16/2015|27310006|269|1|1|Jo|Manning|15H002SG|2|0|56|0|0.31|1.25|4|0.9
1/16/2015|27310006|269|1|1|Jo|Manning|15H004SG|8|0|224|0|1.25|5.01|15.97|3.58
1/16/2015|27310006|269|1|1|Jo|Manning|15H004SG|0|2|0|84|0.47|1.88|5.99|0.9
1/16/2015|27310006|248|1|1|Jodi|Powers|15H001|20|0|410|0|2.17|8.66|27.6|0.53
1/16/2015|27310006|248|1|1|Jodi|Powers|15S001|20|0|410|0|2.16|8.66|27.6|0.53
1/16/2015|27310006|30|1|1|Joe|Perry|15H002|2|0|48.73|0|0.25|0.98|3.15|0.06
1/16/2015|27310006|30|1|1|Joe|Perry|15H003|7|0|170.58|0|0.86|3.45|10.98|0.22
1/16/2015|27310006|30|1|1|Joe|Perry|15H009|0|0|0|0|0.25|0.99|3.13|0.06
1/16/2015|27310006|376|1|1|Katie|Hodges|15005|0|0|0|0|0.08|0.34|1.09|0.24
1/16/2015|27310006|6|1|1|Kelly|Murray|15005|0|0|0|0|0.09|0.35|1.11|0.24
1/16/2015|27310006|6|1|1|Kelly|Murray|15H008|2|0|44|0|0.25|1.02|3.25|0.7
1/16/2015|27310006|210|2|2|Kenny|Robertson|15005|0|0|0|0|0.09|0.72|1.15|0.3
1/16/2015|27310006|210|2|2|Kenny|Robertson|15H001B|3|0|71.34|0|0.43|3.42|5.45|1.43
1/16/2015|27310006|210|2|2|Kenny|Robertson|15H001B|0|2.5|0|89.18|0.53|4.28|6.82|1.19
1/16/2015|27310006|37|1|1|Kirk|Byrd|15H005|2|0|49|0|0.27|1.08|3.44|0.78
1/16/2015|27310006|37|1|1|Kirk|Byrd|15H008|2|0|49|0|0.27|1.08|3.43|0.78
1/16/2015|27310006|35|1|1|Leonard|Wong|15H002|40|0|1153.85|0|6.39|25.58|81.53|3
1/16/2015|27310007|35|1|1|Leonard|Wong|15H002|0|0|0|0|0|0|0|0
1/16/2015|27310006|302|1|1|Leslie|Dean|15005|0|0|0|0|0.09|0.36|1.15|0.24
1/16/2015|27310006|287|2|2|Levi|Christensen|15H001|21|0|299.25|0|1.71|13.63|21.73|0.72
1/16/2015|27310006|287|2|2|Levi|Christensen|15H001B|9.5|0|135.38|0|0.77|6.17|9.83|0.32
1/16/2015|27310006|287|2|2|Levi|Christensen|15H006B|9.5|0|135.38|0|0.77|6.16|9.82|0.32
1/16/2015|27310006|255|1|1|Lois|Moran|15005|0|0|0|0|0.08|0.34|1.1|0.24
1/16/2015|27310006|255|1|1|Lois|Moran|15H009|0|0|0|0|0.32|1.25|3.96|0.86
1/16/2015|27310006|153|1|1|Lynne|Soto|15H008|2|0|29|0|0.17|0.7|2.22|0.46
1/16/2015|27310006|13|1|1|Mamie|Day|15H002|16|0|744.62|0|4.47|17.87|56.96|11.91
1/16/2015|27310006|13|1|1|Mamie|Day|15H003|4|0|186.15|0|1.12|4.47|14.24|2.98
1/16/2015|27310006|358|1|1|Marc|Wallace|15H001|40|0|630|0|2.97|11.88|37.87|0.82
1/16/2015|27310006|316|1|1|Marguerite|Thornton|15005|0|0|0|0|0.09|0.35|1.11|0.24
1/16/2015|27310006|314|1|1|Marianne|Baldwin|15005|0|0|0|0|0.09|0.36|1.15|0.24
1/16/2015|27310006|314|1|1|Marianne|Baldwin|15H005SG|8|0|174|0|1.04|4.18|13.31|2.78
1/16/2015|27310006|39|1|1|Marie|Hudson|15005|30|0|217.5|0|0.32|1.26|4.02|3.48
1/16/2015|27310006|22|1|1|Marion|Scott|15H003|2|0|59.82|0|0.33|1.31|4.17|0.96
1/16/2015|27310006|18|1|1|Marty|Barnes|15H001|11.5|0|230|0|1.38|5.52|17.6|0.3
1/16/2015|27310006|18|1|1|Marty|Barnes|15S001|11.5|0|230|0|1.38|5.52|17.59|0.3
1/16/2015|27310006|23|1|1|Mary|Waters|15H002|2|0|72.11|0|0.4|1.61|5.13|1.15
1/16/2015|27310006|401|2|2|Maryann|Cohen|15005|0|0|0|0|0.08|0.63|1|0.3
1/16/2015|27310006|401|2|2|Maryann|Cohen|15H001B|4|0|104|0|0.54|4.35|6.94|2.08
1/16/2015|27310006|401|2|2|Maryann|Cohen|15H001B|0|4|0|156|0.82|6.52|10.41|2.08
1/16/2015|27310006|3|1|1|Melanie|Green|15H001|40|0|1810|0|3.2|43.02|137.09|2.35
1/16/2015|27310006|3|1|1|Melanie|Green|15H001R|16|0|724|0|1.28|17.2|54.85|0.94
1/16/2015|27310006|3|1|1|Melanie|Green|15H002|12|0|543|0|0.96|12.9|41.14|0.71
1/16/2015|27310006|374|5|5|Melvin|Strickland|15H001|4.5|0|90|0|0.46|2.52|5.81|0.36
1/16/2015|27310006|374|5|5|Melvin|Strickland|15H001R|12|0|240|0|1.22|6.72|15.5|0.96
1/16/2015|27310006|374|5|5|Melvin|Strickland|15H006|22.5|0|450|0|2.27|12.6|29.05|1.8
1/16/2015|27310006|374|5|5|Melvin|Strickland|15H006R|1|0|20|0|0.1|0.56|1.28|0.08
1/16/2015|27310006|201|1|1|Michele|Lee|15005|0|0|0|0|0.09|0.36|1.15|0.24
1/16/2015|27310006|192|5|5|Mike|Briggs|15005|0|0|0|0|0.08|0.42|1.02|0.64
1/16/2015|27310006|192|5|5|Mike|Briggs|15H002R|26|0|625|0|3.35|17.5|42.67|26.5
1/16/2015|27310006|192|5|5|Mike|Briggs|15S002R|14|0|336.54|0|1.8|9.42|22.98|14.27
1/16/2015|27310006|398|1|1|Mona|Howard|15S005|4.5|0|54|0|0.32|1.3|4.13|0.86
1/16/2015|27310006|398|1|1|Mona|Howard|15S008|0.5|0|6|0|0.04|0.14|0.46|0.1
1/16/2015|27310006|276|1|1|Morris|Glover|15005|0|0|0|0|0.03|0.13|0.43|0.1
1/16/2015|27310006|276|1|1|Morris|Glover|15H011|0|0|0|0|3.07|12.28|39.14|8.74
1/16/2015|27310006|352|1|1|Myra|Vega|15005|0|0|0|0|0.08|0.33|1.04|0.24
1/16/2015|27310006|352|1|1|Myra|Vega|15S005|2|0|38|0|0.21|0.83|2.64|0.61
1/16/2015|27310006|199|1|1|Nettie|Stevens|15005|0|0|0|0|0.09|0.34|1.07|0.24
1/16/2015|27310006|199|1|1|Nettie|Stevens|15H001B|2|0|71.4|0|0.4|1.6|5.12|1.14
1/16/2015|27310006|199|1|1|Nettie|Stevens|15H002|1|0|35.7|0|0.2|0.8|2.55|0.57
1/16/2015|27310006|199|1|1|Nettie|Stevens|15H006|6.5|0|232.05|0|1.31|5.22|16.63|3.71
1/16/2015|27310006|199|1|1|Nettie|Stevens|15H008|1.5|0|53.55|0|0.3|1.2|3.84|0.86
1/16/2015|27310006|260|1|1|Nichole|Fox|15005|0|0|0|0|0.08|0.34|1.07|0.24
1/16/2015|27310006|260|1|1|Nichole|Fox|15H008|1|0|24.75|0|0.14|0.56|1.77|0.4
1/16/2015|27310006|380|1|1|Preston|Robinson|15005|0|0|0|0|0.07|0.29|0.92|0.24
1/16/2015|27310006|380|1|1|Preston|Robinson|15S001|1|0|20|0|0.1|0.39|1.23|0.32
1/16/2015|27310006|181|1|1|Ramona|Myers|15005|0|0|0|0|0.09|0.36|1.15|0.24
1/16/2015|27310006|386|1|1|Raquel|Singleton|15H001|3|0|36|0|0.22|0.86|2.75|0.58
1/16/2015|27310006|117|1|1|Richard|Wood|15H006|10|0|150|0|0.9|3.6|11.48|2.4
1/16/2015|27310006|117|1|1|Richard|Wood|15H008|1|0|25|0|0.14|0.54|1.72|0.4
1/16/2015|27310006|400|1|1|Roberto|Ortega|15005|0|0|0|0|0.08|0.3|0.96|0.04
1/16/2015|27310006|400|1|1|Roberto|Ortega|15H002|36|0|744.24|0|3.76|15.04|47.94|1.94
1/16/2015|27310006|400|1|1|Roberto|Ortega|15H009|0|0|0|0|0.41|1.67|5.33|0.21
1/16/2015|27310006|367|1|1|Samuel|Harper|15H008|2|0|22|0|0.13|0.51|1.64|0.35
1/16/2015|27310006|367|1|1|Samuel|Harper|15H009|0|0|0|0|0.51|2.05|6.54|1.41
1/16/2015|27310006|7|1|1|Shelia|Keller|15H002|35|0|820.83|0|4.93|19.7|62.8|13.13
1/16/2015|27310006|7|1|1|Shelia|Keller|15S002|2|0|46.9|0|0.28|1.13|3.58|0.75
1/16/2015|27310006|34|1|1|Sheryl|Hill|15005|0|0|0|0|0.08|0.34|1.08|0.24
1/16/2015|27310006|34|1|1|Sheryl|Hill|15H002|1|0|38.77|0|0.22|0.89|2.83|0.62
1/16/2015|27310006|34|1|1|Sheryl|Hill|15H003|10|0|387.67|0|2.2|8.85|28.21|6.2
1/16/2015|27310006|34|1|1|Sheryl|Hill|15H004|7|0|271.37|0|1.54|6.19|19.74|4.34
1/16/2015|27310006|34|1|1|Sheryl|Hill|15H007|8|0|310.12|0|1.77|7.08|22.57|4.96
1/16/2015|27310006|336|1|1|Shirley|Parker|15005|0|0|0|0|0.08|0.28|0.91|0.19
1/16/2015|27310006|336|1|1|Shirley|Parker|15H005|2|0|49|0|0.29|1.18|3.75|0.78
1/16/2015|27310006|336|1|1|Shirley|Parker|15H008|2|0|49|0|0.29|1.18|3.75|0.78
1/16/2015|27310006|99|1|1|Sue|Riley|15H006|13.5|0|283.5|0|1.64|6.59|21|4.54
1/16/2015|27310006|99|1|1|Sue|Riley|15H009|0|0|0|0|0.8|3.17|10.11|2.18
1/16/2015|27310006|99|1|1|Sue|Riley|15S006|13.5|0|283.5|0|1.65|6.59|21|4.54
1/16/2015|27310006|99|1|1|Sue|Riley|15S009|0|0|0|0|0.79|3.17|10.11|2.18
1/16/2015|27310006|25|1|1|Tami|Luna|15H001|22|0|459.8|0|2.64|10.57|33.69|0.6
1/16/2015|27310006|25|1|1|Tami|Luna|15S001|22|0|459.8|0|2.64|10.56|33.68|0.6
1/16/2015|27310006|184|1|1|Tammy|Wilkins|15005|0|0|0|0|0.08|0.33|1.06|0.24
1/16/2015|27310006|184|1|1|Tammy|Wilkins|15H003|1|0|30.03|0|0.17|0.67|2.12|0.48
1/16/2015|27310006|320|1|1|Terry|Moreno|15005|0|0|0|0|0.09|0.36|1.15|0.24
1/16/2015|27310006|320|1|1|Terry|Moreno|15H002|15|0|537.26|0|3.22|12.89|41.1|8.6
1/16/2015|27310006|320|1|1|Terry|Moreno|15H008|1|0|35.82|0|0.22|0.86|2.74|0.57
1/16/2015|27310006|343|1|1|Tommy|Graves|15005|0|0|0|0|0.09|0.36|1.15|0.29
1/16/2015|27310006|343|1|1|Tommy|Graves|15H001|0.5|0|10.5|0|0.05|0.21|0.67|0.17
1/16/2015|27310006|343|1|1|Tommy|Graves|15H006|1|0|21|0|0.1|0.42|1.34|0.34
1/16/2015|27310006|343|1|1|Tommy|Graves|15H008|1|0|21|0|0.11|0.42|1.34|0.34
1/16/2015|27310006|399|1|1|Yvette|Miller|15005|0|0|0|0|0.09|0.34|1.1|0.04
1/16/2015|27310006|399|1|1|Yvette|Miller|15S002|40|0|865.39|0|4.96|19.86|63.27|2.25
1/23/2015|27310008|195|1|1|Al|Ramos|15005|0|0|0|0|0.08|0.34|1.07|0.04
1/23/2015|27310008|195|1|1|Al|Ramos|15H002|42|0|1157.15|0|6.49|25.96|82.76|3.01
1/23/2015|27310008|404|1|1|Alberta|Gill|15H003|16|0|346.16|0|2.08|8.31|26.48|5.54
1/23/2015|27310008|106|1|1|Allan|Wood|15002|40|0|800|0|4.8|19.2|61.2|12.8
1/23/2015|27310008|106|1|1|Allan|Wood|15005|0|0|0|0|0.09|0.36|1.15|0.24
1/23/2015|27310008|304|1|1|Allen|Price|15H009|0|0|0|0|1.04|4.17|13.29|2.94
1/23/2015|27310008|274|1|1|Angel|Watts|15005|0|0|0|0|0.09|0.36|1.15|0.24
1/23/2015|27310008|1|1|1|Antonio|Torres|15H001|24|0|507.31|0|2.68|10.69|34.07|0.66
1/23/2015|27310008|1|1|1|Antonio|Torres|15S001|24|0|507.31|0|2.67|10.69|34.06|0.66
1/23/2015|27310008|391|2|2|Barry|Mckenzie|15005|0|0|0|0|0.08|0.66|1.05|0.3
1/23/2015|27310008|391|2|2|Barry|Mckenzie|15H001B|17|0|437.75|0|2.4|19.18|30.56|8.76
1/23/2015|27310008|259|1|1|Beulah|Gibbs|15005|0|0|0|0|0.09|0.35|1.11|0.24
1/23/2015|27310008|259|1|1|Beulah|Gibbs|15S004|8|0|206|0|1.19|4.77|15.21|3.3
1/23/2015|27310008|259|1|1|Beulah|Gibbs|15S008|0.5|0|12.88|0|0.08|0.3|0.95|0.21
1/23/2015|27310008|168|1|1|Brittany|Carlson|15005|0|0|0|0|0.09|0.35|1.11|0.24
1/23/2015|27310008|168|1|1|Brittany|Carlson|15H001SG|8|0|300|0|1.75|6.98|22.25|4.8
1/23/2015|27310008|291|1|1|Carlton|Mcdonald|15005|0|0|0|0|0.05|0.22|0.69|0.14
1/23/2015|27310008|291|1|1|Carlton|Mcdonald|15H009|0|0|0|0|2.25|8.96|28.58|5.98
1/23/2015|27310010|249|1|1|Cary|Foster|14S004|0|0|0|0|3.5|13.99|44.6|9.33
1/23/2015|27310008|249|1|1|Cary|Foster|15S002|33|0|150|0|0.84|3.35|10.67|2.4
1/23/2015|27310009|249|1|1|Cary|Foster|15S002|0|0|0|0|0|0|0|0
1/23/2015|27310008|249|1|1|Cary|Foster|15S004|3|0|1237.5|0|6.9|27.62|88.04|19.8
1/23/2015|27310008|179|1|1|Cassandra|Poole|15005|0|0|0|0|0.09|0.34|1.07|0.24
1/23/2015|27310008|179|1|1|Cassandra|Poole|15H002|2.5|0|106.84|0|0.6|2.4|7.64|1.71
1/23/2015|27310008|179|1|1|Cassandra|Poole|15H004|11.5|0|491.45|0|2.75|11.02|35.12|7.86
1/23/2015|27310008|368|1|1|Cesar|Greene|15005|0|0|0|0|0.08|0.32|1.02|0.24
1/23/2015|27310008|368|1|1|Cesar|Greene|15S008|1|0|24.5|0|0.13|0.52|1.67|0.39
1/23/2015|27310008|27|1|1|Cindy|Lunt|15005|0|0|0|0|0.08|0.33|1.06|0.24
1/23/2015|27310008|27|1|1|Cindy|Lunt|15S001|5.5|0|167.75|0|0.93|3.72|11.87|2.68
1/23/2015|27310008|27|1|1|Cindy|Lunt|15S001|0|1.5|0|68.63|0.38|1.52|4.86|0.73
1/23/2015|27310008|27|1|1|Cindy|Lunt|15S002|4.5|0|137.25|0|0.76|3.05|9.71|2.2
1/23/2015|27310008|27|1|1|Cindy|Lunt|15S002|0|1|0|45.75|0.25|1.01|3.24|0.49
1/23/2015|27310008|27|1|1|Cindy|Lunt|15S004|1|0|30.5|0|0.17|0.68|2.16|0.49
1/23/2015|27310008|27|1|1|Cindy|Lunt|15S004|0|0.5|0|22.88|0.13|0.51|1.61|0.24
1/23/2015|27310008|27|1|1|Cindy|Lunt|15S006|2|0|61|0|0.34|1.35|4.32|0.98
1/23/2015|27310008|27|1|1|Cindy|Lunt|15S008|0|1.5|0|68.63|0.38|1.53|4.86|0.73
1/23/2015|27310008|239|1|1|Clarence|Padilla|15H001|20|0|435.4|0|2.46|9.83|31.32|0.57
1/23/2015|27310008|239|1|1|Clarence|Padilla|15S001|20|0|435.4|0|2.45|9.82|31.31|0.57
1/23/2015|27310008|369|1|1|Clark|Morgan|15H002|40|0|840|0|4.99|19.97|63.65|2.18
1/23/2015|27310008|38|1|1|Conrad|Walker|15005|0|0|0|0|0.09|0.35|1.12|0.04
1/23/2015|27310010|38|1|1|Conrad|Walker|14H002|0|0|0|0|1.62|30|95.63|3.25
1/23/2015|27310010|38|1|1|Conrad|Walker|14S002|0|0|0|0|1.62|30|95.62|3.25
1/23/2015|27310008|38|1|1|Conrad|Walker|15H002|47|0|1634.54|0|9.6|38.41|122.44|4.25
1/23/2015|27310008|169|1|1|Cornelius|Gibson|15005|0|0|0|0|0.09|0.35|1.11|0.24
1/23/2015|27310008|169|1|1|Cornelius|Gibson|15H004|3.5|0|114.63|0|0.66|2.66|8.48|1.83
1/23/2015|27310008|44|4|4|Dale|Hamilton|15001|40|0|3850|0|0|92.4|294.53|5
1/23/2015|27310008|396|5|5|Darryl|Burgess|15005|0|0|0|0|0.09|0.42|1.15|0.64
1/23/2015|27310008|396|5|5|Darryl|Burgess|15H001R|1|0|32|0|0.19|0.9|2.44|1.36
1/23/2015|27310008|396|5|5|Darryl|Burgess|15H004R|3|0|96|0|0.58|2.68|7.36|4.07
1/23/2015|27310008|204|1|1|Deborah|Bennett|15005|0|0|0|0|0.08|0.34|1.09|0.24
1/23/2015|27310008|53|1|1|Delia|Lopez|15005|0|0|0|0|0.08|0.33|1.05|0.24
1/23/2015|27310008|15|1|1|Don|Young|15H006|5|0|138.22|0|0.74|2.95|9.4|2.21
1/23/2015|27310008|11|1|1|Earnest|Drake|15005|0|0|0|0|0.07|0.28|0.89|0.19
1/23/2015|27310008|11|1|1|Earnest|Drake|15H004|4|0|151.92|0|0.88|3.52|11.23|2.43
1/23/2015|27310008|11|1|1|Earnest|Drake|15H009|0|0|0|0|1.76|7.04|22.45|4.86
1/23/2015|27310008|20|1|1|Ed|Craig|15S002|40|0|1155.39|0|6.12|24.48|78.04|3
1/23/2015|27310008|180|1|1|Elisa|Warren|15005|0|0|0|0|0.08|0.31|0.99|0.24
1/23/2015|27310008|180|1|1|Elisa|Warren|15H001|3|0|69.75|0|0.36|1.45|4.61|1.12
1/23/2015|27310008|180|1|1|Elisa|Warren|15H006|2.5|0|58.13|0|0.3|1.21|3.84|0.93
1/23/2015|27310008|180|1|1|Elisa|Warren|15H006|0|2|0|69.75|0.36|1.45|4.62|0.74
1/23/2015|27310008|45|4|4|Ernesto|Todd|15002|40|0|4225.64|0|0|97.54|310.92|5.49
1/23/2015|27310008|375|1|1|Fannie|Parks|15005|0|0|0|0|0.09|0.36|1.15|0.24
1/23/2015|27310008|375|1|1|Fannie|Parks|15S004|5.5|0|115.5|0|0.69|2.77|8.84|1.85
1/23/2015|27310008|19|1|1|Frank|Diaz|15S006|4|0|108|0|0.63|2.5|7.97|1.73
1/23/2015|27310008|381|1|1|Frankie|Mcdaniel|15005|0|0|0|0|0.08|0.33|1.04|0.04
1/23/2015|27310008|381|1|1|Frankie|Mcdaniel|15S002|40|0|865.39|0|4.72|18.86|60.11|2.25
1/23/2015|27310008|133|1|1|Geneva|Moody|15005|0|0|0|0|0.09|0.34|1.09|0.24
1/23/2015|27310008|133|1|1|Geneva|Moody|15S005|8|0|238|0|1.36|5.42|17.26|3.81
1/23/2015|27310008|402|5|5|Gwendolyn|Alvarado|15005|0|0|0|0|0.08|0.42|1.03|0.64
1/23/2015|27310008|402|5|5|Gwendolyn|Alvarado|15H008R|5|0|90|0|0.49|2.52|6.19|3.82
1/23/2015|27310008|203|1|1|Helen|Paul|15005|0|0|0|0|0|0.47|1.49|0.03
1/23/2015|27310008|203|1|1|Helen|Paul|15H001|10|0|648.12|0|0|14.46|46.08|0.84
1/23/2015|27310008|203|1|1|Helen|Paul|15H006|8|0|518.49|0|0|11.57|36.87|0.67
1/23/2015|27310008|203|1|1|Helen|Paul|15H009|0|0|0|0|0|2.89|9.22|0.17
1/23/2015|27310008|203|1|1|Helen|Paul|15S001|10|0|648.12|0|0|14.45|46.08|0.84
1/23/2015|27310008|203|1|1|Helen|Paul|15S006|8|0|518.49|0|0|11.56|36.85|0.67
1/23/2015|27310008|203|1|1|Helen|Paul|15S009|0|0|0|0|0|2.89|9.22|0.17
1/23/2015|27310008|357|1|1|Stanley|Peterson|15005|0|0|0|0|0.07|0.3|0.98|0.24
1/23/2015|27310008|357|1|1|Stanley|Peterson|15S006|2.5|0|50|0|0.26|1.03|3.28|0.8
1/23/2015|27310008|357|1|1|Stanley|Peterson|15S006|0|2|0|60|0.31|1.24|3.94|0.64
1/23/2015|27310008|269|1|1|Jo|Manning|15005|0|0|0|0|0.09|0.34|1.07|0.24
1/23/2015|27310008|269|1|1|Jo|Manning|15H002SG|4|0|112|0|0.63|2.52|8.04|1.79
1/23/2015|27310008|269|1|1|Jo|Manning|15H004SG|8|0|224|0|1.26|5.04|16.07|3.58
1/23/2015|27310008|269|1|1|Jo|Manning|15H004SG|0|3|0|126|0.71|2.83|9.05|1.34
1/23/2015|27310008|248|1|1|Jodi|Powers|15H001|19.75|0|404.88|0|2.14|8.55|27.26|0.53
1/23/2015|27310008|248|1|1|Jodi|Powers|15H009|0|0|0|0|0.05|0.21|0.7|0.01
1/23/2015|27310008|248|1|1|Jodi|Powers|15S001|19.5|0|399.75|0|2.11|8.45|26.9|0.52
1/23/2015|27310008|248|1|1|Jodi|Powers|15S009|0|0|0|0|0.03|0.11|0.34|0.01
1/23/2015|27310008|30|1|1|Joe|Perry|15H002|4|0|97.47|0|0.49|1.97|6.28|0.13
1/23/2015|27310008|30|1|1|Joe|Perry|15H003|5|0|121.84|0|0.62|2.46|7.85|0.16
1/23/2015|27310008|403|1|1|Joyce|Ferguson|15S008|1|0|17|0|0.1|0.41|1.3|0.27
1/23/2015|27310008|376|1|1|Katie|Hodges|15005|0|0|0|0|0.09|0.34|1.09|0.24
1/23/2015|27310008|6|1|1|Kelly|Murray|15005|0|0|0|0|0.09|0.35|1.11|0.24
1/23/2015|27310008|6|1|1|Kelly|Murray|15H009|0|0|0|0|0.51|2.03|6.49|1.41
1/23/2015|27310008|210|2|2|Kenny|Robertson|15005|0|0|0|0|0.09|0.72|1.15|0.3
1/23/2015|27310008|210|2|2|Kenny|Robertson|15H001B|1|0|23.78|0|0.14|1.14|1.82|0.48
1/23/2015|27310008|210|2|2|Kenny|Robertson|15H002B|12|0|285.36|0|1.71|13.7|21.84|5.71
1/23/2015|27310008|37|1|1|Kirk|Byrd|15H005|1|0|24.5|0|0.13|0.52|1.68|0.39
1/23/2015|27310008|35|1|1|Leonard|Wong|15H002|40|0|1153.85|0|6.39|25.58|81.53|3
1/23/2015|27310009|35|1|1|Leonard|Wong|15H002|0|0|0|0|0|0|0|0
1/23/2015|27310008|287|2|2|Levi|Christensen|15H001|20|0|285|0|1.62|12.98|20.69|0.68
1/23/2015|27310008|287|2|2|Levi|Christensen|15H001B|10|0|142.5|0|0.81|6.49|10.35|0.34
1/23/2015|27310008|287|2|2|Levi|Christensen|15H006B|10|0|142.5|0|0.82|6.49|10.34|0.34
1/23/2015|27310008|255|1|1|Lois|Moran|15005|0|0|0|0|0.09|0.34|1.1|0.24
1/23/2015|27310008|405|1|1|Lynn|Perkins|15H001|15|0|255|0|1.53|6.12|19.51|4.08
1/23/2015|27310008|405|1|1|Lynn|Perkins|15S001|14|0|238|0|1.43|5.71|18.21|3.81
1/23/2015|27310008|13|1|1|Mamie|Day|15H007|44|0|1861.54|0|8.49|44.68|142.41|29.78
1/23/2015|27310009|13|1|1|Mamie|Day|15H007|0|0|0|0|0|0|0|0
1/23/2015|27310008|358|1|1|Marc|Wallace|15H001|40|0|630|0|2.98|11.91|37.96|0.82
1/23/2015|27310008|358|1|1|Marc|Wallace|15H001|0|0.25|0|5.91|0.03|0.11|0.36|0.01
1/23/2015|27310008|281|1|1|Marcia|Neal|15S001|5|0|130|0|0.78|3.12|9.95|2.08
1/23/2015|27310008|316|1|1|Marguerite|Thornton|15005|0|0|0|0|0.09|0.35|1.11|0.24
1/23/2015|27310008|316|1|1|Marguerite|Thornton|15H009|0|0|0|0|1.06|4.26|13.57|2.94
1/23/2015|27310008|314|1|1|Marianne|Baldwin|15005|0|0|0|0|0.05|0.22|0.69|0.14
1/23/2015|27310008|314|1|1|Marianne|Baldwin|15H009SG|0|0|0|0|1.05|4.17|13.31|2.78
1/23/2015|27310008|39|1|1|Marie|Hudson|15005|30|0|217.5|0|0.32|1.26|4.02|3.48
1/23/2015|27310008|22|1|1|Marion|Scott|15H003|4|0|112.17|0|0.61|2.45|7.81|1.79
1/23/2015|27310008|18|1|1|Marty|Barnes|15H001|11.5|0|230|0|1.38|5.52|17.6|0.3
1/23/2015|27310008|18|1|1|Marty|Barnes|15S001|11.5|0|230|0|1.38|5.52|17.59|0.3
1/23/2015|27310008|23|1|1|Mary|Waters|15H002|2|0|72.11|0|0.41|1.61|5.13|1.15
1/23/2015|27310008|401|2|2|Maryann|Cohen|15005|0|0|0|0|0.07|0.57|0.9|0.3
1/23/2015|27310008|401|2|2|Maryann|Cohen|15H002B|2|0|52|0|0.25|1.96|3.13|1.04
1/23/2015|27310008|401|2|2|Maryann|Cohen|15H003B|8|0|208|0|0.98|7.87|12.54|4.16
1/23/2015|27310008|3|1|1|Melanie|Green|15H001|44|0|2603.62|0|0|61.87|197.22|3.38
1/23/2015|27310008|3|1|1|Melanie|Green|15H002|8|0|473.38|0|0|11.25|35.86|0.62
1/23/2015|27310008|374|5|5|Melvin|Strickland|15H001|4.5|0|94.5|0|0.48|2.65|6.16|0.38
1/23/2015|27310008|374|5|5|Melvin|Strickland|15H001R|18|0|378|0|1.93|10.58|24.62|1.51
1/23/2015|27310008|374|5|5|Melvin|Strickland|15H006|16|0|336|0|1.72|9.4|21.87|1.34
1/23/2015|27310008|374|5|5|Melvin|Strickland|15H006R|1.5|0|31.5|0|0.16|0.89|2.05|0.13
1/23/2015|27310008|201|1|1|Michele|Lee|15005|0|0|0|0|0.09|0.36|1.15|0.24
1/23/2015|27310008|192|5|5|Mike|Briggs|15005|0|0|0|0|0.08|0.42|1.02|0.64
1/23/2015|27310008|192|5|5|Mike|Briggs|15H002R|32|0|769.23|0|4.12|21.54|52.52|32.62
1/23/2015|27310008|192|5|5|Mike|Briggs|15S002R|8|0|192.31|0|1.03|5.38|13.13|8.15
1/23/2015|27310008|398|1|1|Mona|Howard|15S005|3.5|0|42|0|0.25|1.01|3.22|0.67
1/23/2015|27310008|398|1|1|Mona|Howard|15S008|0.5|0|6|0|0.04|0.14|0.46|0.1
1/23/2015|27310008|276|1|1|Morris|Glover|15005|0|0|0|0|0.08|0.34|1.07|0.24
1/23/2015|27310008|352|1|1|Myra|Vega|15S005|1|0|19|0|0.1|0.4|1.27|0.3
1/23/2015|27310008|199|1|1|Nettie|Stevens|15005|0|0|0|0|0.06|0.33|1.07|0.24
1/23/2015|27310008|199|1|1|Nettie|Stevens|15H006|11|0|392.7|0|1.55|8.76|27.92|6.28
1/23/2015|27310008|199|1|1|Nettie|Stevens|15H008|0.5|0|17.85|0|0.07|0.4|1.27|0.29
1/23/2015|27310008|260|1|1|Nichole|Fox|15005|0|0|0|0|0.08|0.34|1.07|0.24
1/23/2015|27310008|380|1|1|Preston|Robinson|15005|0|0|0|0|0.07|0.29|0.93|0.24
1/23/2015|27310008|380|1|1|Preston|Robinson|15S001|1|0|20|0|0.1|0.39|1.23|0.32
1/23/2015|27310008|386|1|1|Raquel|Singleton|15H001|10.5|0|126|0|0.76|3.02|9.63|2.02
1/23/2015|27310008|117|1|1|Richard|Wood|15H006|10|0|150|0|0.9|3.6|11.48|2.4
1/23/2015|27310008|400|1|1|Roberto|Ortega|15005|0|0|0|0|0.08|0.3|0.96|0.04
1/23/2015|27310008|400|1|1|Roberto|Ortega|15H002|40|0|826.93|0|4.17|16.71|53.27|2.15
1/23/2015|27310010|7|1|1|Shelia|Keller|14H002|0|0|0|0|9|36|114.75|24
1/23/2015|27310008|7|1|1|Shelia|Keller|15H002|40|0|894.46|0|5.37|21.47|68.43|14.31
1/23/2015|27310008|7|1|1|Shelia|Keller|15S002|3|0|67.08|0|0.4|1.61|5.13|1.07
1/23/2015|27310008|34|1|1|Sheryl|Hill|15H002|5|0|210.54|0|0|4.8|15.31|3.37
1/23/2015|27310008|34|1|1|Sheryl|Hill|15H003|2|0|84.22|0|0|1.92|6.13|1.35
1/23/2015|27310008|34|1|1|Sheryl|Hill|15H007|51|0|2147.55|0|0|49.01|156.2|34.36
1/23/2015|27310009|34|1|1|Sheryl|Hill|15H007|0|0|0|0|0|0|0|0
1/23/2015|27310008|336|1|1|Shirley|Parker|15005|0|0|0|0|0.08|0.28|0.91|0.19
1/23/2015|27310008|99|1|1|Sue|Riley|15H006|20|0|420|0|2.44|9.78|31.19|6.72
1/23/2015|27310008|99|1|1|Sue|Riley|15H006|0|1|0|31.5|0.18|0.73|2.34|0.34
1/23/2015|27310008|99|1|1|Sue|Riley|15S006|20|0|420|0|2.45|9.78|31.18|6.72
1/23/2015|27310008|99|1|1|Sue|Riley|15S006|0|1|0|31.5|0.19|0.74|2.34|0.34
1/23/2015|27310008|25|1|1|Tami|Luna|15H001|22|0|459.8|0|2.64|10.57|33.69|0.6
1/23/2015|27310008|25|1|1|Tami|Luna|15S001|22|0|459.8|0|2.64|10.56|33.68|0.6
1/23/2015|27310008|184|1|1|Tammy|Wilkins|15005|0|0|0|0|0.08|0.33|1.06|0.24
1/23/2015|27310008|320|1|1|Terry|Moreno|15005|0|0|0|0|0.09|0.36|1.15|0.24
1/23/2015|27310008|320|1|1|Terry|Moreno|15H002|4|0|143.27|0|0.86|3.44|10.96|2.29
1/23/2015|27310008|320|1|1|Terry|Moreno|15H003|4|0|143.27|0|0.86|3.44|10.96|2.29
1/23/2015|27310008|343|1|1|Tommy|Graves|15005|0|0|0|0|0.07|0.3|0.95|0.24
1/23/2015|27310008|343|1|1|Tommy|Graves|15H001|1|0|21|0|0.11|0.42|1.34|0.34
1/23/2015|27310008|343|1|1|Tommy|Graves|15H006|3|0|63|0|0.32|1.26|4.01|1.01
1/23/2015|27310008|399|1|1|Yvette|Miller|15005|0|0|0|0|0.09|0.34|1.1|0.04
1/23/2015|27310008|399|1|1|Yvette|Miller|15S002|40|0|865.39|0|4.96|19.86|63.27|2.25
1/30/2015|27310011|195|1|1|Al|Ramos|15005|0|0|0|0|0|0.36|1.15|0.04
1/30/2015|27310011|195|1|1|Al|Ramos|15H002|41|0|1157.15|0|0|27.77|88.52|3.01
1/30/2015|27310011|404|1|1|Alberta|Gill|15H008|38|0|822.12|0|4.93|19.73|62.89|13.15
1/30/2015|27310011|106|1|1|Allan|Wood|15002|40|0|800|0|4.8|19.2|61.2|12.8
1/30/2015|27310011|106|1|1|Allan|Wood|15005|0|0|0|0|0.09|0.36|1.15|0.24
1/30/2015|27310011|304|1|1|Allen|Price|15H009|0|0|0|0|1.1|4.42|14.08|2.94
1/30/2015|27310011|274|1|1|Angel|Watts|15005|0|0|0|0|0.07|0.29|0.91|0.19
1/30/2015|27310011|274|1|1|Angel|Watts|15H009|0|0|0|0|1.25|4.99|15.92|3.33
1/30/2015|27310011|1|1|1|Antonio|Torres|15H001|20|0|422.76|0|2.53|10.15|32.34|0.55
1/30/2015|27310011|1|1|1|Antonio|Torres|15S001|20|0|422.76|0|2.54|10.14|32.34|0.55
1/30/2015|27310011|391|2|2|Barry|Mckenzie|15H008|12|0|309|0|1.86|14.83|23.64|6.18
1/30/2015|27310011|259|1|1|Beulah|Gibbs|15005|0|0|0|0|0.09|0.36|1.15|0.24
1/30/2015|27310011|259|1|1|Beulah|Gibbs|15S004|7.5|0|193.13|0|1.16|4.63|14.77|3.09
1/30/2015|27310011|259|1|1|Beulah|Gibbs|15S008|0.5|0|12.88|0|0.08|0.31|0.99|0.21
1/30/2015|27310011|168|1|1|Brittany|Carlson|15005|0|0|0|0|0.08|0.36|1.15|0.24
1/30/2015|27310011|168|1|1|Brittany|Carlson|15H001SG|8|0|300|0|1.65|7.2|22.95|4.8
1/30/2015|27310011|168|1|1|Brittany|Carlson|15H002SG|16|0|600|0|3.3|14.4|45.9|9.6
1/30/2015|27310011|291|1|1|Carlton|Mcdonald|15005|0|0|0|0|0.05|0.22|0.69|0.14
1/30/2015|27310011|291|1|1|Carlton|Mcdonald|15H009|0|0|0|0|2.25|8.96|28.58|5.98
1/30/2015|27310011|249|1|1|Cary|Foster|15S002|22|0|825|0|2.76|19.8|63.11|13.2
1/30/2015|27310011|249|1|1|Cary|Foster|15S004|4|0|150|0|0.5|3.6|11.48|2.4
1/30/2015|27310011|249|1|1|Cary|Foster|15S009|0|0|0|0|1|7.2|22.95|4.8
1/30/2015|27310011|179|1|1|Cassandra|Poole|15005|0|0|0|0|0.03|0.36|1.15|0.24
1/30/2015|27310011|179|1|1|Cassandra|Poole|15H004|9|0|293.9|0|0.5|7.05|22.48|4.7
1/30/2015|27310011|368|1|1|Cesar|Greene|15005|0|0|0|0|0.07|0.29|0.91|0.19
1/30/2015|27310011|368|1|1|Cesar|Greene|15S005|1|0|24.5|0|0.15|0.59|1.88|0.39
1/30/2015|27310011|27|1|1|Cindy|Lunt|15005|0|0|0|0|0.08|0.36|1.15|0.24
1/30/2015|27310011|27|1|1|Cindy|Lunt|15S001|6|0|183|0|1.05|4.39|14|2.93
1/30/2015|27310011|27|1|1|Cindy|Lunt|15S001|0|2|0|91.5|0.53|2.19|7|0.98
1/30/2015|27310011|27|1|1|Cindy|Lunt|15S002|7.5|0|228.75|0|1.32|5.49|17.49|3.66
1/30/2015|27310011|27|1|1|Cindy|Lunt|15S002|0|1|0|45.75|0.27|1.1|3.5|0.49
1/30/2015|27310011|27|1|1|Cindy|Lunt|15S004|1.5|0|45.75|0|0.27|1.1|3.51|0.73
1/30/2015|27310011|27|1|1|Cindy|Lunt|15S004|0|1|0|45.75|0.26|1.1|3.5|0.49
1/30/2015|27310011|27|1|1|Cindy|Lunt|15S006|2|0|61|0|0.35|1.46|4.67|0.98
1/30/2015|27310011|27|1|1|Cindy|Lunt|15S008|1|0|30.5|0|0.18|0.74|2.33|0.49
1/30/2015|27310011|239|1|1|Clarence|Padilla|15H001|20|0|435.4|0|2.61|10.45|33.32|0.57
1/30/2015|27310011|239|1|1|Clarence|Padilla|15S001|20|0|435.4|0|2.61|10.45|33.3|0.57
1/30/2015|27310011|369|1|1|Clark|Morgan|15H002|40|0|840|0|5.04|20.16|64.26|2.18
1/30/2015|27310011|38|1|1|Conrad|Walker|15005|0|0|0|0|0|0.36|1.15|0.04
1/30/2015|27310011|38|1|1|Conrad|Walker|15H002|42|0|1634.54|0|0|39.23|125.04|4.25
1/30/2015|27310011|169|1|1|Cornelius|Gibson|15005|0|0|0|0|0.09|0.36|1.15|0.24
1/30/2015|27310011|169|1|1|Cornelius|Gibson|15H004|3|0|98.25|0|0.6|2.36|7.51|1.57
1/30/2015|27310011|44|4|4|Dale|Hamilton|15001|40|0|3850|0|0|92.4|294.53|5
1/30/2015|27310011|396|5|5|Darryl|Burgess|15005|0|0|0|0|0.1|0.5|1.37|0.76
1/30/2015|27310011|396|5|5|Darryl|Burgess|15H001R|1|0|32|0|0.18|0.9|2.44|1.36
1/30/2015|27310011|396|5|5|Darryl|Burgess|15H004R|2|0|64|0|0.37|1.79|4.9|2.71
1/30/2015|27310011|204|1|1|Deborah|Bennett|15005|0|0|0|0|0.09|0.36|1.15|0.24
1/30/2015|27310011|53|1|1|Delia|Lopez|15005|0|0|0|0|0.09|0.36|1.15|0.24
1/30/2015|27310011|53|1|1|Delia|Lopez|15H012|0|0|0|0|0.83|3.31|10.56|2.21
1/30/2015|27310011|15|1|1|Don|Young|15005|0|0|0|0|0.09|0.36|1.15|0.24
1/30/2015|27310011|11|1|1|Earnest|Drake|15005|0|0|0|0|0.06|0.36|1.14|0.24
1/30/2015|27310011|11|1|1|Earnest|Drake|15H004|6|0|227.89|0|1|5.47|17.44|3.65
1/30/2015|27310011|20|1|1|Ed|Craig|15S002|36|0|1039.85|0|0|24.96|79.55|2.7
1/30/2015|27310011|20|1|1|Ed|Craig|15S009|0|0|0|0|0|2.77|8.83|0.3
1/30/2015|27310011|180|1|1|Elisa|Warren|15005|0|0|0|0|0.09|0.36|1.15|0.24
1/30/2015|27310011|180|1|1|Elisa|Warren|15H006|5|0|116.25|0|0.7|2.79|8.9|1.86
1/30/2015|27310011|45|4|4|Ernesto|Todd|15002|40|0|4225.64|0|0|101.42|323.26|5.49
1/30/2015|27310011|375|1|1|Fannie|Parks|15005|0|0|0|0|0.09|0.36|1.15|0.24
1/30/2015|27310011|375|1|1|Fannie|Parks|15S004|8.5|0|178.5|0|1.07|4.28|13.66|2.86
1/30/2015|27310011|375|1|1|Fannie|Parks|15S006|6|0|126|0|0.76|3.02|9.65|2.02
1/30/2015|27310011|19|1|1|Frank|Diaz|15S002|2|0|54|0|0.32|1.3|4.13|0.86
1/30/2015|27310011|19|1|1|Frank|Diaz|15S009|0|0|0|0|1.62|6.48|20.65|4.32
1/30/2015|27310011|381|1|1|Frankie|Mcdaniel|15005|0|0|0|0|0.09|0.36|1.15|0.04
1/30/2015|27310011|381|1|1|Frankie|Mcdaniel|15S002|40|0|865.39|0|5.19|20.77|66.2|2.25
1/30/2015|27310011|133|1|1|Geneva|Moody|15005|0|0|0|0|0.04|0.14|0.46|0.1
1/30/2015|27310011|133|1|1|Geneva|Moody|15S004|3|0|89.25|0|0.54|2.14|6.83|1.43
1/30/2015|27310011|133|1|1|Geneva|Moody|15S009|0|0|0|0|2.86|11.43|36.41|7.62
1/30/2015|27310011|133|1|1|Geneva|Moody|15S012|0|0|0|0|1.42|5.71|18.21|3.81
1/30/2015|27310011|402|5|5|Gwendolyn|Alvarado|15005|0|0|0|0|0.09|0.42|1.14|0.64
1/30/2015|27310011|402|5|5|Gwendolyn|Alvarado|15H001R|2|0|36|0|0.21|1.01|2.74|1.53
1/30/2015|27310011|402|5|5|Gwendolyn|Alvarado|15H008R|1|0|18|0|0.11|0.5|1.36|0.76
1/30/2015|27310011|194|1|1|Hector|Wright|15H009|0|0|0|0|0.13|0.54|1.72|0.36
1/30/2015|27310011|203|1|1|Helen|Paul|15005|0|0|0|0|0|0.51|1.61|0.03
1/30/2015|27310011|203|1|1|Helen|Paul|15H001|6|0|388.87|0|0|9.33|29.75|0.51
1/30/2015|27310011|203|1|1|Helen|Paul|15H001B|4|0|259.25|0|0|6.22|19.83|0.34
1/30/2015|27310011|203|1|1|Helen|Paul|15H006|6|0|388.87|0|0|9.34|29.75|0.51
1/30/2015|27310011|203|1|1|Helen|Paul|15H006B|4|0|259.24|0|0|6.22|19.83|0.34
1/30/2015|27310011|203|1|1|Helen|Paul|15S001|6|0|388.87|0|0|9.33|29.75|0.51
1/30/2015|27310011|203|1|1|Helen|Paul|15S001B|4|0|259.25|0|0|6.22|19.83|0.34
1/30/2015|27310011|203|1|1|Helen|Paul|15S006|6|0|388.87|0|0|9.33|29.75|0.51
1/30/2015|27310011|203|1|1|Helen|Paul|15S006B|4|0|259.24|0|0|6.22|19.83|0.34
1/30/2015|27310011|357|1|1|Stanley|Peterson|15005|0|0|0|0|0.09|0.36|1.15|0.24
1/30/2015|27310011|357|1|1|Stanley|Peterson|15S006|6|0|120|0|0.72|2.88|9.18|1.92
1/30/2015|27310011|357|1|1|Stanley|Peterson|15S006|0|2|0|60|0.36|1.44|4.59|0.64
1/30/2015|27310011|269|1|1|Jo|Manning|15005|0|0|0|0|0.09|0.36|1.15|0.24
1/30/2015|27310011|269|1|1|Jo|Manning|15H004SG|6|0|168|0|1.01|4.03|12.85|2.69
1/30/2015|27310011|269|1|1|Jo|Manning|15H004SG|0|2|0|84|0.5|2.02|6.42|0.9
1/30/2015|27310011|248|1|1|Jodi|Powers|15H001|20|0|410|0|2.46|9.84|31.37|0.53
1/30/2015|27310011|248|1|1|Jodi|Powers|15S001|20|0|410|0|2.46|9.84|31.36|0.53
1/30/2015|27310011|30|1|1|Joe|Perry|15H002|3|0|73.1|0|0.44|1.76|5.6|0.1
1/30/2015|27310011|30|1|1|Joe|Perry|15H003|5|0|121.84|0|0.73|2.92|9.32|0.16
1/30/2015|27310011|30|1|1|Joe|Perry|15H009|0|0|0|0|0.88|3.51|11.18|0.19
1/30/2015|27310011|403|1|1|Joyce|Ferguson|15S005|1|0|17|0|0.1|0.41|1.3|0.27
1/30/2015|27310011|6|1|1|Kelly|Murray|15005|0|0|0|0|0.09|0.36|1.15|0.24
1/30/2015|27310011|6|1|1|Kelly|Murray|15H009|0|0|0|0|0.66|2.64|8.41|1.76
1/30/2015|27310011|210|2|2|Kenny|Robertson|15005|0|0|0|0|0.07|0.57|0.91|0.24
1/30/2015|27310011|210|2|2|Kenny|Robertson|15H001B|4|0|95.12|0|0.57|4.57|7.28|1.9
1/30/2015|27310011|210|2|2|Kenny|Robertson|15H006B|1|0|23.78|0|0.14|1.14|1.83|0.48
1/30/2015|27310011|210|2|2|Kenny|Robertson|15H009B|0|0|0|0|0.29|2.29|3.64|0.95
1/30/2015|27310011|37|1|1|Kirk|Byrd|15H005|1|0|24.5|0|0.15|0.59|1.88|0.39
1/30/2015|27310011|37|1|1|Kirk|Byrd|15H009|0|0|0|0|0.59|2.35|7.5|1.57
1/30/2015|27310011|35|1|1|Leonard|Wong|15H002|40|0|1153.85|0|0|27.69|88.27|3
1/30/2015|27310012|35|1|1|Leonard|Wong|15H002|0|0|0|0|0|0|0|0
1/30/2015|27310011|287|2|2|Levi|Christensen|15H001|12|0|171|0|1.03|8.21|13.08|0.41
1/30/2015|27310011|287|2|2|Levi|Christensen|15H001B|14|0|199.5|0|1.2|9.58|15.27|0.48
1/30/2015|27310011|287|2|2|Levi|Christensen|15H006B|14|0|199.5|0|1.19|9.57|15.26|0.48
1/30/2015|27310011|255|1|1|Lois|Moran|15005|0|0|0|0|0.09|0.36|1.15|0.24
1/30/2015|27310011|255|1|1|Lois|Moran|15H009|0|0|0|0|3.46|13.82|44.06|9.22
1/30/2015|27310011|405|1|1|Lynn|Perkins|15005|0|0|0|0|0.09|0.36|1.15|0.24
1/30/2015|27310011|405|1|1|Lynn|Perkins|15H001|19|0|323|0|1.94|7.75|24.72|5.17
1/30/2015|27310011|405|1|1|Lynn|Perkins|15H001|0|1|0|25.5|0.16|0.61|1.95|0.27
1/30/2015|27310011|405|1|1|Lynn|Perkins|15S001|21|0|357|0|2.14|8.57|27.3|5.71
1/30/2015|27310011|405|1|1|Lynn|Perkins|15S001|0|1|0|25.5|0.15|0.61|1.95|0.27
1/30/2015|27310011|13|1|1|Mamie|Day|15H002|7|0|325.78|0|0|7.82|24.93|5.21
1/30/2015|27310011|13|1|1|Mamie|Day|15H003|9|0|418.85|0|0|10.05|32.04|6.7
1/30/2015|27310011|358|1|1|Marc|Wallace|15H001|39.75|0|626.06|0|3.76|15.03|47.89|0.81
1/30/2015|27310011|358|1|1|Marc|Wallace|15H009|0|0|0|0|0.02|0.09|0.3|0.01
1/30/2015|27310011|281|1|1|Marcia|Neal|15005|0|0|0|0|0.09|0.36|1.15|0.24
1/30/2015|27310011|281|1|1|Marcia|Neal|15S001|2|0|52|0|0.31|1.25|3.97|0.83
1/30/2015|27310011|316|1|1|Marguerite|Thornton|15005|0|0|0|0|0.09|0.36|1.15|0.24
1/30/2015|27310011|314|1|1|Marianne|Baldwin|15005|0|0|0|0|0.09|0.36|1.15|0.24
1/30/2015|27310011|39|1|1|Marie|Hudson|15005|30|0|217.5|0|1.3|5.22|16.63|3.48
1/30/2015|27310011|18|1|1|Marty|Barnes|15H001|11.5|0|230|0|1.38|5.52|17.6|0.3
1/30/2015|27310011|18|1|1|Marty|Barnes|15S001|11.5|0|230|0|1.38|5.52|17.59|0.3
1/30/2015|27310011|23|1|1|Mary|Waters|15H003|1|0|36.06|0|0.22|0.87|2.76|0.58
1/30/2015|27310011|401|2|2|Maryann|Cohen|15005|0|0|0|0|0.08|0.65|1.03|0.3
1/30/2015|27310011|401|2|2|Maryann|Cohen|15H001B|5|0|130|0|0.7|5.63|8.97|2.6
1/30/2015|27310011|401|2|2|Maryann|Cohen|15H003B|13|0|338|0|1.83|14.64|23.32|6.76
1/30/2015|27310011|3|1|1|Melanie|Green|15H001|44|0|3077|0|0|73.85|235.39|4
1/30/2015|27310011|374|5|5|Melvin|Strickland|15H001|3.5|0|73.5|0|0.44|2.06|5.61|0.29
1/30/2015|27310011|374|5|5|Melvin|Strickland|15H001R|15.5|0|325.5|0|1.95|9.11|24.9|1.3
1/30/2015|27310011|374|5|5|Melvin|Strickland|15H006|12.5|0|262.5|0|1.57|7.35|20.09|1.05
1/30/2015|27310011|374|5|5|Melvin|Strickland|15H006R|0.5|0|10.5|0|0.07|0.3|0.8|0.04
1/30/2015|27310011|374|5|5|Melvin|Strickland|15H009R|0|0|0|0|1.01|4.7|12.86|0.67
1/30/2015|27310011|201|1|1|Michele|Lee|15005|0|0|0|0|0.08|0.36|1.15|0.24
1/30/2015|27310011|192|5|5|Mike|Briggs|15005|0|0|0|0|0.05|0.42|1.15|0.64
1/30/2015|27310011|192|5|5|Mike|Briggs|15H002R|40|0|961.54|0|3.36|26.92|73.56|40.77
1/30/2015|27310011|398|1|1|Mona|Howard|15S005|4.5|0|54|0|0.32|1.3|4.13|0.86
1/30/2015|27310011|398|1|1|Mona|Howard|15S008|0.5|0|6|0|0.04|0.14|0.46|0.1
1/30/2015|27310011|276|1|1|Morris|Glover|15005|0|0|0|0|0.09|0.36|1.15|0.24
1/30/2015|27310011|352|1|1|Myra|Vega|15005|0|0|0|0|0.09|0.36|1.15|0.24
1/30/2015|27310011|352|1|1|Myra|Vega|15S005|1|0|19|0|0.11|0.46|1.46|0.3
1/30/2015|27310011|199|1|1|Nettie|Stevens|15005|0|0|0|0|0|0.36|1.15|0.24
1/30/2015|27310011|199|1|1|Nettie|Stevens|15H002|0|3.5|0|187.42|0|4.5|14.33|2
1/30/2015|27310011|199|1|1|Nettie|Stevens|15H006|3.5|0|124.95|0|0|3|9.56|2
1/30/2015|27310011|199|1|1|Nettie|Stevens|15H006|0|2|0|107.1|0|2.57|8.19|1.14
1/30/2015|27310011|199|1|1|Nettie|Stevens|15H008|0.5|0|17.85|0|0|0.43|1.36|0.29
1/30/2015|27310011|260|1|1|Nichole|Fox|15005|0|0|0|0|0.09|0.36|1.15|0.24
1/30/2015|27310011|380|1|1|Preston|Robinson|15005|0|0|0|0|0.09|0.36|1.15|0.24
1/30/2015|27310011|380|1|1|Preston|Robinson|15S001|1|0|20|0|0.12|0.48|1.53|0.32
1/30/2015|27310011|380|1|1|Preston|Robinson|15S008|4|0|80|0|0.47|1.91|6.1|1.28
1/30/2015|27310011|117|1|1|Richard|Wood|15H006|10|0|150|0|0.9|3.6|11.48|2.4
1/30/2015|27310011|400|1|1|Roberto|Ortega|15005|0|0|0|0|0.09|0.36|1.15|0.04
1/30/2015|27310011|400|1|1|Roberto|Ortega|15H002|40|0|826.93|0|4.96|19.85|63.26|2.15
1/30/2015|27310011|7|1|1|Shelia|Keller|15H002|45|0|961.54|0|5.77|23.08|73.56|15.38
1/30/2015|27310012|7|1|1|Shelia|Keller|15H002|0|0|0|0|0|0|0|0
1/30/2015|27310011|34|1|1|Sheryl|Hill|15H002|1|0|53.09|0|0|1.27|4.06|0.85
1/30/2015|27310011|34|1|1|Sheryl|Hill|15H003|11|0|53.09|0|0|1.27|4.06|0.85
1/30/2015|27310011|34|1|1|Sheryl|Hill|15H004|4|0|212.38|0|0|5.1|16.25|3.4
1/30/2015|27310011|34|1|1|Sheryl|Hill|15S002|2|0|106.2|0|0|2.55|8.13|1.7
1/30/2015|27310011|336|1|1|Shirley|Parker|15005|0|0|0|0|0.09|0.36|1.15|0.24
1/30/2015|27310011|99|1|1|Sue|Riley|15H006|20|0|420|0|2.52|10.08|32.13|6.72
1/30/2015|27310011|99|1|1|Sue|Riley|15H006|0|1|0|31.5|0.19|0.76|2.41|0.34
1/30/2015|27310011|99|1|1|Sue|Riley|15S006|20|0|420|0|2.52|10.08|32.13|6.72
1/30/2015|27310011|99|1|1|Sue|Riley|15S006|0|1|0|31.5|0.19|0.75|2.41|0.34
1/30/2015|27310011|25|1|1|Tami|Luna|15H001|22|0|459.8|0|2.76|11.04|35.18|0.6
1/30/2015|27310011|25|1|1|Tami|Luna|15S001|22|0|459.8|0|2.76|11.03|35.17|0.6
1/30/2015|27310011|184|1|1|Tammy|Wilkins|15005|0|0|0|0|0.09|0.36|1.15|0.24
1/30/2015|27310011|320|1|1|Terry|Moreno|15005|0|0|0|0|0.08|0.36|1.15|0.24
1/30/2015|27310011|343|1|1|Tommy|Graves|15005|0|0|0|0|0.09|0.36|1.15|0.24
1/30/2015|27310011|343|1|1|Tommy|Graves|15H006|3|0|69|0|0.41|1.66|5.28|1.1
1/30/2015|27310011|399|1|1|Yvette|Miller|15005|0|0|0|0|0.09|0.36|1.15|0.04
1/30/2015|27310011|399|1|1|Yvette|Miller|15S002|40|0|865.39|0|5.19|20.77|66.2|2.25
2/6/2015|27310014|195|1|1|Al|Ramos|15005|0|0|0|0|0|0.34|1.07|0.04
2/6/2015|27310014|195|1|1|Al|Ramos|15H002|40|0|1157.15|0|0|25.96|82.76|3.01
2/6/2015|27310014|404|1|1|Alberta|Gill|15H008|35|0|757.23|0|4.54|18.17|57.93|12.12
2/6/2015|27310014|106|1|1|Allan|Wood|15002|40|0|800|0|4.8|19.2|61.2|12.8
2/6/2015|27310014|106|1|1|Allan|Wood|15005|0|0|0|0|0.09|0.36|1.15|0.24
2/6/2015|27310014|274|1|1|Angel|Watts|15005|0|0|0|0|0.07|0.29|0.91|0.19
2/6/2015|27310014|274|1|1|Angel|Watts|15H008|1|0|26|0|0.16|0.62|1.99|0.42
2/6/2015|27310014|274|1|1|Angel|Watts|15H009|0|0|0|0|1.25|4.99|15.92|3.33
2/6/2015|27310014|1|1|1|Antonio|Torres|15H001|20|0|490.4|0|2.59|10.33|32.93|0.64
2/6/2015|27310014|1|1|1|Antonio|Torres|15S001|20|0|490.4|0|2.58|10.33|32.93|0.64
2/6/2015|27310014|391|2|2|Barry|Mckenzie|15005|0|0|0|0|0.08|0.65|1.04|0.3
2/6/2015|27310014|391|2|2|Barry|Mckenzie|15H001B|11|0|283.25|0|1.54|12.35|19.68|5.67
2/6/2015|27310014|259|1|1|Beulah|Gibbs|15005|0|0|0|0|0.09|0.35|1.11|0.24
2/6/2015|27310014|259|1|1|Beulah|Gibbs|15S004|3|0|77.25|0|0.45|1.8|5.73|1.24
2/6/2015|27310014|259|1|1|Beulah|Gibbs|15S008|0.5|0|12.88|0|0.08|0.3|0.96|0.21
2/6/2015|27310014|168|1|1|Brittany|Carlson|15005|0|0|0|0|0|0.35|1.11|0.24
2/6/2015|27310014|168|1|1|Brittany|Carlson|15H001SG|20|0|750|0|0|17.45|55.6|12
2/6/2015|27310014|168|1|1|Brittany|Carlson|15H002SG|2|0|75|0|0|1.75|5.57|1.2
2/6/2015|27310014|291|1|1|Carlton|Mcdonald|15005|0|0|0|0|0.05|0.22|0.69|0.14
2/6/2015|27310014|291|1|1|Carlton|Mcdonald|15H009|0|0|0|0|2.25|8.96|28.58|5.98
2/6/2015|27310014|249|1|1|Cary|Foster|15S002|37|0|1512.02|0|0|33.96|108.24|24.19
2/6/2015|27310014|249|1|1|Cary|Foster|15S004|3|0|122.6|0|0|2.75|8.77|1.96
2/6/2015|27310014|179|1|1|Cassandra|Poole|15005|0|0|0|0|0|0.33|1.07|0.24
2/6/2015|27310014|179|1|1|Cassandra|Poole|15H004|14|0|605.77|0|0|13.58|43.27|9.69
2/6/2015|27310014|179|1|1|Cassandra|Poole|15H009|0|0|0|0|0|0.97|3.09|0.69
2/6/2015|27310014|368|1|1|Cesar|Greene|15005|0|0|0|0|0.08|0.32|1.03|0.24
2/6/2015|27310014|368|1|1|Cesar|Greene|15S008|2|0|49|0|0.27|1.06|3.38|0.78
2/6/2015|27310014|27|1|1|Cindy|Lunt|15005|0|0|0|0|0|0.33|1.06|0.24
2/6/2015|27310014|27|1|1|Cindy|Lunt|15S001|2.5|0|76.25|0|0|1.68|5.36|1.22
2/6/2015|27310014|27|1|1|Cindy|Lunt|15S001|0|1.5|0|68.63|0|1.51|4.84|0.73
2/6/2015|27310014|27|1|1|Cindy|Lunt|15S002|3.5|0|106.75|0|0|2.35|7.52|1.71
2/6/2015|27310014|27|1|1|Cindy|Lunt|15S002|0|2|0|91.5|0|2.02|6.43|0.98
2/6/2015|27310014|27|1|1|Cindy|Lunt|15S004|2.5|0|76.25|0|0|1.69|5.36|1.22
2/6/2015|27310014|27|1|1|Cindy|Lunt|15S006|2|0|61|0|0|1.35|4.29|0.98
2/6/2015|27310014|27|1|1|Cindy|Lunt|15S006|0|1|0|45.75|0|1.01|3.22|0.49
2/6/2015|27310014|27|1|1|Cindy|Lunt|15S008|1|0|30.5|0|0|0.67|2.15|0.49
2/6/2015|27310014|239|1|1|Clarence|Padilla|15H001|18.5|0|402.75|0|2.28|9.11|29.02|0.52
2/6/2015|27310014|239|1|1|Clarence|Padilla|15H001|0|0.5|0|16.33|0.09|0.37|1.17|0.01
2/6/2015|27310014|239|1|1|Clarence|Padilla|15H007|3|0|65.31|0|0.37|1.48|4.71|0.08
2/6/2015|27310014|239|1|1|Clarence|Padilla|15S001|18.5|0|402.75|0|2.27|9.1|29.02|0.52
2/6/2015|27310014|239|1|1|Clarence|Padilla|15S001|0|0.25|0|8.16|0.05|0.18|0.59|0.01
2/6/2015|27310014|369|1|1|Clark|Morgan|15005|0|0|0|0|0.09|0.36|1.14|0.04
2/6/2015|27310014|369|1|1|Clark|Morgan|15H002|20|0|420|0|2.5|9.99|31.83|1.09
2/6/2015|27310014|369|1|1|Clark|Morgan|15S002|20|0|420|0|2.49|9.98|31.83|1.09
2/6/2015|27310014|38|1|1|Conrad|Walker|15005|0|0|0|0|0|0.35|1.12|0.04
2/6/2015|27310014|38|1|1|Conrad|Walker|15H002|40|0|1634.54|0|0|38.41|122.44|4.25
2/6/2015|27310014|169|1|1|Cornelius|Gibson|15005|0|0|0|0|0.04|0.35|1.11|0.24
2/6/2015|27310014|169|1|1|Cornelius|Gibson|15H004|3.5|0|114.63|0|0.3|2.66|8.48|1.83
2/6/2015|27310014|44|4|4|Dale|Hamilton|15001|40|0|3850|0|0|92.4|294.53|5
2/6/2015|27310014|396|5|5|Darryl|Burgess|15005|0|0|0|0|0|0.42|1.15|0.64
2/6/2015|27310014|396|5|5|Darryl|Burgess|15H001R|1|0|32|0|0|0.9|2.44|1.36
2/6/2015|27310014|396|5|5|Darryl|Burgess|15H004R|2|0|64|0|0|1.79|4.9|2.71
2/6/2015|27310014|204|1|1|Deborah|Bennett|15005|0|0|0|0|0.05|0.2|0.65|0.14
2/6/2015|27310014|204|1|1|Deborah|Bennett|15H009|0|0|0|0|1.26|5.48|17.48|3.87
2/6/2015|27310014|204|1|1|Deborah|Bennett|15H012|0|0|0|0|1.25|5.49|17.49|3.87
2/6/2015|27310014|53|1|1|Delia|Lopez|15005|0|0|0|0|0.08|0.33|1.05|0.24
2/6/2015|27310014|15|1|1|Don|Young|15005|0|0|0|0|0.08|0.32|1.02|0.24
2/6/2015|27310014|11|1|1|Earnest|Drake|15005|0|0|0|0|0|0.35|1.11|0.24
2/6/2015|27310014|11|1|1|Earnest|Drake|15H004|4|0|151.92|0|0|3.52|11.23|2.43
2/6/2015|27310014|20|1|1|Ed|Craig|15S002|33.5|0|932.66|0|0|19.76|63|2.42
2/6/2015|27310014|20|1|1|Ed|Craig|15S012|0|0|0|0|0|4.72|15.04|0.58
2/6/2015|27310014|180|1|1|Elisa|Warren|15005|0|0|0|0|0.08|0.31|0.97|0.24
2/6/2015|27310014|180|1|1|Elisa|Warren|15H001|1.5|0|34.88|0|0.18|0.71|2.27|0.56
2/6/2015|27310014|180|1|1|Elisa|Warren|15H001|0|2.5|0|87.19|0.44|1.78|5.69|0.93
2/6/2015|27310014|180|1|1|Elisa|Warren|15H006|2.5|0|58.13|0|0.3|1.19|3.79|0.93
2/6/2015|27310014|45|4|4|Ernesto|Todd|15002|40|0|4225.64|0|0|97.54|310.92|5.49
2/6/2015|27310014|375|1|1|Fannie|Parks|15005|0|0|0|0|0.09|0.36|1.15|0.24
2/6/2015|27310014|375|1|1|Fannie|Parks|15S004|5|0|105|0|0.63|2.52|8.03|1.68
2/6/2015|27310014|19|1|1|Frank|Diaz|15S006|3|0|81|0|0.47|1.87|5.97|1.3
2/6/2015|27310014|19|1|1|Frank|Diaz|15S009|0|0|0|0|2.03|8.12|25.89|5.62
2/6/2015|27310014|381|1|1|Frankie|Mcdaniel|15005|0|0|0|0|0.08|0.33|1.04|0.04
2/6/2015|27310014|381|1|1|Frankie|Mcdaniel|15S002|40|0|865.39|0|4.72|18.86|60.11|2.25
2/6/2015|27310014|133|1|1|Geneva|Moody|15005|0|0|0|0|0.03|0.34|1.1|0.24
2/6/2015|27310014|133|1|1|Geneva|Moody|15S004|6|0|178.5|0|0.39|4.08|13.02|2.86
2/6/2015|27310014|402|5|5|Gwendolyn|Alvarado|15005|0|0|0|0|0.08|0.42|1.06|0.64
2/6/2015|27310014|402|5|5|Gwendolyn|Alvarado|15H001R|1|0|18|0|0.1|0.5|1.28|0.76
2/6/2015|27310014|402|5|5|Gwendolyn|Alvarado|15H008R|11|0|198|0|1.1|5.55|14.04|8.4
2/6/2015|27310014|203|1|1|Helen|Paul|15005|0|0|0|0|0|0.47|1.49|0.03
2/6/2015|27310014|203|1|1|Helen|Paul|15H001|10|0|648.11|0|0|14.46|46.08|0.84
2/6/2015|27310014|203|1|1|Helen|Paul|15H006|10|0|648.12|0|0|14.46|46.08|0.84
2/6/2015|27310014|203|1|1|Helen|Paul|15S001|10|0|648.11|0|0|14.45|46.08|0.84
2/6/2015|27310014|203|1|1|Helen|Paul|15S006|10|0|648.12|0|0|14.45|46.08|0.84
2/6/2015|27310014|357|1|1|Stanley|Peterson|15005|0|0|0|0|0.07|0.3|0.97|0.24
2/6/2015|27310014|357|1|1|Stanley|Peterson|15S006|2|0|40|0|0.2|0.81|2.59|0.64
2/6/2015|27310014|357|1|1|Stanley|Peterson|15S006|0|2|0|60|0.3|1.22|3.89|0.64
2/6/2015|27310014|269|1|1|Jo|Manning|15005|0|0|0|0|0.02|0.2|0.64|0.14
2/6/2015|27310014|269|1|1|Jo|Manning|15H004SG|7|0|196|0|0.53|4.39|13.97|3.14
2/6/2015|27310014|269|1|1|Jo|Manning|15H009SG|0|0|0|0|1.21|10.01|31.92|7.17
2/6/2015|27310014|248|1|1|Jodi|Powers|15H001|16|0|328|0|1.73|6.93|22.08|0.43
2/6/2015|27310014|248|1|1|Jodi|Powers|15H009|0|0|0|0|0.44|1.73|5.52|0.11
2/6/2015|27310014|248|1|1|Jodi|Powers|15S001|16|0|328|0|1.73|6.93|22.08|0.43
2/6/2015|27310014|248|1|1|Jodi|Powers|15S009|0|0|0|0|0.43|1.73|5.52|0.11
2/6/2015|27310014|30|1|1|Joe|Perry|15H002|2|0|48.73|0|0.24|0.99|3.13|0.06
2/6/2015|27310014|30|1|1|Joe|Perry|15H003|5|0|121.84|0|0.62|2.46|7.85|0.16
2/6/2015|27310014|30|1|1|Joe|Perry|15H009|0|0|0|0|0.74|2.95|9.41|0.19
2/6/2015|27310014|403|1|1|Joyce|Ferguson|15S008|2.5|0|42.5|0|0.25|1.02|3.25|0.68
2/6/2015|27310014|6|1|1|Kelly|Murray|15005|0|0|0|0|0.09|0.35|1.11|0.24
2/6/2015|27310014|6|1|1|Kelly|Murray|15H009|0|0|0|0|0.12|0.51|1.62|0.35
2/6/2015|27310014|210|2|2|Kenny|Robertson|15005|0|0|0|0|0.09|0.72|1.15|0.3
2/6/2015|27310014|210|2|2|Kenny|Robertson|15H001B|7.5|0|178.35|0|1.07|8.56|13.65|3.57
2/6/2015|27310014|210|2|2|Kenny|Robertson|15H002B|0.5|0|11.89|0|0.07|0.57|0.91|0.24
2/6/2015|27310014|210|2|2|Kenny|Robertson|15H004B|1|0|23.78|0|0.15|1.14|1.81|0.48
2/6/2015|27310014|210|2|2|Kenny|Robertson|15H009B|0|0|0|0|0.93|7.42|11.82|3.09
2/6/2015|27310014|37|1|1|Kirk|Byrd|15H005|1|0|24.5|0|0.13|0.53|1.67|0.39
2/6/2015|27310014|35|1|1|Leonard|Wong|15H002|43|0|1153.85|0|0|25.58|81.53|3
2/6/2015|27310015|35|1|1|Leonard|Wong|15H002|0|0|0|0|0|0|0|0
2/6/2015|27310014|287|2|2|Levi|Christensen|15H001|16|0|228|0|1.3|10.38|16.56|0.55
2/6/2015|27310014|287|2|2|Levi|Christensen|15H001B|12|0|171|0|0.98|7.79|12.41|0.41
2/6/2015|27310014|287|2|2|Levi|Christensen|15H006B|12|0|171|0|0.97|7.79|12.41|0.41
2/6/2015|27310014|255|1|1|Lois|Moran|15005|0|0|0|0|0.09|0.35|1.1|0.24
2/6/2015|27310014|405|1|1|Lynn|Perkins|15H001|20|0|340|0|2.04|8.16|26.01|5.44
2/6/2015|27310014|405|1|1|Lynn|Perkins|15S001|20|0|340|0|2.04|8.16|26.01|5.44
2/6/2015|27310014|13|1|1|Mamie|Day|15H007|36|0|1634.53|0|0|39.23|125.05|26.15
2/6/2015|27310014|358|1|1|Marc|Wallace|15H001|40|0|630|0|2.97|11.88|37.87|0.82
2/6/2015|27310014|281|1|1|Marcia|Neal|15005|0|0|0|0|0.09|0.36|1.15|0.24
2/6/2015|27310014|281|1|1|Marcia|Neal|15S001|3|0|78|0|0.47|1.87|5.97|1.25
2/6/2015|27310014|316|1|1|Marguerite|Thornton|15005|0|0|0|0|0.09|0.35|1.1|0.24
2/6/2015|27310014|314|1|1|Marianne|Baldwin|15005|0|0|0|0|0.09|0.36|1.15|0.24
2/6/2015|27310014|39|1|1|Marie|Hudson|15005|30|0|217.5|0|0.32|1.26|4.02|3.48
2/6/2015|27310014|22|1|1|Marion|Scott|15H003|1|0|33.65|0|0.11|0.74|2.34|0.54
2/6/2015|27310014|22|1|1|Marion|Scott|15H009|0|0|0|0|1.24|8.09|25.79|5.92
2/6/2015|27310014|18|1|1|Marty|Barnes|15H001|11.5|0|230|0|1.38|5.52|17.6|0.3
2/6/2015|27310014|18|1|1|Marty|Barnes|15S001|11.5|0|230|0|1.38|5.52|17.59|0.3
2/6/2015|27310014|401|2|2|Maryann|Cohen|15005|0|0|0|0|0.07|0.56|0.89|0.3
2/6/2015|27310014|401|2|2|Maryann|Cohen|15H001B|3|0|78|0|0.36|2.89|4.61|1.56
2/6/2015|27310014|401|2|2|Maryann|Cohen|15H003B|11|0|286|0|1.32|10.6|16.89|5.72
2/6/2015|27310014|3|1|1|Melanie|Green|15H001|36|0|2769.3|0|0|65.81|209.77|3.6
2/6/2015|27310014|3|1|1|Melanie|Green|15H009|0|0|0|0|0|7.31|23.31|0.4
2/6/2015|27310014|374|5|5|Melvin|Strickland|15H001|4.5|0|94.5|0|0.48|2.65|6.16|0.38
2/6/2015|27310014|374|5|5|Melvin|Strickland|15H001R|13|0|273|0|1.39|7.64|17.78|1.09
2/6/2015|27310014|374|5|5|Melvin|Strickland|15H006|22|0|462|0|2.36|12.93|30.08|1.85
2/6/2015|27310014|374|5|5|Melvin|Strickland|15H006R|0.5|0|10.5|0|0.06|0.3|0.68|0.04
2/6/2015|27310014|201|1|1|Michele|Lee|15005|0|0|0|0|0|0.36|1.15|0.24
2/6/2015|27310014|192|5|5|Mike|Briggs|15005|0|0|0|0|0|0.42|1.02|0.64
2/6/2015|27310014|192|5|5|Mike|Briggs|15H002R|36|0|865.39|0|0|24.23|59.08|36.69
2/6/2015|27310014|192|5|5|Mike|Briggs|15H009R|0|0|0|0|0|2.69|6.57|4.08
2/6/2015|27310014|398|1|1|Mona|Howard|15S005|3|0|36|0|0.21|0.87|2.75|0.58
2/6/2015|27310014|398|1|1|Mona|Howard|15S008|0.5|0|6|0|0.04|0.14|0.46|0.1
2/6/2015|27310014|276|1|1|Morris|Glover|15005|0|0|0|0|0.08|0.34|1.07|0.24
2/6/2015|27310014|352|1|1|Myra|Vega|15005|0|0|0|0|0.08|0.32|1.04|0.24
2/6/2015|27310014|352|1|1|Myra|Vega|15S008|1.5|0|28.5|0|0.15|0.62|1.96|0.46
2/6/2015|27310014|199|1|1|Nettie|Stevens|15005|0|0|0|0|0|0.34|1.07|0.24
2/6/2015|27310014|199|1|1|Nettie|Stevens|15H006|11.5|0|410.55|0|0|9.23|29.43|6.57
2/6/2015|27310014|199|1|1|Nettie|Stevens|15H006|0|2|0|107.1|0|2.41|7.68|1.14
2/6/2015|27310014|199|1|1|Nettie|Stevens|15H008|0.5|0|17.85|0|0|0.4|1.28|0.29
2/6/2015|27310014|260|1|1|Nichole|Fox|15005|0|0|0|0|0.08|0.34|1.07|0.24
2/6/2015|27310014|380|1|1|Preston|Robinson|15005|0|0|0|0|0.07|0.29|0.94|0.24
2/6/2015|27310014|380|1|1|Preston|Robinson|15S001|1|0|20|0|0.1|0.39|1.25|0.32
2/6/2015|27310014|386|1|1|Raquel|Singleton|15H001|8|0|96|0|0.58|2.3|7.34|1.54
2/6/2015|27310014|117|1|1|Richard|Wood|15H006|10|0|150|0|0.9|3.6|11.48|2.4
2/6/2015|27310014|400|1|1|Roberto|Ortega|15005|0|0|0|0|0.08|0.3|0.96|0.04
2/6/2015|27310014|400|1|1|Roberto|Ortega|15H002|40|0|826.93|0|4.17|16.71|53.27|2.15
2/6/2015|27310014|7|1|1|Shelia|Keller|15H002|36|0|844.28|0|3.64|20.27|64.59|13.51
2/6/2015|27310014|7|1|1|Shelia|Keller|15S002|5|0|117.26|0|0.51|2.81|8.97|1.88
2/6/2015|27310014|34|1|1|Sheryl|Hill|15H002|1|0|46.08|0|0|1.05|3.35|0.74
2/6/2015|27310014|34|1|1|Sheryl|Hill|15H003|7|0|322.57|0|0|7.36|23.47|5.16
2/6/2015|27310014|34|1|1|Sheryl|Hill|15H004|8|0|368.65|0|0|8.41|26.81|5.9
2/6/2015|27310014|336|1|1|Shirley|Parker|15005|0|0|0|0|0.07|0.28|0.91|0.19
2/6/2015|27310014|99|1|1|Sue|Riley|15H006|12|0|252|0|1.47|5.85|18.66|4.03
2/6/2015|27310014|99|1|1|Sue|Riley|15H009|0|0|0|0|0.97|3.91|12.44|2.69
2/6/2015|27310014|99|1|1|Sue|Riley|15S006|12|0|252|0|1.46|5.86|18.67|4.03
2/6/2015|27310014|99|1|1|Sue|Riley|15S009|0|0|0|0|0.98|3.9|12.45|2.69
2/6/2015|27310014|25|1|1|Tami|Luna|15H001|22.5|0|470.25|0|2.7|10.81|34.45|0.61
2/6/2015|27310014|25|1|1|Tami|Luna|15S001|21.5|0|449.35|0|2.58|10.32|32.92|0.58
2/6/2015|27310014|184|1|1|Tammy|Wilkins|15005|0|0|0|0|0.08|0.33|1.06|0.24
2/6/2015|27310014|320|1|1|Terry|Moreno|15005|0|0|0|0|0|0.36|1.15|0.24
2/6/2015|27310014|320|1|1|Terry|Moreno|15H002|24|0|818.69|0|0|19.64|62.63|13.1
2/6/2015|27310014|343|1|1|Tommy|Graves|15005|0|0|0|0|0.08|0.31|0.99|0.24
2/6/2015|27310014|343|1|1|Tommy|Graves|15H006|3|0|69|0|0.36|1.42|4.53|1.1
2/6/2015|27310014|343|1|1|Tommy|Graves|15H006|0|2|0|69|0.35|1.42|4.52|0.74
2/6/2015|27310014|343|1|1|Tommy|Graves|15H008|32|0|736|0|3.79|15.15|48.29|11.78
2/6/2015|27310014|399|1|1|Yvette|Miller|15005|0|0|0|0|0.09|0.34|1.1|0.04
2/6/2015|27310014|399|1|1|Yvette|Miller|15S002|40|0|865.39|0|4.96|19.86|63.27|2.25
2/12/2015|27310018|13|1|1|Mamie|Day|15H007|0|0|3000|0|0|72|229.5|48
2/13/2015|27310016|195|1|1|Al|Ramos|15005|0|0|0|0|0|0.34|1.07|0.04
2/13/2015|27310016|195|1|1|Al|Ramos|15H002|39|0|1157.15|0|0|25.96|82.76|3.01
2/13/2015|27310016|404|1|1|Alberta|Gill|15H003|10|0|216.35|0|1.3|5.19|16.55|3.46
2/13/2015|27310016|106|1|1|Allan|Wood|15005|0|0|0|0|0.09|0.36|1.15|0.24
2/13/2015|27310016|106|1|1|Allan|Wood|15H001|20|0|400|0|2.4|9.6|30.6|6.4
2/13/2015|27310016|106|1|1|Allan|Wood|15S001|20|0|400|0|2.4|9.6|30.6|6.4
2/13/2015|27310016|304|1|1|Allen|Price|15H008|1.5|0|34.5|0|0.19|0.78|2.49|0.55
2/13/2015|27310016|274|1|1|Angel|Watts|15005|0|0|0|0|0.06|0.36|1.15|0.24
2/13/2015|27310016|1|1|1|Antonio|Torres|15H001|21|0|476.78|0|0.91|10.05|32|0.62
2/13/2015|27310016|1|1|1|Antonio|Torres|15S001|21|0|476.78|0|0.92|10.04|32.02|0.62
2/13/2015|27310016|391|2|2|Barry|Mckenzie|15005|0|0|0|0|0.07|0.65|1.04|0.3
2/13/2015|27310016|391|2|2|Barry|Mckenzie|15H001B|18|0|463.5|0|2.13|20.09|32.02|9.27
2/13/2015|27310016|259|1|1|Beulah|Gibbs|15005|0|0|0|0|0.04|0.35|1.1|0.24
2/13/2015|27310016|259|1|1|Beulah|Gibbs|15S004|7|0|180.25|0|0.44|4.16|13.25|2.88
2/13/2015|27310016|259|1|1|Beulah|Gibbs|15S008|1.5|0|38.63|0|0.09|0.89|2.84|0.62
2/13/2015|27310016|168|1|1|Brittany|Carlson|15005|0|0|0|0|0|0.35|1.11|0.24
2/13/2015|27310016|168|1|1|Brittany|Carlson|15H001SG|8|0|300|0|0|6.98|22.25|4.8
2/13/2015|27310016|249|1|1|Cary|Foster|15S002|33|0|1348.56|0|0|30.29|96.54|21.58
2/13/2015|27310016|249|1|1|Cary|Foster|15S004|5|0|204.33|0|0|4.59|14.62|3.27
2/13/2015|27310016|179|1|1|Cassandra|Poole|15005|0|0|0|0|0|0.27|0.85|0.19
2/13/2015|27310016|179|1|1|Cassandra|Poole|15H004|9.5|0|411.06|0|0|9.21|29.37|6.58
2/13/2015|27310016|179|1|1|Cassandra|Poole|15H009|0|0|0|0|0|7.76|24.73|5.54
2/13/2015|27310016|368|1|1|Cesar|Greene|15005|0|0|0|0|0.08|0.32|1.02|0.24
2/13/2015|27310016|368|1|1|Cesar|Greene|15S005|2|0|49|0|0.26|1.05|3.35|0.78
2/13/2015|27310016|368|1|1|Cesar|Greene|15S008|2|0|49|0|0.26|1.05|3.33|0.78
2/13/2015|27310016|27|1|1|Cindy|Lunt|15005|0|0|0|0|0|0.33|1.06|0.24
2/13/2015|27310016|27|1|1|Cindy|Lunt|15S001|2.5|0|76.25|0|0|1.7|5.4|1.22
2/13/2015|27310016|27|1|1|Cindy|Lunt|15S002|1.5|0|45.75|0|0|1.02|3.25|0.73
2/13/2015|27310016|27|1|1|Cindy|Lunt|15S002|0|0.5|0|22.88|0|0.51|1.62|0.24
2/13/2015|27310016|27|1|1|Cindy|Lunt|15S004|2|0|61|0|0|1.36|4.33|0.98
2/13/2015|27310016|27|1|1|Cindy|Lunt|15S006|3|0|91.5|0|0|2.04|6.5|1.46
2/13/2015|27310016|27|1|1|Cindy|Lunt|15S006|0|2|0|91.5|0|2.04|6.5|0.98
2/13/2015|27310016|27|1|1|Cindy|Lunt|15S008|0|2|0|91.5|0|2.03|6.49|0.98
2/13/2015|27310016|239|1|1|Clarence|Padilla|15H001|20|0|435.4|0|2.46|9.83|31.32|0.57
2/13/2015|27310016|239|1|1|Clarence|Padilla|15S001|20|0|435.4|0|2.45|9.82|31.31|0.57
2/13/2015|27310016|369|1|1|Clark|Morgan|15H002|30|0|630|0|3.73|14.94|47.63|1.64
2/13/2015|27310016|369|1|1|Clark|Morgan|15H009|0|0|0|0|0.25|1|3.17|0.11
2/13/2015|27310016|38|1|1|Conrad|Walker|15005|0|0|0|0|0|0.35|1.12|0.04
2/13/2015|27310016|38|1|1|Conrad|Walker|15H002|42|0|1634.54|0|0|38.41|122.44|4.25
2/13/2015|27310016|169|1|1|Cornelius|Gibson|15005|0|0|0|0|0|0.35|1.11|0.24
2/13/2015|27310016|169|1|1|Cornelius|Gibson|15H004|3|0|98.25|0|0|2.28|7.27|1.57
2/13/2015|27310016|169|1|1|Cornelius|Gibson|15H008|1.5|0|49.13|0|0|1.14|3.63|0.79
2/13/2015|27310016|44|4|4|Dale|Hamilton|15001|40|0|3850|0|0|92.4|294.53|5
2/13/2015|27310016|396|5|5|Darryl|Burgess|15005|0|0|0|0|0|0.42|1.15|0.64
2/13/2015|27310016|396|5|5|Darryl|Burgess|15H001R|1|0|32|0|0|0.9|2.44|1.36
2/13/2015|27310016|396|5|5|Darryl|Burgess|15H004R|2|0|64|0|0|1.79|4.9|2.71
2/13/2015|27310016|204|1|1|Deborah|Bennett|15H009|0|0|0|0|0|21.59|68.81|15.48
2/13/2015|27310016|53|1|1|Delia|Lopez|15005|0|0|0|0|0.08|0.33|1.04|0.24
2/13/2015|27310016|53|1|1|Delia|Lopez|15H009|0|0|0|0|1|4.02|12.82|2.94
2/13/2015|27310016|15|1|1|Don|Young|15005|0|0|0|0|0.07|0.32|1.02|0.24
2/13/2015|27310016|15|1|1|Don|Young|15H008|1|0|27.64|0|0.13|0.59|1.89|0.44
2/13/2015|27310016|11|1|1|Earnest|Drake|15005|0|0|0|0|0|0.28|0.89|0.19
2/13/2015|27310016|11|1|1|Earnest|Drake|15H004|6|0|227.89|0|0|5.29|16.84|3.65
2/13/2015|27310016|11|1|1|Earnest|Drake|15H009|0|0|0|0|0|7.04|22.46|4.86
2/13/2015|27310016|20|1|1|Ed|Craig|15S002|40|0|1155.39|0|0|24.48|78.04|3
2/13/2015|27310016|180|1|1|Elisa|Warren|15005|0|0|0|0|0.08|0.3|0.96|0.24
2/13/2015|27310016|180|1|1|Elisa|Warren|15H006|3.5|0|81.38|0|0.41|1.63|5.21|1.3
2/13/2015|27310016|180|1|1|Elisa|Warren|15H008|2|0|46.5|0|0.23|0.94|2.99|0.74
2/13/2015|27310016|45|4|4|Ernesto|Todd|15002|40|0|4225.64|0|0|97.54|310.92|5.49
2/13/2015|27310016|375|1|1|Fannie|Parks|15005|0|0|0|0|0.09|0.36|1.15|0.24
2/13/2015|27310016|375|1|1|Fannie|Parks|15S004|7.5|0|157.5|0|0.95|3.78|12.05|2.52
2/13/2015|27310016|19|1|1|Frank|Diaz|15S006|2|0|54|0|0.21|1.25|3.99|0.86
2/13/2015|27310016|381|1|1|Frankie|Mcdaniel|15005|0|0|0|0|0.03|0.33|1.04|0.04
2/13/2015|27310016|381|1|1|Frankie|Mcdaniel|15S002|40|0|865.39|0|1.59|18.86|60.11|2.25
2/13/2015|27310016|133|1|1|Geneva|Moody|15005|0|0|0|0|0|0.34|1.08|0.24
2/13/2015|27310016|133|1|1|Geneva|Moody|15S004|9|0|267.75|0|0|6.09|19.4|4.28
2/13/2015|27310016|133|1|1|Geneva|Moody|15S009|0|0|0|0|0|5.41|17.24|3.81
2/13/2015|27310016|402|5|5|Gwendolyn|Alvarado|15005|0|0|0|0|0.08|0.42|1.05|0.64
2/13/2015|27310016|402|5|5|Gwendolyn|Alvarado|15H001R|1|0|18|0|0.1|0.5|1.26|0.76
2/13/2015|27310016|402|5|5|Gwendolyn|Alvarado|15H008R|23.5|0|423|0|2.31|11.85|29.44|17.94
2/13/2015|27310016|194|1|1|Hector|Wright|15H008|1|0|22.5|0|0.11|0.44|1.39|0.36
2/13/2015|27310016|203|1|1|Helen|Paul|15005|0|0|0|0|0|0.47|1.49|0.03
2/13/2015|27310016|203|1|1|Helen|Paul|15H001|6|0|388.87|0|0|8.67|27.65|0.51
2/13/2015|27310016|203|1|1|Helen|Paul|15H001B|4|0|259.24|0|0|5.78|18.44|0.34
2/13/2015|27310016|203|1|1|Helen|Paul|15H006|6|0|388.87|0|0|8.67|27.65|0.51
2/13/2015|27310016|203|1|1|Helen|Paul|15H006B|4|0|259.25|0|0|5.78|18.44|0.34
2/13/2015|27310016|203|1|1|Helen|Paul|15S001|6|0|388.87|0|0|8.68|27.64|0.51
2/13/2015|27310016|203|1|1|Helen|Paul|15S001B|4|0|259.24|0|0|5.79|18.42|0.34
2/13/2015|27310016|203|1|1|Helen|Paul|15S006|6|0|388.87|0|0|8.67|27.65|0.51
2/13/2015|27310016|203|1|1|Helen|Paul|15S006B|4|0|259.25|0|0|5.78|18.43|0.34
2/13/2015|27310016|357|1|1|Stanley|Peterson|15005|0|0|0|0|0.08|0.3|0.97|0.24
2/13/2015|27310016|357|1|1|Stanley|Peterson|15S006|4|0|80|0|0.41|1.64|5.21|1.28
2/13/2015|27310016|357|1|1|Stanley|Peterson|15S008|1|0|20|0|0.11|0.41|1.3|0.32
2/13/2015|27310016|269|1|1|Jo|Manning|15005|0|0|0|0|0|0.34|1.07|0.24
2/13/2015|27310016|269|1|1|Jo|Manning|15H004SG|8|0|224|0|0|5.03|16.03|3.58
2/13/2015|27310016|269|1|1|Jo|Manning|15H004SG|0|4|0|168|0|3.77|12.02|1.79
2/13/2015|27310016|248|1|1|Jodi|Powers|15H001|20|0|410|0|2.17|8.66|27.6|0.53
2/13/2015|27310016|248|1|1|Jodi|Powers|15S001|20|0|410|0|2.16|8.66|27.6|0.53
2/13/2015|27310016|30|1|1|Joe|Perry|15H002|3|0|73.1|0|0.36|1.48|4.7|0.1
2/13/2015|27310016|30|1|1|Joe|Perry|15H003|4|0|97.47|0|0.49|1.97|6.28|0.13
2/13/2015|27310016|30|1|1|Joe|Perry|15H008|2|0|48.73|0|0.25|0.98|3.15|0.06
2/13/2015|27310016|30|1|1|Joe|Perry|15H009|0|0|0|0|1.23|4.92|15.69|0.32
2/13/2015|27310016|30|1|1|Joe|Perry|15S002|1|0|24.37|0|0.13|0.49|1.57|0.03
2/13/2015|27310016|403|1|1|Joyce|Ferguson|15S008|2|0|34|0|0.2|0.82|2.61|0.54
2/13/2015|27310016|6|1|1|Kelly|Murray|15005|0|0|0|0|0.09|0.35|1.11|0.24
2/13/2015|27310016|6|1|1|Kelly|Murray|15H008|2|0|44|0|0.26|1.01|3.25|0.7
2/13/2015|27310016|210|2|2|Kenny|Robertson|15005|0|0|0|0|0.09|0.72|1.15|0.3
2/13/2015|27310016|210|2|2|Kenny|Robertson|15H001B|9.5|0|225.91|0|1.36|10.84|17.29|4.52
2/13/2015|27310016|210|2|2|Kenny|Robertson|15H004B|3|0|71.34|0|0.43|3.42|5.45|1.43
2/13/2015|27310016|210|2|2|Kenny|Robertson|15H006B|2|0|47.56|0|0.28|2.29|3.64|0.95
2/13/2015|27310016|37|1|1|Kirk|Byrd|15H005|0.5|0|12.25|0|0.07|0.26|0.84|0.2
2/13/2015|27310016|37|1|1|Kirk|Byrd|15H008|1|0|24.5|0|0.13|0.53|1.68|0.39
2/13/2015|27310016|35|1|1|Leonard|Wong|15H002|41|0|1153.85|0|0|25.58|81.53|3
2/13/2015|27310016|287|2|2|Levi|Christensen|15H001|9|0|128.25|0|0.73|5.84|9.31|0.31
2/13/2015|27310016|287|2|2|Levi|Christensen|15H001B|14.5|0|206.63|0|1.18|9.41|15|0.5
2/13/2015|27310016|287|2|2|Levi|Christensen|15H006B|14.5|0|206.63|0|1.18|9.41|15|0.5
2/13/2015|27310016|287|2|2|Levi|Christensen|15H009B|0|0|0|0|0.16|1.3|2.07|0.07
2/13/2015|27310016|385|1|1|Lillian|Jefferson|15H005|0|0|0|0|0|0|0|0
2/13/2015|27310016|255|1|1|Lois|Moran|15005|0|0|0|0|0.09|0.34|1.1|0.24
2/13/2015|27310016|405|1|1|Lynn|Perkins|15005|0|0|0|0|0.09|0.36|1.15|0.24
2/13/2015|27310016|405|1|1|Lynn|Perkins|15H001|16|0|272|0|1.63|6.53|20.82|4.35
2/13/2015|27310016|405|1|1|Lynn|Perkins|15S001|16|0|272|0|1.63|6.53|20.8|4.35
2/13/2015|27310016|153|1|1|Lynne|Soto|15H008|2|0|29|0|0.17|0.69|2.22|0.46
2/13/2015|27310016|13|1|1|Mamie|Day|15H002|13|0|605|0|0|14.52|46.29|9.68
2/13/2015|27310016|13|1|1|Mamie|Day|15H003|8|0|372.31|0|0|8.94|28.48|5.96
2/13/2015|27310016|358|1|1|Marc|Wallace|15H001|40|0|630|0|2.97|11.88|37.87|0.82
2/13/2015|27310016|281|1|1|Marcia|Neal|15005|0|0|0|0|0.09|0.36|1.15|0.24
2/13/2015|27310016|281|1|1|Marcia|Neal|15S001|2|0|52|0|0.31|1.25|3.97|0.83
2/13/2015|27310016|316|1|1|Marguerite|Thornton|15005|0|0|0|0|0.08|0.35|1.11|0.24
2/13/2015|27310016|314|1|1|Marianne|Baldwin|15005|0|0|0|0|0.09|0.36|1.15|0.24
2/13/2015|27310016|39|1|1|Marie|Hudson|15H005|30|0|217.5|0|0.32|1.26|4.02|3.48
2/13/2015|27310016|18|1|1|Marty|Barnes|15H001|11.5|0|230|0|1.38|5.52|17.6|0.3
2/13/2015|27310016|18|1|1|Marty|Barnes|15S001|11.5|0|230|0|1.38|5.52|17.59|0.3
2/13/2015|27310016|23|1|1|Mary|Waters|15H002|2|0|72.1|0|0|1.61|5.13|1.15
2/13/2015|27310016|23|1|1|Mary|Waters|15H008|8|0|288.46|0|0|6.45|20.55|4.62
2/13/2015|27310016|401|2|2|Maryann|Cohen|15005|0|0|0|0|0.03|0.44|0.7|0.24
2/13/2015|27310016|401|2|2|Maryann|Cohen|15H001B|12|0|312|0|0.81|11.56|18.42|6.24
2/13/2015|27310016|401|2|2|Maryann|Cohen|15H003B|7|0|182|0|0.47|6.74|10.75|3.64
2/13/2015|27310016|401|2|2|Maryann|Cohen|15H012B|0|0|0|0|0.54|7.71|12.29|4.16
2/13/2015|27310016|3|1|1|Melanie|Green|15H001|24|0|1846.2|0|0|43.87|139.85|2.4
2/13/2015|27310016|3|1|1|Melanie|Green|15H009|0|0|0|0|0|29.25|93.23|1.6
2/13/2015|27310016|374|5|5|Melvin|Strickland|15H001|4.5|0|94.5|0|0.48|2.65|6.16|0.38
2/13/2015|27310016|374|5|5|Melvin|Strickland|15H001R|17|0|357|0|1.82|10|23.25|1.43
2/13/2015|27310016|374|5|5|Melvin|Strickland|15H006|16.5|0|346.5|0|1.77|9.7|22.55|1.39
2/13/2015|27310016|374|5|5|Melvin|Strickland|15H006R|2|0|42|0|0.22|1.17|2.74|0.17
2/13/2015|27310016|201|1|1|Michele|Lee|15005|0|0|0|0|0|0.36|1.15|0.24
2/13/2015|27310016|201|1|1|Michele|Lee|15H008|1.5|0|45|0|0|1.08|3.44|0.72
2/13/2015|27310016|192|5|5|Mike|Briggs|15005|0|0|0|0|0|0.42|1.02|0.64
2/13/2015|27310016|192|5|5|Mike|Briggs|15H002R|36|0|865.39|0|0|24.23|59.08|36.69
2/13/2015|27310016|192|5|5|Mike|Briggs|15H009R|0|0|0|0|0|2.69|6.57|4.08
2/13/2015|27310016|398|1|1|Mona|Howard|15S005|0.5|0|6|0|0.03|0.15|0.46|0.1
2/13/2015|27310016|398|1|1|Mona|Howard|15S008|1.5|0|18|0|0.11|0.43|1.38|0.29
2/13/2015|27310016|276|1|1|Morris|Glover|15005|0|0|0|0|0.08|0.34|1.07|0.24
2/13/2015|27310016|276|1|1|Morris|Glover|15H008|2|0|45.5|0|0.26|1.02|3.27|0.73
2/13/2015|27310016|352|1|1|Myra|Vega|15005|0|0|0|0|0.08|0.31|1.01|0.24
2/13/2015|27310016|352|1|1|Myra|Vega|15S008|2|0|38|0|0.2|0.8|2.55|0.61
2/13/2015|27310016|199|1|1|Nettie|Stevens|15005|0|0|0|0|0|0.34|1.07|0.24
2/13/2015|27310016|199|1|1|Nettie|Stevens|15H006|7.5|0|267.75|0|0|6.03|19.21|4.28
2/13/2015|27310016|199|1|1|Nettie|Stevens|15H008|1.5|0|53.55|0|0|1.2|3.84|0.86
2/13/2015|27310016|260|1|1|Nichole|Fox|15005|0|0|0|0|0.08|0.34|1.07|0.24
2/13/2015|27310016|260|1|1|Nichole|Fox|15H008|1.5|0|37.13|0|0.21|0.84|2.65|0.59
2/13/2015|27310016|380|1|1|Preston|Robinson|15005|0|0|0|0|0.07|0.29|0.94|0.24
2/13/2015|27310016|380|1|1|Preston|Robinson|15S001|2.5|0|50|0|0.25|0.98|3.12|0.8
2/13/2015|27310016|386|1|1|Raquel|Singleton|15H001|3.5|0|42|0|0.25|1.01|3.21|0.67
2/13/2015|27310016|117|1|1|Richard|Wood|15H006|7|0|105|0|0|2.52|8.03|1.68
2/13/2015|27310016|117|1|1|Richard|Wood|15H008|1.5|0|37.5|0|0.18|0.81|2.58|0.6
2/13/2015|27310016|117|1|1|Richard|Wood|15H009|0|0|0|0|0.98|4.32|13.76|3.2
2/13/2015|27310016|400|1|1|Roberto|Ortega|15005|0|0|0|0|0.08|0.3|0.96|0.04
2/13/2015|27310016|400|1|1|Roberto|Ortega|15H002|40|0|826.93|0|4.17|16.71|53.27|2.15
2/13/2015|27310016|7|1|1|Shelia|Keller|15H002|42.5|0|961.54|0|0|23.08|73.56|15.38
2/13/2015|27310016|34|1|1|Sheryl|Hill|15H002|4|0|187.87|0|0|4.29|13.66|3.01
2/13/2015|27310016|34|1|1|Sheryl|Hill|15H003|8|0|375.74|0|0|8.57|27.33|6.01
2/13/2015|27310016|34|1|1|Sheryl|Hill|15H004|9|0|422.71|0|0|9.65|30.75|6.76
2/13/2015|27310016|34|1|1|Sheryl|Hill|15S002|3|0|140.9|0|0|3.21|10.25|2.25
2/13/2015|27310016|336|1|1|Shirley|Parker|15005|0|0|0|0|0|0.28|0.91|0.19
2/13/2015|27310016|336|1|1|Shirley|Parker|15H008|1|0|24.5|0|0|0.59|1.88|0.39
2/13/2015|27310016|345|1|1|Sidney|Hansen|15H008|1|0|22|0|0.13|0.53|1.69|0.35
2/13/2015|27310016|99|1|1|Sue|Riley|15H006|19|0|399|0|2.32|9.27|29.56|6.38
2/13/2015|27310016|99|1|1|Sue|Riley|15H009|0|0|0|0|0.12|0.49|1.56|0.34
2/13/2015|27310016|99|1|1|Sue|Riley|15S006|19|0|399|0|2.32|9.27|29.55|6.38
2/13/2015|27310016|99|1|1|Sue|Riley|15S009|0|0|0|0|0.12|0.49|1.55|0.34
2/13/2015|27310016|25|1|1|Tami|Luna|15H001|22.5|0|470.25|0|2.67|10.67|34.02|0.61
2/13/2015|27310016|25|1|1|Tami|Luna|15S001|21.5|0|449.35|0|2.55|10.2|32.5|0.58
2/13/2015|27310016|184|1|1|Tammy|Wilkins|15005|0|0|0|0|0.01|0.33|1.06|0.24
2/13/2015|27310016|320|1|1|Terry|Moreno|15005|0|0|0|0|0|0.36|1.15|0.24
2/13/2015|27310016|320|1|1|Terry|Moreno|15H001|2|0|71.64|0|0|1.72|5.48|1.15
2/13/2015|27310016|320|1|1|Terry|Moreno|15H002|30|0|1074.52|0|0|25.78|82.2|17.19
2/13/2015|27310016|343|1|1|Tommy|Graves|15005|0|0|0|0|0.09|0.37|1.19|0.29
2/13/2015|27310016|343|1|1|Tommy|Graves|15H001|4.5|0|103.5|0|0.54|2.15|6.84|1.66
2/13/2015|27310016|343|1|1|Tommy|Graves|15H006|2.5|0|57.5|0|0.3|1.19|3.8|0.92
2/13/2015|27310016|343|1|1|Tommy|Graves|15H006|0|2|0|69|0.36|1.43|4.57|0.74
2/13/2015|27310016|343|1|1|Tommy|Graves|15S001|1|0|23|0|0.12|0.48|1.52|0.37
2/13/2015|27310016|399|1|1|Yvette|Miller|15005|0|0|0|0|0.09|0.34|1.1|0.04
2/13/2015|27310016|399|1|1|Yvette|Miller|15S002|40|0|865.39|0|4.96|19.86|63.27|2.25
2/20/2015|27310019|195|1|1|Al|Ramos|15005|0|0|0|0|0|0.34|1.07|0.04
2/20/2015|27310019|195|1|1|Al|Ramos|15H002|36|0|1041.43|0|0|23.37|74.48|2.71
2/20/2015|27310019|195|1|1|Al|Ramos|15H009|0|0|0|0|0|2.59|8.28|0.3
2/20/2015|27310019|404|1|1|Alberta|Gill|15H003|20|0|432.7|0|2.6|10.39|33.11|6.92
2/20/2015|27310019|106|1|1|Allan|Wood|15002|2|0|40|0|0.24|0.96|3.06|0.64
2/20/2015|27310019|106|1|1|Allan|Wood|15005|0|0|0|0|0.09|0.36|1.15|0.24
2/20/2015|27310019|106|1|1|Allan|Wood|15H001|19|0|380|0|2.28|9.12|29.07|6.08
2/20/2015|27310019|106|1|1|Allan|Wood|15S001|19|0|380|0|2.28|9.12|29.07|6.08
2/20/2015|27310019|274|1|1|Angel|Watts|15005|0|0|0|0|0|0.21|0.69|0.14
2/20/2015|27310019|274|1|1|Angel|Watts|15H009|0|0|0|0|0|5|15.91|3.33
2/20/2015|27310019|1|1|1|Antonio|Torres|15H001|25|0|494.35|0|0|10.42|33.2|0.64
2/20/2015|27310019|1|1|1|Antonio|Torres|15S001|25|0|494.35|0|0|10.41|33.19|0.64
2/20/2015|27310019|391|2|2|Barry|Mckenzie|15005|0|0|0|0|0|0.65|1.04|0.3
2/20/2015|27310019|391|2|2|Barry|Mckenzie|15H001B|18|0|463.5|0|0|20.09|32.02|9.27
2/20/2015|27310019|259|1|1|Beulah|Gibbs|15005|0|0|0|0|0|0.35|1.11|0.24
2/20/2015|27310019|259|1|1|Beulah|Gibbs|15S004|9.5|0|244.63|0|0|5.68|18.11|3.91
2/20/2015|27310019|259|1|1|Beulah|Gibbs|15S008|0.5|0|12.88|0|0|0.3|0.95|0.21
2/20/2015|27310019|168|1|1|Brittany|Carlson|15005|0|0|0|0|0|0.35|1.11|0.24
2/20/2015|27310019|168|1|1|Brittany|Carlson|15H009|0|0|0|0|0|6.98|22.25|4.8
2/20/2015|27310019|249|1|1|Cary|Foster|15S002|36|0|1471.16|0|0|33.04|105.31|23.54
2/20/2015|27310019|249|1|1|Cary|Foster|15S004|4|0|163.46|0|0|3.67|11.7|2.62
2/20/2015|27310019|179|1|1|Cassandra|Poole|15005|0|0|0|0|0|0.33|1.07|0.24
2/20/2015|27310019|179|1|1|Cassandra|Poole|15H002|5.5|0|237.98|0|0|5.33|17|3.81
2/20/2015|27310019|179|1|1|Cassandra|Poole|15H004|14|0|605.77|0|0|13.58|43.27|9.69
2/20/2015|27310019|179|1|1|Cassandra|Poole|15H009|0|0|0|0|0|1.94|6.18|1.38
2/20/2015|27310019|368|1|1|Cesar|Greene|15005|0|0|0|0|0.03|0.25|0.8|0.19
2/20/2015|27310019|368|1|1|Cesar|Greene|15S009|0|0|0|0|0.41|3.35|10.68|2.55
2/20/2015|27310019|27|1|1|Cindy|Lunt|15005|0|0|0|0|0|0.4|1.27|0.29
2/20/2015|27310019|27|1|1|Cindy|Lunt|15S001|4|0|122|0|0|2.71|8.66|1.95
2/20/2015|27310019|27|1|1|Cindy|Lunt|15S002|3|0|91.5|0|0|2.04|6.5|1.46
2/20/2015|27310019|27|1|1|Cindy|Lunt|15S002|0|2.5|0|114.38|0|2.55|8.12|1.22
2/20/2015|27310019|27|1|1|Cindy|Lunt|15S004|1|0|30.5|0|0|0.68|2.16|0.49
2/20/2015|27310019|27|1|1|Cindy|Lunt|15S006|2|0|61|0|0|1.36|4.33|0.98
2/20/2015|27310019|27|1|1|Cindy|Lunt|15S006|0|2|0|91.5|0|2.03|6.5|0.98
2/20/2015|27310019|27|1|1|Cindy|Lunt|15S008|2|0|61|0|0|1.36|4.34|0.98
2/20/2015|27310019|239|1|1|Clarence|Padilla|15H001|12|0|261.24|0|1.47|5.9|18.79|0.34
2/20/2015|27310019|239|1|1|Clarence|Padilla|15H009|0|0|0|0|0.98|3.93|12.53|0.23
2/20/2015|27310019|239|1|1|Clarence|Padilla|15S001|12|0|261.24|0|1.48|5.89|18.79|0.34
2/20/2015|27310019|239|1|1|Clarence|Padilla|15S009|0|0|0|0|0.98|3.93|12.52|0.23
2/20/2015|27310019|369|1|1|Clark|Morgan|15H002|40|0|840|0|4.99|19.97|63.65|2.18
2/20/2015|27310019|38|1|1|Conrad|Walker|15005|0|0|0|0|0|0.35|1.12|0.04
2/20/2015|27310019|38|1|1|Conrad|Walker|15H002|41|0|1634.54|0|0|38.41|122.44|4.25
2/20/2015|27310019|169|1|1|Cornelius|Gibson|15005|0|0|0|0|0|0.35|1.11|0.24
2/20/2015|27310019|169|1|1|Cornelius|Gibson|15H004|3|0|98.25|0|0|2.29|7.29|1.57
2/20/2015|27310019|44|4|4|Dale|Hamilton|15001|40|0|3850|0|0|92.4|294.53|5
2/20/2015|27310019|396|5|5|Darryl|Burgess|15005|0|0|0|0|0|0.42|1.15|0.64
2/20/2015|27310019|396|5|5|Darryl|Burgess|15H001R|1|0|32|0|0|0.9|2.44|1.36
2/20/2015|27310019|396|5|5|Darryl|Burgess|15H004R|2|0|64|0|0|1.79|4.9|2.71
2/20/2015|27310019|204|1|1|Deborah|Bennett|15005|0|0|0|0|0|0.34|1.09|0.24
2/20/2015|27310019|53|1|1|Delia|Lopez|15005|0|0|0|0|0.07|0.33|1.05|0.24
2/20/2015|27310019|15|1|1|Don|Young|15005|0|0|0|0|0|0.32|1.02|0.24
2/20/2015|27310019|15|1|1|Don|Young|15H003|8|0|221.15|0|0|4.73|15.07|3.54
2/20/2015|27310019|11|1|1|Earnest|Drake|15005|0|0|0|0|0|0.35|1.11|0.24
2/20/2015|27310019|11|1|1|Earnest|Drake|15H004|6|0|227.89|0|0|5.28|16.84|3.65
2/20/2015|27310019|11|1|1|Earnest|Drake|15H009|0|0|0|0|0|7.04|22.46|4.86
2/20/2015|27310019|20|1|1|Ed|Craig|15S002|42.5|0|1155.39|0|0|24.48|78.04|3
2/20/2015|27310019|180|1|1|Elisa|Warren|15005|0|0|0|0|0.03|0.12|0.38|0.1
2/20/2015|27310019|180|1|1|Elisa|Warren|15H009|0|0|0|0|2.45|11.67|37.23|9.3
2/20/2015|27310019|45|4|4|Ernesto|Todd|15002|40|0|4225.64|0|0|64.52|310.92|5.49
2/20/2015|27310019|375|1|1|Fannie|Parks|15005|0|0|0|0|0.09|0.36|1.15|0.24
2/20/2015|27310019|375|1|1|Fannie|Parks|15S004|8|0|168|0|1.01|4.03|12.86|2.69
2/20/2015|27310019|19|1|1|Frank|Diaz|15S006|3|0|81|0|0|1.87|5.97|1.3
2/20/2015|27310019|381|1|1|Frankie|Mcdaniel|15005|0|0|0|0|0|0.33|1.04|0.04
2/20/2015|27310019|381|1|1|Frankie|Mcdaniel|15S002|40|0|865.39|0|0|18.86|60.11|2.25
2/20/2015|27310019|133|1|1|Geneva|Moody|15005|0|0|0|0|0|0.34|1.07|0.24
2/20/2015|27310019|133|1|1|Geneva|Moody|15S004|6|0|178.5|0|0|4.03|12.86|2.86
2/20/2015|27310019|133|1|1|Geneva|Moody|15S009|0|0|0|0|0|5.37|17.15|3.81
2/20/2015|27310019|402|5|5|Gwendolyn|Alvarado|15005|0|0|0|0|0.08|0.42|1.04|0.64
2/20/2015|27310019|402|5|5|Gwendolyn|Alvarado|15H001R|1|0|18|0|0.1|0.5|1.26|0.76
2/20/2015|27310019|402|5|5|Gwendolyn|Alvarado|15H008R|33|0|594|0|3.24|16.64|41.35|25.19
2/20/2015|27310019|203|1|1|Helen|Paul|15005|0|0|0|0|0|0.47|1.49|0.03
2/20/2015|27310019|203|1|1|Helen|Paul|15H001|10|0|648.11|0|0|14.46|46.08|0.84
2/20/2015|27310019|203|1|1|Helen|Paul|15H006|10|0|648.12|0|0|14.46|46.08|0.84
2/20/2015|27310019|203|1|1|Helen|Paul|15S001|10|0|648.11|0|0|14.45|46.08|0.84
2/20/2015|27310019|203|1|1|Helen|Paul|15S006|10|0|648.12|0|0|14.45|46.08|0.84
2/20/2015|27310019|357|1|1|Stanley|Peterson|15005|0|0|0|0|0.08|0.3|0.96|0.24
2/20/2015|27310019|357|1|1|Stanley|Peterson|15S002|0.5|0|10|0|0.05|0.2|0.65|0.16
2/20/2015|27310019|357|1|1|Stanley|Peterson|15S006|3|0|60|0|0.3|1.21|3.85|0.96
2/20/2015|27310019|357|1|1|Stanley|Peterson|15S006|0|1|0|30|0.15|0.6|1.93|0.32
2/20/2015|27310019|357|1|1|Stanley|Peterson|15S008|19|0|380|0|1.92|7.65|24.4|6.08
2/20/2015|27310019|269|1|1|Jo|Manning|15005|0|0|0|0|0|0.34|1.09|0.24
2/20/2015|27310019|269|1|1|Jo|Manning|15H004SG|6|0|168|0|0|3.8|12.12|2.69
2/20/2015|27310019|269|1|1|Jo|Manning|15H004SG|0|3|0|126|0|2.85|9.09|1.34
2/20/2015|27310019|248|1|1|Jodi|Powers|15H001|20|0|410|0|2.17|8.66|27.6|0.53
2/20/2015|27310019|248|1|1|Jodi|Powers|15S001|20|0|410|0|2.16|8.66|27.6|0.53
2/20/2015|27310019|30|1|1|Joe|Perry|15H002|2|0|48.73|0|0.24|0.99|3.13|0.06
2/20/2015|27310019|30|1|1|Joe|Perry|15H003|2|0|48.73|0|0.25|0.98|3.14|0.06
2/20/2015|27310019|30|1|1|Joe|Perry|15H009|0|0|0|0|0.25|0.98|3.13|0.06
2/20/2015|27310019|30|1|1|Joe|Perry|15S003|3|0|73.11|0|0.37|1.48|4.71|0.1
2/20/2015|27310019|6|1|1|Kelly|Murray|15005|0|0|0|0|0.09|0.35|1.11|0.24
2/20/2015|27310019|6|1|1|Kelly|Murray|15H009|0|0|0|0|1.65|6.61|21.09|4.58
2/20/2015|27310019|210|2|2|Kenny|Robertson|15005|0|0|0|0|0.04|0.72|1.15|0.3
2/20/2015|27310019|210|2|2|Kenny|Robertson|15H001B|12|0|285.36|0|0.83|13.7|21.83|5.71
2/20/2015|27310019|210|2|2|Kenny|Robertson|15H006B|1|0|23.78|0|0.07|1.14|1.82|0.48
2/20/2015|27310019|210|2|2|Kenny|Robertson|15H008B|4|0|95.12|0|0.27|4.56|7.27|1.9
2/20/2015|27310019|210|2|2|Kenny|Robertson|15H009B|0|0|0|0|0.35|5.71|9.09|2.38
2/20/2015|27310019|37|1|1|Kirk|Byrd|15H005|2|0|49|0|0.15|1.06|3.36|0.78
2/20/2015|27310019|37|1|1|Kirk|Byrd|15H009|0|0|0|0|0.51|3.42|10.91|2.55
2/20/2015|27310019|35|1|1|Leonard|Wong|15H002|41|0|1153.85|0|0|25.58|81.53|3
2/20/2015|27310020|35|1|1|Leonard|Wong|15H002|0|0|0|0|0|0|0|0
2/20/2015|27310019|287|2|2|Levi|Christensen|15H001|25|0|356.25|0|2.03|16.22|25.86|0.85
2/20/2015|27310019|287|2|2|Levi|Christensen|15H001B|7.5|0|106.88|0|0.61|4.87|7.76|0.26
2/20/2015|27310019|287|2|2|Levi|Christensen|15H006B|7.5|0|106.88|0|0.61|4.87|7.76|0.26
2/20/2015|27310019|255|1|1|Lois|Moran|15005|0|0|0|0|0.09|0.35|1.11|0.24
2/20/2015|27310019|405|1|1|Lynn|Perkins|15005|0|0|0|0|0.09|0.36|1.15|0.24
2/20/2015|27310019|405|1|1|Lynn|Perkins|15H001|20|0|340|0|2.04|8.16|26.01|5.44
2/20/2015|27310019|405|1|1|Lynn|Perkins|15H001|0|1|0|25.5|0.15|0.61|1.95|0.27
2/20/2015|27310019|405|1|1|Lynn|Perkins|15S001|20|0|340|0|2.04|8.16|26.01|5.44
2/20/2015|27310019|13|1|1|Mamie|Day|15H002|7|0|325.77|0|0|7.82|24.92|5.21
2/20/2015|27310019|13|1|1|Mamie|Day|15H003|18|0|837.7|0|0|20.11|64.09|13.4
2/20/2015|27310019|358|1|1|Marc|Wallace|15H001|40|0|630|0|2.98|11.91|37.96|0.82
2/20/2015|27310019|358|1|1|Marc|Wallace|15H001|0|0.25|0|5.91|0.03|0.11|0.36|0.01
2/20/2015|27310019|281|1|1|Marcia|Neal|15005|0|0|0|0|0.09|0.36|1.15|0.24
2/20/2015|27310019|281|1|1|Marcia|Neal|15S001|2|0|52|0|0.31|1.25|3.97|0.83
2/20/2015|27310019|316|1|1|Marguerite|Thornton|15005|0|0|0|0|0|0.28|0.89|0.19
2/20/2015|27310019|316|1|1|Marguerite|Thornton|15H009|0|0|0|0|0|4.86|15.51|3.36
2/20/2015|27310019|314|1|1|Marianne|Baldwin|15005|0|0|0|0|0.07|0.29|0.91|0.19
2/20/2015|27310019|39|1|1|Marie|Hudson|15H005|30|0|217.5|0|0.32|1.26|4.02|3.48
2/20/2015|27310019|22|1|1|Marion|Scott|15H003|8|0|239.29|0|0|5.23|16.67|3.83
2/20/2015|27310019|18|1|1|Marty|Barnes|15H001|11.5|0|230|0|1.38|5.52|17.6|0.3
2/20/2015|27310019|18|1|1|Marty|Barnes|15S001|11.5|0|230|0|1.38|5.52|17.59|0.3
2/20/2015|27310019|23|1|1|Mary|Waters|15H002|2|0|67.08|0|0|1.5|4.77|1.07
2/20/2015|27310019|401|2|2|Maryann|Cohen|15005|0|0|0|0|0|0.32|0.51|0.18
2/20/2015|27310019|401|2|2|Maryann|Cohen|15H001B|2|0|52|0|0|1.84|2.93|1.04
2/20/2015|27310019|3|1|1|Melanie|Green|15H001|24|0|1846.2|0|0|43.87|139.85|2.4
2/20/2015|27310019|3|1|1|Melanie|Green|15H009|0|0|0|0|0|29.25|93.23|1.6
2/20/2015|27310019|374|5|5|Melvin|Strickland|15H001|5|0|105|0|0.53|2.94|6.83|0.42
2/20/2015|27310019|374|5|5|Melvin|Strickland|15H001R|18|0|378|0|1.93|10.58|24.62|1.51
2/20/2015|27310019|374|5|5|Melvin|Strickland|15H006|15|0|315|0|1.61|8.82|20.51|1.26
2/20/2015|27310019|374|5|5|Melvin|Strickland|15H006R|2|0|42|0|0.22|1.18|2.74|0.17
2/20/2015|27310019|201|1|1|Michele|Lee|15005|0|0|0|0|0|0.36|1.15|0.24
2/20/2015|27310019|192|5|5|Mike|Briggs|15005|0|0|0|0|0|0.42|1.02|0.64
2/20/2015|27310019|192|5|5|Mike|Briggs|15H002R|40|0|961.54|0|0|26.92|65.65|40.77
2/20/2015|27310019|398|1|1|Mona|Howard|15S005|3|0|36|0|0.22|0.86|2.75|0.58
2/20/2015|27310019|352|1|1|Myra|Vega|15005|0|0|0|0|0.08|0.31|0.99|0.24
2/20/2015|27310019|352|1|1|Myra|Vega|15S008|0.5|0|9.5|0|0.05|0.2|0.63|0.15
2/20/2015|27310019|352|1|1|Myra|Vega|15S009|0|0|0|0|0.39|1.56|4.98|1.22
2/20/2015|27310019|199|1|1|Nettie|Stevens|15005|0|0|0|0|0|0.34|1.07|0.24
2/20/2015|27310019|199|1|1|Nettie|Stevens|15H001|1|0|35.7|0|0|0.8|2.56|0.57
2/20/2015|27310019|199|1|1|Nettie|Stevens|15H006|7|0|249.9|0|0|5.63|17.95|4
2/20/2015|27310019|199|1|1|Nettie|Stevens|15H006|0|4|0|214.2|0|4.83|15.39|2.28
2/20/2015|27310019|199|1|1|Nettie|Stevens|15H008|0.5|0|17.85|0|0|0.41|1.29|0.29
2/20/2015|27310019|260|1|1|Nichole|Fox|15005|0|0|0|0|0.03|0.34|1.07|0.24
2/20/2015|27310019|380|1|1|Preston|Robinson|15005|0|0|0|0|0.05|0.22|0.7|0.19
2/20/2015|27310019|380|1|1|Preston|Robinson|15S001|1|0|20|0|0.09|0.37|1.18|0.32
2/20/2015|27310019|181|1|1|Ramona|Myers|15H003|8|0|234.2|0|0|5.62|17.92|3.75
2/20/2015|27310019|386|1|1|Raquel|Singleton|15H001|1.5|0|18|0|0.11|0.43|1.38|0.29
2/20/2015|27310019|117|1|1|Richard|Wood|15H006|7|0|105|0|0|2.52|8.03|1.68
2/20/2015|27310019|117|1|1|Richard|Wood|15H008|8|0|200|0|0|4.32|13.76|3.2
2/20/2015|27310019|117|1|1|Richard|Wood|15H009|0|0|0|0|0|4.32|13.76|3.2
2/20/2015|27310019|400|1|1|Roberto|Ortega|15H002|40|0|826.93|0|4.13|16.58|52.81|2.15
2/20/2015|27310019|400|1|1|Roberto|Ortega|15H002|0|0|0|0|-0.08|-0.37|-1.15|-0.05
2/20/2015|27310019|7|1|1|Shelia|Keller|15H002|40|0|961.54|0|0|23.08|73.56|15.38
2/20/2015|27310019|34|1|1|Sheryl|Hill|15H003|12|0|472.71|0|0|10.79|34.39|7.56
2/20/2015|27310019|34|1|1|Sheryl|Hill|15H004|11|0|433.31|0|0|9.89|31.51|6.93
2/20/2015|27310019|34|1|1|Sheryl|Hill|15S002|3|0|118.18|0|0|2.69|8.6|1.89
2/20/2015|27310019|336|1|1|Shirley|Parker|15005|0|0|0|0|0|0.28|0.91|0.19
2/20/2015|27310019|99|1|1|Sue|Riley|15H006|20|0|420|0|2.44|9.76|31.1|6.72
2/20/2015|27310019|99|1|1|Sue|Riley|15S006|20|0|420|0|2.44|9.76|31.12|6.72
2/20/2015|27310019|25|1|1|Tami|Luna|15H001|22.5|0|470.25|0|2.48|10.67|34.02|0.61
2/20/2015|27310019|25|1|1|Tami|Luna|15S001|21.5|0|449.35|0|2.37|10.2|32.5|0.58
2/20/2015|27310019|184|1|1|Tammy|Wilkins|15005|0|0|0|0|0|0.33|1.06|0.24
2/20/2015|27310019|184|1|1|Tammy|Wilkins|15H003|8|0|240.27|0|0|5.34|17.01|3.84
2/20/2015|27310019|320|1|1|Terry|Moreno|15005|0|0|0|0|0|0.36|1.15|0.24
2/20/2015|27310019|320|1|1|Terry|Moreno|15H002|12|0|429.81|0|0|10.31|32.88|6.88
2/20/2015|27310019|320|1|1|Terry|Moreno|15H003|8|0|286.54|0|0|6.88|21.92|4.58
2/20/2015|27310019|343|1|1|Tommy|Graves|15005|0|0|0|0|0.08|0.3|0.96|0.24
2/20/2015|27310019|343|1|1|Tommy|Graves|15H006|4|0|92|0|0.46|1.86|5.92|1.47
2/20/2015|27310019|399|1|1|Yvette|Miller|15005|0|0|0|0|0.08|0.34|1.1|0.04
2/20/2015|27310019|399|1|1|Yvette|Miller|15S002|40|0|865.39|0|4.72|19.86|63.27|2.25
2/27/2015|27310021|195|1|1|Al|Ramos|15005|0|0|0|0|0|0.34|1.07|0.04
2/27/2015|27310021|195|1|1|Al|Ramos|15H002|35|0|1038.47|0|0|23.3|74.27|2.7
2/27/2015|27310021|195|1|1|Al|Ramos|15H009|0|0|0|0|0|2.66|8.49|0.31
2/27/2015|27310021|404|1|1|Alberta|Gill|15H003|18|0|389.43|0|2.34|9.35|29.79|6.23
2/27/2015|27310021|106|1|1|Allan|Wood|15005|0|0|0|0|0.05|0.36|1.15|0.24
2/27/2015|27310021|106|1|1|Allan|Wood|15S001|24|0|480|0|1.7|11.52|36.72|7.68
2/27/2015|27310021|106|1|1|Allan|Wood|15S009|0|0|0|0|1.13|7.68|24.48|5.12
2/27/2015|27310021|304|1|1|Allen|Price|15H009|0|0|0|0|0|1.32|4.19|0.92
2/27/2015|27310021|274|1|1|Angel|Watts|15005|0|0|0|0|0|0.36|1.15|0.24
2/27/2015|27310021|1|1|1|Antonio|Torres|15H001|18|0|501.55|0|0|10.56|33.68|0.65
2/27/2015|27310021|1|1|1|Antonio|Torres|15S001|18|0|501.55|0|0|10.57|33.67|0.65
2/27/2015|27310021|391|2|2|Barry|Mckenzie|15005|0|0|0|0|0|0.65|1.04|0.3
2/27/2015|27310021|391|2|2|Barry|Mckenzie|15H001B|12|0|309|0|0|13.4|21.35|6.18
2/27/2015|27310021|259|1|1|Beulah|Gibbs|15005|0|0|0|0|0|0.35|1.11|0.24
2/27/2015|27310021|259|1|1|Beulah|Gibbs|15S004|9.5|0|244.63|0|0|5.66|18.04|3.91
2/27/2015|27310021|259|1|1|Beulah|Gibbs|15S008|0.5|0|12.88|0|0|0.3|0.95|0.21
2/27/2015|27310021|168|1|1|Brittany|Carlson|15005|0|0|0|0|0|0.35|1.11|0.24
2/27/2015|27310021|168|1|1|Brittany|Carlson|15H001SG|8|0|300|0|0|6.98|22.23|4.8
2/27/2015|27310021|168|1|1|Brittany|Carlson|15H002SG|6|0|225|0|0|5.23|16.69|3.6
2/27/2015|27310021|168|1|1|Brittany|Carlson|15H009|0|0|0|0|0|10.47|33.36|7.2
2/27/2015|27310021|249|1|1|Cary|Foster|15S002|20|0|817.32|0|0|18.36|58.51|13.08
2/27/2015|27310021|249|1|1|Cary|Foster|15S004|4|0|163.46|0|0|3.67|11.7|2.62
2/27/2015|27310021|249|1|1|Cary|Foster|15S009|0|0|0|0|0|7.34|23.4|5.23
2/27/2015|27310021|179|1|1|Cassandra|Poole|15005|0|0|0|0|0|0.33|1.07|0.24
2/27/2015|27310021|179|1|1|Cassandra|Poole|15H004|12|0|519.23|0|0|11.64|37.09|8.31
2/27/2015|27310021|179|1|1|Cassandra|Poole|15H009|0|0|0|0|0|8.73|27.83|6.23
2/27/2015|27310021|368|1|1|Cesar|Greene|15005|0|0|0|0|0|0.32|1.01|0.24
2/27/2015|27310021|368|1|1|Cesar|Greene|15S008|1|0|24.5|0|0|0.53|1.66|0.39
2/27/2015|27310021|27|1|1|Cindy|Lunt|15005|0|0|0|0|0|0.33|1.05|0.24
2/27/2015|27310021|27|1|1|Cindy|Lunt|15S001|4.5|0|137.25|0|0|3.02|9.61|2.2
2/27/2015|27310021|27|1|1|Cindy|Lunt|15S001|0|1|0|45.75|0|1|3.21|0.49
2/27/2015|27310021|27|1|1|Cindy|Lunt|15S002|4|0|122|0|0|2.68|8.55|1.95
2/27/2015|27310021|27|1|1|Cindy|Lunt|15S002|0|1|0|45.75|0|1|3.19|0.49
2/27/2015|27310021|27|1|1|Cindy|Lunt|15S004|1|0|30.5|0|0|0.67|2.15|0.49
2/27/2015|27310021|27|1|1|Cindy|Lunt|15S004|0|1|0|45.75|0|1.01|3.21|0.49
2/27/2015|27310021|27|1|1|Cindy|Lunt|15S006|2|0|61|0|0|1.34|4.27|0.98
2/27/2015|27310021|27|1|1|Cindy|Lunt|15S006|0|1|0|45.75|0|1.01|3.21|0.49
2/27/2015|27310021|27|1|1|Cindy|Lunt|15S008|2.5|0|76.25|0|0|1.68|5.34|1.22
2/27/2015|27310021|239|1|1|Clarence|Padilla|15H001|19.75|0|429.96|0|1.37|9.7|30.91|0.56
2/27/2015|27310021|239|1|1|Clarence|Padilla|15S001|19.75|0|429.96|0|1.36|9.69|30.89|0.56
2/27/2015|27310021|369|1|1|Clark|Morgan|15H002|38.5|0|808.5|0|4.7|19.21|61.24|2.1
2/27/2015|27310021|38|1|1|Conrad|Walker|15005|0|0|0|0|0|0.35|1.12|0.04
2/27/2015|27310021|38|1|1|Conrad|Walker|15H002|16|0|653.82|0|0|15.36|48.97|1.7
2/27/2015|27310021|38|1|1|Conrad|Walker|15H009|0|0|0|0|0|7.68|24.49|0.85
2/27/2015|27310021|38|1|1|Conrad|Walker|15H012|0|0|0|0|0|15.37|48.98|1.7
2/27/2015|27310021|169|1|1|Cornelius|Gibson|15005|0|0|0|0|0|0.35|1.11|0.24
2/27/2015|27310021|169|1|1|Cornelius|Gibson|15H004|3|0|98.25|0|0|2.28|7.27|1.57
2/27/2015|27310021|44|4|4|Dale|Hamilton|15001|40|0|3850|0|0|12|294.53|5
2/27/2015|27310021|396|5|5|Darryl|Burgess|15005|0|0|0|0|0|0.42|1.15|0.64
2/27/2015|27310021|396|5|5|Darryl|Burgess|15H001R|1|0|32|0|0|0.9|2.44|1.36
2/27/2015|27310021|396|5|5|Darryl|Burgess|15H004R|4|0|128|0|0|3.58|9.8|5.43
2/27/2015|27310021|204|1|1|Deborah|Bennett|15H009|0|0|0|0|0|2.74|8.73|1.93
2/27/2015|27310021|53|1|1|Delia|Lopez|15005|0|0|0|0|0|0.26|0.84|0.19
2/27/2015|27310021|53|1|1|Delia|Lopez|15H009|0|0|0|0|0|4.02|12.79|2.94
2/27/2015|27310021|15|1|1|Don|Young|15005|0|0|0|0|0|0.32|1.02|0.24
2/27/2015|27310021|11|1|1|Earnest|Drake|15005|0|0|0|0|0|0.35|1.11|0.24
2/27/2015|27310021|11|1|1|Earnest|Drake|15H004|4|0|86.81|0|0|2.01|6.42|1.39
2/27/2015|27310021|20|1|1|Ed|Craig|15S002|37|0|1155.39|0|0|24.48|78.04|3
2/27/2015|27310021|180|1|1|Elisa|Warren|15005|0|0|0|0|0|0.24|0.78|0.19
2/27/2015|27310021|180|1|1|Elisa|Warren|15H006|1|0|23.25|0|0|0.47|1.5|0.37
2/27/2015|27310021|180|1|1|Elisa|Warren|15H006|0|2|0|69.75|0|1.43|4.53|0.74
2/27/2015|27310021|180|1|1|Elisa|Warren|15H012|0|0|0|0|0|3.79|12.09|2.98
2/27/2015|27310021|45|4|4|Ernesto|Todd|15002|40|0|4225.64|0|0|0|310.92|5.49
2/27/2015|27310021|375|1|1|Fannie|Parks|15005|0|0|0|0|0.02|0.36|1.15|0.24
2/27/2015|27310021|375|1|1|Fannie|Parks|15S004|5.5|0|115.5|0|0.14|2.77|8.84|1.85
2/27/2015|27310021|19|1|1|Frank|Diaz|15S009|0|0|0|0|0|8.75|27.87|6.05
2/27/2015|27310021|381|1|1|Frankie|Mcdaniel|15005|0|0|0|0|0|0.33|1.04|0.04
2/27/2015|27310021|381|1|1|Frankie|Mcdaniel|15S002|35|0|757.22|0|0|16.51|52.6|1.97
2/27/2015|27310021|381|1|1|Frankie|Mcdaniel|15S009|0|0|0|0|0|2.35|7.51|0.28
2/27/2015|27310021|133|1|1|Geneva|Moody|15005|0|0|0|0|0|0.34|1.08|0.24
2/27/2015|27310021|133|1|1|Geneva|Moody|15S005|4|0|119|0|0|2.69|8.57|1.9
2/27/2015|27310021|133|1|1|Geneva|Moody|15S009|0|0|0|0|0|5.38|17.14|3.81
2/27/2015|27310021|402|5|5|Gwendolyn|Alvarado|15005|0|0|0|0|0.04|0.42|1.04|0.64
2/27/2015|27310021|402|5|5|Gwendolyn|Alvarado|15H001R|1|0|18|0|0.05|0.5|1.25|0.76
2/27/2015|27310021|402|5|5|Gwendolyn|Alvarado|15H008R|29|0|522|0|1.45|14.62|36.25|22.13
2/27/2015|27310021|194|1|1|Hector|Wright|15H009|0|0|0|0|1.09|4.37|13.94|3.6
2/27/2015|27310021|203|1|1|Helen|Paul|15005|0|0|0|0|0|0.47|1.49|0.03
2/27/2015|27310021|203|1|1|Helen|Paul|15H001|6|0|388.87|0|0|8.67|27.65|0.51
2/27/2015|27310021|203|1|1|Helen|Paul|15H001B|4|0|259.24|0|0|5.78|18.44|0.34
2/27/2015|27310021|203|1|1|Helen|Paul|15H006|6|0|388.87|0|0|8.67|27.65|0.51
2/27/2015|27310021|203|1|1|Helen|Paul|15H006B|4|0|259.25|0|0|5.78|18.44|0.34
2/27/2015|27310021|203|1|1|Helen|Paul|15S001|6|0|388.87|0|0|8.68|27.64|0.51
2/27/2015|27310021|203|1|1|Helen|Paul|15S001B|4|0|259.24|0|0|5.79|18.42|0.34
2/27/2015|27310021|203|1|1|Helen|Paul|15S006|6|0|388.87|0|0|8.67|27.65|0.51
2/27/2015|27310021|203|1|1|Helen|Paul|15S006B|4|0|259.25|0|0|5.78|18.43|0.34
2/27/2015|27310021|357|1|1|Stanley|Peterson|15005|0|0|0|0|0.01|0.24|0.75|0.19
2/27/2015|27310021|357|1|1|Stanley|Peterson|15S002|14|0|280|0|0.26|5.54|17.68|4.48
2/27/2015|27310021|357|1|1|Stanley|Peterson|15S006|2|0|40|0|0.04|0.79|2.53|0.64
2/27/2015|27310021|269|1|1|Jo|Manning|15005|0|0|0|0|0|0.34|1.07|0.24
2/27/2015|27310021|269|1|1|Jo|Manning|15H004SG|6|0|168|0|0|3.79|12.07|2.69
2/27/2015|27310021|269|1|1|Jo|Manning|15H004SG|0|3|0|126|0|2.84|9.06|1.34
2/27/2015|27310021|248|1|1|Jodi|Powers|15H001|20|0|410|0|2.17|8.66|27.6|0.53
2/27/2015|27310021|248|1|1|Jodi|Powers|15S001|20|0|410|0|2.16|8.66|27.6|0.53
2/27/2015|27310021|30|1|1|Joe|Perry|15H002|3|0|73.1|0|0.13|1.48|4.7|0.1
2/27/2015|27310021|30|1|1|Joe|Perry|15H003|5|0|121.84|0|0.21|2.46|7.85|0.16
2/27/2015|27310021|30|1|1|Joe|Perry|15H009|0|0|0|0|0.08|0.98|3.13|0.06
2/27/2015|27310021|403|1|1|Joyce|Ferguson|15S008|1|0|17|0|0.07|0.29|0.92|0.27
2/27/2015|27310021|6|1|1|Kelly|Murray|15005|0|0|0|0|0.01|0.21|0.67|0.14
2/27/2015|27310021|6|1|1|Kelly|Murray|15H008|2|0|44|0|0.02|1.02|3.24|0.7
2/27/2015|27310021|6|1|1|Kelly|Murray|15H011|0|0|0|0|0.1|4.07|12.98|2.82
2/27/2015|27310021|6|1|1|Kelly|Murray|15H012|0|0|0|0|0.1|4.07|12.97|2.82
2/27/2015|27310021|210|2|2|Kenny|Robertson|15005|0|0|0|0|0|0.72|1.15|0.3
2/27/2015|27310021|210|2|2|Kenny|Robertson|15H001B|14.5|0|344.81|0|0|16.55|26.38|6.9
2/27/2015|27310021|210|2|2|Kenny|Robertson|15H002B|8.5|0|202.13|0|0|9.7|15.46|4.04
2/27/2015|27310021|210|2|2|Kenny|Robertson|15H009B|0|0|0|0|0|9.13|14.55|3.8
2/27/2015|27310021|35|1|1|Leonard|Wong|15H002|44|0|1153.85|0|0|25.58|81.53|3
2/27/2015|27310022|35|1|1|Leonard|Wong|15H002|0|0|0|0|0|0|0|0
2/27/2015|27310021|287|2|2|Levi|Christensen|15H001|10|0|142.5|0|0.81|6.49|10.34|0.34
2/27/2015|27310021|287|2|2|Levi|Christensen|15H001B|11|0|156.75|0|0.89|7.14|11.38|0.38
2/27/2015|27310021|287|2|2|Levi|Christensen|15H006B|11|0|156.75|0|0.9|7.14|11.38|0.38
2/27/2015|27310021|287|2|2|Levi|Christensen|15H009B|0|0|0|0|0.65|5.19|8.28|0.27
2/27/2015|27310021|255|1|1|Lois|Moran|15005|0|0|0|0|0.09|0.35|1.11|0.24
2/27/2015|27310021|405|1|1|Lynn|Perkins|15005|0|0|0|0|0.09|0.36|1.15|0.24
2/27/2015|27310021|405|1|1|Lynn|Perkins|15H001|20|0|340|0|2.04|8.16|26.01|5.44
2/27/2015|27310021|405|1|1|Lynn|Perkins|15H001|0|1|0|25.5|0.15|0.61|1.95|0.27
2/27/2015|27310021|405|1|1|Lynn|Perkins|15S001|20|0|340|0|2.04|8.16|26.01|5.44
2/27/2015|27310021|13|1|1|Mamie|Day|15H002|6|0|279.23|0|0|6.71|21.36|4.47
2/27/2015|27310021|13|1|1|Mamie|Day|15H003|12|0|558.46|0|0|13.4|42.73|8.94
2/27/2015|27310021|358|1|1|Marc|Wallace|15H001|40|0|630|0|2.97|11.88|37.87|0.82
2/27/2015|27310021|281|1|1|Marcia|Neal|15005|0|0|0|0|0.09|0.36|1.15|0.24
2/27/2015|27310021|281|1|1|Marcia|Neal|15S001|3|0|78|0|0.47|1.87|5.97|1.25
2/27/2015|27310021|281|1|1|Marcia|Neal|15S006|0|4|0|156|0.94|3.74|11.93|1.66
2/27/2015|27310021|316|1|1|Marguerite|Thornton|15005|0|0|0|0|0|0.35|1.11|0.24
2/27/2015|27310021|314|1|1|Marianne|Baldwin|15005|0|0|0|0|0.02|0.36|1.15|0.24
2/27/2015|27310021|39|1|1|Marie|Hudson|15H005|30|0|217.5|0|0.32|1.26|4.02|3.48
2/27/2015|27310021|22|1|1|Marion|Scott|15H003|1|0|30.59|0|0|0.67|2.13|0.49
2/27/2015|27310021|18|1|1|Marty|Barnes|15H001|11.5|0|230|0|1.38|5.52|17.6|0.3
2/27/2015|27310021|18|1|1|Marty|Barnes|15S001|11.5|0|230|0|1.38|5.52|17.59|0.3
2/27/2015|27310021|401|2|2|Maryann|Cohen|15005|0|0|0|0|0|0.56|0.89|0.3
2/27/2015|27310021|401|2|2|Maryann|Cohen|15H001B|11|0|286|0|0|10.61|16.9|5.72
2/27/2015|27310021|401|2|2|Maryann|Cohen|15H003B|11|0|286|0|0|10.61|16.91|5.72
2/27/2015|27310021|3|1|1|Melanie|Green|15H001|24|0|1846.2|0|0|43.87|139.85|2.4
2/27/2015|27310021|3|1|1|Melanie|Green|15H009|0|0|0|0|0|29.25|93.23|1.6
2/27/2015|27310021|374|5|5|Melvin|Strickland|15H001|3|0|63|0|0.32|1.77|4.1|0.25
2/27/2015|27310021|374|5|5|Melvin|Strickland|15H001R|12.5|0|262.5|0|1.34|7.35|17.09|1.05
2/27/2015|27310021|374|5|5|Melvin|Strickland|15H006|10|0|210|0|1.08|5.88|13.67|0.84
2/27/2015|27310021|374|5|5|Melvin|Strickland|15H006R|1.5|0|31.5|0|0.16|0.88|2.06|0.13
2/27/2015|27310021|374|5|5|Melvin|Strickland|15H009R|0|0|0|0|1.39|7.64|17.78|1.09
2/27/2015|27310021|201|1|1|Michele|Lee|15005|0|0|0|0|0|0.36|1.15|0.24
2/27/2015|27310021|192|5|5|Mike|Briggs|15005|0|0|0|0|0|0.42|1.02|0.64
2/27/2015|27310021|192|5|5|Mike|Briggs|15H002R|40|0|961.54|0|0|26.92|65.65|40.77
2/27/2015|27310021|398|1|1|Mona|Howard|15005|0|0|0|0|0.09|0.36|1.15|0.24
2/27/2015|27310021|398|1|1|Mona|Howard|15S008|0.5|0|6|0|0.04|0.14|0.46|0.1
2/27/2015|27310021|276|1|1|Morris|Glover|15H009|0|0|0|0|0.48|4.09|13.04|2.91
2/27/2015|27310021|352|1|1|Myra|Vega|15005|0|0|0|0|0.04|0.32|1.02|0.24
2/27/2015|27310021|199|1|1|Nettie|Stevens|15005|0|0|0|0|0|0.33|1.06|0.24
2/27/2015|27310021|199|1|1|Nettie|Stevens|15H006|3|0|107.1|0|0|2.39|7.61|1.71
2/27/2015|27310021|199|1|1|Nettie|Stevens|15H008|0.5|0|17.85|0|0|0.4|1.27|0.29
2/27/2015|27310021|260|1|1|Nichole|Fox|15005|0|0|0|0|0|0.27|0.86|0.19
2/27/2015|27310021|260|1|1|Nichole|Fox|15H009|0|0|0|0|0|4.49|14.32|3.17
2/27/2015|27310021|380|1|1|Preston|Robinson|15005|0|0|0|0|0.06|0.24|0.79|0.19
2/27/2015|27310021|380|1|1|Preston|Robinson|15S001|2|0|40|0|0.21|0.82|2.62|0.64
2/27/2015|27310021|380|1|1|Preston|Robinson|15S012|0|0|0|0|0.82|3.29|10.46|2.56
2/27/2015|27310021|386|1|1|Raquel|Singleton|15H001|1|0|12|0|0.07|0.29|0.91|0.19
2/27/2015|27310021|117|1|1|Richard|Wood|15H006|8|0|120|0|0|2.88|9.18|1.92
2/27/2015|27310021|400|1|1|Roberto|Ortega|15005|0|0|0|0|0.08|0.3|0.96|0.04
2/27/2015|27310021|400|1|1|Roberto|Ortega|15H002|40|0|826.93|0|4.17|16.71|53.27|2.15
2/27/2015|27310021|7|1|1|Shelia|Keller|15H001|3|0|68.68|0|0|1.65|5.25|1.1
2/27/2015|27310021|7|1|1|Shelia|Keller|15H002|35|0|801.28|0|0|19.23|61.3|12.82
2/27/2015|27310021|34|1|1|Sheryl|Hill|15H002|5|0|214.24|0|0|4.89|15.58|3.43
2/27/2015|27310021|34|1|1|Sheryl|Hill|15H003|5|0|214.24|0|0|4.89|15.58|3.43
2/27/2015|27310021|34|1|1|Sheryl|Hill|15H004|3|0|128.53|0|0|2.93|9.36|2.06
2/27/2015|27310021|34|1|1|Sheryl|Hill|15H006|6|0|257.09|0|0|5.86|18.7|4.11
2/27/2015|27310021|336|1|1|Shirley|Parker|15005|0|0|0|0|0|0.28|0.91|0.19
2/27/2015|27310021|345|1|1|Sidney|Hansen|15H012|0|0|0|0|0|4.22|13.46|2.82
2/27/2015|27310021|99|1|1|Sue|Riley|15H006|20|0|420|0|0.89|9.76|31.1|6.72
2/27/2015|27310021|99|1|1|Sue|Riley|15S006|20|0|420|0|0.9|9.76|31.12|6.72
2/27/2015|27310021|25|1|1|Tami|Luna|15H001|20|0|459.8|0|0|10.44|33.27|0.6
2/27/2015|27310021|25|1|1|Tami|Luna|15S001|20|0|459.8|0|0|10.43|33.25|0.6
2/27/2015|27310021|184|1|1|Tammy|Wilkins|15005|0|0|0|0|0|0.33|1.06|0.24
2/27/2015|27310021|320|1|1|Terry|Moreno|15005|0|0|0|0|0|0.36|1.15|0.24
2/27/2015|27310021|320|1|1|Terry|Moreno|15H002|16|0|573.08|0|0|13.75|43.83|9.17
2/27/2015|27310021|343|1|1|Tommy|Graves|15005|0|0|0|0|0.05|0.24|0.78|0.19
2/27/2015|27310021|343|1|1|Tommy|Graves|15H001|1.25|0|28.75|0|0.12|0.58|1.86|0.46
2/27/2015|27310021|343|1|1|Tommy|Graves|15H006|1.5|0|34.5|0|0.14|0.7|2.23|0.55
2/27/2015|27310021|343|1|1|Tommy|Graves|15H009|0|0|0|0|0.88|4.43|14.11|3.5
2/27/2015|27310021|343|1|1|Tommy|Graves|15S001|1.25|0|28.75|0|0.11|0.59|1.86|0.46
2/27/2015|27310021|399|1|1|Yvette|Miller|15005|0|0|0|0|0|0.34|1.1|0.04
2/27/2015|27310021|399|1|1|Yvette|Miller|15S002|40|0|865.39|0|0|19.86|63.27|2.25
3/3/2015|27310023|1|1|1|Antonio|Torres|15H002|0|0|0|0|0|60|191.25|3
3/3/2015|27310023|1|1|1|Antonio|Torres|15S002|0|0|0|0|0|60|191.25|3
3/3/2015|27310023|38|1|1|Conrad|Walker|15H002|0|0|0|0|0|42|133.88|4.55
3/3/2015|27310023|38|1|1|Conrad|Walker|15S002|0|0|0|0|0|42|133.87|4.55
3/3/2015|27310023|7|1|1|Shelia|Keller|15H002|0|0|0|0|0|36|114.75|24.75
3/6/2015|27310024|195|1|1|Al|Ramos|15005|0|0|0|0|0|0.34|1.07|0.04
3/6/2015|27310024|195|1|1|Al|Ramos|15H002|40|0|1157.15|0|0|25.96|82.76|3.01
3/6/2015|27310024|404|1|1|Alberta|Gill|15H003|9|0|194.71|0|1.17|4.67|14.89|3.21
3/6/2015|27310024|106|1|1|Allan|Wood|15005|0|0|0|0|0|0.36|1.15|0.25
3/6/2015|27310024|106|1|1|Allan|Wood|15H009|0|0|0|0|0|19.2|61.2|13.2
3/6/2015|27310024|304|1|1|Allen|Price|15H009|0|0|0|0|0|4.17|13.29|3.04
3/6/2015|27310024|274|1|1|Angel|Watts|15005|0|0|0|0|0|0.36|1.15|0.25
3/6/2015|27310024|1|1|1|Antonio|Torres|15H001|22|0|518.69|0|0|10.93|34.83|0.62
3/6/2015|27310024|1|1|1|Antonio|Torres|15S001|20|0|471.54|0|0|9.93|31.66|0.57
3/6/2015|27310024|391|2|2|Barry|Mckenzie|15005|0|0|0|0|0|0.52|0.83|0.27
3/6/2015|27310024|391|2|2|Barry|Mckenzie|15H001B|21|0|540.75|0|0|23.44|37.35|12
3/6/2015|27310024|259|1|1|Beulah|Gibbs|15005|0|0|0|0|0|0.34|1.11|0.25
3/6/2015|27310024|259|1|1|Beulah|Gibbs|15S004|8.5|0|218.88|0|0|5.07|16.15|3.61
3/6/2015|27310024|259|1|1|Beulah|Gibbs|15S008|0.5|0|12.88|0|0|0.3|0.95|0.21
3/6/2015|27310024|168|1|1|Brittany|Carlson|15005|0|0|0|0|0|0.35|1.11|0.25
3/6/2015|27310024|249|1|1|Cary|Foster|15S002|34|0|1389.43|0|0|31.2|99.46|22.93
3/6/2015|27310024|249|1|1|Cary|Foster|15S004|6|0|245.19|0|0|5.51|17.55|4.05
3/6/2015|27310024|179|1|1|Cassandra|Poole|15005|0|0|0|0|0|0.34|1.07|0.25
3/6/2015|27310024|179|1|1|Cassandra|Poole|15H004|6.5|0|195.65|0|0|4.39|13.98|3.23
3/6/2015|27310024|368|1|1|Cesar|Greene|15005|0|0|0|0|0|0.32|1.01|0.25
3/6/2015|27310024|368|1|1|Cesar|Greene|15S008|2.5|0|61.25|0|0|1.29|4.13|1.01
3/6/2015|27310024|27|1|1|Cindy|Lunt|15S001|0|1.5|0|68.63|0|1.65|5.25|0.76
3/6/2015|27310024|27|1|1|Cindy|Lunt|15S002|1|0|30.5|0|0|0.66|2.11|0.5
3/6/2015|27310024|27|1|1|Cindy|Lunt|15S006|1|0|30.5|0|0|0.66|2.11|0.5
3/6/2015|27310024|27|1|1|Cindy|Lunt|15S008|0|0|0|0|0|-0.09|-0.24|-0.01
3/6/2015|27310024|27|1|1|Cindy|Lunt|15S008|0|1|0|45.75|0|1.1|3.5|0.5
3/6/2015|27310024|27|1|1|Cindy|Lunt|15S009|0|0|0|0|0|26.52|84.52|20.13
3/6/2015|27310024|239|1|1|Clarence|Padilla|15H001|20|0|435.4|0|0|9.83|31.34|0.52
3/6/2015|27310024|239|1|1|Clarence|Padilla|15H001|0|0.25|0|8.16|0|0.18|0.59|0.01
3/6/2015|27310024|239|1|1|Clarence|Padilla|15S001|20|0|435.4|0|0|9.83|31.33|0.52
3/6/2015|27310024|369|1|1|Clark|Morgan|15H002|26|0|546|0|0|12.95|41.3|1.42
3/6/2015|27310024|369|1|1|Clark|Morgan|15H012|0|0|0|0|0|3.99|12.71|0.44
3/6/2015|27310024|38|1|1|Conrad|Walker|15005|0|0|0|0|0|0.35|1.12|0.04
3/6/2015|27310024|38|1|1|Conrad|Walker|15H002|44|0|1634.54|0|0|38.41|122.44|4.25
3/6/2015|27310024|169|1|1|Cornelius|Gibson|15005|0|0|0|0|0|0.35|1.11|0.25
3/6/2015|27310024|169|1|1|Cornelius|Gibson|15H004|10|0|327.5|0|0|7.63|24.32|5.4
3/6/2015|27310024|44|4|4|Dale|Hamilton|15001|40|0|3850|0|0|0|294.53|4.62
3/6/2015|27310024|396|5|5|Darryl|Burgess|15005|0|0|0|0|0|0.42|1.15|0.64
3/6/2015|27310024|396|5|5|Darryl|Burgess|15H001R|1|0|32|0|0|0.9|2.44|1.37
3/6/2015|27310024|396|5|5|Darryl|Burgess|15H004R|2|0|64|0|0|1.79|4.9|2.74
3/6/2015|27310024|204|1|1|Deborah|Bennett|15005|0|0|0|0|0|0.34|1.08|0.25
3/6/2015|27310024|53|1|1|Delia|Lopez|15005|0|0|0|0|0|0.26|0.84|0.2
3/6/2015|27310024|53|1|1|Delia|Lopez|15H009|0|0|0|0|0|4.02|12.79|3.04
3/6/2015|27310024|15|1|1|Don|Young|15005|0|0|0|0|0|0.32|1.02|0.25
3/6/2015|27310024|11|1|1|Earnest|Drake|15005|0|0|0|0|0|0.35|1.11|0.25
3/6/2015|27310024|11|1|1|Earnest|Drake|15H004|6|0|217.04|0|0|5.03|16.04|3.58
3/6/2015|27310024|20|1|1|Ed|Craig|15S002|40|0|1155.39|0|0|24.48|78.04|3
3/6/2015|27310024|180|1|1|Elisa|Warren|15005|0|0|0|0|0|0.06|0.2|0.05
3/6/2015|27310024|180|1|1|Elisa|Warren|15H006|2|0|46.5|0|0|0.95|3.02|0.77
3/6/2015|27310024|180|1|1|Elisa|Warren|15H006|0|2|0|69.75|0|1.42|4.53|0.77
3/6/2015|27310024|180|1|1|Elisa|Warren|15H009|0|0|0|0|0|3.78|12.06|3.07
3/6/2015|27310024|180|1|1|Elisa|Warren|15H011|0|0|0|0|0|11.36|36.19|9.21
3/6/2015|27310024|45|4|4|Ernesto|Todd|15002|40|0|4225.64|0|0|0|310.92|5.07
3/6/2015|27310024|375|1|1|Fannie|Parks|15005|0|0|0|0|0|0.36|1.15|0.25
3/6/2015|27310024|375|1|1|Fannie|Parks|15S004|4|0|84|0|0|2.02|6.43|1.39
3/6/2015|27310024|375|1|1|Fannie|Parks|15S008|20|0|420|0|0|10.08|32.13|6.93
3/6/2015|27310024|19|1|1|Frank|Diaz|15S002|1.5|0|40.5|0|0|0.94|2.99|0.67
3/6/2015|27310024|381|1|1|Frankie|Mcdaniel|15005|0|0|0|0|0|0.33|1.04|0.04
3/6/2015|27310024|381|1|1|Frankie|Mcdaniel|15S002|40|0|865.39|0|0|18.86|60.11|2.25
3/6/2015|27310024|133|1|1|Geneva|Moody|15005|0|0|0|0|0|0.34|1.07|0.25
3/6/2015|27310024|133|1|1|Geneva|Moody|15S004|8|0|238|0|0|5.38|17.15|3.93
3/6/2015|27310024|406|1|1|Grant|Daniel|15H001|15.5|0|766.98|0|4.6|18.41|58.67|0.92
3/6/2015|27310024|406|1|1|Grant|Daniel|15H002|16|0|791.72|0|4.75|19|60.57|0.95
3/6/2015|27310024|406|1|1|Grant|Daniel|15H004|0.5|0|24.74|0|0.15|0.59|1.89|0.03
3/6/2015|27310024|406|1|1|Grant|Daniel|15H006|10.75|0|531.94|0|3.19|12.77|40.69|0.64
3/6/2015|27310024|402|5|5|Gwendolyn|Alvarado|15005|0|0|0|0|0|0.42|1.05|0.64
3/6/2015|27310024|402|5|5|Gwendolyn|Alvarado|15H001R|1|0|18|0|0|0.5|1.26|0.77
3/6/2015|27310024|402|5|5|Gwendolyn|Alvarado|15H008R|32|0|576|0|0|16.13|40.1|24.65
3/6/2015|27310024|203|1|1|Helen|Paul|15005|0|0|0|0|0|0.47|1.49|0.03
3/6/2015|27310024|203|1|1|Helen|Paul|15H001|6|0|388.87|0|0|8.67|27.65|0.47
3/6/2015|27310024|203|1|1|Helen|Paul|15H006|6|0|388.87|0|0|8.67|27.65|0.47
3/6/2015|27310024|203|1|1|Helen|Paul|15H009|0|0|0|0|0|11.57|36.86|0.62
3/6/2015|27310024|203|1|1|Helen|Paul|15S001|6|0|388.87|0|0|8.68|27.64|0.47
3/6/2015|27310024|203|1|1|Helen|Paul|15S006|6|0|388.87|0|0|8.67|27.65|0.47
3/6/2015|27310024|203|1|1|Helen|Paul|15S009|0|0|0|0|0|11.56|36.87|0.62
3/6/2015|27310024|357|1|1|Stanley|Peterson|15005|0|0|0|0|0|0.37|1.19|0.3
3/6/2015|27310024|357|1|1|Stanley|Peterson|15S006|3.5|0|70|0|0|1.45|4.6|1.16
3/6/2015|27310024|357|1|1|Stanley|Peterson|15S006|0|2|0|60|0|1.24|3.95|0.66
3/6/2015|27310024|269|1|1|Jo|Manning|15005|0|0|0|0|0|0.34|1.07|0.25
3/6/2015|27310024|269|1|1|Jo|Manning|15H004SG|3|0|84|0|0|1.9|6.05|1.39
3/6/2015|27310024|269|1|1|Jo|Manning|15H004SG|0|4|0|168|0|3.79|12.09|1.85
3/6/2015|27310024|248|1|1|Jodi|Powers|15H001|20|0|410|0|1.22|8.66|27.6|0.49
3/6/2015|27310024|248|1|1|Jodi|Powers|15S001|20|0|410|0|1.22|8.66|27.6|0.49
3/6/2015|27310024|30|1|1|Joe|Perry|15H002|3|0|73.1|0|0|1.48|4.7|0.09
3/6/2015|27310024|30|1|1|Joe|Perry|15H003|2|0|48.73|0|0|0.98|3.14|0.06
3/6/2015|27310024|30|1|1|Joe|Perry|15H009|0|0|0|0|0|1.97|6.28|0.12
3/6/2015|27310024|30|1|1|Joe|Perry|15S003|3|0|73.1|0|0|1.48|4.71|0.09
3/6/2015|27310024|403|1|1|Joyce|Ferguson|15S008|1|0|17|0|0.07|0.29|0.93|0.28
3/6/2015|27310024|6|1|1|Kelly|Murray|15005|0|0|0|0|0|0.28|0.89|0.2
3/6/2015|27310024|6|1|1|Kelly|Murray|15H009|0|0|0|0|0|4.07|12.98|2.9
3/6/2015|27310024|210|2|2|Kenny|Robertson|15005|0|0|0|0|0|0.72|1.15|0.33
3/6/2015|27310024|210|2|2|Kenny|Robertson|15H001B|7|0|166.46|0|0|7.99|12.73|3.7
3/6/2015|27310024|210|2|2|Kenny|Robertson|15H002B|8|0|190.24|0|0|9.13|14.56|4.22
3/6/2015|27310024|210|2|2|Kenny|Robertson|15H006B|1|0|23.78|0|0|1.14|1.81|0.53
3/6/2015|27310024|210|2|2|Kenny|Robertson|15H009B|0|0|0|0|0|4.57|7.28|2.11
3/6/2015|27310024|35|1|1|Leonard|Wong|15H002|40|0|1153.85|0|0|25.58|81.53|3
3/6/2015|27310024|287|2|2|Levi|Christensen|15H001|11|0|156.75|0|0.89|7.14|11.38|0.39
3/6/2015|27310024|287|2|2|Levi|Christensen|15H001B|14.5|0|206.63|0|1.18|9.41|15|0.52
3/6/2015|27310024|287|2|2|Levi|Christensen|15H006B|14.5|0|206.63|0|1.18|9.41|15|0.52
3/6/2015|27310024|405|1|1|Lynn|Perkins|15005|0|0|0|0|0.09|0.36|1.15|0.25
3/6/2015|27310024|405|1|1|Lynn|Perkins|15H001|19.5|0|331.5|0|1.99|7.96|25.36|5.47
3/6/2015|27310024|405|1|1|Lynn|Perkins|15S001|19|0|323|0|1.94|7.75|24.71|5.33
3/6/2015|27310024|13|1|1|Mamie|Day|15H002|10|0|465.39|0|0|11.17|35.61|7.68
3/6/2015|27310024|13|1|1|Mamie|Day|15H003|13|0|605|0|0|14.52|46.28|9.98
3/6/2015|27310024|13|1|1|Mamie|Day|15H008|2|0|93.08|0|0|2.23|7.12|1.54
3/6/2015|27310024|358|1|1|Marc|Wallace|15H001|40|0|630|0|2.97|11.88|37.87|0.76
3/6/2015|27310024|281|1|1|Marcia|Neal|15005|0|0|0|0|0.09|0.36|1.15|0.25
3/6/2015|27310024|281|1|1|Marcia|Neal|15S001|5|0|130|0|0.78|3.12|9.94|2.15
3/6/2015|27310024|316|1|1|Marguerite|Thornton|15005|0|0|0|0|0|0.35|1.11|0.25
3/6/2015|27310024|314|1|1|Marianne|Baldwin|15005|0|0|0|0|0|0.36|1.15|0.25
3/6/2015|27310024|39|1|1|Marie|Hudson|15H005|30|0|217.5|0|0.32|1.26|4.02|3.59
3/6/2015|27310024|22|1|1|Marion|Scott|15H003|1|0|29.91|0|0|0.65|2.09|0.49
3/6/2015|27310024|18|1|1|Marty|Barnes|15H001|11.5|0|230|0|1.38|5.52|17.6|0.28
3/6/2015|27310024|18|1|1|Marty|Barnes|15S001|11.5|0|230|0|1.38|5.52|17.59|0.28
3/6/2015|27310024|23|1|1|Mary|Waters|15H002|6|0|216.34|0|0|4.84|15.41|3.57
3/6/2015|27310024|23|1|1|Mary|Waters|15H003|16|0|576.93|0|0|12.89|41.09|9.52
3/6/2015|27310024|401|2|2|Maryann|Cohen|15005|0|0|0|0|0|0.56|0.89|0.33
3/6/2015|27310024|401|2|2|Maryann|Cohen|15H001B|9|0|234|0|0|8.68|13.83|5.19
3/6/2015|27310024|401|2|2|Maryann|Cohen|15H002B|2|0|52|0|0|1.92|3.08|1.15
3/6/2015|27310024|401|2|2|Maryann|Cohen|15H003B|7|0|182|0|0|6.75|10.75|4.04
3/6/2015|27310024|3|1|1|Melanie|Green|15H001|28|0|2153.9|0|0|51.18|163.16|2.58
3/6/2015|27310024|3|1|1|Melanie|Green|15H009|0|0|0|0|0|21.94|69.92|1.11
3/6/2015|27310024|374|5|5|Melvin|Strickland|15H001|5.5|0|115.5|0|0.47|3.23|7.51|0.44
3/6/2015|27310024|374|5|5|Melvin|Strickland|15H001R|18.5|0|388.5|0|1.55|10.88|25.3|1.48
3/6/2015|27310024|374|5|5|Melvin|Strickland|15H006|14|0|294|0|1.17|8.23|19.15|1.12
3/6/2015|27310024|374|5|5|Melvin|Strickland|15H006R|1|0|21|0|0.09|0.59|1.37|0.08
3/6/2015|27310024|374|5|5|Melvin|Strickland|15H009R|0|0|0|0|0.08|0.59|1.37|0.08
3/6/2015|27310024|201|1|1|Michele|Lee|15005|0|0|0|0|0|0.36|1.15|0.25
3/6/2015|27310024|192|5|5|Mike|Briggs|15005|0|0|0|0|0|0.42|1.02|0.64
3/6/2015|27310024|192|5|5|Mike|Briggs|15H002R|40|0|961.54|0|0|26.92|65.65|41.15
3/6/2015|27310024|398|1|1|Mona|Howard|15S005|0.5|0|6|0|0.03|0.15|0.45|0.1
3/6/2015|27310024|398|1|1|Mona|Howard|15S008|0.5|0|6|0|0.04|0.14|0.46|0.1
3/6/2015|27310024|276|1|1|Morris|Glover|15005|0|0|0|0|0|0.27|0.85|0.2
3/6/2015|27310024|352|1|1|Myra|Vega|15005|0|0|0|0|0|0.32|1.01|0.25
3/6/2015|27310024|199|1|1|Nettie|Stevens|15005|0|0|0|0|0|0.41|1.3|0.3
3/6/2015|27310024|199|1|1|Nettie|Stevens|15H006|9|0|321.3|0|0|7.24|23.09|5.3
3/6/2015|27310024|199|1|1|Nettie|Stevens|15H008|0.5|0|17.85|0|0|0.41|1.28|0.29
3/6/2015|27310024|260|1|1|Nichole|Fox|15005|0|0|0|0|0|0.34|1.1|0.25
3/6/2015|27310024|380|1|1|Preston|Robinson|15005|0|0|0|0|0.07|0.3|0.94|0.25
3/6/2015|27310024|380|1|1|Preston|Robinson|15S001|1|0|20|0|0.1|0.39|1.26|0.33
3/6/2015|27310024|181|1|1|Ramona|Myers|15H009|0|0|0|0|0|8.43|26.87|5.8
3/6/2015|27310024|386|1|1|Raquel|Singleton|15H001|9|0|108|0|0.65|2.59|8.27|1.78
3/6/2015|27310024|117|1|1|Richard|Wood|15H006|10|0|150|0|0|3.6|11.48|2.48
3/6/2015|27310024|400|1|1|Roberto|Ortega|15005|0|0|0|0|0.04|0.3|0.96|0.04
3/6/2015|27310024|400|1|1|Roberto|Ortega|15H002|40|0|826.93|0|2.41|16.71|53.27|2.15
3/6/2015|27310024|367|1|1|Samuel|Harper|15H009|0|0|0|0|0.51|2.05|6.53|1.45
3/6/2015|27310024|7|1|1|Shelia|Keller|15H002|44|0|961.54|0|0|21.69|69.13|15.87
3/6/2015|27310024|34|1|1|Sheryl|Hill|15H002|5|0|226.14|0|0|5.16|16.45|3.73
3/6/2015|27310024|34|1|1|Sheryl|Hill|15H003|4|0|180.91|0|0|4.13|13.15|2.99
3/6/2015|27310024|34|1|1|Sheryl|Hill|15H004|10|0|452.28|0|0|10.32|32.91|7.46
3/6/2015|27310024|34|1|1|Sheryl|Hill|15S002|11|0|497.5|0|0|11.35|36.18|8.21
3/6/2015|27310024|336|1|1|Shirley|Parker|15005|0|0|0|0|0|0.28|0.91|0.2
3/6/2015|27310024|99|1|1|Sue|Riley|15H006|20|0|420|0|0|9.76|31.1|6.93
3/6/2015|27310024|99|1|1|Sue|Riley|15S006|20|0|420|0|0|9.76|31.12|6.93
3/6/2015|27310024|25|1|1|Tami|Luna|15H001|22|0|459.8|0|0|10.44|33.27|0.55
3/6/2015|27310024|25|1|1|Tami|Luna|15S001|22|0|459.8|0|0|10.43|33.25|0.55
3/6/2015|27310024|184|1|1|Tammy|Wilkins|15005|0|0|0|0|0|0.33|1.06|0.25
3/6/2015|27310024|320|1|1|Terry|Moreno|15005|0|0|0|0|0|0.36|1.15|0.25
3/6/2015|27310024|320|1|1|Terry|Moreno|15H002|24|0|859.62|0|0|20.63|65.76|14.18
3/6/2015|27310024|320|1|1|Terry|Moreno|15H003|4|0|143.27|0|0|3.44|10.95|2.36
3/6/2015|27310024|343|1|1|Tommy|Graves|15005|0|0|0|0|0|0.18|0.58|0.15
3/6/2015|27310024|343|1|1|Tommy|Graves|15H006|2.5|0|57.5|0|0|1.16|3.72|0.95
3/6/2015|27310024|343|1|1|Tommy|Graves|15H009|0|0|0|0|0|6.53|20.8|5.31
3/6/2015|27310024|399|1|1|Yvette|Miller|15005|0|0|0|0|0|0.34|1.1|0.04
3/6/2015|27310024|399|1|1|Yvette|Miller|15S002|40|0|865.39|0|0|19.86|63.27|2.25
3/13/2015|27310026|195|1|1|Al|Ramos|15005|0|0|0|0|0|0.34|1.07|0.04
3/13/2015|27310026|195|1|1|Al|Ramos|15H002|43.5|0|1157.15|0|0|25.96|82.76|3.01
3/13/2015|27310026|404|1|1|Alberta|Gill|15H003|23|0|497.6|0|2.98|11.94|38.07|8.21
3/13/2015|27310026|106|1|1|Allan|Wood|15005|0|0|0|0|0|0.36|1.15|0.25
3/13/2015|27310026|106|1|1|Allan|Wood|15H001|8|0|160|0|0|3.84|12.24|2.64
3/13/2015|27310026|106|1|1|Allan|Wood|15H009|0|0|0|0|0|5.76|18.36|3.96
3/13/2015|27310026|106|1|1|Allan|Wood|15S001|8|0|160|0|0|3.84|12.24|2.64
3/13/2015|27310026|106|1|1|Allan|Wood|15S009|0|0|0|0|0|5.76|18.36|3.96
3/13/2015|27310026|304|1|1|Allen|Price|15H008|1|0|23|0|0|0.53|1.67|0.38
3/13/2015|27310026|274|1|1|Angel|Watts|15005|0|0|0|0|0|0.36|1.15|0.25
3/13/2015|27310026|1|1|1|Antonio|Torres|15H001|16|0|467.05|0|0|9.84|31.36|0.56
3/13/2015|27310026|1|1|1|Antonio|Torres|15S001|16|0|467.05|0|0|9.84|31.36|0.56
3/13/2015|27310026|391|2|2|Barry|Mckenzie|15005|0|0|0|0|0|0.66|1.05|0.33
3/13/2015|27310026|391|2|2|Barry|Mckenzie|15H001B|26|0|669.5|0|0|29.51|47.04|14.86
3/13/2015|27310026|259|1|1|Beulah|Gibbs|15005|0|0|0|0|0|0.35|1.11|0.25
3/13/2015|27310026|259|1|1|Beulah|Gibbs|15S004|9|0|231.75|0|0|5.38|17.17|3.82
3/13/2015|27310026|259|1|1|Beulah|Gibbs|15S008|1|0|25.75|0|0|0.6|1.91|0.42
3/13/2015|27310026|168|1|1|Brittany|Carlson|15005|0|0|0|0|0|0.35|1.11|0.25
3/13/2015|27310026|168|1|1|Brittany|Carlson|15H001SG|8|0|300|0|0|6.98|22.24|4.95
3/13/2015|27310026|168|1|1|Brittany|Carlson|15H002SG|2|0|75|0|0|1.74|5.56|1.24
3/13/2015|27310026|249|1|1|Cary|Foster|15S002|28|0|1144.24|0|0|25.7|81.91|18.88
3/13/2015|27310026|249|1|1|Cary|Foster|15S004|4|0|163.46|0|0|3.67|11.69|2.7
3/13/2015|27310026|179|1|1|Cassandra|Poole|15005|0|0|0|0|0|0.34|1.07|0.25
3/13/2015|27310026|179|1|1|Cassandra|Poole|15H002|4|0|157.35|0|0|3.53|11.24|2.6
3/13/2015|27310026|179|1|1|Cassandra|Poole|15H004|12|0|472.03|0|0|10.58|33.72|7.79
3/13/2015|27310026|368|1|1|Cesar|Greene|15005|0|0|0|0|0|0.33|1.04|0.25
3/13/2015|27310026|368|1|1|Cesar|Greene|15S005|0.5|0|12.25|0|0|0.27|0.85|0.2
3/13/2015|27310026|368|1|1|Cesar|Greene|15S008|2|0|49|0|0|1.06|3.38|0.81
3/13/2015|27310026|27|1|1|Cindy|Lunt|15005|0|0|0|0|0|0.33|1.06|0.25
3/13/2015|27310026|27|1|1|Cindy|Lunt|15S001|5|0|152.5|0|0|3.36|10.71|2.52
3/13/2015|27310026|27|1|1|Cindy|Lunt|15S002|3.5|0|106.75|0|0|2.35|7.49|1.76
3/13/2015|27310026|27|1|1|Cindy|Lunt|15S004|1.5|0|45.75|0|0|1.01|3.22|0.75
3/13/2015|27310026|27|1|1|Cindy|Lunt|15S004|0|1|0|45.75|0|1.01|3.21|0.5
3/13/2015|27310026|27|1|1|Cindy|Lunt|15S006|1.5|0|45.75|0|0|1.01|3.22|0.75
3/13/2015|27310026|27|1|1|Cindy|Lunt|15S006|0|0.5|0|22.88|0|0.5|1.61|0.25
3/13/2015|27310026|239|1|1|Clarence|Padilla|15H001|19|0|413.63|0|0|9.33|29.75|0.5
3/13/2015|27310026|239|1|1|Clarence|Padilla|15H007|1|0|21.77|0|0|0.49|1.56|0.03
3/13/2015|27310026|239|1|1|Clarence|Padilla|15S001|19|0|413.63|0|0|9.34|29.75|0.5
3/13/2015|27310026|239|1|1|Clarence|Padilla|15S007|1|0|21.77|0|0|0.49|1.57|0.03
3/13/2015|27310026|369|1|1|Clark|Morgan|15H002|32|0|672|0|0|15.96|50.87|1.75
3/13/2015|27310026|369|1|1|Clark|Morgan|15H009|0|0|0|0|0|1.99|6.36|0.22
3/13/2015|27310026|38|1|1|Conrad|Walker|15005|0|0|0|0|0|0.35|1.12|0.04
3/13/2015|27310026|38|1|1|Conrad|Walker|15H002|48|0|1634.54|0|0|38.41|122.44|4.25
3/13/2015|27310026|169|1|1|Cornelius|Gibson|15005|0|0|0|0|0|0.28|0.89|0.2
3/13/2015|27310026|169|1|1|Cornelius|Gibson|15H004|3.5|0|114.63|0|0|2.66|8.49|1.89
3/13/2015|27310026|169|1|1|Cornelius|Gibson|15H009|0|0|0|0|0|6.09|19.39|4.32
3/13/2015|27310026|44|4|4|Dale|Hamilton|15001|40|0|3850|0|0|0|294.53|4.62
3/13/2015|27310026|396|5|5|Darryl|Burgess|15005|0|0|0|0|0|0.42|1.15|0.64
3/13/2015|27310026|396|5|5|Darryl|Burgess|15H001R|2|0|64|0|0|1.79|4.9|2.74
3/13/2015|27310026|396|5|5|Darryl|Burgess|15H004R|3|0|96|0|0|2.69|7.34|4.11
3/13/2015|27310026|204|1|1|Deborah|Bennett|15005|0|0|0|0|0|0.27|0.86|0.2
3/13/2015|27310026|204|1|1|Deborah|Bennett|15H009|0|0|0|0|0|4.11|13.11|2.99
3/13/2015|27310026|53|1|1|Delia|Lopez|15005|0|0|0|0|0|0.33|1.05|0.25
3/13/2015|27310026|15|1|1|Don|Young|15005|0|0|0|0|0|0.32|1.02|0.25
3/13/2015|27310026|15|1|1|Don|Young|15H008|1|0|27.64|0|0|0.59|1.89|0.46
3/13/2015|27310026|11|1|1|Earnest|Drake|15005|0|0|0|0|0|0.28|0.89|0.2
3/13/2015|27310026|11|1|1|Earnest|Drake|15H004|4|0|151.92|0|0|3.53|11.23|2.51
3/13/2015|27310026|11|1|1|Earnest|Drake|15H009|0|0|0|0|0|5.28|16.84|3.76
3/13/2015|27310026|20|1|1|Ed|Craig|15S002|34|0|982.08|0|0|20.81|66.33|2.55
3/13/2015|27310026|20|1|1|Ed|Craig|15S009|0|0|0|0|0|3.67|11.71|0.45
3/13/2015|27310026|180|1|1|Elisa|Warren|15005|0|0|0|0|0|0.31|0.97|0.25
3/13/2015|27310026|180|1|1|Elisa|Warren|15H006|3|0|69.75|0|0|1.42|4.54|1.15
3/13/2015|27310026|180|1|1|Elisa|Warren|15H008|2|0|46.5|0|0|0.95|3.02|0.77
3/13/2015|27310026|45|4|4|Ernesto|Todd|15002|40|0|4225.64|0|0|0|310.92|5.07
3/13/2015|27310026|375|1|1|Fannie|Parks|15005|0|0|0|0|0|0.36|1.15|0.25
3/13/2015|27310026|375|1|1|Fannie|Parks|15S004|3.5|0|73.5|0|0|1.76|5.63|1.21
3/13/2015|27310026|19|1|1|Frank|Diaz|15S006|3|0|81|0|0|1.87|5.97|1.34
3/13/2015|27310026|381|1|1|Frankie|Mcdaniel|15005|0|0|0|0|0|0.33|1.04|0.04
3/13/2015|27310026|381|1|1|Frankie|Mcdaniel|15S002|36|0|778.85|0|0|16.98|54.09|2.03
3/13/2015|27310026|381|1|1|Frankie|Mcdaniel|15S009|0|0|0|0|0|1.88|6.02|0.23
3/13/2015|27310026|133|1|1|Geneva|Moody|15005|0|0|0|0|0|0.34|1.1|0.25
3/13/2015|27310026|133|1|1|Geneva|Moody|15S004|8|0|238|0|0|5.46|17.41|3.93
3/13/2015|27310026|406|1|1|Grant|Daniel|15H001|2.5|0|130.58|0|0.78|3.13|9.99|0.16
3/13/2015|27310026|406|1|1|Grant|Daniel|15H002|15.5|0|809.59|0|4.86|19.44|61.93|0.97
3/13/2015|27310026|406|1|1|Grant|Daniel|15H006|22.5|0|1175.21|0|7.05|28.2|89.9|1.41
3/13/2015|27310026|402|5|5|Gwendolyn|Alvarado|15005|0|0|0|0|0|0.42|1.04|0.64
3/13/2015|27310026|402|5|5|Gwendolyn|Alvarado|15H001R|1|0|18|0|0|0.5|1.25|0.77
3/13/2015|27310026|402|5|5|Gwendolyn|Alvarado|15H008R|31|0|558|0|0|15.63|38.75|23.88
3/13/2015|27310026|194|1|1|Hector|Wright|15H008|1.5|0|33.75|0|0|0.66|2.11|0.56
3/13/2015|27310026|203|1|1|Helen|Paul|15005|0|0|0|0|0|0.47|1.49|0.03
3/13/2015|27310026|203|1|1|Helen|Paul|15H001|6|0|388.87|0|0|8.67|27.65|0.47
3/13/2015|27310026|203|1|1|Helen|Paul|15H001B|4|0|259.24|0|0|5.78|18.44|0.31
3/13/2015|27310026|203|1|1|Helen|Paul|15H006|6|0|388.87|0|0|8.67|27.65|0.47
3/13/2015|27310026|203|1|1|Helen|Paul|15H006B|4|0|259.25|0|0|5.78|18.44|0.31
3/13/2015|27310026|203|1|1|Helen|Paul|15S001|6|0|388.87|0|0|8.68|27.64|0.47
3/13/2015|27310026|203|1|1|Helen|Paul|15S001B|4|0|259.24|0|0|5.79|18.42|0.31
3/13/2015|27310026|203|1|1|Helen|Paul|15S006|6|0|388.87|0|0|8.67|27.65|0.47
3/13/2015|27310026|203|1|1|Helen|Paul|15S006B|4|0|259.25|0|0|5.78|18.43|0.31
3/13/2015|27310026|357|1|1|Stanley|Peterson|15005|0|0|0|0|0|0.37|1.18|0.3
3/13/2015|27310026|357|1|1|Stanley|Peterson|15S006|4|0|80|0|0|1.65|5.26|1.32
3/13/2015|27310026|357|1|1|Stanley|Peterson|15S006|0|2|0|60|0|1.24|3.94|0.66
3/13/2015|27310026|357|1|1|Stanley|Peterson|15S008|1|0|20|0|0|0.41|1.31|0.33
3/13/2015|27310026|269|1|1|Jo|Manning|15005|0|0|0|0|0|0.34|1.07|0.25
3/13/2015|27310026|269|1|1|Jo|Manning|15H004SG|8|0|224|0|0|5.03|16.04|3.7
3/13/2015|27310026|269|1|1|Jo|Manning|15H004SG|0|4|0|168|0|3.77|12.03|1.85
3/13/2015|27310026|248|1|1|Jodi|Powers|15H001|20|0|410|0|0|8.66|27.6|0.49
3/13/2015|27310026|248|1|1|Jodi|Powers|15S001|20|0|410|0|0|8.66|27.6|0.49
3/13/2015|27310026|30|1|1|Joe|Perry|15H002|3|0|73.1|0|0|1.48|4.7|0.09
3/13/2015|27310026|30|1|1|Joe|Perry|15H003|5|0|121.85|0|0|2.46|7.85|0.15
3/13/2015|27310026|30|1|1|Joe|Perry|15H009|0|0|0|0|0|0.98|3.13|0.06
3/13/2015|27310026|403|1|1|Joyce|Ferguson|15S005|0.5|0|8.5|0|0.04|0.14|0.46|0.14
3/13/2015|27310026|403|1|1|Joyce|Ferguson|15S008|2|0|34|0|0.14|0.58|1.85|0.56
3/13/2015|27310026|6|1|1|Kelly|Murray|15005|0|0|0|0|0|0.28|0.89|0.2
3/13/2015|27310026|6|1|1|Kelly|Murray|15H005|2|0|44|0|0|1.02|3.24|0.73
3/13/2015|27310026|6|1|1|Kelly|Murray|15H008|2|0|44|0|0|1.02|3.24|0.73
3/13/2015|27310026|6|1|1|Kelly|Murray|15H009|0|0|0|0|0|4.07|12.98|2.9
3/13/2015|27310026|210|2|2|Kenny|Robertson|15005|0|0|0|0|0|0.72|1.15|0.33
3/13/2015|27310026|210|2|2|Kenny|Robertson|15H001B|6.5|0|154.57|0|0|7.42|11.82|3.43
3/13/2015|27310026|210|2|2|Kenny|Robertson|15H002B|6|0|142.68|0|0|6.85|10.91|3.17
3/13/2015|27310026|37|1|1|Kirk|Byrd|15H006|1|0|24.5|0|0|0.53|1.67|0.4
3/13/2015|27310026|37|1|1|Kirk|Byrd|15H008|1|0|24.5|0|0|0.53|1.68|0.4
3/13/2015|27310026|35|1|1|Leonard|Wong|15H002|40|0|1153.85|0|0|25.58|81.53|3
3/13/2015|27310027|35|1|1|Leonard|Wong|15H002|0|0|0|0|0|0|0|0
3/13/2015|27310026|287|2|2|Levi|Christensen|15H001|11|0|156.75|0|0.89|7.14|11.38|0.39
3/13/2015|27310026|287|2|2|Levi|Christensen|15H001B|14.5|0|206.63|0|1.18|9.41|15|0.52
3/13/2015|27310026|287|2|2|Levi|Christensen|15H006B|14.5|0|206.63|0|1.18|9.41|15|0.52
3/13/2015|27310026|255|1|1|Lois|Moran|15005|0|0|0|0|0|0.35|1.1|0.25
3/13/2015|27310026|255|1|1|Lois|Moran|15H009|0|0|0|0|0|2.48|7.92|1.78
3/13/2015|27310026|405|1|1|Lynn|Perkins|15H001|12|0|204|0|1.22|4.89|15.61|3.37
3/13/2015|27310026|405|1|1|Lynn|Perkins|15S001|12|0|204|0|1.23|4.9|15.61|3.37
3/13/2015|27310026|153|1|1|Lynne|Soto|15H005|2|0|29|0|0.17|0.7|2.22|0.48
3/13/2015|27310026|153|1|1|Lynne|Soto|15H008|2|0|29|0|0.18|0.69|2.22|0.48
3/13/2015|27310026|13|1|1|Mamie|Day|15H002|19|0|884.23|0|0|21.22|67.64|14.59
3/13/2015|27310026|13|1|1|Mamie|Day|15H003|11|0|511.92|0|0|12.29|39.16|8.45
3/13/2015|27310026|358|1|1|Marc|Wallace|15H001|40|0|630|0|2.97|11.88|37.87|0.76
3/13/2015|27310026|281|1|1|Marcia|Neal|15005|0|0|0|0|0.03|0.43|1.37|0.3
3/13/2015|27310026|281|1|1|Marcia|Neal|15S001|3|0|78|0|0.12|1.87|5.97|1.29
3/13/2015|27310026|316|1|1|Marguerite|Thornton|15005|0|0|0|0|0|0.35|1.11|0.25
3/13/2015|27310026|314|1|1|Marianne|Baldwin|15005|0|0|0|0|0|0.22|0.69|0.15
3/13/2015|27310026|314|1|1|Marianne|Baldwin|15S009|0|0|0|0|0|6.78|21.63|4.67
3/13/2015|27310026|39|1|1|Marie|Hudson|15H005|30|0|217.5|0|0.32|1.26|4.02|3.59
3/13/2015|27310026|22|1|1|Marion|Scott|15H003|5|0|137.35|0|0|3|9.57|2.27
3/13/2015|27310026|18|1|1|Marty|Barnes|15H001|11.5|0|230|0|1.38|5.52|17.6|0.28
3/13/2015|27310026|18|1|1|Marty|Barnes|15S001|11.5|0|230|0|1.38|5.52|17.59|0.28
3/13/2015|27310026|23|1|1|Mary|Waters|15H003|2|0|72.11|0|0|1.61|5.13|1.19
3/13/2015|27310026|401|2|2|Maryann|Cohen|15005|0|0|0|0|0|0.58|0.92|0.33
3/13/2015|27310026|401|2|2|Maryann|Cohen|15H001B|9|0|234|0|0|9.01|14.35|5.19
3/13/2015|27310026|3|1|1|Melanie|Green|15H001|30|0|2307.75|0|0|14.44|174.82|2.77
3/13/2015|27310026|3|1|1|Melanie|Green|15H009|0|0|0|0|0|4.81|58.26|0.92
3/13/2015|27310026|374|5|5|Melvin|Strickland|15H001|4.5|0|94.5|0|0|2.64|6.14|0.36
3/13/2015|27310026|374|5|5|Melvin|Strickland|15H001R|17.5|0|367.5|0|0|10.29|23.93|1.4
3/13/2015|27310026|374|5|5|Melvin|Strickland|15H006|14|0|294|0|0|8.24|19.15|1.12
3/13/2015|27310026|374|5|5|Melvin|Strickland|15H006R|3|0|63|0|0|1.76|4.11|0.24
3/13/2015|27310026|374|5|5|Melvin|Strickland|15H009R|0|0|0|0|0|0.59|1.37|0.08
3/13/2015|27310026|201|1|1|Michele|Lee|15005|0|0|0|0|0|0.36|1.15|0.25
3/13/2015|27310026|201|1|1|Michele|Lee|15H008|1|0|31.5|0|0|0.76|2.41|0.52
3/13/2015|27310026|192|5|5|Mike|Briggs|15005|0|0|0|0|0|0.42|1.02|0.64
3/13/2015|27310026|192|5|5|Mike|Briggs|15H002B|8|0|192.31|0|0|5.38|13.13|8.23
3/13/2015|27310026|192|5|5|Mike|Briggs|15H002R|32|0|769.23|0|0|21.54|52.52|32.92
3/13/2015|27310026|398|1|1|Mona|Howard|15S008|2|0|24|0|0.14|0.58|1.84|0.4
3/13/2015|27310026|352|1|1|Myra|Vega|15005|0|0|0|0|0|0.32|1.04|0.25
3/13/2015|27310026|352|1|1|Myra|Vega|15S008|2|0|38|0|0|0.82|2.63|0.63
3/13/2015|27310026|199|1|1|Nettie|Stevens|15005|0|0|0|0|0|0.33|1.06|0.25
3/13/2015|27310026|199|1|1|Nettie|Stevens|15H006|4|0|142.8|0|0|3.18|10.14|2.36
3/13/2015|27310026|199|1|1|Nettie|Stevens|15H006|0|2|0|107.1|0|2.39|7.61|1.18
3/13/2015|27310026|199|1|1|Nettie|Stevens|15H008|4.5|0|160.65|0|0|3.58|11.41|2.65
3/13/2015|27310026|260|1|1|Nichole|Fox|15005|0|0|0|0|0|0.34|1.07|0.25
3/13/2015|27310026|260|1|1|Nichole|Fox|15H005|4|0|99|0|0|2.23|7.12|1.63
3/13/2015|27310026|260|1|1|Nichole|Fox|15H008|1.5|0|37.13|0|0|0.84|2.67|0.61
3/13/2015|27310026|380|1|1|Preston|Robinson|15005|0|0|0|0|0|0.29|0.93|0.25
3/13/2015|27310026|380|1|1|Preston|Robinson|15S001|2.5|0|50|0|0|0.97|3.1|0.82
3/13/2015|27310026|181|1|1|Ramona|Myers|15H003|7|0|204.91|0|0|4.92|15.67|3.38
3/13/2015|27310026|386|1|1|Raquel|Singleton|15H002|4|0|48|0|0.29|1.15|3.66|0.79
3/13/2015|27310026|386|1|1|Raquel|Singleton|15S001|2|0|24|0|0.14|0.58|1.84|0.4
3/13/2015|27310026|117|1|1|Richard|Wood|15H003|4|0|100|0|0|2.16|6.88|1.65
3/13/2015|27310026|117|1|1|Richard|Wood|15H006|10|0|150|0|0|3.6|11.48|2.48
3/13/2015|27310026|117|1|1|Richard|Wood|15H008|1|0|25|0|0|0.54|1.72|0.41
3/13/2015|27310026|400|1|1|Roberto|Ortega|15005|0|0|0|0|0|0.3|0.96|0.04
3/13/2015|27310026|400|1|1|Roberto|Ortega|15H002|40|0|826.93|0|0|16.71|53.27|2.15
3/13/2015|27310026|367|1|1|Samuel|Harper|15005|0|0|0|0|0.09|0.34|1.1|0.25
3/13/2015|27310026|367|1|1|Samuel|Harper|15H009|0|0|0|0|0.31|1.27|4.03|0.91
3/13/2015|27310026|7|1|1|Shelia|Keller|15H002|36|0|844.28|0|0|19.05|60.7|13.93
3/13/2015|27310026|7|1|1|Shelia|Keller|15S002|5|0|117.26|0|0|2.64|8.43|1.93
3/13/2015|27310026|34|1|1|Sheryl|Hill|15H002|2|0|80.08|0|0|1.82|5.82|1.32
3/13/2015|27310026|34|1|1|Sheryl|Hill|15H003|15|0|600.57|0|0|13.7|43.68|9.91
3/13/2015|27310026|34|1|1|Sheryl|Hill|15H004|1|0|40.03|0|0|0.92|2.91|0.66
3/13/2015|27310026|34|1|1|Sheryl|Hill|15S002|2|0|80.08|0|0|1.83|5.82|1.32
3/13/2015|27310026|336|1|1|Shirley|Parker|15005|0|0|0|0|0|0.29|0.91|0.2
3/13/2015|27310026|336|1|1|Shirley|Parker|15H008|1|0|24.5|0|0|0.59|1.88|0.4
3/13/2015|27310026|345|1|1|Sidney|Hansen|15H009|0|0|0|0|0|4.23|13.46|2.9
3/13/2015|27310026|345|1|1|Sidney|Hansen|15H011|0|0|0|0|0|4.22|13.46|2.9
3/13/2015|27310026|99|1|1|Sue|Riley|15H006|20|0|420|0|0|9.76|31.1|6.93
3/13/2015|27310026|99|1|1|Sue|Riley|15S006|20|0|420|0|0|9.76|31.12|6.93
3/13/2015|27310026|25|1|1|Tami|Luna|15H001|21|0|459.8|0|0|10.44|33.27|0.55
3/13/2015|27310026|25|1|1|Tami|Luna|15S001|21|0|459.8|0|0|10.43|33.25|0.55
3/13/2015|27310026|184|1|1|Tammy|Wilkins|15005|0|0|0|0|0|0.33|1.06|0.25
3/13/2015|27310026|184|1|1|Tammy|Wilkins|15H003|4|0|120.13|0|0|2.67|8.5|1.98
3/13/2015|27310026|320|1|1|Terry|Moreno|15005|0|0|0|0|0|0.36|1.15|0.25
3/13/2015|27310026|320|1|1|Terry|Moreno|15H001|1|0|35.82|0|0|0.86|2.74|0.59
3/13/2015|27310026|320|1|1|Terry|Moreno|15H002|24|0|859.62|0|0|20.63|65.76|14.18
3/13/2015|27310026|320|1|1|Terry|Moreno|15H003|7|0|250.72|0|0|6.02|19.18|4.14
3/13/2015|27310026|343|1|1|Tommy|Graves|15005|0|0|0|0|0|0.3|0.97|0.25
3/13/2015|27310026|343|1|1|Tommy|Graves|15H001|2|0|46|0|0|0.94|2.99|0.76
3/13/2015|27310026|343|1|1|Tommy|Graves|15H006|2.5|0|57.5|0|0|1.17|3.74|0.95
3/13/2015|27310026|343|1|1|Tommy|Graves|15H008|1|0|23|0|0|0.47|1.49|0.38
3/13/2015|27310026|399|1|1|Yvette|Miller|15005|0|0|0|0|0|0.34|1.1|0.04
3/13/2015|27310026|399|1|1|Yvette|Miller|15S002|40|0|865.39|0|0|19.86|63.27|2.25
3/18/2015|27310030|38|1|1|Conrad|Walker|15H002|0|0|0|0|0|36|114.75|3.9
3/18/2015|27310030|38|1|1|Conrad|Walker|15S002|0|0|0|0|0|36|114.75|3.9
3/18/2015|27310030|13|1|1|Mamie|Day|15H007|0|0|0|0|0|60|191.25|41.25
3/18/2015|27310030|7|1|1|Shelia|Keller|15H002|0|0|0|0|0|36|114.75|24.75
3/20/2015|27310031|195|1|1|Al|Ramos|15005|0|0|0|0|0|0.34|1.07|0.04
3/20/2015|27310031|195|1|1|Al|Ramos|15H002|38|0|1099.29|0|0|24.67|78.62|2.86
3/20/2015|27310031|195|1|1|Al|Ramos|15H009|0|0|0|0|0|1.29|4.14|0.15
3/20/2015|27310031|404|1|1|Alberta|Gill|15H003|17|0|367.79|0|1.9|8.24|26.26|6.07
3/20/2015|27310031|106|1|1|Allan|Wood|15005|0|0|0|0|0|0.36|1.15|0.25
3/20/2015|27310031|106|1|1|Allan|Wood|15H001|20|0|400|0|0|9.6|30.6|6.6
3/20/2015|27310031|106|1|1|Allan|Wood|15S001|20|0|400|0|0|9.6|30.6|6.6
3/20/2015|27310031|304|1|1|Allen|Price|15H009|0|0|0|0|0|4.17|13.29|3.04
3/20/2015|27310031|274|1|1|Angel|Watts|15005|0|0|0|0|0|0.36|1.15|0.25
3/20/2015|27310031|1|1|1|Antonio|Torres|15H001|18|0|479.74|0|0|10.1|32.22|0.58
3/20/2015|27310031|1|1|1|Antonio|Torres|15S001|18|0|479.74|0|0|10.11|32.21|0.58
3/20/2015|27310031|391|2|2|Barry|Mckenzie|15005|0|0|0|0|0|0.66|1.05|0.33
3/20/2015|27310031|391|2|2|Barry|Mckenzie|15H001B|19|0|489.25|0|0|21.5|34.27|10.86
3/20/2015|27310031|259|1|1|Beulah|Gibbs|15005|0|0|0|0|0|0.14|0.44|0.1
3/20/2015|27310031|259|1|1|Beulah|Gibbs|15S004|6.5|0|167.38|0|0|3.86|12.29|2.76
3/20/2015|27310031|259|1|1|Beulah|Gibbs|15S008|0.5|0|12.88|0|0|0.3|0.95|0.21
3/20/2015|27310031|259|1|1|Beulah|Gibbs|15S009|0|0|0|0|0|11.57|36.87|8.29
3/20/2015|27310031|168|1|1|Brittany|Carlson|15005|0|0|0|0|0|0.35|1.11|0.25
3/20/2015|27310031|168|1|1|Brittany|Carlson|15H009|0|0|0|0|0|6.98|22.25|4.95
3/20/2015|27310031|249|1|1|Cary|Foster|15S002|30|0|1225.96|0|0|27.53|87.76|20.23
3/20/2015|27310031|249|1|1|Cary|Foster|15S004|3|0|122.6|0|0|2.76|8.77|2.02
3/20/2015|27310031|179|1|1|Cassandra|Poole|15005|0|0|0|0|0|0.33|1.07|0.25
3/20/2015|27310031|179|1|1|Cassandra|Poole|15H002|5|0|216.35|0|0|4.85|15.46|3.57
3/20/2015|27310031|179|1|1|Cassandra|Poole|15H004|14|0|605.76|0|0|13.58|43.27|10
3/20/2015|27310031|368|1|1|Cesar|Greene|15005|0|0|0|0|0|0.33|1.04|0.25
3/20/2015|27310031|368|1|1|Cesar|Greene|15S008|1|0|24.5|0|0|0.53|1.7|0.4
3/20/2015|27310031|27|1|1|Cindy|Lunt|15005|0|0|0|0|0|0.33|1.05|0.25
3/20/2015|27310031|27|1|1|Cindy|Lunt|15S001|3|0|91.5|0|0|2.01|6.44|1.51
3/20/2015|27310031|27|1|1|Cindy|Lunt|15S002|2.5|0|76.25|0|0|1.68|5.37|1.26
3/20/2015|27310031|27|1|1|Cindy|Lunt|15S002|0|2.5|0|114.38|0|2.52|8.04|1.26
3/20/2015|27310031|27|1|1|Cindy|Lunt|15S004|4|0|122|0|0|2.69|8.56|2.01
3/20/2015|27310031|27|1|1|Cindy|Lunt|15S006|2|0|61|0|0|1.35|4.28|1.01
3/20/2015|27310031|239|1|1|Clarence|Padilla|15H001|19.75|0|429.96|0|0|9.71|30.95|0.52
3/20/2015|27310031|239|1|1|Clarence|Padilla|15H001|0|0.25|0|8.16|0|0.18|0.58|0.01
3/20/2015|27310031|239|1|1|Clarence|Padilla|15S001|19.75|0|429.96|0|0|9.7|30.94|0.52
3/20/2015|27310031|239|1|1|Clarence|Padilla|15S002|0.5|0|10.88|0|0|0.25|0.79|0.01
3/20/2015|27310031|369|1|1|Clark|Morgan|15H002|40|0|840|0|0|19.97|63.65|2.18
3/20/2015|27310031|38|1|1|Conrad|Walker|15005|0|0|0|0|0|0.35|1.12|0.04
3/20/2015|27310031|38|1|1|Conrad|Walker|15H002|47|0|1634.54|0|0|38.41|122.44|4.25
3/20/2015|27310031|169|1|1|Cornelius|Gibson|15005|0|0|0|0|0|0.35|1.11|0.25
3/20/2015|27310031|169|1|1|Cornelius|Gibson|15H004|6|0|196.5|0|0|4.56|14.54|3.24
3/20/2015|27310031|44|4|4|Dale|Hamilton|15001|40|0|3850|0|0|0|294.53|4.62
3/20/2015|27310031|396|5|5|Darryl|Burgess|15005|0|0|0|0|0|0.42|1.15|0.64
3/20/2015|27310031|396|5|5|Darryl|Burgess|15H001R|1|0|32|0|0|0.9|2.44|1.37
3/20/2015|27310031|396|5|5|Darryl|Burgess|15H004R|2|0|64|0|0|1.79|4.9|2.74
3/20/2015|27310031|204|1|1|Deborah|Bennett|15005|0|0|0|0|0|0.34|1.08|0.25
3/20/2015|27310031|53|1|1|Delia|Lopez|15005|0|0|0|0|0|0.26|0.84|0.2
3/20/2015|27310031|53|1|1|Delia|Lopez|15H009|0|0|0|0|0|4.02|12.79|3.04
3/20/2015|27310031|15|1|1|Don|Young|15005|0|0|0|0|0|0.32|1.02|0.25
3/20/2015|27310031|11|1|1|Earnest|Drake|15005|0|0|0|0|0|0.35|1.11|0.25
3/20/2015|27310031|11|1|1|Earnest|Drake|15H004|6|0|227.89|0|0|5.29|16.84|3.76
3/20/2015|27310031|11|1|1|Earnest|Drake|15H008|8|0|303.85|0|0|7.04|22.46|5.01
3/20/2015|27310031|20|1|1|Ed|Craig|15S002|38.75|0|1155.39|0|0|24.48|78.04|3
3/20/2015|27310031|180|1|1|Elisa|Warren|15005|0|0|0|0|0|0.31|0.99|0.25
3/20/2015|27310031|180|1|1|Elisa|Warren|15H006|2.5|0|58.13|0|0|1.2|3.81|0.96
3/20/2015|27310031|180|1|1|Elisa|Warren|15H008|0.5|0|11.63|0|0|0.24|0.77|0.19
3/20/2015|27310031|45|4|4|Ernesto|Todd|15002|40|0|4225.64|0|0|0|310.92|5.07
3/20/2015|27310031|375|1|1|Fannie|Parks|15005|0|0|0|0|0|0.36|1.15|0.25
3/20/2015|27310031|375|1|1|Fannie|Parks|15S004|8|0|168|0|0|4.02|12.83|2.77
3/20/2015|27310031|19|1|1|Frank|Diaz|15S006|2|0|54|0|0|1.25|3.99|0.89
3/20/2015|27310031|381|1|1|Frankie|Mcdaniel|15005|0|0|0|0|0|0.33|1.04|0.04
3/20/2015|27310031|381|1|1|Frankie|Mcdaniel|15S002|32|0|692.31|0|0|15.09|48.08|1.8
3/20/2015|27310031|381|1|1|Frankie|Mcdaniel|15S009|0|0|0|0|0|3.77|12.03|0.45
3/20/2015|27310031|133|1|1|Geneva|Moody|15005|0|0|0|0|0|0.35|1.11|0.25
3/20/2015|27310031|133|1|1|Geneva|Moody|15S004|4|0|119|0|0|2.75|8.76|1.96
3/20/2015|27310031|406|1|1|Grant|Daniel|15H001|15.5|0|771.49|0|4.63|18.52|59.02|0.93
3/20/2015|27310031|406|1|1|Grant|Daniel|15H002|9|0|447.96|0|2.69|10.75|34.26|0.54
3/20/2015|27310031|406|1|1|Grant|Daniel|15H003|13|0|647.06|0|3.88|15.53|49.5|0.78
3/20/2015|27310031|406|1|1|Grant|Daniel|15H006|5|0|248.87|0|1.49|5.97|19.04|0.3
3/20/2015|27310031|402|5|5|Gwendolyn|Alvarado|15005|0|0|0|0|0|0.42|1.06|0.64
3/20/2015|27310031|402|5|5|Gwendolyn|Alvarado|15H001R|1|0|18|0|0|0.5|1.27|0.77
3/20/2015|27310031|402|5|5|Gwendolyn|Alvarado|15H008R|28|0|504|0|0|14.12|35.58|21.57
3/20/2015|27310031|203|1|1|Helen|Paul|15005|0|0|0|0|0|0.47|1.49|0.03
3/20/2015|27310031|203|1|1|Helen|Paul|15H001|10|0|648.11|0|0|14.46|46.08|0.78
3/20/2015|27310031|203|1|1|Helen|Paul|15H006|10|0|648.12|0|0|14.46|46.08|0.78
3/20/2015|27310031|203|1|1|Helen|Paul|15S001|10|0|648.11|0|0|14.45|46.08|0.78
3/20/2015|27310031|203|1|1|Helen|Paul|15S006|10|0|648.12|0|0|14.45|46.08|0.78
3/20/2015|27310031|357|1|1|Stanley|Peterson|15005|0|0|0|0|0|0.38|1.21|0.3
3/20/2015|27310031|357|1|1|Stanley|Peterson|15S006|5|0|100|0|0|2.12|6.75|1.65
3/20/2015|27310031|269|1|1|Jo|Manning|15005|0|0|0|0|0|0.34|1.08|0.25
3/20/2015|27310031|269|1|1|Jo|Manning|15H004SG|4|0|112|0|0|2.53|8.07|1.85
3/20/2015|27310031|269|1|1|Jo|Manning|15H004SG|0|3|0|126|0|2.85|9.06|1.39
3/20/2015|27310031|248|1|1|Jodi|Powers|15H001|20|0|410|0|0|8.66|27.6|0.49
3/20/2015|27310031|248|1|1|Jodi|Powers|15S001|20|0|410|0|0|8.66|27.6|0.49
3/20/2015|27310031|30|1|1|Joe|Perry|15H002|3|0|73.1|0|0|1.48|4.7|0.09
3/20/2015|27310031|30|1|1|Joe|Perry|15H003|5|0|121.84|0|0|2.46|7.85|0.15
3/20/2015|27310031|30|1|1|Joe|Perry|15H009|0|0|0|0|0|0.99|3.13|0.06
3/20/2015|27310031|403|1|1|Joyce|Ferguson|15S008|1|0|17|0|0.01|0.34|1.07|0.28
3/20/2015|27310031|6|1|1|Kelly|Murray|15005|0|0|0|0|0|0.28|0.89|0.2
3/20/2015|27310031|6|1|1|Kelly|Murray|15H005|2|0|44|0|0|1.02|3.25|0.73
3/20/2015|27310031|6|1|1|Kelly|Murray|15H009|0|0|0|0|0|6.62|21.09|4.72
3/20/2015|27310031|210|2|2|Kenny|Robertson|15005|0|0|0|0|0|0.72|1.15|0.33
3/20/2015|27310031|210|2|2|Kenny|Robertson|15H001B|9|0|214.02|0|0|10.27|16.37|4.75
3/20/2015|27310031|210|2|2|Kenny|Robertson|15H002B|3|0|71.34|0|0|3.43|5.45|1.58
3/20/2015|27310031|210|2|2|Kenny|Robertson|15S002B|8.5|0|202.13|0|0|9.71|15.46|4.49
3/20/2015|27310031|37|1|1|Kirk|Byrd|15H005|0|0|0|0|0|0|0|0
3/20/2015|27310031|35|1|1|Leonard|Wong|15H002|24|0|692.31|0|0|0|48.92|1.8
3/20/2015|27310031|35|1|1|Leonard|Wong|15H009|0|0|0|0|0|0|32.61|1.2
3/20/2015|27310031|287|2|2|Levi|Christensen|15H001|8|0|114|0|0.65|5.19|8.28|0.28
3/20/2015|27310031|287|2|2|Levi|Christensen|15H001B|16|0|228|0|1.3|10.38|16.56|0.57
3/20/2015|27310031|287|2|2|Levi|Christensen|15H006B|16|0|228|0|1.3|10.39|16.54|0.57
3/20/2015|27310031|255|1|1|Lois|Moran|15005|0|0|0|0|0|0.34|1.1|0.25
3/20/2015|27310031|405|1|1|Lynn|Perkins|15H001|20|0|340|0|2.04|8.16|26.01|5.61
3/20/2015|27310031|405|1|1|Lynn|Perkins|15S001|20|0|340|0|2.04|8.16|26.01|5.61
3/20/2015|27310031|13|1|1|Mamie|Day|15H002|5|0|232.69|0|0|5.58|17.79|3.84
3/20/2015|27310031|13|1|1|Mamie|Day|15H007|34|0|1582.31|0|0|37.98|121.05|26.11
3/20/2015|27310031|358|1|1|Marc|Wallace|15H001|40|0|630|0|2.97|11.88|37.87|0.76
3/20/2015|27310031|281|1|1|Marcia|Neal|15005|0|0|0|0|0|0.43|1.37|0.3
3/20/2015|27310031|281|1|1|Marcia|Neal|15S001|2|0|52|0|0|1.25|3.97|0.86
3/20/2015|27310031|316|1|1|Marguerite|Thornton|15005|0|0|0|0|0|0.35|1.11|0.25
3/20/2015|27310031|314|1|1|Marianne|Baldwin|15H009SG|0|0|0|0|0|20.88|66.56|14.36
3/20/2015|27310031|39|1|1|Marie|Hudson|15H005|30|0|217.5|0|0.32|1.26|4.02|3.59
3/20/2015|27310031|22|1|1|Marion|Scott|15H009|0|0|0|0|0|1.47|4.69|1.11
3/20/2015|27310031|18|1|1|Marty|Barnes|15H001|11.5|0|230|0|1.38|5.52|17.6|0.28
3/20/2015|27310031|18|1|1|Marty|Barnes|15S001|11.5|0|230|0|1.38|5.52|17.59|0.28
3/20/2015|27310031|401|2|2|Maryann|Cohen|15005|0|0|0|0|0|0.6|0.95|0.33
3/20/2015|27310031|401|2|2|Maryann|Cohen|15H001B|5|0|130|0|0|5.18|8.24|2.89
3/20/2015|27310031|401|2|2|Maryann|Cohen|15H002B|2|0|52|0|0|2.07|3.29|1.15
3/20/2015|27310031|401|2|2|Maryann|Cohen|15H008B|9|0|234|0|0|9.31|14.84|5.19
3/20/2015|27310031|3|1|1|Melanie|Green|15H001|32|0|2461.6|0|0|0|186.46|2.95
3/20/2015|27310031|3|1|1|Melanie|Green|15H009|0|0|0|0|0|0|46.62|0.74
3/20/2015|27310031|374|5|5|Melvin|Strickland|15H001|5|0|105|0|0|2.94|6.84|0.4
3/20/2015|27310031|374|5|5|Melvin|Strickland|15H001R|19|0|399|0|0|11.17|25.99|1.52
3/20/2015|27310031|374|5|5|Melvin|Strickland|15H006|15|0|315|0|0|8.82|20.5|1.2
3/20/2015|27310031|374|5|5|Melvin|Strickland|15H006R|1|0|21|0|0|0.59|1.37|0.08
3/20/2015|27310031|201|1|1|Michele|Lee|15005|0|0|0|0|0|0.36|1.15|0.25
3/20/2015|27310031|192|5|5|Mike|Briggs|15005|0|0|0|0|0|0.34|0.81|0.51
3/20/2015|27310031|192|5|5|Mike|Briggs|15H002B|22|0|528.85|0|0|14.8|36.1|22.63
3/20/2015|27310031|192|5|5|Mike|Briggs|15H002R|18|0|432.69|0|0|12.12|29.53|18.52
3/20/2015|27310031|398|1|1|Mona|Howard|15S008|1.5|0|18|0|0.11|0.43|1.38|0.3
3/20/2015|27310031|398|1|1|Mona|Howard|15S012|0|0|0|0|0.47|1.87|5.97|1.29
3/20/2015|27310031|352|1|1|Myra|Vega|15005|0|0|0|0|0|0.33|1.05|0.25
3/20/2015|27310031|352|1|1|Myra|Vega|15S008|1|0|19|0|0|0.42|1.32|0.31
3/20/2015|27310031|199|1|1|Nettie|Stevens|15005|0|0|0|0|0|0.33|1.06|0.25
3/20/2015|27310031|199|1|1|Nettie|Stevens|15H006|5|0|178.5|0|0|3.96|12.64|2.95
3/20/2015|27310031|199|1|1|Nettie|Stevens|15H006|0|2|0|107.1|0|2.38|7.59|1.18
3/20/2015|27310031|199|1|1|Nettie|Stevens|15H008|0.5|0|17.85|0|0|0.4|1.27|0.29
3/20/2015|27310031|260|1|1|Nichole|Fox|15005|0|0|0|0|0|0.34|1.07|0.25
3/20/2015|27310031|380|1|1|Preston|Robinson|15005|0|0|0|0|0|0.29|0.94|0.25
3/20/2015|27310031|380|1|1|Preston|Robinson|15S001|2.5|0|50|0|0|0.99|3.15|0.82
3/20/2015|27310031|380|1|1|Preston|Robinson|15S006|1.5|0|30|0|0|0.59|1.88|0.49
3/20/2015|27310031|181|1|1|Ramona|Myers|15H003|8|0|234.19|0|0|5.62|17.91|3.86
3/20/2015|27310031|386|1|1|Raquel|Singleton|15H001|2.5|0|30|0|0.18|0.72|2.3|0.49
3/20/2015|27310031|386|1|1|Raquel|Singleton|15S002|3.75|0|45|0|0.27|1.08|3.44|0.74
3/20/2015|27310031|117|1|1|Richard|Wood|15H006|10|0|150|0|0|3.6|11.48|2.48
3/20/2015|27310031|400|1|1|Roberto|Ortega|15005|0|0|0|0|0|0.28|0.88|0.04
3/20/2015|27310031|400|1|1|Roberto|Ortega|15H002|27|0|558.18|0|0|10.28|32.79|1.45
3/20/2015|27310031|7|1|1|Shelia|Keller|15H002|33|0|755.5|0|0|17.04|54.31|12.47
3/20/2015|27310031|7|1|1|Shelia|Keller|15S002|8|0|183.15|0|0|4.13|13.18|3.02
3/20/2015|27310031|34|1|1|Sheryl|Hill|15H002|1|0|42.85|0|0|0.98|3.12|0.71
3/20/2015|27310031|34|1|1|Sheryl|Hill|15H003|8|0|342.77|0|0|7.82|24.94|5.66
3/20/2015|27310031|34|1|1|Sheryl|Hill|15H004|2|0|85.7|0|0|1.96|6.23|1.41
3/20/2015|27310031|336|1|1|Shirley|Parker|15005|0|0|0|0|0|0.36|1.15|0.25
3/20/2015|27310031|336|1|1|Shirley|Parker|15H009|0|0|0|0|0|4.7|14.99|3.23
3/20/2015|27310031|345|1|1|Sidney|Hansen|15H009|0|0|0|0|0|8.45|26.94|5.81
3/20/2015|27310031|345|1|1|Sidney|Hansen|15H011|0|0|0|0|0|8.45|26.92|5.81
3/20/2015|27310031|99|1|1|Sue|Riley|15H006|20|0|420|0|0|9.76|31.1|6.93
3/20/2015|27310031|99|1|1|Sue|Riley|15S006|20|0|420|0|0|9.76|31.12|6.93
3/20/2015|27310031|25|1|1|Tami|Luna|15H001|21.5|0|459.8|0|0|9.84|31.35|0.55
3/20/2015|27310031|25|1|1|Tami|Luna|15S001|21.5|0|459.8|0|0|9.83|31.34|0.55
3/20/2015|27310031|184|1|1|Tammy|Wilkins|15005|0|0|0|0|0|0.33|1.06|0.25
3/20/2015|27310031|320|1|1|Terry|Moreno|15005|0|0|0|0|0|0.36|1.15|0.25
3/20/2015|27310031|320|1|1|Terry|Moreno|15H002|20|0|716.35|0|0|17.19|54.81|11.82
3/20/2015|27310031|343|1|1|Tommy|Graves|15005|0|0|0|0|0|0.31|0.99|0.25
3/20/2015|27310031|343|1|1|Tommy|Graves|15H006|3|0|69|0|0|1.43|4.54|1.14
3/20/2015|27310031|343|1|1|Tommy|Graves|15H006|0|2|0|69|0|1.42|4.54|0.76
3/20/2015|27310031|399|1|1|Yvette|Miller|15005|0|0|0|0|0|0.34|1.1|0.04
3/20/2015|27310031|399|1|1|Yvette|Miller|15S002|40|0|865.39|0|0|19.86|63.27|2.25
3/23/2015|27310033|381|1|1|Frankie|Mcdaniel|15S002|0|0|0|0|0|48|153|5.2
3/27/2015|27310035|195|1|1|Al|Ramos|15005|0|0|0|0|0|0.34|1.07|0.04
3/27/2015|27310035|195|1|1|Al|Ramos|15H002|40|0|1157.15|0|0|25.96|82.76|3.01
3/27/2015|27310035|404|1|1|Alberta|Gill|15H003|3|0|64.9|0|0|1.53|4.88|1.07
3/27/2015|27310035|106|1|1|Allan|Wood|15005|0|0|0|0|0|0.36|1.15|0.25
3/27/2015|27310035|106|1|1|Allan|Wood|15H001|20|0|400|0|0|9.6|30.6|6.6
3/27/2015|27310035|106|1|1|Allan|Wood|15S001|20|0|400|0|0|9.6|30.6|6.6
3/27/2015|27310035|274|1|1|Angel|Watts|15005|0|0|0|0|0|0.36|1.15|0.25
3/27/2015|27310035|1|1|1|Antonio|Torres|15H001|17|0|484.7|0|0|10.21|32.54|0.58
3/27/2015|27310035|1|1|1|Antonio|Torres|15S001|17|0|484.7|0|0|10.21|32.55|0.58
3/27/2015|27310035|391|2|2|Barry|Mckenzie|15005|0|0|0|0|0|0.65|1.04|0.33
3/27/2015|27310035|391|2|2|Barry|Mckenzie|15H001B|29|0|746.75|0|0|32.37|51.59|16.58
3/27/2015|27310035|259|1|1|Beulah|Gibbs|15005|0|0|0|0|0|0.35|1.11|0.25
3/27/2015|27310035|259|1|1|Beulah|Gibbs|15S004|12.5|0|321.88|0|0|7.47|23.8|5.31
3/27/2015|27310035|259|1|1|Beulah|Gibbs|15S008|0.5|0|12.88|0|0|0.3|0.95|0.21
3/27/2015|27310035|168|1|1|Brittany|Carlson|15005|0|0|0|0|0|0.35|1.11|0.25
3/27/2015|27310035|168|1|1|Brittany|Carlson|15H001SG|2|0|75|0|0|1.74|5.55|1.24
3/27/2015|27310035|168|1|1|Brittany|Carlson|15H002SG|8|0|300|0|0|6.98|22.25|4.95
3/27/2015|27310035|249|1|1|Cary|Foster|15S002|24|0|980.77|0|0|22.03|70.21|16.18
3/27/2015|27310036|249|1|1|Cary|Foster|15S002|0|0|0|0|0|0|0|0
3/27/2015|27310035|179|1|1|Cassandra|Poole|15005|0|0|0|0|0|0.33|1.07|0.25
3/27/2015|27310035|179|1|1|Cassandra|Poole|15H004|8|0|301|0|0|6.75|21.51|4.97
3/27/2015|27310035|179|1|1|Cassandra|Poole|15H009|0|0|0|0|0|6.75|21.51|4.97
3/27/2015|27310035|368|1|1|Cesar|Greene|15005|0|0|0|0|0|0.32|1.04|0.25
3/27/2015|27310035|368|1|1|Cesar|Greene|15S008|1|0|24.5|0|0|0.53|1.68|0.4
3/27/2015|27310035|27|1|1|Cindy|Lunt|15005|0|0|0|0|0|0.33|1.05|0.25
3/27/2015|27310035|27|1|1|Cindy|Lunt|15S001|8|0|244|0|0|5.37|17.12|4.03
3/27/2015|27310035|27|1|1|Cindy|Lunt|15S001|0|1|0|45.75|0|1.01|3.2|0.5
3/27/2015|27310035|27|1|1|Cindy|Lunt|15S002|3.5|0|106.75|0|0|2.35|7.49|1.76
3/27/2015|27310035|27|1|1|Cindy|Lunt|15S002|0|2|0|91.5|0|2.02|6.41|1.01
3/27/2015|27310035|27|1|1|Cindy|Lunt|15S004|1.5|0|45.75|0|0|1.01|3.21|0.75
3/27/2015|27310035|27|1|1|Cindy|Lunt|15S004|0|0.5|0|22.88|0|0.5|1.61|0.25
3/27/2015|27310035|27|1|1|Cindy|Lunt|15S006|2|0|61|0|0|1.34|4.28|1.01
3/27/2015|27310035|27|1|1|Cindy|Lunt|15S006|0|2|0|91.5|0|2.01|6.43|1.01
3/27/2015|27310035|239|1|1|Clarence|Padilla|15H001|17.5|0|380.97|0|0|8.62|27.46|0.46
3/27/2015|27310035|239|1|1|Clarence|Padilla|15H007|1.5|0|32.66|0|0|0.73|2.35|0.04
3/27/2015|27310035|239|1|1|Clarence|Padilla|15S001|17.5|0|380.97|0|0|8.61|27.46|0.46
3/27/2015|27310035|239|1|1|Clarence|Padilla|15S002|2|0|43.54|0|0|0.99|3.14|0.05
3/27/2015|27310035|239|1|1|Clarence|Padilla|15S002|0|1|0|32.66|0|0.74|2.35|0.03
3/27/2015|27310035|239|1|1|Clarence|Padilla|15S007|1.5|0|32.66|0|0|0.74|2.36|0.04
3/27/2015|27310035|369|1|1|Clark|Morgan|15H002|0|0|0|0|0|0.57|1.83|0
3/27/2015|27310035|38|1|1|Conrad|Walker|15005|0|0|0|0|0|0.35|1.12|0.04
3/27/2015|27310035|38|1|1|Conrad|Walker|15H002|45|0|1634.54|0|0|38.41|122.44|4.25
3/27/2015|27310035|169|1|1|Cornelius|Gibson|15005|0|0|0|0|0|0.35|1.11|0.25
3/27/2015|27310035|169|1|1|Cornelius|Gibson|15H004|4|0|131|0|0|3.05|9.7|2.16
3/27/2015|27310035|44|4|4|Dale|Hamilton|15001|40|0|3850|0|0|0|294.53|4.62
3/27/2015|27310035|396|5|5|Darryl|Burgess|15005|0|0|0|0|0|0.42|1.15|0.64
3/27/2015|27310035|396|5|5|Darryl|Burgess|15H001R|1|0|32|0|0|0.9|2.44|1.37
3/27/2015|27310035|396|5|5|Darryl|Burgess|15H004R|5|0|160|0|0|4.48|12.24|6.85
3/27/2015|27310035|204|1|1|Deborah|Bennett|15005|0|0|0|0|0|0.34|1.09|0.25
3/27/2015|27310035|53|1|1|Delia|Lopez|15005|0|0|0|0|0|0.33|1.05|0.25
3/27/2015|27310035|15|1|1|Don|Young|15005|0|0|0|0|0|0.32|1.02|0.25
3/27/2015|27310035|11|1|1|Earnest|Drake|15005|0|0|0|0|0|0.35|1.11|0.25
3/27/2015|27310035|11|1|1|Earnest|Drake|15H004|6|0|227.89|0|0|5.28|16.84|3.76
3/27/2015|27310035|20|1|1|Ed|Craig|15S002|37|0|1155.39|0|0|24.48|78.04|3
3/27/2015|27310035|180|1|1|Elisa|Warren|15005|0|0|0|0|0|0.3|0.97|0.25
3/27/2015|27310035|180|1|1|Elisa|Warren|15H006|1.5|0|34.88|0|0|0.7|2.24|0.58
3/27/2015|27310035|180|1|1|Elisa|Warren|15H008|0.5|0|11.63|0|0|0.24|0.75|0.19
3/27/2015|27310035|45|4|4|Ernesto|Todd|15002|40|0|4225.64|0|0|0|310.92|5.07
3/27/2015|27310035|375|1|1|Fannie|Parks|15005|0|0|0|0|0|0.36|1.15|0.25
3/27/2015|27310035|375|1|1|Fannie|Parks|15S004|6.5|0|136.5|0|0|3.28|10.44|2.25
3/27/2015|27310035|375|1|1|Fannie|Parks|15S006|1.5|0|31.5|0|0|0.76|2.4|0.52
3/27/2015|27310035|19|1|1|Frank|Diaz|15S006|2|0|54|0|0|1.25|3.99|0.89
3/27/2015|27310035|19|1|1|Frank|Diaz|15S009|0|0|0|0|0|4.37|13.93|3.12
3/27/2015|27310035|381|1|1|Frankie|Mcdaniel|15005|0|0|0|0|0|0.33|1.04|0.04
3/27/2015|27310035|381|1|1|Frankie|Mcdaniel|15S002|40|0|865.39|0|0|18.86|60.11|2.25
3/27/2015|27310035|133|1|1|Geneva|Moody|15005|0|0|0|0|0|0.34|1.08|0.25
3/27/2015|27310035|133|1|1|Geneva|Moody|15S004|7|0|208.25|0|0|4.71|15|3.44
3/27/2015|27310035|133|1|1|Geneva|Moody|15S009|0|0|0|0|0|3.36|10.71|2.45
3/27/2015|27310035|406|1|1|Grant|Daniel|15H001|2|0|100.73|0|0.19|2.42|7.71|0.12
3/27/2015|27310035|406|1|1|Grant|Daniel|15H002|28|0|1410.25|0|2.61|33.85|107.88|1.69
3/27/2015|27310035|406|1|1|Grant|Daniel|15H006|12|0|604.4|0|1.12|14.5|46.23|0.73
3/27/2015|27310035|402|5|5|Gwendolyn|Alvarado|15005|0|0|0|0|0|0.42|1.05|0.64
3/27/2015|27310035|402|5|5|Gwendolyn|Alvarado|15H001R|1|0|18|0|0|0.5|1.26|0.77
3/27/2015|27310035|402|5|5|Gwendolyn|Alvarado|15H008R|31|0|558|0|0|15.63|38.84|23.88
3/27/2015|27310035|194|1|1|Hector|Wright|15H009|0|0|0|0|0|1.31|4.18|1.11
3/27/2015|27310035|203|1|1|Helen|Paul|15005|0|0|0|0|0|0.38|1.49|0.03
3/27/2015|27310035|203|1|1|Helen|Paul|15H001|6|0|388.87|0|0|7.03|27.65|0.47
3/27/2015|27310035|203|1|1|Helen|Paul|15H001B|4|0|259.25|0|0|4.69|18.44|0.31
3/27/2015|27310035|203|1|1|Helen|Paul|15H006|6|0|388.87|0|0|7.04|27.65|0.47
3/27/2015|27310035|203|1|1|Helen|Paul|15H006B|4|0|259.24|0|0|4.69|18.44|0.31
3/27/2015|27310035|203|1|1|Helen|Paul|15S001|6|0|388.87|0|0|7.03|27.64|0.47
3/27/2015|27310035|203|1|1|Helen|Paul|15S001B|4|0|259.25|0|0|4.68|18.42|0.31
3/27/2015|27310035|203|1|1|Helen|Paul|15S006|6|0|388.87|0|0|7.03|27.65|0.47
3/27/2015|27310035|203|1|1|Helen|Paul|15S006B|4|0|259.24|0|0|4.69|18.43|0.31
3/27/2015|27310035|357|1|1|Stanley|Peterson|15005|0|0|0|0|0|0.3|0.96|0.25
3/27/2015|27310035|357|1|1|Stanley|Peterson|15S001|2|0|40|0|0|0.8|2.56|0.66
3/27/2015|27310035|357|1|1|Stanley|Peterson|15S006|2|0|40|0|0|0.8|2.55|0.66
3/27/2015|27310035|269|1|1|Jo|Manning|15005|0|0|0|0|0|0.34|1.07|0.25
3/27/2015|27310035|269|1|1|Jo|Manning|15H004SG|6|0|168|0|0|3.77|12.03|2.77
3/27/2015|27310035|269|1|1|Jo|Manning|15H004SG|0|2|0|84|0|1.88|6.01|0.92
3/27/2015|27310035|269|1|1|Jo|Manning|15S002SG|0|4|0|168|0|3.78|12.03|1.85
3/27/2015|27310035|248|1|1|Jodi|Powers|15H001|20|0|410|0|0|8.66|27.6|0.49
3/27/2015|27310035|248|1|1|Jodi|Powers|15S001|20|0|410|0|0|8.66|27.6|0.49
3/27/2015|27310035|30|1|1|Joe|Perry|15H002|4|0|97.47|0|0|1.97|6.28|0.12
3/27/2015|27310035|30|1|1|Joe|Perry|15H003|5|0|121.84|0|0|2.46|7.85|0.15
3/27/2015|27310035|30|1|1|Joe|Perry|15H009|0|0|0|0|0|1.97|6.28|0.12
3/27/2015|27310035|403|1|1|Joyce|Ferguson|15S008|1|0|17|0|0|0.32|1.01|0.28
3/27/2015|27310035|6|1|1|Kelly|Murray|15005|0|0|0|0|0|0.21|0.67|0.15
3/27/2015|27310035|6|1|1|Kelly|Murray|15H009|0|0|0|0|0|11.71|37.31|8.35
3/27/2015|27310035|210|2|2|Kenny|Robertson|15005|0|0|0|0|0|0.43|0.69|0.2
3/27/2015|27310035|210|2|2|Kenny|Robertson|15H001B|3|0|71.34|0|0|3.43|5.46|1.58
3/27/2015|27310035|210|2|2|Kenny|Robertson|15H009B|0|0|0|0|0|9.14|14.56|4.22
3/27/2015|27310035|210|2|2|Kenny|Robertson|15H012B|0|0|0|0|0|9.13|14.55|4.22
3/27/2015|27310035|37|1|1|Kirk|Byrd|15H009|0|0|0|0|0|3.49|11.13|3.03
3/27/2015|27310035|35|1|1|Leonard|Wong|15H002|44|0|1153.85|0|0|0|81.53|3
3/27/2015|27310036|35|1|1|Leonard|Wong|15H002|0|0|0|0|0|0|0|0
3/27/2015|27310035|287|2|2|Levi|Christensen|15H001|8|0|114|0|0.57|5.19|8.28|0.28
3/27/2015|27310035|287|2|2|Levi|Christensen|15H001B|14|0|199.5|0|1.01|9.09|14.48|0.5
3/27/2015|27310035|287|2|2|Levi|Christensen|15H006B|14|0|199.5|0|1.01|9.08|14.49|0.5
3/27/2015|27310035|287|2|2|Levi|Christensen|15H009B|0|0|0|0|0.29|2.6|4.13|0.14
3/27/2015|27310035|405|1|1|Lynn|Perkins|15H001|20|0|340|0|2.04|8.16|26.01|5.61
3/27/2015|27310035|405|1|1|Lynn|Perkins|15S001|20|0|340|0|2.04|8.16|26.01|5.61
3/27/2015|27310035|153|1|1|Lynne|Soto|15H009|0|0|0|0|0.1|1.32|4.22|0.99
3/27/2015|27310035|13|1|1|Mamie|Day|15H002|6|0|279.24|0|0|6.7|21.37|4.61
3/27/2015|27310035|13|1|1|Mamie|Day|15H003|8|0|372.31|0|0|8.94|28.48|6.14
3/27/2015|27310035|13|1|1|Mamie|Day|15H007|17|0|791.15|0|0|18.99|60.52|13.05
3/27/2015|27310035|358|1|1|Marc|Wallace|15H001|38.25|0|602.44|0|2.84|11.36|36.22|0.72
3/27/2015|27310035|358|1|1|Marc|Wallace|15H009|0|0|0|0|0.13|0.52|1.65|0.03
3/27/2015|27310035|281|1|1|Marcia|Neal|15005|0|0|0|0|0|0.43|1.38|0.3
3/27/2015|27310035|281|1|1|Marcia|Neal|15S001|5|0|130|0|0|3.12|9.95|2.15
3/27/2015|27310035|316|1|1|Marguerite|Thornton|15005|0|0|0|0|0|0.35|1.11|0.25
3/27/2015|27310035|316|1|1|Marguerite|Thornton|15H009|0|0|0|0|0|2.43|7.75|1.73
3/27/2015|27310035|314|1|1|Marianne|Baldwin|15005|0|0|0|0|0|0.22|0.69|0.15
3/27/2015|27310035|314|1|1|Marianne|Baldwin|15H009SG|0|0|0|0|0|2.08|6.65|1.44
3/27/2015|27310035|39|1|1|Marie|Hudson|15H005|30|0|217.5|0|0.32|1.26|4.02|3.59
3/27/2015|27310035|18|1|1|Marty|Barnes|15H001|11.5|0|230|0|1.38|5.52|17.6|0.28
3/27/2015|27310035|18|1|1|Marty|Barnes|15S001|11.5|0|230|0|1.38|5.52|17.59|0.28
3/27/2015|27310035|23|1|1|Mary|Waters|15H009|0|0|0|0|0|3.22|10.28|2.38
3/27/2015|27310035|401|2|2|Maryann|Cohen|15005|0|0|0|0|0|0.56|0.89|0.33
3/27/2015|27310035|401|2|2|Maryann|Cohen|15H001B|12|0|312|0|0|11.57|18.44|6.93
3/27/2015|27310035|401|2|2|Maryann|Cohen|15H002B|3|0|78|0|0|2.9|4.6|1.73
3/27/2015|27310035|401|2|2|Maryann|Cohen|15H008B|22|0|572|0|0|21.21|33.81|12.7
3/27/2015|27310035|407|1|1|Maxine|Tyler|15S008|1|0|16|0|0.1|0.38|1.22|0.26
3/27/2015|27310035|3|1|1|Melanie|Green|15H001|32|0|2461.6|0|0|0|186.46|2.95
3/27/2015|27310035|3|1|1|Melanie|Green|15H009|0|0|0|0|0|0|46.62|0.74
3/27/2015|27310035|374|5|5|Melvin|Strickland|15H001|6|0|126|0|0|3.53|8.2|0.48
3/27/2015|27310035|374|5|5|Melvin|Strickland|15H001R|18.5|0|388.5|0|0|10.88|25.3|1.48
3/27/2015|27310035|374|5|5|Melvin|Strickland|15H006|13.5|0|283.5|0|0|7.94|18.46|1.08
3/27/2015|27310035|374|5|5|Melvin|Strickland|15H006R|2|0|42|0|0|1.17|2.74|0.16
3/27/2015|27310035|201|1|1|Michele|Lee|15005|0|0|0|0|0|0.36|1.15|0.25
3/27/2015|27310035|192|5|5|Mike|Briggs|15005|0|0|0|0|0|0.34|0.81|0.51
3/27/2015|27310035|192|5|5|Mike|Briggs|15H002B|8|0|192.31|0|0|5.38|13.13|8.23
3/27/2015|27310035|192|5|5|Mike|Briggs|15H002R|32|0|769.23|0|0|21.54|52.5|32.92
3/27/2015|27310035|398|1|1|Mona|Howard|15S008|3|0|36|0|0.22|0.86|2.75|0.59
3/27/2015|27310035|276|1|1|Morris|Glover|15005|0|0|0|0|0|0.34|1.07|0.25
3/27/2015|27310035|352|1|1|Myra|Vega|15005|0|0|0|0|0|0.18|0.59|0.15
3/27/2015|27310035|352|1|1|Myra|Vega|15S008|1|0|19|0|0|0.39|1.25|0.31
3/27/2015|27310035|352|1|1|Myra|Vega|15S009|0|0|0|0|0|3.91|12.45|3.13
3/27/2015|27310035|199|1|1|Nettie|Stevens|15005|0|0|0|0|0|0.33|1.06|0.25
3/27/2015|27310035|199|1|1|Nettie|Stevens|15H006|7.5|0|267.75|0|0|5.92|18.89|4.42
3/27/2015|27310035|199|1|1|Nettie|Stevens|15H006|0|3|0|160.65|0|3.55|11.33|1.77
3/27/2015|27310035|199|1|1|Nettie|Stevens|15H008|0.5|0|17.85|0|0|0.4|1.26|0.29
3/27/2015|27310035|260|1|1|Nichole|Fox|15005|0|0|0|0|0|0.34|1.08|0.25
3/27/2015|27310035|380|1|1|Preston|Robinson|15005|0|0|0|0|0|0.29|0.92|0.25
3/27/2015|27310035|380|1|1|Preston|Robinson|15S001|1.5|0|30|0|0|0.58|1.85|0.49
3/27/2015|27310035|386|1|1|Raquel|Singleton|15H001|21|0|252|0|1.52|6.04|19.29|4.16
3/27/2015|27310035|117|1|1|Richard|Wood|15H006|10|0|150|0|0|3.6|11.48|2.48
3/27/2015|27310035|400|1|1|Roberto|Ortega|15005|0|0|0|0|0|0.28|0.9|0.04
3/27/2015|27310035|400|1|1|Roberto|Ortega|15H002|29|0|599.52|0|0|11.27|35.93|1.56
3/27/2015|27310035|7|1|1|Shelia|Keller|15H002|37.5|0|868.86|0|0|19.6|62.47|14.34
3/27/2015|27310035|7|1|1|Shelia|Keller|15S002|4|0|92.68|0|0|2.09|6.66|1.53
3/27/2015|27310035|34|1|1|Sheryl|Hill|15H003|8|0|336.87|0|0|7.69|24.5|5.56
3/27/2015|27310035|34|1|1|Sheryl|Hill|15H004|1|0|42.11|0|0|0.96|3.07|0.69
3/27/2015|27310035|34|1|1|Sheryl|Hill|15S002|2|0|84.22|0|0|1.92|6.12|1.39
3/27/2015|27310035|34|1|1|Sheryl|Hill|15S007|1|0|42.11|0|0|0.96|3.06|0.69
3/27/2015|27310035|336|1|1|Shirley|Parker|15005|0|0|0|0|0|0.36|1.15|0.25
3/27/2015|27310035|345|1|1|Sidney|Hansen|15H009|0|0|0|0|0|2.11|6.74|1.45
3/27/2015|27310035|99|1|1|Sue|Riley|15H006|20|0|420|0|0|9.76|31.1|6.93
3/27/2015|27310035|99|1|1|Sue|Riley|15S006|20|0|420|0|0|9.76|31.12|6.93
3/27/2015|27310035|25|1|1|Tami|Luna|15H001|22|0|459.8|0|0|9.84|31.35|0.55
3/27/2015|27310035|25|1|1|Tami|Luna|15S001|22|0|459.8|0|0|9.83|31.34|0.55
3/27/2015|27310035|184|1|1|Tammy|Wilkins|15005|0|0|0|0|0|0.33|1.06|0.25
3/27/2015|27310035|320|1|1|Terry|Moreno|15005|0|0|0|0|0|0.36|1.15|0.25
3/27/2015|27310035|320|1|1|Terry|Moreno|15H002|16|0|573.08|0|0|13.75|43.84|9.46
3/27/2015|27310035|320|1|1|Terry|Moreno|15H003|4|0|143.27|0|0|3.44|10.97|2.36
3/27/2015|27310035|343|1|1|Tommy|Graves|15005|0|0|0|0|0|0.31|0.99|0.25
3/27/2015|27310035|343|1|1|Tommy|Graves|15H006|3|0|69|0|0|1.42|4.53|1.14
3/27/2015|27310035|343|1|1|Tommy|Graves|15H006|0|2|0|69|0|1.42|4.52|0.76
3/27/2015|27310035|399|1|1|Yvette|Miller|15005|0|0|0|0|0|0.34|1.1|0.04
3/27/2015|27310035|399|1|1|Yvette|Miller|15S002|40|0|865.39|0|0|19.86|63.27|2.25
4/3/2015|27310037|195|1|1|Al|Ramos|15005|0|0|0|0|0|0.34|1.07|0.04
4/3/2015|27310037|195|1|1|Al|Ramos|15H002|22|0|636.43|0|0|14.28|45.52|1.65
4/3/2015|27310037|195|1|1|Al|Ramos|15H009|0|0|0|0|0|11.68|37.24|1.35
4/3/2015|27310037|404|1|1|Alberta|Gill|15H008|20|0|432.7|0|0|10.2|32.52|7.14
4/3/2015|27310037|106|1|1|Allan|Wood|15005|0|0|0|0|0|0.36|1.15|0.25
4/3/2015|27310037|106|1|1|Allan|Wood|15H001|20|0|442.5|0|0|10.62|33.86|7.3
4/3/2015|27310037|106|1|1|Allan|Wood|15S001|20|0|442.5|0|0|10.62|33.84|7.3
4/3/2015|27310037|274|1|1|Angel|Watts|15005|0|0|0|0|0|0.36|1.15|0.25
4/3/2015|27310037|1|1|1|Antonio|Torres|15H001|21|0|504.82|0|0|10.63|33.9|0.61
4/3/2015|27310037|1|1|1|Antonio|Torres|15S001|21|0|504.82|0|0|10.64|33.89|0.61
4/3/2015|27310037|391|2|2|Barry|Mckenzie|15005|0|0|0|0|0|0.65|1.04|0.33
4/3/2015|27310037|391|2|2|Barry|Mckenzie|15H001B|29|0|746.75|0|0|32.37|51.59|16.58
4/3/2015|27310037|259|1|1|Beulah|Gibbs|15005|0|0|0|0|0|0.35|1.11|0.25
4/3/2015|27310037|259|1|1|Beulah|Gibbs|15S004|7|0|180.25|0|0|4.18|13.33|2.97
4/3/2015|27310037|259|1|1|Beulah|Gibbs|15S008|0.5|0|12.88|0|0|0.3|0.95|0.21
4/3/2015|27310037|168|1|1|Brittany|Carlson|15005|0|0|0|0|0|0.35|1.11|0.25
4/3/2015|27310037|168|1|1|Brittany|Carlson|15H009|0|0|0|0|0|13.96|44.48|9.9
4/3/2015|27310037|249|1|1|Cary|Foster|15S002|17|0|694.71|0|0|15.6|49.73|11.46
4/3/2015|27310037|249|1|1|Cary|Foster|15S004|4|0|163.46|0|0|3.67|11.7|2.7
4/3/2015|27310037|179|1|1|Cassandra|Poole|15005|0|0|0|0|0|0.34|1.07|0.25
4/3/2015|27310037|179|1|1|Cassandra|Poole|15H004|13|0|432.69|0|0|9.7|30.91|7.14
4/3/2015|27310037|179|1|1|Cassandra|Poole|15H009|0|0|0|0|0|11.93|38.04|8.79
4/3/2015|27310037|368|1|1|Cesar|Greene|15005|0|0|0|0|0|0.32|1.02|0.25
4/3/2015|27310037|368|1|1|Cesar|Greene|15S008|2.5|0|61.25|0|0|1.31|4.18|1.01
4/3/2015|27310037|27|1|1|Cindy|Lunt|15005|0|0|0|0|0|0.33|1.06|0.25
4/3/2015|27310037|27|1|1|Cindy|Lunt|15S001|5|0|152.5|0|0|3.4|10.82|2.52
4/3/2015|27310037|27|1|1|Cindy|Lunt|15S001|0|1.5|0|68.63|0|1.53|4.87|0.75
4/3/2015|27310037|27|1|1|Cindy|Lunt|15S002|6.5|0|198.25|0|0|4.42|14.08|3.27
4/3/2015|27310037|27|1|1|Cindy|Lunt|15S004|1.5|0|45.75|0|0|1.01|3.25|0.75
4/3/2015|27310037|27|1|1|Cindy|Lunt|15S006|2|0|61|0|0|1.36|4.33|1.01
4/3/2015|27310037|27|1|1|Cindy|Lunt|15S006|0|2|0|91.5|0|2.03|6.5|1.01
4/3/2015|27310037|27|1|1|Cindy|Lunt|15S008|0.5|0|15.25|0|0|0.34|1.08|0.25
4/3/2015|27310037|239|1|1|Clarence|Padilla|15H001|15.25|0|331.99|0|0|7.46|23.8|0.4
4/3/2015|27310037|239|1|1|Clarence|Padilla|15H007|1.75|0|38.1|0|0|0.85|2.73|0.05
4/3/2015|27310037|239|1|1|Clarence|Padilla|15S001|15.25|0|331.99|0|0|7.47|23.79|0.4
4/3/2015|27310037|239|1|1|Clarence|Padilla|15S002|4|0|87.08|0|0|1.96|6.25|0.1
4/3/2015|27310037|239|1|1|Clarence|Padilla|15S007|1.75|0|38.1|0|0|0.86|2.73|0.05
4/3/2015|27310037|38|1|1|Conrad|Walker|15005|0|0|0|0|0|0.28|1.12|0.04
4/3/2015|27310037|38|1|1|Conrad|Walker|15H002|43|0|1634.54|0|0|30.16|122.44|4.25
4/3/2015|27310037|169|1|1|Cornelius|Gibson|15005|0|0|0|0|0|0.35|1.1|0.25
4/3/2015|27310037|169|1|1|Cornelius|Gibson|15H004|3|0|98.25|0|0|2.28|7.27|1.62
4/3/2015|27310037|44|4|4|Dale|Hamilton|15001|40|0|3850|0|0|0|294.53|4.62
4/3/2015|27310037|396|5|5|Darryl|Burgess|15005|0|0|0|0|0|0.34|0.91|0.51
4/3/2015|27310037|396|5|5|Darryl|Burgess|15H001R|1|0|32|0|0|0.9|2.44|1.37
4/3/2015|27310037|396|5|5|Darryl|Burgess|15H002R|4|0|128|0|0|3.59|9.8|5.48
4/3/2015|27310037|396|5|5|Darryl|Burgess|15H004R|5|0|160|0|0|4.48|12.24|6.85
4/3/2015|27310037|396|5|5|Darryl|Burgess|15H009R|0|0|0|0|0|7.16|19.58|10.96
4/3/2015|27310037|204|1|1|Deborah|Bennett|15005|0|0|0|0|0|0.27|0.86|0.2
4/3/2015|27310037|204|1|1|Deborah|Bennett|15H009|0|0|0|0|0|2.74|8.74|2
4/3/2015|27310037|53|1|1|Delia|Lopez|15005|0|0|0|0|0|0.33|1.06|0.25
4/3/2015|27310037|15|1|1|Don|Young|15005|0|0|0|0|0|0.32|1.02|0.25
4/3/2015|27310037|11|1|1|Earnest|Drake|15005|0|0|0|0|0|0.35|1.11|0.25
4/3/2015|27310037|11|1|1|Earnest|Drake|15H004|6|0|227.89|0|0|5.28|16.84|3.76
4/3/2015|27310037|20|1|1|Ed|Craig|15S002|40|0|1155.39|0|0|24.48|78.04|3
4/3/2015|27310037|180|1|1|Elisa|Warren|15005|0|0|0|0|0|0.3|0.96|0.25
4/3/2015|27310037|180|1|1|Elisa|Warren|15H006|3.5|0|81.38|0|0|1.64|5.22|1.34
4/3/2015|27310037|180|1|1|Elisa|Warren|15H008|0.5|0|11.63|0|0|0.23|0.75|0.19
4/3/2015|27310037|45|4|4|Ernesto|Todd|15002|40|0|4225.64|0|0|0|310.92|5.07
4/3/2015|27310037|375|1|1|Fannie|Parks|15005|0|0|0|0|0|0.36|1.15|0.25
4/3/2015|27310037|375|1|1|Fannie|Parks|15S004|3|0|66|0|0|1.58|5.05|1.09
4/3/2015|27310037|19|1|1|Frank|Diaz|15S006|2|0|54|0|0|1.25|3.99|0.89
4/3/2015|27310037|381|1|1|Frankie|Mcdaniel|15005|0|0|0|0|0|0.33|1.04|0.04
4/3/2015|27310037|381|1|1|Frankie|Mcdaniel|15S002|40|0|865.39|0|0|18.86|60.11|2.25
4/3/2015|27310037|133|1|1|Geneva|Moody|15005|0|0|0|0|0|0.34|1.08|0.25
4/3/2015|27310037|133|1|1|Geneva|Moody|15S004|4|0|119|0|0|2.69|8.58|1.96
4/3/2015|27310037|406|1|1|Grant|Daniel|15H001|17|0|808.12|0|0|19.4|61.82|0.97
4/3/2015|27310037|406|1|1|Grant|Daniel|15H002|5|0|237.68|0|0|5.7|18.18|0.29
4/3/2015|27310037|406|1|1|Grant|Daniel|15H004|1|0|47.54|0|0|1.14|3.64|0.06
4/3/2015|27310037|406|1|1|Grant|Daniel|15H006|21.5|0|1022.04|0|0|24.53|78.18|1.23
4/3/2015|27310037|402|5|5|Gwendolyn|Alvarado|15005|0|0|0|0|0|0.42|1.05|0.64
4/3/2015|27310037|402|5|5|Gwendolyn|Alvarado|15H001R|1|0|18|0|0|0.5|1.26|0.77
4/3/2015|27310037|402|5|5|Gwendolyn|Alvarado|15H008R|27|0|486|0|0|13.61|33.83|20.8
4/3/2015|27310037|203|1|1|Helen|Paul|15005|0|0|0|0|0|0|1.49|0.03
4/3/2015|27310037|203|1|1|Helen|Paul|15H001|8|0|518.49|0|0|0|36.87|0.62
4/3/2015|27310037|203|1|1|Helen|Paul|15H006|8|0|518.49|0|0|0|36.87|0.62
4/3/2015|27310037|203|1|1|Helen|Paul|15H009|0|0|0|0|0|0|18.43|0.31
4/3/2015|27310037|203|1|1|Helen|Paul|15S001|8|0|518.49|0|0|0|36.85|0.62
4/3/2015|27310037|203|1|1|Helen|Paul|15S006|8|0|518.49|0|0|0|36.86|0.62
4/3/2015|27310037|203|1|1|Helen|Paul|15S009|0|0|0|0|0|0|18.44|0.31
4/3/2015|27310037|357|1|1|Stanley|Peterson|15005|0|0|0|0|0|0.12|0.38|0.1
4/3/2015|27310037|357|1|1|Stanley|Peterson|15S009|0|0|0|0|0|6.88|21.94|5.78
4/3/2015|27310037|269|1|1|Jo|Manning|15005|0|0|0|0|0|0.34|1.07|0.25
4/3/2015|27310037|269|1|1|Jo|Manning|15H004SG|4|0|112|0|0|2.53|8.05|1.85
4/3/2015|27310037|269|1|1|Jo|Manning|15H004SG|0|4|0|168|0|3.78|12.07|1.85
4/3/2015|27310037|269|1|1|Jo|Manning|15S002SG|5|0|140|0|0|3.16|10.06|2.31
4/3/2015|27310037|269|1|1|Jo|Manning|15S002SG|0|2|0|84|0|1.9|6.03|0.92
4/3/2015|27310037|248|1|1|Jodi|Powers|15H001|13|0|266.5|0|0|5.63|17.94|0.32
4/3/2015|27310037|248|1|1|Jodi|Powers|15H009|0|0|0|0|0|3.03|9.66|0.17
4/3/2015|27310037|248|1|1|Jodi|Powers|15S001|13|0|266.5|0|0|5.63|17.94|0.32
4/3/2015|27310037|248|1|1|Jodi|Powers|15S009|0|0|0|0|0|3.03|9.66|0.17
4/3/2015|27310037|30|1|1|Joe|Perry|15H002|3|0|73.1|0|0|1.48|4.7|0.09
4/3/2015|27310037|30|1|1|Joe|Perry|15H003|5|0|121.84|0|0|2.46|7.85|0.15
4/3/2015|27310037|30|1|1|Joe|Perry|15H009|0|0|0|0|0|1.97|6.27|0.12
4/3/2015|27310037|403|1|1|Joyce|Ferguson|15S008|2.5|0|42.5|0|0|0.77|2.45|0.7
4/3/2015|27310037|6|1|1|Kelly|Murray|15005|0|0|0|0|0|0.21|0.67|0.15
4/3/2015|27310037|6|1|1|Kelly|Murray|15H009|0|0|0|0|0|10.18|32.44|7.26
4/3/2015|27310037|210|2|2|Kenny|Robertson|15005|0|0|0|0|0|0.72|1.15|0.33
4/3/2015|27310037|210|2|2|Kenny|Robertson|15H001B|22|0|523.16|0|0|25.11|40.02|11.61
4/3/2015|27310037|210|2|2|Kenny|Robertson|15H002B|4|0|95.12|0|0|4.57|7.27|2.11
4/3/2015|27310037|210|2|2|Kenny|Robertson|15H006B|5|0|118.9|0|0|5.71|9.09|2.64
4/3/2015|27310037|35|1|1|Leonard|Wong|15H002|40|0|1153.85|0|0|0|81.53|3
4/3/2015|27310037|287|2|2|Levi|Christensen|15H001|5|0|71.25|0|0|3.25|5.17|0.18
4/3/2015|27310037|287|2|2|Levi|Christensen|15H001B|15|0|213.75|0|0|9.74|15.52|0.53
4/3/2015|27310037|287|2|2|Levi|Christensen|15H006B|15|0|213.75|0|0|9.73|15.52|0.53
4/3/2015|27310037|287|2|2|Levi|Christensen|15H009B|0|0|0|0|0|3.24|5.17|0.18
4/3/2015|27310037|255|1|1|Lois|Moran|15005|0|0|0|0|0|0.35|1.1|0.25
4/3/2015|27310037|405|1|1|Lynn|Perkins|15H001|20|0|340|0|1.93|8.16|26.01|5.61
4/3/2015|27310037|405|1|1|Lynn|Perkins|15S001|20|0|340|0|1.93|8.16|26.01|5.61
4/3/2015|27310037|13|1|1|Mamie|Day|15H007|40|0|1861.54|0|0|38.4|142.41|30.72
4/3/2015|27310037|358|1|1|Marc|Wallace|15H001|40|0|630|0|2.51|11.88|37.87|0.76
4/3/2015|27310037|281|1|1|Marcia|Neal|15005|0|0|0|0|0|0.36|1.15|0.25
4/3/2015|27310037|281|1|1|Marcia|Neal|15S001|1.5|0|39|0|0|0.94|2.99|0.64
4/3/2015|27310037|281|1|1|Marcia|Neal|15S001|0|2|0|78|0|1.87|5.97|0.86
4/3/2015|27310037|316|1|1|Marguerite|Thornton|15005|0|0|0|0|0|0.28|0.89|0.2
4/3/2015|27310037|316|1|1|Marguerite|Thornton|15H009|0|0|0|0|0|2.43|7.75|1.73
4/3/2015|27310037|314|1|1|Marianne|Baldwin|15005|0|0|0|0|0|0.36|1.15|0.25
4/3/2015|27310037|39|1|1|Marie|Hudson|15H005|30|0|217.5|0|0.32|1.26|4.02|3.59
4/3/2015|27310037|18|1|1|Marty|Barnes|15H001|11.5|0|230|0|1.38|5.52|17.6|0.28
4/3/2015|27310037|18|1|1|Marty|Barnes|15S001|11.5|0|230|0|1.38|5.52|17.59|0.28
4/3/2015|27310037|23|1|1|Mary|Waters|15H009|0|0|0|0|0|1.61|5.13|1.19
4/3/2015|27310037|401|2|2|Maryann|Cohen|15005|0|0|0|0|0|0.56|0.89|0.33
4/3/2015|27310037|401|2|2|Maryann|Cohen|15H001B|14|0|364|0|0|13.5|21.52|8.08
4/3/2015|27310037|407|1|1|Maxine|Tyler|15005|0|0|0|0|0.09|0.36|1.15|0.25
4/3/2015|27310037|407|1|1|Maxine|Tyler|15S008|1|0|16|0|0.1|0.38|1.22|0.26
4/3/2015|27310037|3|1|1|Melanie|Green|15H001|40|0|3077|0|0|0|233.08|3.69
4/3/2015|27310037|374|5|5|Melvin|Strickland|15H001|6.5|0|136.5|0|0|3.82|8.88|0.52
4/3/2015|27310037|374|5|5|Melvin|Strickland|15H001R|15.5|0|325.5|0|0|9.11|21.2|1.24
4/3/2015|27310037|374|5|5|Melvin|Strickland|15H006|16|0|336|0|0|9.41|21.88|1.28
4/3/2015|27310037|374|5|5|Melvin|Strickland|15H006R|2|0|42|0|0|1.18|2.74|0.16
4/3/2015|27310037|201|1|1|Michele|Lee|15005|0|0|0|0|0|0.36|1.15|0.25
4/3/2015|27310037|192|5|5|Mike|Briggs|15005|0|0|0|0|0|0.34|0.82|0.51
4/3/2015|27310037|192|5|5|Mike|Briggs|15H002B|20|0|480.77|0|0|13.46|32.81|20.58
4/3/2015|27310037|192|5|5|Mike|Briggs|15H002R|20|0|480.77|0|0|13.46|32.81|20.58
4/3/2015|27310037|398|1|1|Mona|Howard|15S005|2.5|0|30|0|0.18|0.72|2.29|0.49
4/3/2015|27310037|398|1|1|Mona|Howard|15S008|0.5|0|6|0|0.04|0.14|0.46|0.1
4/3/2015|27310037|276|1|1|Morris|Glover|15005|0|0|0|0|0|0.34|1.07|0.25
4/3/2015|27310037|352|1|1|Myra|Vega|15005|0|0|0|0|0|0.32|1.01|0.25
4/3/2015|27310037|352|1|1|Myra|Vega|15S008|0.5|0|9.5|0|0|0.2|0.64|0.16
4/3/2015|27310037|199|1|1|Nettie|Stevens|15005|0|0|0|0|0|0.33|1.05|0.25
4/3/2015|27310037|199|1|1|Nettie|Stevens|15H006|7|0|249.9|0|0|5.46|17.4|4.12
4/3/2015|27310037|199|1|1|Nettie|Stevens|15H008|0.5|0|17.85|0|0|0.39|1.24|0.29
4/3/2015|27310037|260|1|1|Nichole|Fox|15005|0|0|0|0|0|0.34|1.09|0.25
4/3/2015|27310037|380|1|1|Preston|Robinson|15005|0|0|0|0|0|0.29|0.92|0.25
4/3/2015|27310037|380|1|1|Preston|Robinson|15S001|1|0|20|0|0|0.39|1.24|0.33
4/3/2015|27310037|386|1|1|Raquel|Singleton|15H001|6|0|72|0|0.43|1.73|5.52|1.19
4/3/2015|27310037|117|1|1|Richard|Wood|15H006|10|0|150|0|0|3.6|11.48|2.48
4/3/2015|27310037|400|1|1|Roberto|Ortega|15005|0|0|0|0|0|0.3|0.96|0.04
4/3/2015|27310037|400|1|1|Roberto|Ortega|15H002|43.5|0|826.93|0|0|16.71|53.27|2.15
4/3/2015|27310037|7|1|1|Shelia|Keller|15H002|38|0|891.18|0|0|20.1|64.07|14.7
4/3/2015|27310037|7|1|1|Shelia|Keller|15S002|3|0|70.36|0|0|1.59|5.06|1.16
4/3/2015|27310037|34|1|1|Sheryl|Hill|15H003|7|0|299.93|0|0|2.8|21.82|4.95
4/3/2015|27310037|34|1|1|Sheryl|Hill|15S002|9|0|385.63|0|0|3.6|28.04|6.36
4/3/2015|27310037|336|1|1|Shirley|Parker|15005|0|0|0|0|0|0.36|1.15|0.25
4/3/2015|27310037|99|1|1|Sue|Riley|15H006|16.5|0|346.5|0|0|8.05|25.67|5.72
4/3/2015|27310037|99|1|1|Sue|Riley|15H009|0|0|0|0|0|1.71|5.45|1.21
4/3/2015|27310037|99|1|1|Sue|Riley|15S006|16.5|0|346.5|0|0|8.05|25.66|5.72
4/3/2015|27310037|99|1|1|Sue|Riley|15S009|0|0|0|0|0|1.71|5.44|1.21
4/3/2015|27310037|25|1|1|Tami|Luna|15H001|6.5|0|149.44|0|0|3.2|10.19|0.18
4/3/2015|27310037|25|1|1|Tami|Luna|15H009|0|0|0|0|0|6.64|21.16|0.37
4/3/2015|27310037|25|1|1|Tami|Luna|15S001|6.5|0|149.44|0|0|3.19|10.18|0.18
4/3/2015|27310037|25|1|1|Tami|Luna|15S009|0|0|0|0|0|6.64|21.16|0.37
4/3/2015|27310037|184|1|1|Tammy|Wilkins|15005|0|0|0|0|0|0.33|1.06|0.25
4/3/2015|27310037|320|1|1|Terry|Moreno|15005|0|0|0|0|0|0.36|1.15|0.25
4/3/2015|27310037|320|1|1|Terry|Moreno|15H002|8|0|286.54|0|0|6.88|21.93|4.73
4/3/2015|27310037|320|1|1|Terry|Moreno|15H003|12|0|429.81|0|0|10.31|32.88|7.09
4/3/2015|27310037|320|1|1|Terry|Moreno|15H007|8|0|286.54|0|0|6.88|21.92|4.73
4/3/2015|27310037|343|1|1|Tommy|Graves|15005|0|0|0|0|0|0.3|0.97|0.25
4/3/2015|27310037|343|1|1|Tommy|Graves|15H006|1.5|0|34.5|0|0|0.71|2.25|0.57
4/3/2015|27310037|399|1|1|Yvette|Miller|15005|0|0|0|0|0|0.34|1.1|0.04
4/3/2015|27310037|399|1|1|Yvette|Miller|15S002|40|0|865.39|0|0|19.86|63.27|2.25
4/10/2015|27310039|195|1|1|Al|Ramos|15005|0|0|0|0|0|0.34|1.07|0.04
4/10/2015|27310039|195|1|1|Al|Ramos|15H002|40|0|1157.15|0|0|25.96|82.76|3.01
4/10/2015|27310039|404|1|1|Alberta|Gill|15H008|3|0|64.9|0|0|1.53|4.88|1.07
4/10/2015|27310039|106|1|1|Allan|Wood|15005|0|0|0|0|0|0.36|1.15|0.25
4/10/2015|27310039|106|1|1|Allan|Wood|15H001|20|0|442.5|0|0|10.62|33.86|7.3
4/10/2015|27310039|106|1|1|Allan|Wood|15S001|20|0|442.5|0|0|10.62|33.84|7.3
4/10/2015|27310039|274|1|1|Angel|Watts|15005|0|0|0|0|0|0.36|1.15|0.25
4/10/2015|27310039|1|1|1|Antonio|Torres|15H001|17|0|484.7|0|0|10.21|32.54|0.58
4/10/2015|27310039|1|1|1|Antonio|Torres|15S001|17|0|484.7|0|0|10.21|32.55|0.58
4/10/2015|27310039|259|1|1|Beulah|Gibbs|15005|0|0|0|0|0|0.35|1.1|0.25
4/10/2015|27310039|259|1|1|Beulah|Gibbs|15S004|14.5|0|373.38|0|0|8.63|27.5|6.16
4/10/2015|27310039|259|1|1|Beulah|Gibbs|15S008|0.5|0|12.88|0|0|0.3|0.95|0.21
4/10/2015|27310039|168|1|1|Brittany|Carlson|15005|0|0|0|0|0|0.35|1.11|0.25
4/10/2015|27310039|168|1|1|Brittany|Carlson|15H001SG|4|0|150|0|0|3.49|11.12|2.48
4/10/2015|27310039|168|1|1|Brittany|Carlson|15H002SG|8|0|300|0|0|6.98|22.25|4.95
4/10/2015|27310039|249|1|1|Cary|Foster|15S002|31|0|1266.83|0|0|28.45|90.68|20.9
4/10/2015|27310039|249|1|1|Cary|Foster|15S004|3|0|122.6|0|0|2.75|8.78|2.02
4/10/2015|27310039|179|1|1|Cassandra|Poole|15005|0|0|0|0|0|0.34|1.07|0.25
4/10/2015|27310039|179|1|1|Cassandra|Poole|15H004|13|0|500|0|0|11.21|35.72|8.25
4/10/2015|27310039|368|1|1|Cesar|Greene|15005|0|0|0|0|0|0.32|1.01|0.25
4/10/2015|27310039|27|1|1|Cindy|Lunt|15005|0|0|0|0|0|0.33|1.05|0.25
4/10/2015|27310039|27|1|1|Cindy|Lunt|15S001|8|0|244|0|0|5.34|17.03|4.03
4/10/2015|27310039|27|1|1|Cindy|Lunt|15S002|3|0|91.5|0|0|2.01|6.39|1.51
4/10/2015|27310039|27|1|1|Cindy|Lunt|15S002|0|1.5|0|68.63|0|1.51|4.79|0.75
4/10/2015|27310039|27|1|1|Cindy|Lunt|15S004|2.5|0|76.25|0|0|1.67|5.32|1.26
4/10/2015|27310039|27|1|1|Cindy|Lunt|15S006|3|0|91.5|0|0|2|6.38|1.51
4/10/2015|27310039|27|1|1|Cindy|Lunt|15S008|2|0|61|0|0|1.33|4.25|1.01
4/10/2015|27310039|27|1|1|Cindy|Lunt|15S008|0|3|0|137.25|0|3|9.57|1.51
4/10/2015|27310039|239|1|1|Clarence|Padilla|15H001|19|0|413.63|0|0|9.3|29.64|0.5
4/10/2015|27310039|239|1|1|Clarence|Padilla|15S001|18.75|0|408.19|0|0|9.17|29.24|0.49
4/10/2015|27310039|38|1|1|Conrad|Walker|15005|0|0|0|0|0|0|1.12|0.04
4/10/2015|27310039|38|1|1|Conrad|Walker|15H002|43|0|1634.54|0|0|0|122.44|4.25
4/10/2015|27310039|169|1|1|Cornelius|Gibson|15005|0|0|0|0|0|0.35|1.11|0.25
4/10/2015|27310039|169|1|1|Cornelius|Gibson|15H004|4|0|131|0|0|3.04|9.68|2.16
4/10/2015|27310039|169|1|1|Cornelius|Gibson|15H009|0|0|0|0|0|3.03|9.68|2.16
4/10/2015|27310039|44|4|4|Dale|Hamilton|15001|40|0|3850|0|0|0|294.53|4.62
4/10/2015|27310039|396|5|5|Darryl|Burgess|15005|0|0|0|0|0|0.17|0.46|0.26
4/10/2015|27310039|396|5|5|Darryl|Burgess|15H001R|1|0|32|0|0|0.9|2.44|1.37
4/10/2015|27310039|396|5|5|Darryl|Burgess|15H002R|4|0|128|0|0|3.58|9.78|5.48
4/10/2015|27310039|396|5|5|Darryl|Burgess|15H004R|2|0|64|0|0|1.79|4.9|2.74
4/10/2015|27310039|396|5|5|Darryl|Burgess|15H008R|21|0|672|0|0|18.82|51.42|28.76
4/10/2015|27310040|396|5|5|Darryl|Burgess|15H008R|0|0|0|0|0|0|0|0
4/10/2015|27310039|204|1|1|Deborah|Bennett|15005|0|0|0|0|0|0.27|0.86|0.2
4/10/2015|27310039|204|1|1|Deborah|Bennett|15H009|0|0|0|0|0|2.74|8.74|2
4/10/2015|27310039|53|1|1|Delia|Lopez|15005|0|0|0|0|0|0.33|1.05|0.25
4/10/2015|27310039|53|1|1|Delia|Lopez|15H009|0|0|0|0|0|4.41|14.06|3.3
4/10/2015|27310039|15|1|1|Don|Young|15005|0|0|0|0|0|0.32|1.02|0.25
4/10/2015|27310039|11|1|1|Earnest|Drake|15005|0|0|0|0|0|0.35|1.11|0.25
4/10/2015|27310039|11|1|1|Earnest|Drake|15H004|6|0|217.04|0|0|5.03|16.04|3.58
4/10/2015|27310039|20|1|1|Ed|Craig|15S002|45|0|1155.39|0|0|24.48|78.04|3
4/10/2015|27310039|180|1|1|Elisa|Warren|15005|0|0|0|0|0|0.31|0.98|0.25
4/10/2015|27310039|180|1|1|Elisa|Warren|15H006|2|0|46.5|0|0|0.96|3.04|0.77
4/10/2015|27310039|180|1|1|Elisa|Warren|15H006|0|2|0|69.75|0|1.43|4.58|0.77
4/10/2015|27310039|180|1|1|Elisa|Warren|15H008|0.5|0|11.63|0|0|0.24|0.77|0.19
4/10/2015|27310039|45|4|4|Ernesto|Todd|15002|40|0|4225.64|0|0|0|310.92|5.07
4/10/2015|27310039|375|1|1|Fannie|Parks|15005|0|0|0|0|0|0.36|1.15|0.25
4/10/2015|27310039|375|1|1|Fannie|Parks|15S004|5|0|110|0|0|2.64|8.42|1.81
4/10/2015|27310039|375|1|1|Fannie|Parks|15S008|2|0|44|0|0|1.06|3.37|0.73
4/10/2015|27310039|19|1|1|Frank|Diaz|15S002|3|0|81|0|0|1.88|5.98|1.34
4/10/2015|27310039|19|1|1|Frank|Diaz|15S006|4|0|108|0|0|2.5|7.97|1.78
4/10/2015|27310039|19|1|1|Frank|Diaz|15S008|3|0|81|0|0|1.87|5.97|1.34
4/10/2015|27310039|381|1|1|Frankie|Mcdaniel|15005|0|0|0|0|0|0.33|1.04|0.04
4/10/2015|27310039|381|1|1|Frankie|Mcdaniel|15S002|40|0|865.39|0|0|18.86|60.11|2.25
4/10/2015|27310039|133|1|1|Geneva|Moody|15S009|0|0|0|0|0|26.87|85.66|19.64
4/10/2015|27310039|406|1|1|Grant|Daniel|15H001|7.5|0|386.96|0|0|9.29|29.6|0.46
4/10/2015|27310039|406|1|1|Grant|Daniel|15H002|14|0|722.32|0|0|17.33|55.25|0.87
4/10/2015|27310039|406|1|1|Grant|Daniel|15H004|1|0|51.6|0|0|1.24|3.95|0.06
4/10/2015|27310039|406|1|1|Grant|Daniel|15H006|18.5|0|954.5|0|0|22.91|73.02|1.15
4/10/2015|27310039|402|5|5|Gwendolyn|Alvarado|15005|0|0|0|0|0|0.33|0.81|0.51
4/10/2015|27310039|402|5|5|Gwendolyn|Alvarado|15H001R|1|0|18|0|0|0.5|1.22|0.77
4/10/2015|27310039|402|5|5|Gwendolyn|Alvarado|15H002R|4|0|72|0|0|2.02|4.89|3.08
4/10/2015|27310039|402|5|5|Gwendolyn|Alvarado|15H008R|19|0|342|0|0|9.58|23.23|14.64
4/10/2015|27310039|203|1|1|Helen|Paul|15005|0|0|0|0|0|0|1.49|0.03
4/10/2015|27310039|203|1|1|Helen|Paul|15H001|4|0|259.25|0|0|0|18.43|0.31
4/10/2015|27310039|203|1|1|Helen|Paul|15H001B|4|0|259.24|0|0|0|18.43|0.31
4/10/2015|27310039|203|1|1|Helen|Paul|15H006|4|0|259.25|0|0|0|18.42|0.31
4/10/2015|27310039|203|1|1|Helen|Paul|15H006B|4|0|259.24|0|0|0|18.44|0.31
4/10/2015|27310039|203|1|1|Helen|Paul|15H009|0|0|0|0|0|0|18.44|0.31
4/10/2015|27310039|203|1|1|Helen|Paul|15S001|4|0|259.25|0|0|0|18.44|0.31
4/10/2015|27310039|203|1|1|Helen|Paul|15S001B|4|0|259.24|0|0|0|18.43|0.31
4/10/2015|27310039|203|1|1|Helen|Paul|15S006|4|0|259.25|0|0|0|18.44|0.31
4/10/2015|27310039|203|1|1|Helen|Paul|15S006B|4|0|259.24|0|0|0|18.42|0.31
4/10/2015|27310039|203|1|1|Helen|Paul|15S009|0|0|0|0|0|0|18.43|0.31
4/10/2015|27310039|357|1|1|Stanley|Peterson|15005|0|0|0|0|0|0.12|0.38|0.1
4/10/2015|27310039|357|1|1|Stanley|Peterson|15S006|0.5|0|10|0|0|0.2|0.63|0.17
4/10/2015|27310039|357|1|1|Stanley|Peterson|15S009|0|0|0|0|0|9.24|29.46|7.75
4/10/2015|27310039|269|1|1|Jo|Manning|15005|0|0|0|0|0|0.34|1.07|0.25
4/10/2015|27310039|269|1|1|Jo|Manning|15H004SG|5|0|140|0|0|3.15|10.02|2.31
4/10/2015|27310039|269|1|1|Jo|Manning|15H004SG|0|4|0|168|0|3.77|12.03|1.85
4/10/2015|27310039|269|1|1|Jo|Manning|15S002SG|3|0|84|0|0|1.89|6.02|1.39
4/10/2015|27310039|248|1|1|Jodi|Powers|15H001|18|0|369|0|0|7.79|24.84|0.44
4/10/2015|27310039|248|1|1|Jodi|Powers|15H009|0|0|0|0|0|0.86|2.76|0.05
4/10/2015|27310039|248|1|1|Jodi|Powers|15S001|18|0|369|0|0|7.8|24.84|0.44
4/10/2015|27310039|248|1|1|Jodi|Powers|15S009|0|0|0|0|0|0.87|2.76|0.05
4/10/2015|27310039|30|1|1|Joe|Perry|15H001|2|0|48.73|0|0|0.99|3.14|0.06
4/10/2015|27310039|30|1|1|Joe|Perry|15H002|2.5|0|60.92|0|0|1.23|3.92|0.07
4/10/2015|27310039|30|1|1|Joe|Perry|15H003|4|0|97.47|0|0|1.97|6.28|0.12
4/10/2015|27310039|30|1|1|Joe|Perry|15H009|0|0|0|0|0|3.94|12.55|0.23
4/10/2015|27310039|30|1|1|Joe|Perry|15S003|1|0|24.37|0|0|0.49|1.57|0.03
4/10/2015|27310039|6|1|1|Kelly|Murray|15005|0|0|0|0|0|0.21|0.66|0.15
4/10/2015|27310039|6|1|1|Kelly|Murray|15H009|0|0|0|0|0|8.14|25.96|5.81
4/10/2015|27310039|210|2|2|Kenny|Robertson|15005|0|0|0|0|0|0.72|1.15|0.33
4/10/2015|27310039|210|2|2|Kenny|Robertson|15H001B|16|0|380.48|0|0|18.26|29.11|8.45
4/10/2015|27310039|210|2|2|Kenny|Robertson|15H002B|9|0|214.02|0|0|10.27|16.38|4.75
4/10/2015|27310039|210|2|2|Kenny|Robertson|15H006B|1|0|23.78|0|0|1.14|1.82|0.53
4/10/2015|27310039|35|1|1|Leonard|Wong|15H002|40|0|1153.85|0|0|0|81.53|3
4/10/2015|27310040|35|1|1|Leonard|Wong|15H002|0|0|0|0|0|0|0|0
4/10/2015|27310039|287|2|2|Levi|Christensen|15H001|5|0|71.25|0|0|3.24|5.17|0.18
4/10/2015|27310039|287|2|2|Levi|Christensen|15H001B|17.5|0|249.38|0|0|11.36|18.1|0.62
4/10/2015|27310039|287|2|2|Levi|Christensen|15H006B|17.5|0|249.38|0|0|11.36|18.11|0.62
4/10/2015|27310039|255|1|1|Lois|Moran|15005|0|0|0|0|0|0.34|1.1|0.25
4/10/2015|27310039|405|1|1|Lynn|Perkins|15H001|20|0|340|0|0|8.16|26.01|5.61
4/10/2015|27310039|405|1|1|Lynn|Perkins|15S001|20|0|340|0|0|8.16|26.01|5.61
4/10/2015|27310039|13|1|1|Mamie|Day|15H002|16|0|744.62|0|0|0|56.97|12.29
4/10/2015|27310039|13|1|1|Mamie|Day|15H003|9|0|418.85|0|0|0|32.04|6.91
4/10/2015|27310039|13|1|1|Mamie|Day|15H007|2|0|93.08|0|0|0|7.12|1.54
4/10/2015|27310039|358|1|1|Marc|Wallace|15H001|28.25|0|444.94|0|0|8.39|26.75|0.53
4/10/2015|27310039|358|1|1|Marc|Wallace|15H009|0|0|0|0|0|3.49|11.12|0.22
4/10/2015|27310039|281|1|1|Marcia|Neal|15005|0|0|0|0|0|0.36|1.15|0.25
4/10/2015|27310039|281|1|1|Marcia|Neal|15S001|3|0|78|0|0|1.87|5.97|1.29
4/10/2015|27310039|281|1|1|Marcia|Neal|15S006|2.5|0|65|0|0|1.56|4.97|1.07
4/10/2015|27310039|281|1|1|Marcia|Neal|15S006|0|2|0|78|0|1.87|5.97|0.86
4/10/2015|27310039|316|1|1|Marguerite|Thornton|15005|0|0|0|0|0|0.28|0.89|0.2
4/10/2015|27310039|316|1|1|Marguerite|Thornton|15H009|0|0|0|0|0|3.65|11.63|2.6
4/10/2015|27310039|316|1|1|Marguerite|Thornton|15H012|0|0|0|0|0|4.86|15.51|3.46
4/10/2015|27310039|314|1|1|Marianne|Baldwin|15005|0|0|0|0|0|0.29|0.91|0.2
4/10/2015|27310039|39|1|1|Marie|Hudson|15H005|30|0|217.5|0|0.32|1.26|4.02|3.59
4/10/2015|27310039|22|1|1|Marion|Scott|15H003|3|0|96.14|0|0|2.1|6.7|1.59
4/10/2015|27310039|18|1|1|Marty|Barnes|15H001|11.5|0|230|0|1.38|5.52|17.6|0.28
4/10/2015|27310039|18|1|1|Marty|Barnes|15S001|11.5|0|230|0|1.38|5.52|17.59|0.28
4/10/2015|27310039|23|1|1|Mary|Waters|15H003|2|0|72.11|0|0|1.61|5.15|1.19
4/10/2015|27310039|23|1|1|Mary|Waters|15H009|0|0|0|0|0|6.45|20.54|4.76
4/10/2015|27310039|401|2|2|Maryann|Cohen|15005|0|0|0|0|0|0.63|1|0.33
4/10/2015|27310039|401|2|2|Maryann|Cohen|15H001B|23|0|598|0|0|25.14|40.07|13.28
4/10/2015|27310039|401|2|2|Maryann|Cohen|15H002B|1|0|26|0|0|1.09|1.74|0.58
4/10/2015|27310039|401|2|2|Maryann|Cohen|15H003B|2|0|52|0|0|2.19|3.49|1.15
4/10/2015|27310039|407|1|1|Maxine|Tyler|15S008|3.5|0|56|0|0.34|1.34|4.3|0.92
4/10/2015|27310039|3|1|1|Melanie|Green|15H001|24|0|1846.2|0|0|0|139.85|2.22
4/10/2015|27310039|3|1|1|Melanie|Green|15H001B|2|0|153.85|0|0|0|11.64|0.18
4/10/2015|27310039|3|1|1|Melanie|Green|15H002|6|0|461.55|0|0|0|34.97|0.55
4/10/2015|27310039|3|1|1|Melanie|Green|15H009|0|0|0|0|0|0|46.62|0.74
4/10/2015|27310039|374|5|5|Melvin|Strickland|15H001|4.5|0|94.5|0|0|2.65|6.16|0.36
4/10/2015|27310039|374|5|5|Melvin|Strickland|15H001R|19.5|0|409.5|0|0|11.47|26.67|1.56
4/10/2015|27310039|374|5|5|Melvin|Strickland|15H006|16|0|336|0|0|9.4|21.87|1.28
4/10/2015|27310039|201|1|1|Michele|Lee|15005|0|0|0|0|0|0.36|1.15|0.25
4/10/2015|27310039|192|5|5|Mike|Briggs|15005|0|0|0|0|0|0.42|1.02|0.64
4/10/2015|27310039|192|5|5|Mike|Briggs|15H002B|20|0|480.77|0|0|13.46|32.83|20.58
4/10/2015|27310039|192|5|5|Mike|Briggs|15H002R|20|0|480.77|0|0|13.46|32.82|20.58
4/10/2015|27310040|192|5|5|Mike|Briggs|15H002R|0|0|0|0|0|0|0|0
4/10/2015|27310039|398|1|1|Mona|Howard|15S005|3|0|36|0|0.18|0.87|2.76|0.59
4/10/2015|27310039|398|1|1|Mona|Howard|15S008|0.5|0|6|0|0.03|0.14|0.46|0.1
4/10/2015|27310039|276|1|1|Morris|Glover|15005|0|0|0|0|0|0.34|1.07|0.25
4/10/2015|27310039|352|1|1|Myra|Vega|15005|0|0|0|0|0|0.31|1|0.25
4/10/2015|27310039|352|1|1|Myra|Vega|15S008|0.5|0|9.5|0|0|0.2|0.64|0.16
4/10/2015|27310039|199|1|1|Nettie|Stevens|15005|0|0|0|0|0|0.33|1.06|0.25
4/10/2015|27310039|199|1|1|Nettie|Stevens|15H003B|0|1|0|53.55|0|1.2|3.8|0.59
4/10/2015|27310039|199|1|1|Nettie|Stevens|15H006|5|0|178.5|0|0|3.97|12.66|2.95
4/10/2015|27310039|199|1|1|Nettie|Stevens|15H006|0|2|0|107.1|0|2.38|7.6|1.18
4/10/2015|27310039|199|1|1|Nettie|Stevens|15H008|3.5|0|124.95|0|0|2.78|8.87|2.06
4/10/2015|27310039|260|1|1|Nichole|Fox|15005|0|0|0|0|0|0.27|0.85|0.2
4/10/2015|27310039|260|1|1|Nichole|Fox|15H009|0|0|0|0|0|4.44|14.15|3.27
4/10/2015|27310039|380|1|1|Preston|Robinson|15005|0|0|0|0|0|0.29|0.93|0.25
4/10/2015|27310039|380|1|1|Preston|Robinson|15S001|1|0|20|0|0|0.39|1.25|0.33
4/10/2015|27310039|380|1|1|Preston|Robinson|15S008|3|0|60|0|0|1.17|3.72|0.99
4/10/2015|27310039|386|1|1|Raquel|Singleton|15H001|11.5|0|138|0|0.83|3.31|10.55|2.28
4/10/2015|27310039|117|1|1|Richard|Wood|15H006|10|0|150|0|0|3.6|11.48|2.48
4/10/2015|27310039|400|1|1|Roberto|Ortega|15005|0|0|0|0|0|0.3|0.96|0.04
4/10/2015|27310039|400|1|1|Roberto|Ortega|15H002|40|0|826.93|0|0|16.71|53.27|2.15
4/10/2015|27310039|7|1|1|Shelia|Keller|15H002|32|0|769.24|0|0|17.35|55.3|12.69
4/10/2015|27310039|7|1|1|Shelia|Keller|15H009|0|0|0|0|0|2.17|6.91|1.59
4/10/2015|27310039|7|1|1|Shelia|Keller|15S002|4|0|96.15|0|0|2.17|6.92|1.59
4/10/2015|27310039|34|1|1|Sheryl|Hill|15H002|2|0|82.79|0|0|0|6.02|1.37
4/10/2015|27310039|34|1|1|Sheryl|Hill|15H003|7|0|289.77|0|0|0|21.08|4.78
4/10/2015|27310039|34|1|1|Sheryl|Hill|15H004|9|0|372.55|0|0|0|27.09|6.15
4/10/2015|27310039|336|1|1|Shirley|Parker|15005|0|0|0|0|0|0.36|1.15|0.25
4/10/2015|27310039|99|1|1|Sue|Riley|15H006|20|0|420|0|0|9.78|31.16|6.93
4/10/2015|27310039|99|1|1|Sue|Riley|15H006|0|0.5|0|15.75|0|0.37|1.17|0.17
4/10/2015|27310039|99|1|1|Sue|Riley|15S006|20|0|420|0|0|9.77|31.15|6.93
4/10/2015|27310039|99|1|1|Sue|Riley|15S006|0|0.5|0|15.75|0|0.36|1.16|0.17
4/10/2015|27310039|25|1|1|Tami|Luna|15H001|18|0|413.82|0|0|8.85|28.22|0.5
4/10/2015|27310039|25|1|1|Tami|Luna|15H009|0|0|0|0|0|0.99|3.14|0.06
4/10/2015|27310039|25|1|1|Tami|Luna|15S001|18|0|413.82|0|0|8.85|28.2|0.5
4/10/2015|27310039|25|1|1|Tami|Luna|15S009|0|0|0|0|0|0.98|3.13|0.06
4/10/2015|27310039|184|1|1|Tammy|Wilkins|15005|0|0|0|0|0|0.33|1.06|0.25
4/10/2015|27310039|320|1|1|Terry|Moreno|15005|0|0|0|0|0|0.21|0.69|0.15
4/10/2015|27310039|320|1|1|Terry|Moreno|15H002|8|0|286.54|0|0|6.88|21.92|4.73
4/10/2015|27310039|320|1|1|Terry|Moreno|15H003|8|0|286.54|0|0|6.87|21.92|4.73
4/10/2015|27310039|320|1|1|Terry|Moreno|15H009|0|0|0|0|0|13.76|43.84|9.46
4/10/2015|27310039|343|1|1|Tommy|Graves|15005|0|0|0|0|0|0.31|0.97|0.25
4/10/2015|27310039|343|1|1|Tommy|Graves|15H006|2.5|0|57.5|0|0|1.17|3.73|0.95
4/10/2015|27310039|399|1|1|Yvette|Miller|15005|0|0|0|0|0|0.34|1.1|0.04
4/10/2015|27310039|399|1|1|Yvette|Miller|15S002|40|0|865.39|0|0|19.86|63.27|2.25
4/14/2015|27310041|405|1|1|Lynn|Perkins|15H001|20|0|340|0|0|6.76|21.56|5.61
4/14/2015|27310041|405|1|1|Lynn|Perkins|15H001|0|4|0|102|0|2.03|6.47|1.12
4/14/2015|27310041|405|1|1|Lynn|Perkins|15S001|20|0|340|0|0|6.77|21.57|5.61
4/17/2015|27310042|195|1|1|Al|Ramos|15005|0|0|0|0|0|0.05|1.07|0.04
4/17/2015|27310042|195|1|1|Al|Ramos|15H002|42|0|1157.15|0|0|3.77|82.76|3.01
4/17/2015|27310042|404|1|1|Alberta|Gill|15H008|19|0|411.06|0|0|9.69|30.89|6.78
4/17/2015|27310042|106|1|1|Allan|Wood|15005|0|0|0|0|0|0.36|1.15|0.25
4/17/2015|27310042|106|1|1|Allan|Wood|15H001|20|0|442.5|0|0|10.62|33.86|7.3
4/17/2015|27310042|106|1|1|Allan|Wood|15S001|20|0|442.5|0|0|10.62|33.84|7.3
4/17/2015|27310042|304|1|1|Allen|Price|15H008|2|0|46|0|0|1.05|3.33|0.76
4/17/2015|27310042|274|1|1|Angel|Watts|15005|0|0|0|0|0|0.36|1.15|0.25
4/17/2015|27310042|1|1|1|Antonio|Torres|15H001|17|0|496.24|0|0|10.45|33.32|0.6
4/17/2015|27310042|1|1|1|Antonio|Torres|15S001|16|0|467.05|0|0|9.84|31.36|0.56
4/17/2015|27310042|259|1|1|Beulah|Gibbs|15005|0|0|0|0|0|0.34|1.1|0.25
4/17/2015|27310042|259|1|1|Beulah|Gibbs|15S004|8.5|0|218.88|0|0|5.05|16.1|3.61
4/17/2015|27310042|259|1|1|Beulah|Gibbs|15S008|1.5|0|38.63|0|0|0.89|2.84|0.64
4/17/2015|27310042|168|1|1|Brittany|Carlson|15005|0|0|0|0|0|0.35|1.11|0.25
4/17/2015|27310042|168|1|1|Brittany|Carlson|15H001SG|6|0|225|0|0|5.23|16.68|3.71
4/17/2015|27310042|168|1|1|Brittany|Carlson|15H002SG|2|0|75|0|0|1.75|5.57|1.24
4/17/2015|27310042|249|1|1|Cary|Foster|15S002|32|0|1307.68|0|0|29.37|93.6|21.58
4/17/2015|27310043|249|1|1|Cary|Foster|15S002|0|0|0|0|0|0|0|0
4/17/2015|27310042|249|1|1|Cary|Foster|15S004|3|0|122.59|0|0|2.75|8.79|2.02
4/17/2015|27310042|179|1|1|Cassandra|Poole|15005|0|0|0|0|0|0.07|0.21|0.05
4/17/2015|27310042|179|1|1|Cassandra|Poole|15H004|10|0|412.09|0|0|9.23|29.43|6.8
4/17/2015|27310042|179|1|1|Cassandra|Poole|15H009|0|0|0|0|0|29.54|94.16|21.76
4/17/2015|27310042|368|1|1|Cesar|Greene|15005|0|0|0|0|0|0.33|1.05|0.25
4/17/2015|27310042|368|1|1|Cesar|Greene|15S008|2|0|49|0|0|1.07|3.4|0.81
4/17/2015|27310042|27|1|1|Cindy|Lunt|15005|0|0|0|0|0|0.33|1.05|0.25
4/17/2015|27310042|27|1|1|Cindy|Lunt|15S001|11|0|335.5|0|0|7.35|23.45|5.54
4/17/2015|27310042|27|1|1|Cindy|Lunt|15S001|0|3|0|137.25|0|3.01|9.58|1.51
4/17/2015|27310042|27|1|1|Cindy|Lunt|15S002|6|0|183|0|0|4.01|12.78|3.02
4/17/2015|27310042|27|1|1|Cindy|Lunt|15S004|3|0|91.5|0|0|2.01|6.39|1.51
4/17/2015|27310042|27|1|1|Cindy|Lunt|15S004|0|1|0|45.75|0|1|3.21|0.5
4/17/2015|27310042|27|1|1|Cindy|Lunt|15S006|2|0|61|0|0|1.34|4.27|1.01
4/17/2015|27310042|27|1|1|Cindy|Lunt|15S008|1|0|30.5|0|0|0.67|2.13|0.5
4/17/2015|27310042|239|1|1|Clarence|Padilla|15H001|18.75|0|408.19|0|0|9.36|29.82|0.49
4/17/2015|27310042|239|1|1|Clarence|Padilla|15H001|0|4.5|0|146.95|0|3.37|10.73|0.12
4/17/2015|27310042|239|1|1|Clarence|Padilla|15S001|18.75|0|408.19|0|0|9.35|29.82|0.49
4/17/2015|27310042|239|1|1|Clarence|Padilla|15S001|0|4.25|0|138.78|0|3.18|10.14|0.11
4/17/2015|27310042|239|1|1|Clarence|Padilla|15S002|2|0|43.54|0|0|1|3.19|0.05
4/17/2015|27310042|239|1|1|Clarence|Padilla|15S007|0.5|0|10.88|0|0|0.25|0.79|0.01
4/17/2015|27310042|38|1|1|Conrad|Walker|15005|0|0|0|0|0|0|1.12|0.04
4/17/2015|27310042|38|1|1|Conrad|Walker|15H002|48|0|1634.54|0|0|0|122.44|4.25
4/17/2015|27310042|169|1|1|Cornelius|Gibson|15005|0|0|0|0|0|0.35|1.11|0.25
4/17/2015|27310042|169|1|1|Cornelius|Gibson|15H004|4|0|131|0|0|3.04|9.69|2.16
4/17/2015|27310042|169|1|1|Cornelius|Gibson|15H008|1|0|32.75|0|0|0.76|2.42|0.54
4/17/2015|27310042|44|4|4|Dale|Hamilton|15001|40|0|3850|0|0|0|294.53|4.62
4/17/2015|27310042|396|5|5|Darryl|Burgess|15005|0|0|0|0|0|0.42|1.15|0.64
4/17/2015|27310042|396|5|5|Darryl|Burgess|15H001R|1|0|32|0|0|0.9|2.44|1.37
4/17/2015|27310042|396|5|5|Darryl|Burgess|15H004R|4|0|128|0|0|3.58|9.8|5.48
4/17/2015|27310042|204|1|1|Deborah|Bennett|15005|0|0|0|0|0|0.34|1.08|0.25
4/17/2015|27310042|53|1|1|Delia|Lopez|15005|0|0|0|0|0|0.33|1.05|0.25
4/17/2015|27310042|15|1|1|Don|Young|15005|0|0|0|0|0|0.32|1.02|0.25
4/17/2015|27310042|15|1|1|Don|Young|15H009|0|0|0|0|0|2.95|9.42|2.28
4/17/2015|27310042|11|1|1|Earnest|Drake|15005|0|0|0|0|0|0.35|1.11|0.25
4/17/2015|27310042|11|1|1|Earnest|Drake|15H004|6|0|227.89|0|0|5.28|16.85|3.76
4/17/2015|27310042|20|1|1|Ed|Craig|15S002|28.5|0|823.22|0|0|17.44|55.61|2.14
4/17/2015|27310042|20|1|1|Ed|Craig|15S009|0|0|0|0|0|2.14|6.82|0.26
4/17/2015|27310042|20|1|1|Ed|Craig|15S012|0|0|0|0|0|4.9|15.61|0.6
4/17/2015|27310042|180|1|1|Elisa|Warren|15005|0|0|0|0|0|0.12|0.38|0.1
4/17/2015|27310042|180|1|1|Elisa|Warren|15H006|3.5|0|81.38|0|0|1.66|5.28|1.34
4/17/2015|27310042|180|1|1|Elisa|Warren|15H006|0|2|0|69.75|0|1.42|4.52|0.77
4/17/2015|27310042|180|1|1|Elisa|Warren|15H008|1.5|0|34.88|0|0|0.71|2.27|0.58
4/17/2015|27310042|180|1|1|Elisa|Warren|15H009|0|0|0|0|0|11.36|36.22|9.21
4/17/2015|27310042|45|4|4|Ernesto|Todd|15002|40|0|4225.64|0|0|0|310.92|5.07
4/17/2015|27310042|375|1|1|Fannie|Parks|15005|0|0|0|0|0|0.14|0.46|0.1
4/17/2015|27310042|375|1|1|Fannie|Parks|15S004|8|0|176|0|0|4.22|13.46|2.9
4/17/2015|27310042|375|1|1|Fannie|Parks|15S009|0|0|0|0|0|11.09|35.34|7.62
4/17/2015|27310042|19|1|1|Frank|Diaz|15S006|3|0|81|0|0|1.87|5.97|1.34
4/17/2015|27310042|381|1|1|Frankie|Mcdaniel|15005|0|0|0|0|0|0.33|1.04|0.04
4/17/2015|27310042|381|1|1|Frankie|Mcdaniel|15S002|40|0|865.39|0|0|18.86|60.11|2.25
4/17/2015|27310042|133|1|1|Geneva|Moody|15005|0|0|0|0|0|0.34|1.09|0.25
4/17/2015|27310042|133|1|1|Geneva|Moody|15S004|8|0|238|0|0|5.4|17.21|3.93
4/17/2015|27310042|406|1|1|Grant|Daniel|15H001|15.25|0|806.5|0|0|19.36|61.69|0.97
4/17/2015|27310042|406|1|1|Grant|Daniel|15H002|7.25|0|383.41|0|0|9.2|29.33|0.46
4/17/2015|27310042|406|1|1|Grant|Daniel|15H004|1|0|52.88|0|0|1.27|4.05|0.06
4/17/2015|27310042|406|1|1|Grant|Daniel|15H006|16.5|0|872.59|0|0|20.94|66.75|1.05
4/17/2015|27310042|402|5|5|Gwendolyn|Alvarado|15005|0|0|0|0|0|0.42|1.05|0.64
4/17/2015|27310042|402|5|5|Gwendolyn|Alvarado|15H001R|1|0|18|0|0|0.5|1.26|0.77
4/17/2015|27310042|402|5|5|Gwendolyn|Alvarado|15H008R|14.5|0|261|0|0|7.31|18.16|11.17
4/17/2015|27310042|194|1|1|Hector|Wright|15H008|2|0|45|0|0|0.89|2.83|0.74
4/17/2015|27310042|203|1|1|Helen|Paul|15005|0|0|0|0|0|0|1.49|0.03
4/17/2015|27310042|203|1|1|Helen|Paul|15H001|10|0|648.12|0|0|0|46.08|0.78
4/17/2015|27310042|203|1|1|Helen|Paul|15H006|10|0|648.11|0|0|0|46.08|0.78
4/17/2015|27310042|203|1|1|Helen|Paul|15S001|10|0|648.12|0|0|0|46.08|0.78
4/17/2015|27310042|203|1|1|Helen|Paul|15S006|10|0|648.11|0|0|0|46.08|0.78
4/17/2015|27310042|357|1|1|Stanley|Peterson|15005|0|0|0|0|0|0.31|0.99|0.25
4/17/2015|27310042|357|1|1|Stanley|Peterson|15S006|3|0|60|0|0|1.25|3.97|0.99
4/17/2015|27310042|357|1|1|Stanley|Peterson|15S006|0|2|0|60|0|1.25|3.98|0.66
4/17/2015|27310042|357|1|1|Stanley|Peterson|15S008|1|0|20|0|0|0.41|1.33|0.33
4/17/2015|27310042|269|1|1|Jo|Manning|15005|0|0|0|0|0|0.34|1.07|0.25
4/17/2015|27310042|269|1|1|Jo|Manning|15H004SG|6|0|168|0|0|3.77|12.03|2.77
4/17/2015|27310042|269|1|1|Jo|Manning|15H004SG|0|3|0|126|0|2.83|9.02|1.39
4/17/2015|27310042|248|1|1|Jodi|Powers|15H001|18|0|369|0|0|7.79|24.84|0.44
4/17/2015|27310042|248|1|1|Jodi|Powers|15H009|0|0|0|0|0|0.86|2.76|0.05
4/17/2015|27310042|248|1|1|Jodi|Powers|15S001|18|0|369|0|0|7.8|24.84|0.44
4/17/2015|27310042|248|1|1|Jodi|Powers|15S009|0|0|0|0|0|0.87|2.76|0.05
4/17/2015|27310042|30|1|1|Joe|Perry|15H002|2.5|0|60.92|0|0|1.23|3.92|0.07
4/17/2015|27310042|30|1|1|Joe|Perry|15H003|5|0|121.85|0|0|2.46|7.85|0.15
4/17/2015|27310042|30|1|1|Joe|Perry|15H009|0|0|0|0|0|5.91|18.83|0.35
4/17/2015|27310042|403|1|1|Joyce|Ferguson|15S008|2|0|34|0|0|0.64|2.04|0.56
4/17/2015|27310042|376|1|1|Katie|Hodges|15H008|2|0|37.4|0|0|0.85|2.71|0.62
4/17/2015|27310042|6|1|1|Kelly|Murray|15005|0|0|0|0|0|0.21|0.66|0.15
4/17/2015|27310042|6|1|1|Kelly|Murray|15H009|0|0|0|0|0|8.14|25.96|5.81
4/17/2015|27310042|37|1|1|Kirk|Byrd|15H009|0|0|0|0|0|8.43|26.86|6.47
4/17/2015|27310042|37|1|1|Kirk|Byrd|15H012|0|0|0|0|0|4.21|13.44|3.23
4/17/2015|27310042|35|1|1|Leonard|Wong|15H002|40|0|1153.85|0|0|0|81.53|3
4/17/2015|27310043|35|1|1|Leonard|Wong|15H002|0|0|0|0|0|0|0|0
4/17/2015|27310042|287|2|2|Levi|Christensen|15H001|6|0|85.5|0|0|3.89|6.21|0.21
4/17/2015|27310042|287|2|2|Levi|Christensen|15H001B|17|0|242.25|0|0|11.03|17.59|0.61
4/17/2015|27310042|287|2|2|Levi|Christensen|15H006B|17|0|242.25|0|0|11.04|17.58|0.61
4/17/2015|27310042|153|1|1|Lynne|Soto|15005|0|0|0|0|0|0.07|0.21|0.05
4/17/2015|27310042|13|1|1|Mamie|Day|15H002|13|0|605|0|0|0|46.29|9.98
4/17/2015|27310042|13|1|1|Mamie|Day|15H003|7|0|325.77|0|0|0|24.92|5.38
4/17/2015|27310042|13|1|1|Mamie|Day|15H007|6|0|279.23|0|0|0|21.35|4.61
4/17/2015|27310042|358|1|1|Marc|Wallace|15H001|32|0|504|0|0|9.5|30.29|0.6
4/17/2015|27310042|358|1|1|Marc|Wallace|15H009|0|0|0|0|0|2.38|7.58|0.15
4/17/2015|27310042|281|1|1|Marcia|Neal|15005|0|0|0|0|0|0.36|1.15|0.25
4/17/2015|27310042|281|1|1|Marcia|Neal|15S001|2|0|52|0|0|1.25|3.97|0.86
4/17/2015|27310042|314|1|1|Marianne|Baldwin|15005|0|0|0|0|0|0.36|1.15|0.25
4/17/2015|27310042|39|1|1|Marie|Hudson|15H005|30|0|217.5|0|0.32|1.26|4.02|3.59
4/17/2015|27310042|22|1|1|Marion|Scott|15H003|4|0|117.05|0|0|2.56|8.16|1.93
4/17/2015|27310042|18|1|1|Marty|Barnes|15H001|11.5|0|230|0|0.3|5.52|17.6|0.28
4/17/2015|27310042|18|1|1|Marty|Barnes|15S001|11.5|0|230|0|0.3|5.52|17.59|0.28
4/17/2015|27310042|23|1|1|Mary|Waters|15H003|2|0|72.11|0|0|1.61|5.13|1.19
4/17/2015|27310042|401|2|2|Maryann|Cohen|15005|0|0|0|0|0|0.64|1.03|0.33
4/17/2015|27310042|401|2|2|Maryann|Cohen|15H001B|13|0|338|0|0|14.47|23.06|7.5
4/17/2015|27310042|401|2|2|Maryann|Cohen|15H003B|11|0|286|0|0|12.24|19.51|6.35
4/17/2015|27310042|407|1|1|Maxine|Tyler|15S008|2|0|32|0|0.19|0.77|2.44|0.53
4/17/2015|27310042|3|1|1|Melanie|Green|15H001|40|0|3077|0|0|0|233.08|3.69
4/17/2015|27310042|374|5|5|Melvin|Strickland|15H001|4.5|0|94.5|0|0|2.65|6.15|0.36
4/17/2015|27310042|374|5|5|Melvin|Strickland|15H001R|14|0|294|0|0|8.23|19.15|1.12
4/17/2015|27310042|374|5|5|Melvin|Strickland|15H006|13|0|273|0|0|7.64|17.78|1.04
4/17/2015|27310042|374|5|5|Melvin|Strickland|15H006R|0.5|0|10.5|0|0|0.3|0.68|0.04
4/17/2015|27310042|374|5|5|Melvin|Strickland|15H009R|0|0|0|0|0|4.7|10.94|0.64
4/17/2015|27310042|201|1|1|Michele|Lee|15005|0|0|0|0|0|0.29|0.91|0.2
4/17/2015|27310042|201|1|1|Michele|Lee|15H008|2|0|63|0|0|1.51|4.82|1.04
4/17/2015|27310042|201|1|1|Michele|Lee|15H009|0|0|0|0|0|6.05|19.29|4.16
4/17/2015|27310042|192|5|5|Mike|Briggs|15005|0|0|0|0|0|0.34|0.81|0.51
4/17/2015|27310042|192|5|5|Mike|Briggs|15H002B|8|0|192.31|0|0|5.38|13.13|8.23
4/17/2015|27310042|192|5|5|Mike|Briggs|15H002R|32|0|769.23|0|0|21.54|52.5|32.92
4/17/2015|27310042|398|1|1|Mona|Howard|15S005|4.5|0|54|0|0|1.3|4.13|0.89
4/17/2015|27310042|398|1|1|Mona|Howard|15S008|0.5|0|6|0|0|0.14|0.46|0.1
4/17/2015|27310042|352|1|1|Myra|Vega|15S008|2|0|38|0|0|0.84|2.67|0.63
4/17/2015|27310042|199|1|1|Nettie|Stevens|15H009|0|0|0|0|0|30.92|98.56|23.56
4/17/2015|27310042|260|1|1|Nichole|Fox|15005|0|0|0|0|0|0.34|1.07|0.25
4/17/2015|27310042|260|1|1|Nichole|Fox|15H008|2|0|49.5|0|0|1.11|3.54|0.82
4/17/2015|27310042|380|1|1|Preston|Robinson|15005|0|0|0|0|0|0.3|0.94|0.25
4/17/2015|27310042|380|1|1|Preston|Robinson|15S001|2|0|40|0|0|0.79|2.52|0.66
4/17/2015|27310042|181|1|1|Ramona|Myers|15H003|2|0|58.55|0|0|1.4|4.48|0.97
4/17/2015|27310042|386|1|1|Raquel|Singleton|15H002|1|0|12|0|0.08|0.29|0.91|0.2
4/17/2015|27310042|408|1|1|Renee|Armstrong|15H008|2|0|30|0|0.18|0.72|2.3|0.49
4/17/2015|27310042|117|1|1|Richard|Wood|15H003|1.5|0|37.5|0|0|0.81|2.59|0.62
4/17/2015|27310042|117|1|1|Richard|Wood|15H006|10|0|150|0|0|3.6|11.48|2.48
4/17/2015|27310042|117|1|1|Richard|Wood|15H008|1|0|25|0|0|0.54|1.72|0.41
4/17/2015|27310042|400|1|1|Roberto|Ortega|15H002|18|0|372.12|0|0|6.38|20.33|0.97
4/17/2015|27310042|400|1|1|Roberto|Ortega|15H009|0|0|0|0|0|1.59|5.08|0.24
4/17/2015|27310042|409|1|1|Sally|Bailey|15H008|2|0|49|0|0.29|1.18|3.75|0.81
4/17/2015|27310042|367|1|1|Samuel|Harper|15H008|2|0|26|0|0.15|0.61|1.95|0.43
4/17/2015|27310042|7|1|1|Shelia|Keller|15H002|40|0|961.54|0|0|21.69|69.13|15.87
4/17/2015|27310042|34|1|1|Sheryl|Hill|15H002|2|0|93.94|0|0|0|6.84|1.55
4/17/2015|27310042|34|1|1|Sheryl|Hill|15H003|8|0|375.74|0|0|0|27.33|6.2
4/17/2015|27310042|34|1|1|Sheryl|Hill|15H004|4|0|187.86|0|0|0|13.66|3.1
4/17/2015|27310042|34|1|1|Sheryl|Hill|15H008|2|0|93.94|0|0|0|6.83|1.55
4/17/2015|27310042|34|1|1|Sheryl|Hill|15S002|2|0|93.94|0|0|0|6.82|1.55
4/17/2015|27310042|336|1|1|Shirley|Parker|15005|0|0|0|0|0|0.21|0.68|0.15
4/17/2015|27310042|336|1|1|Shirley|Parker|15H008|2|0|49|0|0|1.18|3.75|0.81
4/17/2015|27310042|336|1|1|Shirley|Parker|15H009|0|0|0|0|0|9.41|29.99|6.47
4/17/2015|27310042|345|1|1|Sidney|Hansen|15H008|1.5|0|34.5|0|0|0.83|2.64|0.57
4/17/2015|27310042|99|1|1|Sue|Riley|15H006|20|0|420|0|0|9.76|31.1|6.93
4/17/2015|27310042|99|1|1|Sue|Riley|15S006|20|0|420|0|0|9.76|31.12|6.93
4/17/2015|27310042|25|1|1|Tami|Luna|15H001|22.5|0|459.8|0|0|9.84|31.35|0.55
4/17/2015|27310042|25|1|1|Tami|Luna|15S001|22.5|0|459.8|0|0|9.83|31.34|0.55
4/17/2015|27310042|184|1|1|Tammy|Wilkins|15005|0|0|0|0|0|0.33|1.06|0.25
4/17/2015|27310042|184|1|1|Tammy|Wilkins|15H002|2|0|60.07|0|0|1.34|4.26|0.99
4/17/2015|27310042|184|1|1|Tammy|Wilkins|15H003|3|0|90.1|0|0|2|6.38|1.49
4/17/2015|27310042|320|1|1|Terry|Moreno|15005|0|0|0|0|0|0.36|1.15|0.25
4/17/2015|27310042|320|1|1|Terry|Moreno|15H002|8|0|286.54|0|0|6.88|21.93|4.73
4/17/2015|27310042|343|1|1|Tommy|Graves|15005|0|0|0|0|0|0.3|0.96|0.25
4/17/2015|27310042|343|1|1|Tommy|Graves|15H001|1.5|0|34.5|0|0|0.7|2.22|0.57
4/17/2015|27310042|343|1|1|Tommy|Graves|15H006|3.5|0|80.5|0|0|1.62|5.18|1.33
4/17/2015|27310042|343|1|1|Tommy|Graves|15H008|1.5|0|34.5|0|0|0.7|2.22|0.57
4/17/2015|27310042|399|1|1|Yvette|Miller|15005|0|0|0|0|0|0.34|1.1|0.04
4/17/2015|27310042|399|1|1|Yvette|Miller|15S002|40|0|865.39|0|0|19.86|63.27|2.25
4/24/2015|27310045|195|1|1|Al|Ramos|15005|0|0|0|0|0|0|1.07|0.04
4/24/2015|27310045|195|1|1|Al|Ramos|15H002|40|0|1157.15|0|0|0|82.76|3.01
4/24/2015|27310045|404|1|1|Alberta|Gill|15H008|21|0|454.34|0|0|10.71|34.14|7.5
4/24/2015|27310045|106|1|1|Allan|Wood|15005|0|0|0|0|0|0.36|1.15|0.25
4/24/2015|27310045|106|1|1|Allan|Wood|15H001|20|0|442.5|0|0|10.62|33.86|7.3
4/24/2015|27310045|106|1|1|Allan|Wood|15S001|20|0|442.5|0|0|10.62|33.84|7.3
4/24/2015|27310045|304|1|1|Allen|Price|15H009|0|0|0|0|0|1.56|4.98|1.14
4/24/2015|27310045|274|1|1|Angel|Watts|15005|0|0|0|0|0|0.14|0.46|0.1
4/24/2015|27310045|274|1|1|Angel|Watts|15H009|0|0|0|0|0|9.98|31.83|6.86
4/24/2015|27310045|274|1|1|Angel|Watts|15H012|0|0|0|0|0|5|15.91|3.43
4/24/2015|27310045|1|1|1|Antonio|Torres|15H001|17|0|496.24|0|0|10.45|33.32|0.6
4/24/2015|27310045|1|1|1|Antonio|Torres|15S001|16|0|467.05|0|0|9.84|31.36|0.56
4/24/2015|27310045|259|1|1|Beulah|Gibbs|15005|0|0|0|0|0|0.35|1.11|0.25
4/24/2015|27310045|259|1|1|Beulah|Gibbs|15S004|7|0|180.25|0|0|4.18|13.33|2.97
4/24/2015|27310045|259|1|1|Beulah|Gibbs|15S008|0.5|0|12.88|0|0|0.3|0.95|0.21
4/24/2015|27310045|168|1|1|Brittany|Carlson|15005|0|0|0|0|0|0.35|1.11|0.25
4/24/2015|27310045|168|1|1|Brittany|Carlson|15H001SG|4|0|150|0|0|3.48|11.12|2.48
4/24/2015|27310045|249|1|1|Cary|Foster|15S002|32|0|1307.7|0|0|29.37|93.6|21.58
4/24/2015|27310046|249|1|1|Cary|Foster|15S002|0|0|0|0|0|0|0|0
4/24/2015|27310045|249|1|1|Cary|Foster|15S004|8|0|326.92|0|0|7.34|23.41|5.39
4/24/2015|27310045|179|1|1|Cassandra|Poole|15005|0|0|0|0|0|0.33|1.07|0.25
4/24/2015|27310045|179|1|1|Cassandra|Poole|15H002|6|0|233.37|0|0|5.23|16.67|3.85
4/24/2015|27310045|179|1|1|Cassandra|Poole|15H004|14|0|544.51|0|0|12.21|38.9|8.98
4/24/2015|27310045|368|1|1|Cesar|Greene|15005|0|0|0|0|0|0.33|1.04|0.25
4/24/2015|27310045|368|1|1|Cesar|Greene|15S008|1.5|0|36.75|0|0|0.8|2.55|0.61
4/24/2015|27310045|27|1|1|Cindy|Lunt|15005|0|0|0|0|0|0.33|1.05|0.25
4/24/2015|27310045|27|1|1|Cindy|Lunt|15S001|4.5|0|137.25|0|0|3|9.55|2.26
4/24/2015|27310045|27|1|1|Cindy|Lunt|15S002|3|0|91.5|0|0|2|6.37|1.51
4/24/2015|27310045|27|1|1|Cindy|Lunt|15S002|0|1|0|45.75|0|1|3.18|0.5
4/24/2015|27310045|27|1|1|Cindy|Lunt|15S004|2|0|61|0|0|1.33|4.25|1.01
4/24/2015|27310045|27|1|1|Cindy|Lunt|15S004|0|1.5|0|68.63|0|1.5|4.79|0.75
4/24/2015|27310045|27|1|1|Cindy|Lunt|15S006|2.5|0|76.25|0|0|1.67|5.32|1.26
4/24/2015|27310045|239|1|1|Clarence|Padilla|15H001|17.25|0|375.53|0|0|8.54|27.23|0.45
4/24/2015|27310045|239|1|1|Clarence|Padilla|15H001|0|2|0|65.31|0|1.49|4.74|0.05
4/24/2015|27310045|239|1|1|Clarence|Padilla|15S001|17.25|0|375.53|0|0|8.55|27.25|0.45
4/24/2015|27310045|239|1|1|Clarence|Padilla|15S001|0|2|0|65.31|0|1.48|4.74|0.05
4/24/2015|27310045|239|1|1|Clarence|Padilla|15S002|1.25|0|27.21|0|0|0.62|1.97|0.03
4/24/2015|27310045|239|1|1|Clarence|Padilla|15S007|4.25|0|92.52|0|0|2.1|6.7|0.11
4/24/2015|27310045|38|1|1|Conrad|Walker|15005|0|0|0|0|0|0|1.12|0.04
4/24/2015|27310045|38|1|1|Conrad|Walker|15H002|25|0|817.27|0|0|0|61.22|2.12
4/24/2015|27310045|38|1|1|Conrad|Walker|15S002|25|0|817.27|0|0|0|61.22|2.12
4/24/2015|27310045|169|1|1|Cornelius|Gibson|15005|0|0|0|0|0|0.35|1.11|0.25
4/24/2015|27310045|169|1|1|Cornelius|Gibson|15H004|4|0|131|0|0|3.04|9.69|2.16
4/24/2015|27310045|169|1|1|Cornelius|Gibson|15H009|0|0|0|0|0|0.76|2.42|0.54
4/24/2015|27310045|44|4|4|Dale|Hamilton|15001|40|0|3850|0|0|0|294.53|4.62
4/24/2015|27310045|396|5|5|Darryl|Burgess|15005|0|0|0|0|0|0.42|1.15|0.64
4/24/2015|27310045|396|5|5|Darryl|Burgess|15H001R|1|0|32|0|0|0.9|2.44|1.37
4/24/2015|27310045|396|5|5|Darryl|Burgess|15H004R|3|0|96|0|0|2.68|7.36|4.11
4/24/2015|27310045|204|1|1|Deborah|Bennett|15005|0|0|0|0|0|0.34|1.08|0.25
4/24/2015|27310045|53|1|1|Delia|Lopez|15005|0|0|0|0|0|0.26|0.84|0.2
4/24/2015|27310045|53|1|1|Delia|Lopez|15H009|0|0|0|0|0|4.4|14.03|3.3
4/24/2015|27310045|15|1|1|Don|Young|15005|0|0|0|0|0|0.32|1.02|0.25
4/24/2015|27310045|11|1|1|Earnest|Drake|15005|0|0|0|0|0|0.35|1.11|0.25
4/24/2015|27310045|11|1|1|Earnest|Drake|15H004|4|0|148.22|0|0|3.43|10.96|2.45
4/24/2015|27310045|20|1|1|Ed|Craig|15S002|39.5|0|1155.39|0|0|24.48|78.04|3
4/24/2015|27310045|180|1|1|Elisa|Warren|15005|0|0|0|0|0|0.24|0.76|0.2
4/24/2015|27310045|180|1|1|Elisa|Warren|15H006|3.5|0|81.38|0|0|1.64|5.22|1.34
4/24/2015|27310045|180|1|1|Elisa|Warren|15H009|0|0|0|0|0|3.74|11.94|3.07
4/24/2015|27310045|45|4|4|Ernesto|Todd|15002|40|0|4225.64|0|0|0|310.92|5.07
4/24/2015|27310045|375|1|1|Fannie|Parks|15005|0|0|0|0|0|0.29|0.91|0.2
4/24/2015|27310045|375|1|1|Fannie|Parks|15S004|5.5|0|121|0|0|2.9|9.25|2
4/24/2015|27310045|375|1|1|Fannie|Parks|15S009|0|0|0|0|0|1.58|5.06|1.09
4/24/2015|27310045|19|1|1|Frank|Diaz|15S006|2|0|54|0|0|1.25|3.99|0.89
4/24/2015|27310045|381|1|1|Frankie|Mcdaniel|15005|0|0|0|0|0|0.33|1.04|0.04
4/24/2015|27310045|381|1|1|Frankie|Mcdaniel|15S002|40|0|865.39|0|0|18.86|60.11|2.25
4/24/2015|27310045|133|1|1|Geneva|Moody|15005|0|0|0|0|0|0.34|1.07|0.25
4/24/2015|27310045|133|1|1|Geneva|Moody|15S004|8|0|238|0|0|5.38|17.15|3.93
4/24/2015|27310045|133|1|1|Geneva|Moody|15S009|0|0|0|0|0|1.34|4.3|0.98
4/24/2015|27310045|406|1|1|Grant|Daniel|15H001|9.25|0|409.79|0|0|9.84|31.35|0.49
4/24/2015|27310045|406|1|1|Grant|Daniel|15H002|8.5|0|376.56|0|0|9.03|28.8|0.45
4/24/2015|27310045|406|1|1|Grant|Daniel|15H003|11|0|487.31|0|0|11.7|37.28|0.58
4/24/2015|27310045|406|1|1|Grant|Daniel|15H004|1|0|44.3|0|0|1.06|3.39|0.05
4/24/2015|27310045|406|1|1|Grant|Daniel|15H006|18|0|797.42|0|0|19.14|61|0.96
4/24/2015|27310045|402|5|5|Gwendolyn|Alvarado|15005|0|0|0|0|0|0.42|1.05|0.64
4/24/2015|27310045|402|5|5|Gwendolyn|Alvarado|15H001R|1|0|18|0|0|0.5|1.26|0.77
4/24/2015|27310045|402|5|5|Gwendolyn|Alvarado|15H008R|14|0|252|0|0|7.06|17.68|10.79
4/24/2015|27310045|203|1|1|Helen|Paul|15005|0|0|0|0|0|0|1.49|0.03
4/24/2015|27310045|203|1|1|Helen|Paul|15H001|6|0|388.86|0|0|0|27.65|0.47
4/24/2015|27310045|203|1|1|Helen|Paul|15H001B|4|0|259.25|0|0|0|18.43|0.31
4/24/2015|27310045|203|1|1|Helen|Paul|15H006|6|0|388.87|0|0|0|27.65|0.47
4/24/2015|27310045|203|1|1|Helen|Paul|15H006B|4|0|259.25|0|0|0|18.43|0.31
4/24/2015|27310045|203|1|1|Helen|Paul|15S001|6|0|388.86|0|0|0|27.64|0.47
4/24/2015|27310045|203|1|1|Helen|Paul|15S001B|4|0|259.25|0|0|0|18.43|0.31
4/24/2015|27310045|203|1|1|Helen|Paul|15S006|6|0|388.87|0|0|0|27.65|0.47
4/24/2015|27310045|203|1|1|Helen|Paul|15S006B|4|0|259.25|0|0|0|18.44|0.31
4/24/2015|27310045|357|1|1|Stanley|Peterson|15005|0|0|0|0|0|0.32|1|0.25
4/24/2015|27310045|357|1|1|Stanley|Peterson|15S006|4.5|0|90|0|0|1.88|5.99|1.49
4/24/2015|27310045|357|1|1|Stanley|Peterson|15S006|0|2|0|60|0|1.25|3.99|0.66
4/24/2015|27310045|269|1|1|Jo|Manning|15005|0|0|0|0|0|0.34|1.07|0.25
4/24/2015|27310045|269|1|1|Jo|Manning|15H004SG|4|0|112|0|0|2.52|8.04|1.85
4/24/2015|27310045|269|1|1|Jo|Manning|15H004SG|0|2|0|84|0|1.89|6.03|0.92
4/24/2015|27310045|248|1|1|Jodi|Powers|15H001|19.25|0|394.63|0|0|8.34|26.56|0.47
4/24/2015|27310045|248|1|1|Jodi|Powers|15H009|0|0|0|0|0|0.33|1.03|0.02
4/24/2015|27310045|248|1|1|Jodi|Powers|15S001|19.25|0|394.63|0|0|8.33|26.57|0.47
4/24/2015|27310045|248|1|1|Jodi|Powers|15S009|0|0|0|0|0|0.32|1.04|0.02
4/24/2015|27310045|30|1|1|Joe|Perry|15H002|4|0|97.47|0|0|1.97|6.28|0.12
4/24/2015|27310045|30|1|1|Joe|Perry|15H003|3|0|73.1|0|0|1.48|4.71|0.09
4/24/2015|27310045|30|1|1|Joe|Perry|15H009|0|0|0|0|0|1.97|6.28|0.12
4/24/2015|27310045|30|1|1|Joe|Perry|15S002|1|0|24.37|0|0|0.49|1.57|0.03
4/24/2015|27310045|30|1|1|Joe|Perry|15S003|2|0|48.73|0|0|0.98|3.14|0.06
4/24/2015|27310045|403|1|1|Joyce|Ferguson|15S008|1.5|0|25.5|0|0|0.48|1.54|0.42
4/24/2015|27310045|376|1|1|Katie|Hodges|15005|0|0|0|0|0|0.34|1.09|0.25
4/24/2015|27310045|210|2|2|Kenny|Robertson|15H006B|1|0|23.78|0|0|1.14|1.81|0.53
4/24/2015|27310045|35|1|1|Leonard|Wong|15H002|40|0|1153.85|0|0|0|81.53|3
4/24/2015|27310045|287|2|2|Levi|Christensen|15H001|5|0|71.25|0|0|3.25|5.17|0.18
4/24/2015|27310045|287|2|2|Levi|Christensen|15H001B|13.5|0|192.38|0|0|8.76|13.97|0.48
4/24/2015|27310045|287|2|2|Levi|Christensen|15H006B|13.5|0|192.38|0|0|8.76|13.96|0.48
4/24/2015|27310045|287|2|2|Levi|Christensen|15H009B|0|0|0|0|0|5.19|8.28|0.28
4/24/2015|27310045|255|1|1|Lois|Moran|15005|0|0|0|0|0|0.34|1.1|0.25
4/24/2015|27310045|153|1|1|Lynne|Soto|15005|0|0|0|0|0|0.33|1.05|0.25
4/24/2015|27310045|13|1|1|Mamie|Day|15H002|20|0|930.77|0|0|0|71.21|15.36
4/24/2015|27310045|13|1|1|Mamie|Day|15H003|6|0|279.23|0|0|0|21.36|4.61
4/24/2015|27310045|13|1|1|Mamie|Day|15H007|7|0|325.77|0|0|0|24.92|5.38
4/24/2015|27310045|358|1|1|Marc|Wallace|15H001|40|0|630|0|0|11.91|37.96|0.76
4/24/2015|27310045|358|1|1|Marc|Wallace|15H001|0|0.25|0|5.91|0|0.11|0.36|0
4/24/2015|27310045|281|1|1|Marcia|Neal|15005|0|0|0|0|0|0.43|1.38|0.3
4/24/2015|27310045|281|1|1|Marcia|Neal|15S001|1.5|0|39|0|0|0.94|2.99|0.64
4/24/2015|27310045|316|1|1|Marguerite|Thornton|15H005|0|0|0|0|0|2.64|8.41|0
4/24/2015|27310045|314|1|1|Marianne|Baldwin|15005|0|0|0|0|0|0.36|1.15|0.25
4/24/2015|27310045|39|1|1|Marie|Hudson|15H005|30|0|217.5|0|0.32|1.26|4.02|3.59
4/24/2015|27310045|18|1|1|Marty|Barnes|15H001|11.5|0|230|0|0|5.52|17.6|0.28
4/24/2015|27310045|18|1|1|Marty|Barnes|15S001|11.5|0|230|0|0|5.52|17.59|0.28
4/24/2015|27310045|401|2|2|Maryann|Cohen|15005|0|0|0|0|0|0.64|1.02|0.33
4/24/2015|27310045|401|2|2|Maryann|Cohen|15H001B|17|0|442|0|0|18.85|30.04|9.81
4/24/2015|27310045|407|1|1|Maxine|Tyler|15S008|1|0|16|0|0.1|0.38|1.22|0.26
4/24/2015|27310045|3|1|1|Melanie|Green|15H001|38|0|2923.15|0|0|0|221.43|3.51
4/24/2015|27310045|3|1|1|Melanie|Green|15H009|0|0|0|0|0|0|11.65|0.18
4/24/2015|27310045|374|5|5|Melvin|Strickland|15H001|5|0|105|0|0|2.94|6.84|0.4
4/24/2015|27310045|374|5|5|Melvin|Strickland|15H001R|17.5|0|367.5|0|0|10.29|23.93|1.4
4/24/2015|27310045|374|5|5|Melvin|Strickland|15H006|16|0|336|0|0|9.41|21.87|1.28
4/24/2015|27310045|374|5|5|Melvin|Strickland|15H006R|1.5|0|31.5|0|0|0.88|2.06|0.12
4/24/2015|27310045|201|1|1|Michele|Lee|15005|0|0|0|0|0|0.36|1.15|0.25
4/24/2015|27310045|201|1|1|Michele|Lee|15H009|0|0|0|0|0|6.05|19.27|4.16
4/24/2015|27310045|192|5|5|Mike|Briggs|15005|0|0|0|0|0|0.34|0.81|0.51
4/24/2015|27310045|192|5|5|Mike|Briggs|15H002B|8|0|192.31|0|0|5.38|13.13|8.23
4/24/2015|27310045|192|5|5|Mike|Briggs|15H002R|32|0|769.23|0|0|21.54|52.5|32.92
4/24/2015|27310045|398|1|1|Mona|Howard|15S005|6.5|0|78|0|0|1.88|5.97|1.29
4/24/2015|27310045|398|1|1|Mona|Howard|15S008|0.5|0|6|0|0|0.14|0.46|0.1
4/24/2015|27310045|276|1|1|Morris|Glover|15005|0|0|0|0|0|0.34|1.07|0.25
4/24/2015|27310045|352|1|1|Myra|Vega|15S008|1|0|19|0|0|0.4|1.28|0.31
4/24/2015|27310045|199|1|1|Nettie|Stevens|15005|0|0|0|0|0|0.31|1.06|0.25
4/24/2015|27310045|199|1|1|Nettie|Stevens|15H006|5|0|178.5|0|0|3.66|12.68|2.95
4/24/2015|27310045|199|1|1|Nettie|Stevens|15H006|0|2|0|107.1|0|2.2|7.61|1.18
4/24/2015|27310045|199|1|1|Nettie|Stevens|15H008|0.5|0|17.85|0|0|0.37|1.27|0.29
4/24/2015|27310045|199|1|1|Nettie|Stevens|15H012|0|0|0|0|0|2.93|10.15|2.36
4/24/2015|27310045|260|1|1|Nichole|Fox|15005|0|0|0|0|0|0.34|1.09|0.25
4/24/2015|27310045|260|1|1|Nichole|Fox|15H005|7.5|0|185.63|0|0|4.23|13.47|3.06
4/24/2015|27310045|380|1|1|Preston|Robinson|15005|0|0|0|0|0|0.29|0.94|0.25
4/24/2015|27310045|380|1|1|Preston|Robinson|15S001|1.5|0|30|0|0|0.58|1.86|0.49
4/24/2015|27310045|386|1|1|Raquel|Singleton|15H001|11.5|0|138|0|0.83|3.31|10.55|2.28
4/24/2015|27310045|117|1|1|Richard|Wood|15H006|8|0|120|0|0|2.88|9.18|1.98
4/24/2015|27310045|400|1|1|Roberto|Ortega|15005|0|0|0|0|0|0.29|0.93|0.04
4/24/2015|27310045|400|1|1|Roberto|Ortega|15H002|33|0|682.22|0|0|13.25|42.23|1.77
4/24/2015|27310045|409|1|1|Sally|Bailey|15H005|4|0|98|0|0.59|2.35|7.5|1.62
4/24/2015|27310045|409|1|1|Sally|Bailey|15H005|0|4|0|147|0.88|3.53|11.24|1.62
4/24/2015|27310045|7|1|1|Shelia|Keller|15H002|38|0|913.46|0|0|20.61|65.68|15.07
4/24/2015|27310045|7|1|1|Shelia|Keller|15S002|2|0|48.08|0|0|1.08|3.45|0.79
4/24/2015|27310045|34|1|1|Sheryl|Hill|15H003|4|0|168.44|0|0|0|12.25|2.78
4/24/2015|27310045|34|1|1|Sheryl|Hill|15H004|7|0|294.76|0|0|0|21.45|4.86
4/24/2015|27310045|34|1|1|Sheryl|Hill|15S002|8|0|336.87|0|0|0|24.5|5.56
4/24/2015|27310045|336|1|1|Shirley|Parker|15005|0|0|0|0|0|0.36|1.15|0.25
4/24/2015|27310045|336|1|1|Shirley|Parker|15H005|2|0|49|0|0|1.18|3.75|0.81
4/24/2015|27310045|336|1|1|Shirley|Parker|15H005|0|2|0|73.5|0|1.76|5.63|0.81
4/24/2015|27310045|99|1|1|Sue|Riley|15H006|20|0|420|0|0|9.76|31.1|6.93
4/24/2015|27310045|99|1|1|Sue|Riley|15S006|20|0|420|0|0|9.76|31.12|6.93
4/24/2015|27310045|25|1|1|Tami|Luna|15H001|21|0|459.8|0|0|9.84|31.35|0.55
4/24/2015|27310045|25|1|1|Tami|Luna|15S001|21|0|459.8|0|0|9.83|31.34|0.55
4/24/2015|27310045|184|1|1|Tammy|Wilkins|15005|0|0|0|0|0|0.33|1.06|0.25
4/24/2015|27310045|320|1|1|Terry|Moreno|15005|0|0|0|0|0|0.36|1.15|0.25
4/24/2015|27310045|320|1|1|Terry|Moreno|15H001|2|0|71.64|0|0|1.72|5.48|1.18
4/24/2015|27310045|320|1|1|Terry|Moreno|15H002|10|0|358.18|0|0|8.6|27.4|5.91
4/24/2015|27310045|343|1|1|Tommy|Graves|15005|0|0|0|0|0|0.31|0.97|0.25
4/24/2015|27310045|343|1|1|Tommy|Graves|15H001|6|0|138|0|0|2.82|9.01|2.28
4/24/2015|27310045|343|1|1|Tommy|Graves|15H006|4|0|92|0|0|1.88|6|1.52
4/24/2015|27310045|399|1|1|Yvette|Miller|15005|0|0|0|0|0|0.34|1.1|0.04
4/24/2015|27310045|399|1|1|Yvette|Miller|15S002|40|0|865.39|0|0|19.86|63.27|2.25
5/1/2015|27310047|195|1|1|Al|Ramos|15005|0|0|0|0|0|0|1.07|0.04
5/1/2015|27310047|195|1|1|Al|Ramos|15H002|41|0|1157.15|0|0|0|82.76|3.01
5/1/2015|27310047|404|1|1|Alberta|Gill|15H008|1|0|21.63|0|0|0.51|1.63|0.36
5/1/2015|27310047|106|1|1|Allan|Wood|15005|0|0|0|0|0|0.36|1.15|0.25
5/1/2015|27310047|106|1|1|Allan|Wood|15H001|20|0|442.5|0|0|10.62|33.86|7.3
5/1/2015|27310047|106|1|1|Allan|Wood|15S001|20|0|442.5|0|0|10.62|33.84|7.3
5/1/2015|27310047|274|1|1|Angel|Watts|15005|0|0|0|0|0|0.36|1.15|0.25
5/1/2015|27310047|1|1|1|Antonio|Torres|15H001|17|0|473.68|0|0|9.98|31.81|0.57
5/1/2015|27310047|1|1|1|Antonio|Torres|15S001|16|0|445.82|0|0|9.39|29.93|0.53
5/1/2015|27310047|391|2|2|Barry|Mckenzie|15005|0|0|0|0|0|0.52|0.83|0.27
5/1/2015|27310047|391|2|2|Barry|Mckenzie|15H001B|34|0|875.5|0|0|37.84|60.3|19.44
5/1/2015|27310047|259|1|1|Beulah|Gibbs|15005|0|0|0|0|0|0.35|1.11|0.25
5/1/2015|27310047|259|1|1|Beulah|Gibbs|15S004|3.5|0|90.13|0|0|2.1|6.69|1.49
5/1/2015|27310047|259|1|1|Beulah|Gibbs|15S008|0.5|0|12.88|0|0|0.3|0.96|0.21
5/1/2015|27310047|168|1|1|Brittany|Carlson|15005|0|0|0|0|0|0.35|1.11|0.25
5/1/2015|27310047|168|1|1|Brittany|Carlson|15H001SG|8|0|300|0|0|6.98|22.25|4.95
5/1/2015|27310047|249|1|1|Cary|Foster|15S002|16|0|653.85|0|0|14.68|46.8|10.79
5/1/2015|27310047|249|1|1|Cary|Foster|15S004|5|0|204.33|0|0|4.59|14.64|3.37
5/1/2015|27310047|179|1|1|Cassandra|Poole|15005|0|0|0|0|0|0.33|1.07|0.25
5/1/2015|27310047|179|1|1|Cassandra|Poole|15H002|5.5|0|223.98|0|0|5.02|15.99|3.7
5/1/2015|27310047|179|1|1|Cassandra|Poole|15H004|18.5|0|753.39|0|0|16.89|53.82|12.43
5/1/2015|27310047|179|1|1|Cassandra|Poole|15H009|0|0|0|0|0|1.83|5.82|1.34
5/1/2015|27310047|368|1|1|Cesar|Greene|15005|0|0|0|0|0|0.25|0.8|0.2
5/1/2015|27310047|368|1|1|Cesar|Greene|15S008|1|0|24.5|0|0|0.51|1.64|0.4
5/1/2015|27310047|368|1|1|Cesar|Greene|15S009|0|0|0|0|0|1.03|3.29|0.81
5/1/2015|27310047|27|1|1|Cindy|Lunt|15005|0|0|0|0|0|0.33|1.05|0.25
5/1/2015|27310047|27|1|1|Cindy|Lunt|15S001|9|0|274.5|0|0|6|19.12|4.53
5/1/2015|27310047|27|1|1|Cindy|Lunt|15S001|0|2.5|0|114.38|0|2.5|7.97|1.26
5/1/2015|27310047|27|1|1|Cindy|Lunt|15S002|5.5|0|167.75|0|0|3.67|11.69|2.77
5/1/2015|27310047|27|1|1|Cindy|Lunt|15S004|2|0|61|0|0|1.33|4.25|1.01
5/1/2015|27310047|27|1|1|Cindy|Lunt|15S006|2|0|61|0|0|1.33|4.25|1.01
5/1/2015|27310047|27|1|1|Cindy|Lunt|15S006|0|1|0|45.75|0|1|3.18|0.5
5/1/2015|27310047|27|1|1|Cindy|Lunt|15S008|1.5|0|45.75|0|0|1|3.19|0.75
5/1/2015|27310047|239|1|1|Clarence|Padilla|15H001|15.75|0|342.88|0|0|7.8|24.87|0.41
5/1/2015|27310047|239|1|1|Clarence|Padilla|15H001|0|2|0|65.31|0|1.49|4.73|0.05
5/1/2015|27310047|239|1|1|Clarence|Padilla|15S001|15.75|0|342.88|0|0|7.8|24.87|0.41
5/1/2015|27310047|239|1|1|Clarence|Padilla|15S001|0|2|0|65.31|0|1.48|4.74|0.05
5/1/2015|27310047|239|1|1|Clarence|Padilla|15S002|0.5|0|10.88|0|0|0.25|0.79|0.01
5/1/2015|27310047|239|1|1|Clarence|Padilla|15S007|8|0|174.16|0|0|3.96|12.63|0.21
5/1/2015|27310047|38|1|1|Conrad|Walker|15005|0|0|0|0|0|0|1.12|0.04
5/1/2015|27310047|38|1|1|Conrad|Walker|15H002|15|0|544.85|0|0|0|40.82|1.42
5/1/2015|27310049|38|1|1|Conrad|Walker|15H002|0|0|0|0|0|0|114.75|3.9
5/1/2015|27310047|38|1|1|Conrad|Walker|15S002|30|0|1089.69|0|0|0|81.62|2.83
5/1/2015|27310049|38|1|1|Conrad|Walker|15S002|0|0|0|0|0|0|114.75|3.9
5/1/2015|27310047|169|1|1|Cornelius|Gibson|15005|0|0|0|0|0|0.35|1.1|0.25
5/1/2015|27310047|169|1|1|Cornelius|Gibson|15H004|4.5|0|147.38|0|0|3.42|10.9|2.43
5/1/2015|27310047|44|4|4|Dale|Hamilton|15001|40|0|3850|0|0|0|294.53|4.62
5/1/2015|27310047|396|5|5|Darryl|Burgess|15005|0|0|0|0|0|0.34|0.91|0.51
5/1/2015|27310047|396|5|5|Darryl|Burgess|15H001R|1|0|32|0|0|0.9|2.44|1.37
5/1/2015|27310047|396|5|5|Darryl|Burgess|15H004R|2|0|64|0|0|1.79|4.9|2.74
5/1/2015|27310047|396|5|5|Darryl|Burgess|15H009R|0|0|0|0|0|7.17|19.58|10.96
5/1/2015|27310047|204|1|1|Deborah|Bennett|15005|0|0|0|0|0|0.27|0.86|0.2
5/1/2015|27310047|53|1|1|Delia|Lopez|15005|0|0|0|0|0|0.34|1.07|0.25
5/1/2015|27310047|15|1|1|Don|Young|15005|0|0|0|0|0|0.32|1.02|0.25
5/1/2015|27310047|11|1|1|Earnest|Drake|15005|0|0|0|0|0|0.35|1.11|0.25
5/1/2015|27310047|11|1|1|Earnest|Drake|15H004|6|0|222.33|0|0|5.15|16.42|3.67
5/1/2015|27310047|20|1|1|Ed|Craig|15S002|40.5|0|1155.39|0|0|17.94|78.04|3
5/1/2015|27310047|180|1|1|Elisa|Warren|15005|0|0|0|0|0|0.3|0.96|0.25
5/1/2015|27310047|180|1|1|Elisa|Warren|15H006|4|0|93|0|0|1.88|5.96|1.53
5/1/2015|27310047|180|1|1|Elisa|Warren|15H008|0.5|0|11.63|0|0|0.23|0.75|0.19
5/1/2015|27310047|45|4|4|Ernesto|Todd|15002|40|0|4225.64|0|0|0|310.92|5.07
5/1/2015|27310047|375|1|1|Fannie|Parks|15005|0|0|0|0|0|0.36|1.15|0.25
5/1/2015|27310047|375|1|1|Fannie|Parks|15S004|7.5|0|165|0|0|3.96|12.62|2.72
5/1/2015|27310047|19|1|1|Frank|Diaz|15S006|2|0|54|0|0|1.25|3.99|0.89
5/1/2015|27310047|381|1|1|Frankie|Mcdaniel|15005|0|0|0|0|0|0.33|1.04|0.04
5/1/2015|27310047|381|1|1|Frankie|Mcdaniel|15S002|40|0|865.39|0|0|18.86|60.11|2.25
5/1/2015|27310047|133|1|1|Geneva|Moody|15S004|4|0|119|0|0|2.7|8.6|1.96
5/1/2015|27310047|406|1|1|Grant|Daniel|15H001|6.5|0|327.38|0|0|7.86|25.05|0.39
5/1/2015|27310047|406|1|1|Grant|Daniel|15H002|9.5|0|478.48|0|0|11.48|36.59|0.57
5/1/2015|27310047|406|1|1|Grant|Daniel|15H003|6|0|302.2|0|0|7.25|23.13|0.36
5/1/2015|27310047|406|1|1|Grant|Daniel|15H004|2|0|100.73|0|0|2.42|7.7|0.12
5/1/2015|27310047|406|1|1|Grant|Daniel|15H006|18|0|906.59|0|0|21.76|69.35|1.09
5/1/2015|27310047|402|5|5|Gwendolyn|Alvarado|15005|0|0|0|0|0|0.42|1.05|0.64
5/1/2015|27310047|402|5|5|Gwendolyn|Alvarado|15H001R|1|0|18|0|0|0.5|1.27|0.77
5/1/2015|27310047|402|5|5|Gwendolyn|Alvarado|15H008R|17|0|306|0|0|8.57|21.5|13.1
5/1/2015|27310047|203|1|1|Helen|Paul|15005|0|0|0|0|0|0|1.52|0.03
5/1/2015|27310047|203|1|1|Helen|Paul|15H001|10|0|648.11|0|0|0|46.84|0.78
5/1/2015|27310047|203|1|1|Helen|Paul|15H006|10|0|648.12|0|0|0|46.83|0.78
5/1/2015|27310047|203|1|1|Helen|Paul|15S001|10|0|648.11|0|0|0|46.83|0.78
5/1/2015|27310047|203|1|1|Helen|Paul|15S006|10|0|648.12|0|0|0|46.84|0.78
5/1/2015|27310047|357|1|1|Stanley|Peterson|15005|0|0|0|0|0|0.24|0.75|0.2
5/1/2015|27310047|357|1|1|Stanley|Peterson|15S001|1|0|20|0|0|0.39|1.26|0.33
5/1/2015|27310047|357|1|1|Stanley|Peterson|15S006|4|0|80|0|0|1.58|5.02|1.32
5/1/2015|27310047|357|1|1|Stanley|Peterson|15S008|2|0|40|0|0|0.79|2.5|0.66
5/1/2015|27310047|357|1|1|Stanley|Peterson|15S009|0|0|0|0|0|0.2|0.63|0.17
5/1/2015|27310047|269|1|1|Jo|Manning|15H009SG|0|0|0|0|0|24.61|78.44|18.48
5/1/2015|27310047|248|1|1|Jodi|Powers|15H001|16|0|328|0|0|6.93|22.08|0.39
5/1/2015|27310047|248|1|1|Jodi|Powers|15H009|0|0|0|0|0|1.73|5.52|0.1
5/1/2015|27310047|248|1|1|Jodi|Powers|15S001|16|0|328|0|0|6.93|22.08|0.39
5/1/2015|27310047|248|1|1|Jodi|Powers|15S009|0|0|0|0|0|1.73|5.52|0.1
5/1/2015|27310047|30|1|1|Joe|Perry|15H003|5|0|121.84|0|0|2.46|7.85|0.15
5/1/2015|27310047|30|1|1|Joe|Perry|15H009|0|0|0|0|0|1.48|4.7|0.09
5/1/2015|27310047|30|1|1|Joe|Perry|15S002|0.5|0|12.18|0|0|0.25|0.79|0.01
5/1/2015|27310047|403|1|1|Joyce|Ferguson|15S008|1|0|17|0|0|0.35|1.11|0.28
5/1/2015|27310047|6|1|1|Kelly|Murray|15H009|0|0|0|0|0|12.21|38.91|8.71
5/1/2015|27310047|37|1|1|Kirk|Byrd|15H009|0|0|0|0|0|1.84|5.87|1.41
5/1/2015|27310047|35|1|1|Leonard|Wong|15H002|46|0|1153.85|0|0|0|81.53|3
5/1/2015|27310047|287|2|2|Levi|Christensen|15H001|22|0|313.5|0|0|14.28|22.76|0.78
5/1/2015|27310047|287|2|2|Levi|Christensen|15H001B|9|0|128.25|0|0|5.84|9.31|0.32
5/1/2015|27310047|287|2|2|Levi|Christensen|15H006B|9|0|128.25|0|0|5.84|9.31|0.32
5/1/2015|27310047|255|1|1|Lois|Moran|15H002|2|0|36|0|0|0.82|2.64|0.59
5/1/2015|27310047|153|1|1|Lynne|Soto|15005|0|0|0|0|0|0.33|1.05|0.25
5/1/2015|27310047|13|1|1|Mamie|Day|15H002|18|0|837.69|0|0|0|64.08|13.82
5/1/2015|27310047|13|1|1|Mamie|Day|15H003|6|0|279.23|0|0|0|21.36|4.61
5/1/2015|27310047|13|1|1|Mamie|Day|15H007|6|0|279.23|0|0|0|21.37|4.61
5/1/2015|27310047|358|1|1|Marc|Wallace|15H001|40|0|630|0|0|11.88|37.87|0.76
5/1/2015|27310047|281|1|1|Marcia|Neal|15005|0|0|0|0|0|0.14|0.46|0.1
5/1/2015|27310047|281|1|1|Marcia|Neal|15S008|38|0|988|0|0|23.72|75.58|16.3
5/1/2015|27310047|314|1|1|Marianne|Baldwin|15005|0|0|0|0|0|0.36|1.15|0.25
5/1/2015|27310047|39|1|1|Marie|Hudson|15H005|30|0|217.5|0|0.32|1.26|4.02|3.59
5/1/2015|27310047|18|1|1|Marty|Barnes|15H001|11.5|0|230|0|0|5.52|17.6|0.28
5/1/2015|27310047|18|1|1|Marty|Barnes|15S001|11.5|0|230|0|0|5.52|17.59|0.28
5/1/2015|27310047|401|2|2|Maryann|Cohen|15005|0|0|0|0|0|0.25|0.41|0.13
5/1/2015|27310047|401|2|2|Maryann|Cohen|15H003B|8|0|208|0|0|8.83|14.07|4.62
5/1/2015|27310047|407|1|1|Maxine|Tyler|15S008|2|0|32|0|0.19|0.77|2.44|0.53
5/1/2015|27310047|3|1|1|Melanie|Green|15H001|38|0|2923.15|0|0|0|221.43|3.51
5/1/2015|27310047|3|1|1|Melanie|Green|15H009|0|0|0|0|0|0|11.65|0.18
5/1/2015|27310047|374|5|5|Melvin|Strickland|15H001|11|0|231|0|0|6.47|15.04|0.88
5/1/2015|27310047|374|5|5|Melvin|Strickland|15H001R|15.5|0|325.5|0|0|9.11|21.2|1.24
5/1/2015|27310047|374|5|5|Melvin|Strickland|15H006|11.5|0|241.5|0|0|6.76|15.72|0.92
5/1/2015|27310047|374|5|5|Melvin|Strickland|15H006R|1|0|21|0|0|0.59|1.37|0.08
5/1/2015|27310047|374|5|5|Melvin|Strickland|15H009R|0|0|0|0|0|0.59|1.37|0.08
5/1/2015|27310047|201|1|1|Michele|Lee|15005|0|0|0|0|0|0.36|1.15|0.25
5/1/2015|27310047|192|5|5|Mike|Briggs|15005|0|0|0|0|0|0.18|0.81|0.51
5/1/2015|27310047|192|5|5|Mike|Briggs|15H002B|16|0|384.62|0|0|5.66|26.26|16.46
5/1/2015|27310047|192|5|5|Mike|Briggs|15H002R|24|0|576.92|0|0|8.49|39.37|24.69
5/1/2015|27310047|398|1|1|Mona|Howard|15S005|1|0|12|0|0|0.29|0.91|0.2
5/1/2015|27310047|398|1|1|Mona|Howard|15S008|0.5|0|6|0|0|0.15|0.46|0.1
5/1/2015|27310047|276|1|1|Morris|Glover|15005|0|0|0|0|0|0.34|1.07|0.25
5/1/2015|27310047|352|1|1|Myra|Vega|15S008|35.5|0|674.5|0|0|13.85|44.13|11.13
5/1/2015|27310047|352|1|1|Myra|Vega|15S009|0|0|0|0|0|1.75|5.59|1.41
5/1/2015|27310047|199|1|1|Nettie|Stevens|15005|0|0|0|0|0|0|1.06|0.25
5/1/2015|27310047|199|1|1|Nettie|Stevens|15H002|2|0|71.4|0|0|0|5.07|1.18
5/1/2015|27310047|199|1|1|Nettie|Stevens|15H006|6|0|214.2|0|0|0|15.21|3.53
5/1/2015|27310047|199|1|1|Nettie|Stevens|15H006|0|2.5|0|133.88|0|0|9.51|1.47
5/1/2015|27310047|199|1|1|Nettie|Stevens|15H008|0.5|0|17.85|0|0|0|1.27|0.29
5/1/2015|27310047|260|1|1|Nichole|Fox|15005|0|0|0|0|0|0.34|1.07|0.25
5/1/2015|27310047|380|1|1|Preston|Robinson|15005|0|0|0|0|0|0.28|0.9|0.25
5/1/2015|27310047|380|1|1|Preston|Robinson|15S001|1|0|20|0|0|0.38|1.21|0.33
5/1/2015|27310047|380|1|1|Preston|Robinson|15S009|0|0|0|0|0|3.03|9.64|2.64
5/1/2015|27310047|386|1|1|Raquel|Singleton|15H001|8|0|96|0|0.58|2.3|7.34|1.58
5/1/2015|27310047|117|1|1|Richard|Wood|15H006|10|0|150|0|0|3.6|11.48|2.48
5/1/2015|27310047|400|1|1|Roberto|Ortega|15005|0|0|0|0|0|0.29|0.94|0.04
5/1/2015|27310047|400|1|1|Roberto|Ortega|15H002|34.5|0|713.23|0|0|13.99|44.59|1.85
5/1/2015|27310047|367|1|1|Samuel|Harper|15H009|0|0|0|0|0|2.46|7.84|1.72
5/1/2015|27310047|7|1|1|Shelia|Keller|15H002|29|0|663.92|0|0|14.98|47.74|10.95
5/1/2015|27310049|7|1|1|Shelia|Keller|15H002|0|0|0|0|0|36|114.75|24.75
5/1/2015|27310047|7|1|1|Shelia|Keller|15S002|2|0|45.79|0|0|1.03|3.29|0.76
5/1/2015|27310047|34|1|1|Sheryl|Hill|15H003|4|0|171.39|0|0|0|12.46|2.83
5/1/2015|27310047|34|1|1|Sheryl|Hill|15H004|5|0|214.24|0|0|0|15.59|3.53
5/1/2015|27310047|336|1|1|Shirley|Parker|15005|0|0|0|0|0|0.36|1.15|0.25
5/1/2015|27310047|99|1|1|Sue|Riley|15H006|20|0|420|0|0|9.76|31.1|6.93
5/1/2015|27310047|99|1|1|Sue|Riley|15S006|20|0|420|0|0|9.76|31.12|6.93
5/1/2015|27310047|25|1|1|Tami|Luna|15H001|6.5|0|149.44|0|0|3.2|10.19|0.18
5/1/2015|27310047|25|1|1|Tami|Luna|15H009|0|0|0|0|0|6.64|21.16|0.37
5/1/2015|27310047|25|1|1|Tami|Luna|15S001|6.5|0|149.44|0|0|3.19|10.18|0.18
5/1/2015|27310047|25|1|1|Tami|Luna|15S009|0|0|0|0|0|6.64|21.16|0.37
5/1/2015|27310047|184|1|1|Tammy|Wilkins|15005|0|0|0|0|0|0.33|1.06|0.25
5/1/2015|27310047|184|1|1|Tammy|Wilkins|15H002|2|0|60.06|0|0|1.33|4.25|0.99
5/1/2015|27310047|320|1|1|Terry|Moreno|15005|0|0|0|0|0|0.36|1.15|0.25
5/1/2015|27310047|320|1|1|Terry|Moreno|15H002|8|0|286.54|0|0|6.88|21.93|4.73
5/1/2015|27310047|343|1|1|Tommy|Graves|15005|0|0|0|0|0|0.24|0.78|0.2
5/1/2015|27310047|343|1|1|Tommy|Graves|15H006|5|0|115|0|0|2.33|7.43|1.9
5/1/2015|27310047|343|1|1|Tommy|Graves|15H006|0|2|0|69|0|1.39|4.46|0.76
5/1/2015|27310047|343|1|1|Tommy|Graves|15H009|0|0|0|0|0|0.94|2.97|0.76
5/1/2015|27310047|399|1|1|Yvette|Miller|15005|0|0|0|0|0|0.34|1.1|0.04
5/1/2015|27310047|399|1|1|Yvette|Miller|15S002|40|0|865.39|0|0|19.86|63.27|2.25
5/6/2015|27310050|23|1|1|Mary|Waters|15H003|0|0|0|0|0|48|153|33
5/8/2015|27310051|195|1|1|Al|Ramos|15005|0|0|0|0|0|0|1.07|0.04
5/8/2015|27310051|195|1|1|Al|Ramos|15H002|20|0|578.58|0|0|0|41.38|1.5
5/8/2015|27310051|195|1|1|Al|Ramos|15H009|0|0|0|0|0|0|41.38|1.5
5/8/2015|27310051|404|1|1|Alberta|Gill|15H008|2|0|43.27|0|0|1.02|3.26|0.71
5/8/2015|27310051|106|1|1|Allan|Wood|15005|0|0|0|0|0|0.36|1.15|0.25
5/8/2015|27310051|106|1|1|Allan|Wood|15H001|20|0|442.5|0|0|10.62|33.86|7.3
5/8/2015|27310051|106|1|1|Allan|Wood|15S001|20|0|442.5|0|0|10.62|33.84|7.3
5/8/2015|27310051|274|1|1|Angel|Watts|15005|0|0|0|0|0|0.36|1.15|0.25
5/8/2015|27310051|1|1|1|Antonio|Torres|15H001|18|0|513.21|0|0|10.81|34.46|0.62
5/8/2015|27310051|1|1|1|Antonio|Torres|15S001|16|0|456.19|0|0|9.61|30.63|0.55
5/8/2015|27310051|259|1|1|Beulah|Gibbs|15005|0|0|0|0|0|0.35|1.11|0.25
5/8/2015|27310051|259|1|1|Beulah|Gibbs|15S004|8.5|0|218.88|0|0|5.08|16.2|3.61
5/8/2015|27310051|259|1|1|Beulah|Gibbs|15S008|0.5|0|12.88|0|0|0.3|0.95|0.21
5/8/2015|27310051|168|1|1|Brittany|Carlson|15005|0|0|0|0|0|0.35|1.11|0.25
5/8/2015|27310051|168|1|1|Brittany|Carlson|15H001SG|4|0|150|0|0|3.49|11.12|2.48
5/8/2015|27310051|249|1|1|Cary|Foster|15S002|20|0|817.31|0|0|18.36|58.51|13.49
5/8/2015|27310051|249|1|1|Cary|Foster|15S004|2|0|81.72|0|0|1.83|5.85|1.35
5/8/2015|27310051|179|1|1|Cassandra|Poole|15005|0|0|0|0|0|0.33|1.07|0.25
5/8/2015|27310051|179|1|1|Cassandra|Poole|15H002|4|0|173.09|0|0|3.88|12.37|2.86
5/8/2015|27310051|179|1|1|Cassandra|Poole|15H004|14.5|0|627.4|0|0|14.06|44.83|10.35
5/8/2015|27310051|179|1|1|Cassandra|Poole|15H009|0|0|0|0|0|0.97|3.1|0.71
5/8/2015|27310051|368|1|1|Cesar|Greene|15005|0|0|0|0|0|0.33|1.04|0.25
5/8/2015|27310051|368|1|1|Cesar|Greene|15S008|1|0|24.5|0|0|0.53|1.7|0.4
5/8/2015|27310051|27|1|1|Cindy|Lunt|15005|0|0|0|0|0|0.33|1.06|0.25
5/8/2015|27310051|27|1|1|Cindy|Lunt|15S001|3.5|0|106.75|0|0|2.35|7.5|1.76
5/8/2015|27310051|27|1|1|Cindy|Lunt|15S002|5.5|0|167.75|0|0|3.69|11.8|2.77
5/8/2015|27310051|27|1|1|Cindy|Lunt|15S004|2|0|61|0|0|1.35|4.28|1.01
5/8/2015|27310051|27|1|1|Cindy|Lunt|15S004|0|1.5|0|68.63|0|1.51|4.82|0.75
5/8/2015|27310051|27|1|1|Cindy|Lunt|15S006|2|0|61|0|0|1.35|4.28|1.01
5/8/2015|27310051|239|1|1|Clarence|Padilla|15H001|19|0|446.5|0|0|10.21|32.53|0.54
5/8/2015|27310051|239|1|1|Clarence|Padilla|15H001|0|2.25|0|79.31|0|1.81|5.78|0.06
5/8/2015|27310051|239|1|1|Clarence|Padilla|15H008|0.75|0|17.63|0|0|0.41|1.29|0.02
5/8/2015|27310051|239|1|1|Clarence|Padilla|15S001|19|0|446.5|0|0|10.2|32.52|0.54
5/8/2015|27310051|239|1|1|Clarence|Padilla|15S001|0|2|0|70.5|0|1.61|5.13|0.06
5/8/2015|27310051|239|1|1|Clarence|Padilla|15S002|0.5|0|11.75|0|0|0.27|0.86|0.01
5/8/2015|27310051|239|1|1|Clarence|Padilla|15S008|0.75|0|17.63|0|0|0.4|1.28|0.02
5/8/2015|27310051|38|1|1|Conrad|Walker|15005|0|0|0|0|0|0|1.12|0.04
5/8/2015|27310051|38|1|1|Conrad|Walker|15H002|42|0|1634.54|0|0|0|122.44|4.25
5/8/2015|27310051|169|1|1|Cornelius|Gibson|15005|0|0|0|0|0|0.35|1.11|0.25
5/8/2015|27310051|169|1|1|Cornelius|Gibson|15H004|3|0|98.25|0|0|2.28|7.27|1.62
5/8/2015|27310051|169|1|1|Cornelius|Gibson|15H009|0|0|0|0|0|6.08|19.37|4.32
5/8/2015|27310051|44|4|4|Dale|Hamilton|15001|40|0|3850|0|0|0|294.53|4.62
5/8/2015|27310051|396|5|5|Darryl|Burgess|15005|0|0|0|0|0|0.42|1.15|0.64
5/8/2015|27310051|396|5|5|Darryl|Burgess|15H001R|0.5|0|16|0|0|0.45|1.22|0.68
5/8/2015|27310051|396|5|5|Darryl|Burgess|15H004R|1|0|32|0|0|0.89|2.46|1.37
5/8/2015|27310051|204|1|1|Deborah|Bennett|15005|0|0|0|0|0|0.34|1.1|0.25
5/8/2015|27310051|204|1|1|Deborah|Bennett|15H005|0|8|0|362.76|0|8.34|26.59|3.99
5/8/2015|27310051|53|1|1|Delia|Lopez|15005|0|0|0|0|0|0.2|0.63|0.15
5/8/2015|27310051|53|1|1|Delia|Lopez|15H009|0|0|0|0|0|8.79|28.05|6.6
5/8/2015|27310051|15|1|1|Don|Young|15005|0|0|0|0|0|0.32|1.02|0.25
5/8/2015|27310051|11|1|1|Earnest|Drake|15005|0|0|0|0|0|0.35|1.11|0.25
5/8/2015|27310051|11|1|1|Earnest|Drake|15H004|4|0|141.32|0|0|3.27|10.44|2.33
5/8/2015|27310051|20|1|1|Ed|Craig|15S002|24|0|693.23|0|0|0|46.82|1.8
5/8/2015|27310051|20|1|1|Ed|Craig|15S009|0|0|0|0|0|0|31.22|1.2
5/8/2015|27310051|180|1|1|Elisa|Warren|15005|0|0|0|0|0|0.3|0.96|0.25
5/8/2015|27310051|180|1|1|Elisa|Warren|15H006|2|0|46.5|0|0|0.94|3|0.77
5/8/2015|27310051|180|1|1|Elisa|Warren|15H008|7|0|162.75|0|0|3.28|10.46|2.69
5/8/2015|27310051|45|4|4|Ernesto|Todd|15002|40|0|4225.64|0|0|0|310.92|5.07
5/8/2015|27310051|375|1|1|Fannie|Parks|15005|0|0|0|0|0|0.36|1.15|0.25
5/8/2015|27310051|375|1|1|Fannie|Parks|15S004|5.5|0|121|0|0|2.9|9.26|2
5/8/2015|27310051|19|1|1|Frank|Diaz|15S006|2|0|54|0|0|1.25|3.99|0.89
5/8/2015|27310051|381|1|1|Frankie|Mcdaniel|15005|0|0|0|0|0|0|1.04|0.04
5/8/2015|27310051|381|1|1|Frankie|Mcdaniel|15S002|24|0|519.23|0|0|0|36.07|1.35
5/8/2015|27310051|381|1|1|Frankie|Mcdaniel|15S009|0|0|0|0|0|0|12.01|0.45
5/8/2015|27310051|381|1|1|Frankie|Mcdaniel|15S012|0|0|0|0|0|0|12.03|0.45
5/8/2015|27310051|133|1|1|Geneva|Moody|15005|0|0|0|0|0|0.34|1.1|0.25
5/8/2015|27310051|133|1|1|Geneva|Moody|15S004|7|0|208.25|0|0|4.76|15.18|3.44
5/8/2015|27310051|133|1|1|Geneva|Moody|15S008|8|0|238|0|0|5.44|17.34|3.93
5/8/2015|27310051|406|1|1|Grant|Daniel|15H001|3|0|154.78|0|0|3.72|11.84|0.19
5/8/2015|27310051|406|1|1|Grant|Daniel|15H002|10|0|515.95|0|0|12.38|39.47|0.62
5/8/2015|27310051|406|1|1|Grant|Daniel|15H003|6|0|309.57|0|0|7.43|23.68|0.37
5/8/2015|27310051|406|1|1|Grant|Daniel|15H004|1|0|51.59|0|0|1.24|3.95|0.06
5/8/2015|27310051|406|1|1|Grant|Daniel|15H006|21|0|1083.49|0|0|26|82.88|1.3
5/8/2015|27310051|402|5|5|Gwendolyn|Alvarado|15005|0|0|0|0|0|0.42|1.05|0.64
5/8/2015|27310051|402|5|5|Gwendolyn|Alvarado|15H001R|1|0|18|0|0|0.5|1.26|0.77
5/8/2015|27310051|402|5|5|Gwendolyn|Alvarado|15H008R|16|0|288|0|0|8.07|20.05|12.33
5/8/2015|27310051|203|1|1|Helen|Paul|15005|0|0|0|0|0|0|1.52|0.03
5/8/2015|27310051|203|1|1|Helen|Paul|15H001|6|0|388.86|0|0|0|28.1|0.47
5/8/2015|27310051|203|1|1|Helen|Paul|15H001B|4|0|259.25|0|0|0|18.73|0.31
5/8/2015|27310051|203|1|1|Helen|Paul|15H006|6|0|388.87|0|0|0|28.1|0.47
5/8/2015|27310051|203|1|1|Helen|Paul|15H006B|4|0|259.25|0|0|0|18.74|0.31
5/8/2015|27310051|203|1|1|Helen|Paul|15S001|6|0|388.86|0|0|0|28.1|0.47
5/8/2015|27310051|203|1|1|Helen|Paul|15S001B|4|0|259.25|0|0|0|18.73|0.31
5/8/2015|27310051|203|1|1|Helen|Paul|15S006|6|0|388.87|0|0|0|28.11|0.47
5/8/2015|27310051|203|1|1|Helen|Paul|15S006B|4|0|259.25|0|0|0|18.73|0.31
5/8/2015|27310051|357|1|1|Stanley|Peterson|15005|0|0|0|0|0|0.31|0.99|0.25
5/8/2015|27310051|357|1|1|Stanley|Peterson|15S006|4|0|80|0|0|1.66|5.28|1.32
5/8/2015|27310051|357|1|1|Stanley|Peterson|15S008|8.5|0|170|0|0|3.52|11.22|2.81
5/8/2015|27310051|269|1|1|Jo|Manning|15005|0|0|0|0|0|0.34|1.07|0.25
5/8/2015|27310051|269|1|1|Jo|Manning|15H002SG|2|0|56|0|0|1.26|4|0.92
5/8/2015|27310051|269|1|1|Jo|Manning|15H002SG|0|1|0|42|0|0.94|3|0.46
5/8/2015|27310051|269|1|1|Jo|Manning|15H004SG|5|0|140|0|0|3.15|10.02|2.31
5/8/2015|27310051|269|1|1|Jo|Manning|15H004SG|0|2|0|84|0|1.88|6.01|0.92
5/8/2015|27310051|248|1|1|Jodi|Powers|15H001|12|0|246|0|0|5.2|16.56|0.3
5/8/2015|27310051|248|1|1|Jodi|Powers|15H009|0|0|0|0|0|3.47|11.04|0.2
5/8/2015|27310051|248|1|1|Jodi|Powers|15S001|12|0|246|0|0|5.19|16.56|0.3
5/8/2015|27310051|248|1|1|Jodi|Powers|15S009|0|0|0|0|0|3.46|11.04|0.2
5/8/2015|27310051|30|1|1|Joe|Perry|15H002|2|0|48.73|0|0|0.98|3.14|0.06
5/8/2015|27310051|30|1|1|Joe|Perry|15H003|4.5|0|109.65|0|0|2.22|7.06|0.13
5/8/2015|27310051|30|1|1|Joe|Perry|15H008|2|0|48.73|0|0|0.98|3.14|0.06
5/8/2015|27310051|30|1|1|Joe|Perry|15H009|0|0|0|0|0|0.99|3.13|0.06
5/8/2015|27310051|403|1|1|Joyce|Ferguson|15S008|1|0|17|0|0|0.35|1.14|0.28
5/8/2015|27310051|376|1|1|Katie|Hodges|15005|0|0|0|0|0|0.34|1.09|0.25
5/8/2015|27310051|6|1|1|Kelly|Murray|15H009|0|0|0|0|0|13.23|42.16|9.44
5/8/2015|27310051|210|2|2|Kenny|Robertson|15005|0|0|0|0|0|0.43|0.69|0.2
5/8/2015|27310051|210|2|2|Kenny|Robertson|15H001B|9|0|214.02|0|0|10.27|16.37|4.75
5/8/2015|27310051|210|2|2|Kenny|Robertson|15H002B|4|0|95.12|0|0|4.57|7.27|2.11
5/8/2015|27310051|210|2|2|Kenny|Robertson|15H006B|7|0|166.46|0|0|7.99|12.73|3.7
5/8/2015|27310051|35|1|1|Leonard|Wong|15H002|24|0|692.31|0|0|0|48.92|1.8
5/8/2015|27310051|35|1|1|Leonard|Wong|15H009|0|0|0|0|0|0|32.61|1.2
5/8/2015|27310051|287|2|2|Levi|Christensen|15H001|17|0|242.25|0|0|11.03|17.58|0.61
5/8/2015|27310051|287|2|2|Levi|Christensen|15H001B|11.5|0|163.88|0|0|7.46|11.89|0.41
5/8/2015|27310051|287|2|2|Levi|Christensen|15H006B|11.5|0|163.88|0|0|7.47|11.91|0.41
5/8/2015|27310051|153|1|1|Lynne|Soto|15005|0|0|0|0|0|0.33|1.05|0.25
5/8/2015|27310051|153|1|1|Lynne|Soto|15H009|0|0|0|0|0|0.66|2.12|0.49
5/8/2015|27310051|13|1|1|Mamie|Day|15H007|48|0|1861.54|0|0|0|142.41|30.72
5/8/2015|27310052|13|1|1|Mamie|Day|15H007|0|0|0|0|0|0|0|0
5/8/2015|27310051|358|1|1|Marc|Wallace|15H001|40|0|630|0|0|11.88|37.87|0.76
5/8/2015|27310051|281|1|1|Marcia|Neal|15005|0|0|0|0|0|0.43|1.37|0.3
5/8/2015|27310051|281|1|1|Marcia|Neal|15S001|2.5|0|65|0|0|1.56|4.97|1.07
5/8/2015|27310051|281|1|1|Marcia|Neal|15S006|0|2|0|78|0|1.87|5.97|0.86
5/8/2015|27310051|314|1|1|Marianne|Baldwin|15005|0|0|0|0|0|0.36|1.15|0.25
5/8/2015|27310051|39|1|1|Marie|Hudson|15H005|30|0|217.5|0|0.32|1.26|4.02|3.59
5/8/2015|27310051|22|1|1|Marion|Scott|15H003|2|0|61.18|0|0|1.34|4.26|1.01
5/8/2015|27310051|18|1|1|Marty|Barnes|15H001|11.5|0|230|0|0|5.52|17.6|0.28
5/8/2015|27310051|18|1|1|Marty|Barnes|15S001|11.5|0|230|0|0|5.52|17.59|0.28
5/8/2015|27310051|23|1|1|Mary|Waters|15H003|1|0|35.18|0|0|0.78|2.51|0.58
5/8/2015|27310051|23|1|1|Mary|Waters|15H008|2|0|70.36|0|0|1.58|5.01|1.16
5/8/2015|27310051|401|2|2|Maryann|Cohen|15005|0|0|0|0|0|0.63|1|0.33
5/8/2015|27310051|401|2|2|Maryann|Cohen|15H001B|10|0|260|0|0|10.93|17.42|5.77
5/8/2015|27310051|407|1|1|Maxine|Tyler|15S008|1|0|16|0|0.1|0.38|1.22|0.26
5/8/2015|27310051|3|1|1|Melanie|Green|15H001|38|0|2923.15|0|0|0|221.43|3.51
5/8/2015|27310051|3|1|1|Melanie|Green|15H009|0|0|0|0|0|0|11.65|0.18
5/8/2015|27310051|374|5|5|Melvin|Strickland|15H001|4.5|0|94.5|0|0|2.65|6.16|0.36
5/8/2015|27310051|374|5|5|Melvin|Strickland|15H001R|17.5|0|367.5|0|0|10.29|23.93|1.4
5/8/2015|27310051|374|5|5|Melvin|Strickland|15H006|17|0|357|0|0|9.99|23.24|1.36
5/8/2015|27310051|374|5|5|Melvin|Strickland|15H006R|1|0|21|0|0|0.59|1.37|0.08
5/8/2015|27310051|201|1|1|Michele|Lee|15005|0|0|0|0|0|0.36|1.15|0.25
5/8/2015|27310051|192|5|5|Mike|Briggs|15005|0|0|0|0|0|0|0.82|0.51
5/8/2015|27310051|192|5|5|Mike|Briggs|15H002B|12|0|288.46|0|0|0|19.69|12.35
5/8/2015|27310051|192|5|5|Mike|Briggs|15H002R|28|0|673.08|0|0|0|45.93|28.81
5/8/2015|27310051|398|1|1|Mona|Howard|15S005|0.5|0|6|0|0|0.15|0.45|0.1
5/8/2015|27310051|398|1|1|Mona|Howard|15S008|0.5|0|6|0|0|0.14|0.46|0.1
5/8/2015|27310051|276|1|1|Morris|Glover|15005|0|0|0|0|0|0.34|1.07|0.25
5/8/2015|27310051|276|1|1|Morris|Glover|15H009|0|0|0|0|0|4.28|13.68|3.13
5/8/2015|27310051|352|1|1|Myra|Vega|15S008|1|0|19|0|0|0.4|1.28|0.31
5/8/2015|27310051|199|1|1|Nettie|Stevens|15005|0|0|0|0|0|0|1.06|0.25
5/8/2015|27310051|199|1|1|Nettie|Stevens|15H002|0|1|0|53.55|0|0|3.79|0.59
5/8/2015|27310051|199|1|1|Nettie|Stevens|15H006|10.5|0|374.85|0|0|0|26.5|6.19
5/8/2015|27310051|199|1|1|Nettie|Stevens|15H006|0|0.5|0|26.77|0|0|1.89|0.29
5/8/2015|27310051|199|1|1|Nettie|Stevens|15H008|0.5|0|17.85|0|0|0|1.27|0.29
5/8/2015|27310051|260|1|1|Nichole|Fox|15H009|0|0|0|0|0|22.17|70.66|16.34
5/8/2015|27310051|380|1|1|Preston|Robinson|15005|0|0|0|0|0|0.29|0.93|0.25
5/8/2015|27310051|380|1|1|Preston|Robinson|15S001|1|0|20|0|0|0.39|1.25|0.33
5/8/2015|27310051|380|1|1|Preston|Robinson|15S009|0|0|0|0|0|2.73|8.68|2.31
5/8/2015|27310051|386|1|1|Raquel|Singleton|15H001|12|0|144|0|0.86|3.46|11.02|2.38
5/8/2015|27310051|117|1|1|Richard|Wood|15H006|10|0|150|0|0|3.6|11.48|2.48
5/8/2015|27310051|400|1|1|Roberto|Ortega|15005|0|0|0|0|0|0.3|0.96|0.04
5/8/2015|27310051|400|1|1|Roberto|Ortega|15H002|43.5|0|826.93|0|0|16.71|53.27|2.15
5/8/2015|27310051|7|1|1|Shelia|Keller|15H002|36|0|865.39|0|0|19.52|62.24|14.28
5/8/2015|27310051|7|1|1|Shelia|Keller|15S002|4|0|96.15|0|0|2.17|6.91|1.59
5/8/2015|27310051|34|1|1|Sheryl|Hill|15005|0|0|0|0|0|0|1.08|0.25
5/8/2015|27310051|34|1|1|Sheryl|Hill|15H002|3|0|124.2|0|0|0|9.04|2.05
5/8/2015|27310051|34|1|1|Sheryl|Hill|15H003|5|0|206.98|0|0|0|15.07|3.42
5/8/2015|27310051|34|1|1|Sheryl|Hill|15H004|5|0|206.98|0|0|0|15.05|3.42
5/8/2015|27310051|336|1|1|Shirley|Parker|15005|0|0|0|0|0|0.36|1.15|0.25
5/8/2015|27310051|99|1|1|Sue|Riley|15H006|18|0|378|0|0|8.79|28|6.24
5/8/2015|27310051|99|1|1|Sue|Riley|15H009|0|0|0|0|0|0.97|3.11|0.69
5/8/2015|27310051|99|1|1|Sue|Riley|15S006|18|0|378|0|0|8.78|28|6.24
5/8/2015|27310051|99|1|1|Sue|Riley|15S009|0|0|0|0|0|0.98|3.11|0.69
5/8/2015|27310051|25|1|1|Tami|Luna|15H001|24|0|516.31|0|0|11.14|35.5|0.62
5/8/2015|27310051|25|1|1|Tami|Luna|15S001|22|0|473.29|0|0|10.21|32.55|0.57
5/8/2015|27310051|184|1|1|Tammy|Wilkins|15005|0|0|0|0|0|0.33|1.06|0.25
5/8/2015|27310051|320|1|1|Terry|Moreno|15005|0|0|0|0|0|0.36|1.15|0.25
5/8/2015|27310051|320|1|1|Terry|Moreno|15H002|20|0|716.35|0|0|17.19|54.81|11.82
5/8/2015|27310051|343|1|1|Tommy|Graves|15005|0|0|0|0|0|0.31|0.99|0.25
5/8/2015|27310051|343|1|1|Tommy|Graves|15H006|1.5|0|34.5|0|0|0.71|2.26|0.57
5/8/2015|27310051|343|1|1|Tommy|Graves|15H006|0|2|0|69|0|1.41|4.5|0.76
5/8/2015|27310051|399|1|1|Yvette|Miller|15005|0|0|0|0|0|0.34|1.1|0.04
5/8/2015|27310051|399|1|1|Yvette|Miller|15S002|40|0|865.39|0|0|19.86|63.27|2.25
5/13/2015|27310053|38|1|1|Conrad|Walker|15H002|0|0|1400|0|0|0|107.1|3.64
5/13/2015|27310053|38|1|1|Conrad|Walker|15S002|0|0|1400|0|0|0|107.1|3.64
5/13/2015|27310053|13|1|1|Mamie|Day|15H007|0|0|3000|0|0|0|229.5|49.5
5/13/2015|27310053|7|1|1|Shelia|Keller|15H002|0|0|1500|0|0|36|114.75|24.75
5/13/2015|27310053|320|1|1|Terry|Moreno|15H002|0|0|1500|0|0|36|114.75|24.75
5/15/2015|27310054|195|1|1|Al|Ramos|15005|0|0|0|0|0|0|1.07|0.04
5/15/2015|27310054|195|1|1|Al|Ramos|15H002|40|0|1157.15|0|0|0|82.76|3.01
5/15/2015|27310054|404|1|1|Alberta|Gill|15H003|13|0|281.25|0|0|6.63|21.13|4.64
5/15/2015|27310054|404|1|1|Alberta|Gill|15H008|1|0|21.63|0|0|0.51|1.63|0.36
5/15/2015|27310054|106|1|1|Allan|Wood|15002|4|0|88.5|0|0|2.12|6.77|1.46
5/15/2015|27310054|106|1|1|Allan|Wood|15005|0|0|0|0|0|0.36|1.15|0.25
5/15/2015|27310054|106|1|1|Allan|Wood|15H001|18|0|398.25|0|0|9.56|30.47|6.57
5/15/2015|27310054|106|1|1|Allan|Wood|15S001|18|0|398.25|0|0|9.56|30.46|6.57
5/15/2015|27310054|274|1|1|Angel|Watts|15005|0|0|0|0|0|0.36|1.15|0.25
5/15/2015|27310054|1|1|1|Antonio|Torres|15H001|18|0|501.55|0|0|10.57|33.68|0.6
5/15/2015|27310054|1|1|1|Antonio|Torres|15S001|16|0|445.81|0|0|9.39|29.93|0.53
5/15/2015|27310054|391|2|2|Barry|Mckenzie|15005|0|0|0|0|0|0.65|1.04|0.33
5/15/2015|27310054|391|2|2|Barry|Mckenzie|15H001B|21|0|540.75|0|0|23.44|37.36|12
5/15/2015|27310054|259|1|1|Beulah|Gibbs|15005|0|0|0|0|0|0.35|1.11|0.25
5/15/2015|27310054|259|1|1|Beulah|Gibbs|15S004|8|0|206|0|0|4.78|15.25|3.4
5/15/2015|27310054|259|1|1|Beulah|Gibbs|15S008|2|0|51.5|0|0|1.2|3.81|0.85
5/15/2015|27310054|168|1|1|Brittany|Carlson|15005|0|0|0|0|0|0.35|1.11|0.25
5/15/2015|27310054|249|1|1|Cary|Foster|15S002|12|0|490.38|0|0|11.01|35.1|8.09
5/15/2015|27310054|249|1|1|Cary|Foster|15S004|2|0|81.72|0|0|1.84|5.85|1.35
5/15/2015|27310054|179|1|1|Cassandra|Poole|15005|0|0|0|0|0|0.05|1.07|0.25
5/15/2015|27310054|179|1|1|Cassandra|Poole|15H002|2.5|0|97.23|0|0|0.32|6.95|1.6
5/15/2015|27310054|179|1|1|Cassandra|Poole|15H004|17|0|661.2|0|0|2.2|47.23|10.91
5/15/2015|27310054|368|1|1|Cesar|Greene|15S009|0|0|0|0|0|16.46|52.46|12.94
5/15/2015|27310054|368|1|1|Cesar|Greene|15S012|0|0|0|0|0|4.11|13.12|3.23
5/15/2015|27310054|27|1|1|Cindy|Lunt|15005|0|0|0|0|0|0.1|1.06|0.25
5/15/2015|27310054|27|1|1|Cindy|Lunt|15S001|6|0|183|0|0|1.22|12.93|3.02
5/15/2015|27310054|27|1|1|Cindy|Lunt|15S001|0|1|0|45.75|0|0.31|3.23|0.5
5/15/2015|27310054|27|1|1|Cindy|Lunt|15S002|4.5|0|137.25|0|0|0.92|9.69|2.26
5/15/2015|27310054|27|1|1|Cindy|Lunt|15S002|0|1|0|45.75|0|0.3|3.23|0.5
5/15/2015|27310054|27|1|1|Cindy|Lunt|15S004|2|0|61|0|0|0.41|4.32|1.01
5/15/2015|27310054|27|1|1|Cindy|Lunt|15S006|4|0|122|0|0|0.82|8.63|2.01
5/15/2015|27310054|27|1|1|Cindy|Lunt|15S006|0|2|0|91.5|0|0.61|6.46|1.01
5/15/2015|27310054|27|1|1|Cindy|Lunt|15S008|1.5|0|45.75|0|0|0.31|3.25|0.75
5/15/2015|27310054|239|1|1|Clarence|Padilla|15H001|20|0|470|0|0|10.65|33.96|0.56
5/15/2015|27310054|239|1|1|Clarence|Padilla|15S001|19.75|0|464.13|0|0|10.52|33.52|0.56
5/15/2015|27310054|38|1|1|Conrad|Walker|15005|0|0|0|0|0|0|1.12|0.04
5/15/2015|27310054|38|1|1|Conrad|Walker|15H002|38|0|1634.54|0|0|0|122.44|4.25
5/15/2015|27310054|169|1|1|Cornelius|Gibson|15005|0|0|0|0|0|0.35|1.11|0.25
5/15/2015|27310054|169|1|1|Cornelius|Gibson|15H004|7|0|229.25|0|0|5.32|16.96|3.78
5/15/2015|27310054|169|1|1|Cornelius|Gibson|15H008|1.5|0|49.13|0|0|1.14|3.63|0.81
5/15/2015|27310054|44|4|4|Dale|Hamilton|15001|40|0|3850|0|0|0|294.53|4.62
5/15/2015|27310054|396|5|5|Darryl|Burgess|15005|0|0|0|0|0|0.42|1.15|0.64
5/15/2015|27310054|396|5|5|Darryl|Burgess|15H001R|0.5|0|16|0|0|0.45|1.22|0.68
5/15/2015|27310054|396|5|5|Darryl|Burgess|15H004R|1|0|32|0|0|0.89|2.46|1.37
5/15/2015|27310054|204|1|1|Deborah|Bennett|15005|0|0|0|0|0|2.74|8.72|1.98
5/15/2015|27310054|53|1|1|Delia|Lopez|15005|0|0|0|0|0|0.33|1.06|0.25
5/15/2015|27310054|15|1|1|Don|Young|15005|0|0|0|0|0|0.32|1.02|0.25
5/15/2015|27310054|15|1|1|Don|Young|15H003|4|0|110.58|0|0|2.36|7.53|1.82
5/15/2015|27310054|15|1|1|Don|Young|15H008|1|0|27.64|0|0|0.59|1.89|0.46
5/15/2015|27310054|11|1|1|Earnest|Drake|15005|0|0|0|0|0|0.35|1.1|0.25
5/15/2015|27310054|11|1|1|Earnest|Drake|15H004|4|0|144.69|0|0|3.35|10.7|2.39
5/15/2015|27310054|20|1|1|Ed|Craig|15S002|40.5|0|1155.39|0|0|0|78.04|3
5/15/2015|27310054|180|1|1|Elisa|Warren|15005|0|0|0|0|0|0.3|0.96|0.25
5/15/2015|27310054|180|1|1|Elisa|Warren|15H001|1|0|23.25|0|0|0.47|1.5|0.38
5/15/2015|27310054|180|1|1|Elisa|Warren|15H006|1.5|0|34.88|0|0|0.7|2.24|0.58
5/15/2015|27310054|180|1|1|Elisa|Warren|15H008|2.5|0|58.13|0|0|1.17|3.73|0.96
5/15/2015|27310054|45|4|4|Ernesto|Todd|15002|40|0|4225.64|0|0|0|310.92|5.07
5/15/2015|27310054|375|1|1|Fannie|Parks|15005|0|0|0|0|0|0.36|1.15|0.25
5/15/2015|27310054|375|1|1|Fannie|Parks|15S004|7.5|0|165|0|0|3.96|12.62|2.72
5/15/2015|27310054|375|1|1|Fannie|Parks|15S006|1.5|0|33|0|0|0.79|2.53|0.54
5/15/2015|27310054|375|1|1|Fannie|Parks|15S009|0|0|0|0|0|0.26|0.84|0.18
5/15/2015|27310054|19|1|1|Frank|Diaz|15S009|0|0|0|0|0|6.25|19.91|4.46
5/15/2015|27310054|381|1|1|Frankie|Mcdaniel|15005|0|0|0|0|0|0|1.04|0.04
5/15/2015|27310054|381|1|1|Frankie|Mcdaniel|15S002|24|0|593.41|0|0|0|41.22|1.54
5/15/2015|27310054|381|1|1|Frankie|Mcdaniel|15S009|0|0|0|0|0|0|5.15|0.19
5/15/2015|27310054|381|1|1|Frankie|Mcdaniel|15S012|0|0|0|0|0|0|13.74|0.51
5/15/2015|27310054|133|1|1|Geneva|Moody|15005|0|0|0|0|0|0.34|1.07|0.25
5/15/2015|27310054|133|1|1|Geneva|Moody|15S004|5|0|148.75|0|0|3.36|10.71|2.45
5/15/2015|27310054|406|1|1|Grant|Daniel|15H001|9|0|453.3|0|0|9.11|29.05|0.54
5/15/2015|27310054|406|1|1|Grant|Daniel|15H002|15|0|755.48|0|0|15.19|48.42|0.91
5/15/2015|27310054|406|1|1|Grant|Daniel|15H003|3|0|151.1|0|0|3.04|9.68|0.18
5/15/2015|27310054|406|1|1|Grant|Daniel|15H004|1|0|50.37|0|0|1.01|3.23|0.06
5/15/2015|27310054|406|1|1|Grant|Daniel|15H006|14|0|705.13|0|0|14.18|45.19|0.85
5/15/2015|27310054|402|5|5|Gwendolyn|Alvarado|15005|0|0|0|0|0|0.42|1.05|0.64
5/15/2015|27310054|402|5|5|Gwendolyn|Alvarado|15H001R|1|0|18|0|0|0.5|1.27|0.77
5/15/2015|27310054|194|1|1|Hector|Wright|15H006|2|0|45|0|0|0.88|2.79|0.74
5/15/2015|27310054|203|1|1|Helen|Paul|15005|0|0|0|0|0|0|1.52|0.03
5/15/2015|27310054|203|1|1|Helen|Paul|15H001|10|0|648.11|0|0|0|46.84|0.78
5/15/2015|27310054|203|1|1|Helen|Paul|15H006|10|0|648.12|0|0|0|46.83|0.78
5/15/2015|27310054|203|1|1|Helen|Paul|15S001|10|0|648.11|0|0|0|46.83|0.78
5/15/2015|27310054|203|1|1|Helen|Paul|15S006|10|0|648.12|0|0|0|46.84|0.78
5/15/2015|27310054|357|1|1|Stanley|Peterson|15005|0|0|0|0|0|0.38|1.22|0.3
5/15/2015|27310054|357|1|1|Stanley|Peterson|15S006|7|0|140|0|0|3|9.56|2.31
5/15/2015|27310054|357|1|1|Stanley|Peterson|15S006|0|1.5|0|45|0|0.97|3.08|0.49
5/15/2015|27310054|357|1|1|Stanley|Peterson|15S008|1|0|20|0|0|0.43|1.37|0.33
5/15/2015|27310054|269|1|1|Jo|Manning|15005|0|0|0|0|0|0.34|1.1|0.25
5/15/2015|27310054|269|1|1|Jo|Manning|15H004SG|6|0|168|0|0|3.84|12.24|2.77
5/15/2015|27310054|269|1|1|Jo|Manning|15H004SG|0|2|0|84|0|1.92|6.11|0.92
5/15/2015|27310054|248|1|1|Jodi|Powers|15H001|20|0|410|0|0|8.66|27.6|0.49
5/15/2015|27310054|248|1|1|Jodi|Powers|15S001|20|0|410|0|0|8.66|27.6|0.49
5/15/2015|27310054|30|1|1|Joe|Perry|15H003|5|0|121.84|0|0|2.46|7.85|0.15
5/15/2015|27310054|30|1|1|Joe|Perry|15H008|1|0|24.37|0|0|0.49|1.57|0.03
5/15/2015|27310054|403|1|1|Joyce|Ferguson|15S012|0|0|0|0|0|2.01|6.42|1.68
5/15/2015|27310054|376|1|1|Katie|Hodges|15005|0|0|0|0|0|0.34|1.09|0.25
5/15/2015|27310054|6|1|1|Kelly|Murray|15H005|0|0|0|0|0|4.62|14.72|0
5/15/2015|27310054|210|2|2|Kenny|Robertson|15005|0|0|0|0|0|0.72|1.15|0.33
5/15/2015|27310054|210|2|2|Kenny|Robertson|15H001B|18.5|0|439.93|0|0|21.12|33.66|9.77
5/15/2015|27310054|210|2|2|Kenny|Robertson|15H002B|10|0|237.8|0|0|11.41|18.19|5.28
5/15/2015|27310054|35|1|1|Leonard|Wong|15H002|42|0|1153.85|0|0|0|81.53|3
5/15/2015|27310055|35|1|1|Leonard|Wong|15H002|0|0|0|0|0|0|0|0
5/15/2015|27310054|287|2|2|Levi|Christensen|15H001|6|0|85.5|0|0|3.89|6.21|0.21
5/15/2015|27310054|287|2|2|Levi|Christensen|15H001B|17|0|242.25|0|0|11.03|17.59|0.61
5/15/2015|27310054|287|2|2|Levi|Christensen|15H006B|17|0|242.25|0|0|11.04|17.58|0.61
5/15/2015|27310054|255|1|1|Lois|Moran|15005|0|0|0|0|0|0.34|1.1|0.25
5/15/2015|27310054|153|1|1|Lynne|Soto|15H009|0|0|0|0|0|5.99|19.09|4.62
5/15/2015|27310054|153|1|1|Lynne|Soto|15H012|0|0|0|0|0|6.84|21.81|5.28
5/15/2015|27310054|13|1|1|Mamie|Day|15H003|2|0|93.08|0|0|0|7.12|1.54
5/15/2015|27310054|13|1|1|Mamie|Day|15H007|38|0|1768.46|0|0|0|135.29|29.18
5/15/2015|27310055|13|1|1|Mamie|Day|15H007|0|0|0|0|0|0|0|0
5/15/2015|27310054|358|1|1|Marc|Wallace|15H001|40|0|630|0|0|11.88|37.87|0.76
5/15/2015|27310054|281|1|1|Marcia|Neal|15005|0|0|0|0|0|0.29|0.91|0.2
5/15/2015|27310054|281|1|1|Marcia|Neal|15S001|2|0|52|0|0|1.25|3.97|0.86
5/15/2015|27310054|281|1|1|Marcia|Neal|15S006|0|2|0|78|0|1.87|5.97|0.86
5/15/2015|27310054|314|1|1|Marianne|Baldwin|15005|0|0|0|0|0|0.36|1.15|0.25
5/15/2015|27310054|39|1|1|Marie|Hudson|15H005|30|0|217.5|0|0.32|1.26|4.02|3.59
5/15/2015|27310054|22|1|1|Marion|Scott|15H003|4|0|134.6|0|0|2.94|9.38|2.22
5/15/2015|27310054|22|1|1|Marion|Scott|15H009|0|0|0|0|0|2.94|9.38|2.22
5/15/2015|27310054|18|1|1|Marty|Barnes|15H001|15.5|0|310|0|0|7.44|23.72|0.37
5/15/2015|27310054|18|1|1|Marty|Barnes|15S001|15.5|0|310|0|0|7.44|23.71|0.37
5/15/2015|27310054|401|2|2|Maryann|Cohen|15005|0|0|0|0|0|0.63|1|0.33
5/15/2015|27310054|401|2|2|Maryann|Cohen|15H001B|20|0|520|0|0|21.87|34.85|11.54
5/15/2015|27310054|401|2|2|Maryann|Cohen|15H002B|1|0|26|0|0|1.09|1.74|0.58
5/15/2015|27310054|407|1|1|Maxine|Tyler|15S008|3|0|48|0|0.29|1.15|3.68|0.79
5/15/2015|27310054|3|1|1|Melanie|Green|15H001|20|0|1538.5|0|0|0|116.54|1.85
5/15/2015|27310054|3|1|1|Melanie|Green|15H001R|4|0|307.7|0|0|0|23.31|0.37
5/15/2015|27310054|3|1|1|Melanie|Green|15H002|16|0|1230.8|0|0|0|93.23|1.48
5/15/2015|27310054|374|5|5|Melvin|Strickland|15H001|4|0|84|0|0|2.35|5.47|0.32
5/15/2015|27310054|374|5|5|Melvin|Strickland|15H001R|18.5|0|388.5|0|0|10.88|25.3|1.48
5/15/2015|27310054|374|5|5|Melvin|Strickland|15H006|16.5|0|346.5|0|0|9.7|22.56|1.32
5/15/2015|27310054|374|5|5|Melvin|Strickland|15H006R|1|0|21|0|0|0.59|1.37|0.08
5/15/2015|27310054|201|1|1|Michele|Lee|15005|0|0|0|0|0|0.22|0.69|0.15
5/15/2015|27310054|201|1|1|Michele|Lee|15H009|0|0|0|0|0|14.36|45.79|9.88
5/15/2015|27310054|192|5|5|Mike|Briggs|15005|0|0|0|0|0|0|0.82|0.51
5/15/2015|27310054|192|5|5|Mike|Briggs|15H002B|12|0|288.46|0|0|0|19.69|12.35
5/15/2015|27310054|192|5|5|Mike|Briggs|15H002R|28|0|673.08|0|0|0|45.93|28.81
5/15/2015|27310054|398|1|1|Mona|Howard|15S008|2|0|24|0|0|0.58|1.84|0.4
5/15/2015|27310054|276|1|1|Morris|Glover|15005|0|0|0|0|0|0.34|1.07|0.25
5/15/2015|27310054|276|1|1|Morris|Glover|15H008|2|0|47.5|0|0|1.07|3.42|0.78
5/15/2015|27310054|352|1|1|Myra|Vega|15S008|3|0|57|0|0|1.25|3.97|0.94
5/15/2015|27310054|199|1|1|Nettie|Stevens|15005|0|0|0|0|0|0|1.05|0.25
5/15/2015|27310054|199|1|1|Nettie|Stevens|15H002|2|0|71.4|0|0|0|5.02|1.18
5/15/2015|27310054|199|1|1|Nettie|Stevens|15H006|8|0|285.6|0|0|0|20.09|4.71
5/15/2015|27310054|199|1|1|Nettie|Stevens|15H008|4.5|0|160.65|0|0|0|11.3|2.65
5/15/2015|27310054|260|1|1|Nichole|Fox|15005|0|0|0|0|0|0.34|1.07|0.25
5/15/2015|27310054|260|1|1|Nichole|Fox|15H008|1.5|0|37.13|0|0|0.84|2.68|0.61
5/15/2015|27310054|412|1|1|Norman|Ruiz|15H001|17.5|0|280|0|1.68|6.72|21.42|4.62
5/15/2015|27310054|412|1|1|Norman|Ruiz|15S001|17.5|0|280|0|1.68|6.72|21.42|4.62
5/15/2015|27310054|380|1|1|Preston|Robinson|15005|0|0|0|0|0|0.29|0.93|0.25
5/15/2015|27310054|380|1|1|Preston|Robinson|15S001|5.5|0|110|0|0|2.14|6.82|1.81
5/15/2015|27310054|181|1|1|Ramona|Myers|15H003|4|0|117.09|0|0|2.81|8.96|1.93
5/15/2015|27310054|181|1|1|Ramona|Myers|15H009|0|0|0|0|0|16.86|53.75|11.59
5/15/2015|27310054|386|1|1|Raquel|Singleton|15H001|12|0|144|0|0.86|3.46|11.01|2.38
5/15/2015|27310054|117|1|1|Richard|Wood|15H003|2|0|50|0|0|1.08|3.44|0.82
5/15/2015|27310054|117|1|1|Richard|Wood|15H006|10|0|150|0|0|3.6|11.48|2.48
5/15/2015|27310054|117|1|1|Richard|Wood|15H008|1|0|25|0|0|0.54|1.72|0.41
5/15/2015|27310054|400|1|1|Roberto|Ortega|15005|0|0|0|0|0|0.3|0.96|0.04
5/15/2015|27310054|400|1|1|Roberto|Ortega|15H002|40|0|826.93|0|0|16.71|53.27|2.15
5/15/2015|27310054|409|1|1|Sally|Bailey|15005|0|0|0|0|0.09|0.36|1.15|0.25
5/15/2015|27310054|7|1|1|Shelia|Keller|15H002|37|0|847.07|0|0|19.65|62.65|13.98
5/15/2015|27310054|34|1|1|Sheryl|Hill|15005|0|0|0|0|0|0|1.09|0.25
5/15/2015|27310054|34|1|1|Sheryl|Hill|15H003|8|0|454.38|0|0|0|33.06|7.5
5/15/2015|27310054|34|1|1|Sheryl|Hill|15H004|2|0|113.6|0|0|0|8.26|1.87
5/15/2015|27310054|34|1|1|Sheryl|Hill|15H007|1|0|56.8|0|0|0|4.13|0.94
5/15/2015|27310054|34|1|1|Sheryl|Hill|15S002|4|0|227.19|0|0|0|16.54|3.75
5/15/2015|27310054|336|1|1|Shirley|Parker|15005|0|0|0|0|0|0.29|0.91|0.2
5/15/2015|27310054|336|1|1|Shirley|Parker|15H008|1|0|24.5|0|0|0.59|1.88|0.4
5/15/2015|27310054|345|1|1|Sidney|Hansen|15H008|2|0|46|0|0|1.1|3.52|0.76
5/15/2015|27310054|99|1|1|Sue|Riley|15H006|20|0|420|0|0|9.76|31.1|6.93
5/15/2015|27310054|99|1|1|Sue|Riley|15S006|20|0|420|0|0|9.76|31.12|6.93
5/15/2015|27310054|25|1|1|Tami|Luna|15H001|22.5|0|517.81|0|0|11.17|35.61|0.62
5/15/2015|27310054|25|1|1|Tami|Luna|15S001|20.5|0|471.79|0|0|10.18|32.44|0.57
5/15/2015|27310054|184|1|1|Tammy|Wilkins|15005|0|0|0|0|0|0.33|1.06|0.25
5/15/2015|27310054|184|1|1|Tammy|Wilkins|15H003|4|0|111.75|0|0|2.48|7.91|1.84
5/15/2015|27310054|184|1|1|Tammy|Wilkins|15H008|1|0|27.94|0|0|0.62|1.98|0.46
5/15/2015|27310054|320|1|1|Terry|Moreno|15005|0|0|0|0|0|0.36|1.15|0.25
5/15/2015|27310054|320|1|1|Terry|Moreno|15H001|1|0|35.82|0|0|0.86|2.74|0.59
5/15/2015|27310054|320|1|1|Terry|Moreno|15H002|19|0|680.53|0|0|16.33|52.06|11.23
5/15/2015|27310054|343|1|1|Tommy|Graves|15005|0|0|0|0|0|0.31|0.97|0.25
5/15/2015|27310054|343|1|1|Tommy|Graves|15H001|1|0|23|0|0|0.47|1.51|0.38
5/15/2015|27310054|343|1|1|Tommy|Graves|15H001|0|1.5|0|51.75|0|1.06|3.38|0.57
5/15/2015|27310054|343|1|1|Tommy|Graves|15H006|2.5|0|57.5|0|0|1.18|3.75|0.95
5/15/2015|27310054|343|1|1|Tommy|Graves|15H008|1|0|23|0|0|0.47|1.51|0.38
5/15/2015|27310054|399|1|1|Yvette|Miller|15005|0|0|0|0|0|0.34|1.1|0.04
5/15/2015|27310054|399|1|1|Yvette|Miller|15S002|40|0|865.39|0|0|19.86|63.27|2.25
5/22/2015|27310056|195|1|1|Al|Ramos|15005|0|0|0|0|0|0|1.07|0.04
5/22/2015|27310056|195|1|1|Al|Ramos|15H002|38.5|0|1157.15|0|0|0|82.76|3.01
5/22/2015|27310056|404|1|1|Alberta|Gill|15H008|12|0|259.62|0|0|6.12|19.51|4.28
5/22/2015|27310056|404|1|1|Alberta|Gill|15H009|0|0|0|0|0|0.51|1.63|0.36
5/22/2015|27310056|106|1|1|Allan|Wood|15002|4|0|88.5|0|0|2.12|6.77|1.46
5/22/2015|27310056|106|1|1|Allan|Wood|15005|0|0|0|0|0|0.36|1.15|0.25
5/22/2015|27310056|106|1|1|Allan|Wood|15H001|14|0|309.75|0|0|7.44|23.69|5.11
5/22/2015|27310056|106|1|1|Allan|Wood|15H012|0|0|0|0|0|4.25|13.53|2.92
5/22/2015|27310056|106|1|1|Allan|Wood|15S001|14|0|309.75|0|0|7.43|23.71|5.11
5/22/2015|27310056|274|1|1|Angel|Watts|15005|0|0|0|0|0|0.36|1.15|0.25
5/22/2015|27310056|1|1|1|Antonio|Torres|15H001|17|0|496.24|0|0|10.45|33.32|0.6
5/22/2015|27310056|1|1|1|Antonio|Torres|15S001|16|0|467.05|0|0|9.84|31.36|0.56
5/22/2015|27310056|259|1|1|Beulah|Gibbs|15005|0|0|0|0|0|0.35|1.11|0.25
5/22/2015|27310056|259|1|1|Beulah|Gibbs|15S004|9|0|231.75|0|0|5.36|17.08|3.82
5/22/2015|27310056|259|1|1|Beulah|Gibbs|15S008|1|0|25.75|0|0|0.6|1.9|0.42
5/22/2015|27310056|168|1|1|Brittany|Carlson|15005|0|0|0|0|0|0.35|1.11|0.25
5/22/2015|27310056|168|1|1|Brittany|Carlson|15H009|0|0|0|0|0|6.98|22.25|4.95
5/22/2015|27310056|249|1|1|Cary|Foster|15S002|11|0|449.52|0|0|4.58|32.18|7.42
5/22/2015|27310056|249|1|1|Cary|Foster|15S004|4|0|163.46|0|0|1.66|11.7|2.7
5/22/2015|27310056|179|1|1|Cassandra|Poole|15005|0|0|0|0|0|0|0.64|0.15
5/22/2015|27310056|179|1|1|Cassandra|Poole|15H002|2|0|84.43|0|0|0|6.03|1.39
5/22/2015|27310056|179|1|1|Cassandra|Poole|15H004|11|0|464.35|0|0|0|33.17|7.66
5/22/2015|27310056|179|1|1|Cassandra|Poole|15H009|0|0|0|0|0|0|42.21|9.75
5/22/2015|27310056|368|1|1|Cesar|Greene|15005|0|0|0|0|0|0.32|1.04|0.25
5/22/2015|27310056|368|1|1|Cesar|Greene|15S008|1|0|24.5|0|0|0.53|1.69|0.4
5/22/2015|27310056|27|1|1|Cindy|Lunt|15005|0|0|0|0|0|0|1.06|0.25
5/22/2015|27310056|27|1|1|Cindy|Lunt|15S001|2.5|0|76.25|0|0|0|5.36|1.26
5/22/2015|27310056|27|1|1|Cindy|Lunt|15S001|0|0.5|0|22.88|0|0|1.61|0.25
5/22/2015|27310056|27|1|1|Cindy|Lunt|15S002|2.5|0|76.25|0|0|0|5.35|1.26
5/22/2015|27310056|27|1|1|Cindy|Lunt|15S002|0|1.5|0|68.63|0|0|4.82|0.75
5/22/2015|27310056|27|1|1|Cindy|Lunt|15S004|3.5|0|106.75|0|0|0|7.5|1.76
5/22/2015|27310056|27|1|1|Cindy|Lunt|15S004|0|0.5|0|22.88|0|0|1.61|0.25
5/22/2015|27310056|27|1|1|Cindy|Lunt|15S006|3|0|91.5|0|0|0|6.43|1.51
5/22/2015|27310056|27|1|1|Cindy|Lunt|15S006|0|2|0|91.5|0|0|6.43|1.01
5/22/2015|27310056|27|1|1|Cindy|Lunt|15S008|4|0|122|0|0|0|8.57|2.01
5/22/2015|27310056|239|1|1|Clarence|Padilla|15H001|12.75|0|299.63|0|0|6.79|21.65|0.36
5/22/2015|27310056|239|1|1|Clarence|Padilla|15H009|0|0|0|0|0|3.73|11.89|0.2
5/22/2015|27310056|239|1|1|Clarence|Padilla|15S001|12.75|0|299.63|0|0|6.8|21.64|0.36
5/22/2015|27310056|239|1|1|Clarence|Padilla|15S002|0.5|0|11.75|0|0|0.26|0.86|0.01
5/22/2015|27310056|239|1|1|Clarence|Padilla|15S009|0|0|0|0|0|3.73|11.88|0.2
5/22/2015|27310056|38|1|1|Conrad|Walker|15005|0|0|0|0|0|0|1.12|0.04
5/22/2015|27310056|38|1|1|Conrad|Walker|15H002|41|0|1634.54|0|0|0|122.44|4.25
5/22/2015|27310056|169|1|1|Cornelius|Gibson|15005|0|0|0|0|0|0.35|1.12|0.25
5/22/2015|27310056|169|1|1|Cornelius|Gibson|15H004|4.5|0|147.38|0|0|3.43|10.95|2.43
5/22/2015|27310056|44|4|4|Dale|Hamilton|15001|40|0|3850|0|0|0|294.53|4.62
5/22/2015|27310056|396|5|5|Darryl|Burgess|15005|0|0|0|0|0|0.14|1.15|0.64
5/22/2015|27310056|204|1|1|Deborah|Bennett|15005|0|0|0|0|0|0.27|0.86|0.2
5/22/2015|27310056|53|1|1|Delia|Lopez|15005|0|0|0|0|0|0.33|1.07|0.25
5/22/2015|27310056|15|1|1|Don|Young|15005|0|0|0|0|0|0.32|1.02|0.25
5/22/2015|27310056|11|1|1|Earnest|Drake|15005|0|0|0|0|0|0.35|1.11|0.25
5/22/2015|27310056|11|1|1|Earnest|Drake|15H004|8|0|303.85|0|0|7.04|22.46|5.01
5/22/2015|27310056|20|1|1|Ed|Craig|15S002|45.5|0|1155.39|0|0|0|78.04|3
5/22/2015|27310056|180|1|1|Elisa|Warren|15005|0|0|0|0|0|0.24|0.77|0.2
5/22/2015|27310056|180|1|1|Elisa|Warren|15H006|1|0|23.25|0|0|0.47|1.49|0.38
5/22/2015|27310056|180|1|1|Elisa|Warren|15H008|0.5|0|11.63|0|0|0.23|0.74|0.19
5/22/2015|27310056|180|1|1|Elisa|Warren|15H009|0|0|0|0|0|1.17|3.73|0.96
5/22/2015|27310056|45|4|4|Ernesto|Todd|15002|40|0|4225.64|0|0|0|310.92|5.07
5/22/2015|27310056|375|1|1|Fannie|Parks|15005|0|0|0|0|0|0.36|1.15|0.25
5/22/2015|27310056|375|1|1|Fannie|Parks|15S004|4.5|0|99|0|0|2.38|7.58|1.63
5/22/2015|27310056|19|1|1|Frank|Diaz|15S006|3|0|81|0|0|1.87|5.97|1.34
5/22/2015|27310056|381|1|1|Frankie|Mcdaniel|15005|0|0|0|0|0|0|1.04|0.04
5/22/2015|27310056|381|1|1|Frankie|Mcdaniel|15S002|40|0|865.39|0|0|0|60.11|2.25
5/22/2015|27310056|133|1|1|Geneva|Moody|15005|0|0|0|0|0|0.34|1.07|0.25
5/22/2015|27310056|133|1|1|Geneva|Moody|15S004|6|0|178.5|0|0|4.03|12.86|2.95
5/22/2015|27310056|133|1|1|Geneva|Moody|15S009|0|0|0|0|0|3.7|11.8|2.7
5/22/2015|27310056|406|1|1|Grant|Daniel|15H001|5|0|248.87|0|0|5|15.95|0.3
5/22/2015|27310056|406|1|1|Grant|Daniel|15H002|13|0|647.06|0|0|13.01|41.47|0.78
5/22/2015|27310056|406|1|1|Grant|Daniel|15H004|1|0|49.77|0|0|1|3.19|0.06
5/22/2015|27310056|406|1|1|Grant|Daniel|15H006|23.5|0|1169.68|0|0|23.52|74.96|1.4
5/22/2015|27310056|402|5|5|Gwendolyn|Alvarado|15005|0|0|0|0|0|0.42|1.05|0.64
5/22/2015|27310056|402|5|5|Gwendolyn|Alvarado|15H008R|4.5|0|81|0|0|2.27|5.68|3.47
5/22/2015|27310056|194|1|1|Hector|Wright|15H009|0|0|0|0|0|4.37|13.94|3.71
5/22/2015|27310056|203|1|1|Helen|Paul|15005|0|0|0|0|0|0|1.52|0.03
5/22/2015|27310056|203|1|1|Helen|Paul|15H001|6|0|388.87|0|0|0|28.11|0.47
5/22/2015|27310056|203|1|1|Helen|Paul|15H001B|4|0|259.25|0|0|0|18.73|0.31
5/22/2015|27310056|203|1|1|Helen|Paul|15H006|6|0|388.86|0|0|0|28.1|0.47
5/22/2015|27310056|203|1|1|Helen|Paul|15H006B|4|0|259.25|0|0|0|18.74|0.31
5/22/2015|27310056|203|1|1|Helen|Paul|15S001|6|0|388.87|0|0|0|28.09|0.47
5/22/2015|27310056|203|1|1|Helen|Paul|15S001B|4|0|259.25|0|0|0|18.73|0.31
5/22/2015|27310056|203|1|1|Helen|Paul|15S006|6|0|388.86|0|0|0|28.11|0.47
5/22/2015|27310056|203|1|1|Helen|Paul|15S006B|4|0|259.25|0|0|0|18.73|0.31
5/22/2015|27310056|357|1|1|Stanley|Peterson|15005|0|0|0|0|0|0.31|0.99|0.25
5/22/2015|27310056|357|1|1|Stanley|Peterson|15S006|3.5|0|70|0|0|1.45|4.63|1.16
5/22/2015|27310056|357|1|1|Stanley|Peterson|15S006|0|3|0|90|0|1.86|5.94|0.99
5/22/2015|27310056|269|1|1|Jo|Manning|15005|0|0|0|0|0|0.07|0.21|0.05
5/22/2015|27310056|269|1|1|Jo|Manning|15H004SG|3|0|84|0|0|1.84|5.89|1.39
5/22/2015|27310056|269|1|1|Jo|Manning|15H009SG|0|0|0|0|0|19.69|62.76|14.78
5/22/2015|27310056|248|1|1|Jodi|Powers|15H001|20|0|410|0|0|8.66|27.6|0.49
5/22/2015|27310056|248|1|1|Jodi|Powers|15S001|20|0|410|0|0|8.66|27.6|0.49
5/22/2015|27310056|30|1|1|Joe|Perry|15H002|0.5|0|12.18|0|0|0.25|0.79|0.01
5/22/2015|27310056|30|1|1|Joe|Perry|15H003|5|0|121.84|0|0|2.46|7.85|0.15
5/22/2015|27310056|403|1|1|Joyce|Ferguson|15S008|1|0|17|0|0|0.35|1.12|0.28
5/22/2015|27310056|376|1|1|Katie|Hodges|15005|0|0|0|0|0|0.34|1.09|0.25
5/22/2015|27310056|210|2|2|Kenny|Robertson|15005|0|0|0|0|0|0.72|1.15|0.33
5/22/2015|27310056|210|2|2|Kenny|Robertson|15H001B|19|0|451.82|0|0|21.69|34.56|10.03
5/22/2015|27310056|210|2|2|Kenny|Robertson|15H002B|6.5|0|154.57|0|0|7.42|11.82|3.43
5/22/2015|27310056|210|2|2|Kenny|Robertson|15H008B|3|0|71.34|0|0|3.42|5.46|1.58
5/22/2015|27310056|210|2|2|Kenny|Robertson|15H009B|0|0|0|0|0|6.28|10|2.9
5/22/2015|27310056|210|2|2|Kenny|Robertson|15S002B|2.5|0|59.45|0|0|2.86|4.55|1.32
5/22/2015|27310056|35|1|1|Leonard|Wong|15H002|40|0|1153.85|0|0|0|81.53|3
5/22/2015|27310056|287|2|2|Levi|Christensen|15H001|9|0|128.25|0|0|5.84|9.32|0.32
5/22/2015|27310056|287|2|2|Levi|Christensen|15H001B|11|0|156.75|0|0|7.14|11.38|0.39
5/22/2015|27310056|287|2|2|Levi|Christensen|15H006B|11|0|156.75|0|0|7.14|11.38|0.39
5/22/2015|27310056|287|2|2|Levi|Christensen|15H009B|0|0|0|0|0|5.84|9.3|0.32
5/22/2015|27310056|255|1|1|Lois|Moran|15005|0|0|0|0|0|0.35|1.11|0.25
5/22/2015|27310056|153|1|1|Lynne|Soto|15005|0|0|0|0|0|0.33|1.06|0.25
5/22/2015|27310056|13|1|1|Mamie|Day|15H002|17|0|791.16|0|0|0|60.52|13.05
5/22/2015|27310056|13|1|1|Mamie|Day|15H003|12|0|558.46|0|0|0|42.73|9.21
5/22/2015|27310056|13|1|1|Mamie|Day|15H007|2|0|93.07|0|0|0|7.12|1.54
5/22/2015|27310056|358|1|1|Marc|Wallace|15H001|40|0|630|0|0|11.88|37.87|0.76
5/22/2015|27310056|281|1|1|Marcia|Neal|15005|0|0|0|0|0|0.25|0.8|0.2
5/22/2015|27310056|281|1|1|Marcia|Neal|15S001|1|0|26|0|0|0.55|1.74|0.43
5/22/2015|27310056|281|1|1|Marcia|Neal|15S009|0|0|0|0|0|3.01|9.58|2.36
5/22/2015|27310056|314|1|1|Marianne|Baldwin|15005|0|0|0|0|0|0.36|1.15|0.25
5/22/2015|27310056|39|1|1|Marie|Hudson|15H005|30|0|217.5|0|0.32|1.26|4.02|3.59
5/22/2015|27310056|18|1|1|Marty|Barnes|15H001|15.5|0|310|0|0|7.44|23.72|0.37
5/22/2015|27310056|18|1|1|Marty|Barnes|15S001|15.5|0|310|0|0|7.44|23.71|0.37
5/22/2015|27310056|401|2|2|Maryann|Cohen|15005|0|0|0|0|0|0.63|1|0.33
5/22/2015|27310056|401|2|2|Maryann|Cohen|15H001B|34|0|884|0|0|37.17|59.23|19.62
5/22/2015|27310056|407|1|1|Maxine|Tyler|15S008|1|0|16|0|0.1|0.38|1.22|0.26
5/22/2015|27310056|3|1|1|Melanie|Green|15H001|32|0|2461.6|0|0|0|186.46|2.95
5/22/2015|27310056|3|1|1|Melanie|Green|15H002|8|0|615.4|0|0|0|46.62|0.74
5/22/2015|27310056|374|5|5|Melvin|Strickland|15H001|4|0|84|0|0|2.35|5.47|0.32
5/22/2015|27310056|374|5|5|Melvin|Strickland|15H001R|19|0|399|0|0|11.17|25.99|1.52
5/22/2015|27310056|374|5|5|Melvin|Strickland|15H006|15.5|0|325.5|0|0|9.12|21.19|1.24
5/22/2015|27310056|374|5|5|Melvin|Strickland|15H006R|1.5|0|31.5|0|0|0.88|2.05|0.12
5/22/2015|27310056|201|1|1|Michele|Lee|15005|0|0|0|0|0|0.36|1.15|0.25
5/22/2015|27310056|192|5|5|Mike|Briggs|15005|0|0|0|0|0|0|1.02|0.64
5/22/2015|27310056|192|5|5|Mike|Briggs|15H002B|24|0|576.92|0|0|0|39.39|24.69
5/22/2015|27310056|192|5|5|Mike|Briggs|15H002R|16|0|384.62|0|0|0|26.26|16.46
5/22/2015|27310056|398|1|1|Mona|Howard|15S008|1|0|12|0|0|0.29|0.91|0.2
5/22/2015|27310056|276|1|1|Morris|Glover|15005|0|0|0|0|0|0.34|1.08|0.25
5/22/2015|27310056|352|1|1|Myra|Vega|15005|0|0|0|0|0|0.33|1.04|0.25
5/22/2015|27310056|352|1|1|Myra|Vega|15S008|1|0|19|0|0|0.41|1.31|0.31
5/22/2015|27310056|199|1|1|Nettie|Stevens|15005|0|0|0|0|0|0|1.06|0.25
5/22/2015|27310056|199|1|1|Nettie|Stevens|15H002|1|0|35.7|0|0|0|2.53|0.59
5/22/2015|27310056|199|1|1|Nettie|Stevens|15H006|6|0|214.2|0|0|0|15.18|3.53
5/22/2015|27310056|199|1|1|Nettie|Stevens|15H008|0.5|0|17.85|0|0|0|1.27|0.29
5/22/2015|27310056|260|1|1|Nichole|Fox|15005|0|0|0|0|0|0.21|0.66|0.15
5/22/2015|27310056|412|1|1|Norman|Ruiz|15H001|21|0|336|0|2.01|8.07|25.7|5.54
5/22/2015|27310056|412|1|1|Norman|Ruiz|15H001|0|1|0|24|0.14|0.58|1.84|0.26
5/22/2015|27310056|412|1|1|Norman|Ruiz|15S001|19|0|304|0|1.83|7.29|23.26|5.02
5/22/2015|27310056|380|1|1|Preston|Robinson|15005|0|0|0|0|0|0.29|0.93|0.25
5/22/2015|27310056|380|1|1|Preston|Robinson|15S001|1|0|20|0|0|0.39|1.25|0.33
5/22/2015|27310056|181|1|1|Ramona|Myers|15H009|0|0|0|0|0|16.86|53.75|11.59
5/22/2015|27310056|386|1|1|Raquel|Singleton|15H001|5|0|60|0|0.36|1.44|4.59|0.99
5/22/2015|27310056|117|1|1|Richard|Wood|15H006|7|0|105|0|0|2.52|8.03|1.73
5/22/2015|27310056|117|1|1|Richard|Wood|15H009|0|0|0|0|0|8.63|27.52|6.6
5/22/2015|27310056|400|1|1|Roberto|Ortega|15005|0|0|0|0|0|0.3|0.96|0.04
5/22/2015|27310056|400|1|1|Roberto|Ortega|15H002|42.5|0|826.93|0|0|16.71|53.27|2.15
5/22/2015|27310056|409|1|1|Sally|Bailey|15005|0|0|0|0|0.09|0.36|1.15|0.25
5/22/2015|27310056|409|1|1|Sally|Bailey|15H005|2|0|49|0|0.29|1.18|3.75|0.81
5/22/2015|27310056|367|1|1|Samuel|Harper|15H009|0|0|0|0|0|1.53|4.87|1.07
5/22/2015|27310056|7|1|1|Shelia|Keller|15H002|40|0|961.54|0|0|22.31|71.11|15.87
5/22/2015|27310056|34|1|1|Sheryl|Hill|15005|0|0|0|0|0|0|1.09|0.25
5/22/2015|27310056|34|1|1|Sheryl|Hill|15H003|6|0|281.8|0|0|0|20.51|4.65
5/22/2015|27310056|34|1|1|Sheryl|Hill|15H004|1|0|46.97|0|0|0|3.41|0.78
5/22/2015|27310056|336|1|1|Shirley|Parker|15005|0|0|0|0|0|0.15|0.46|0.1
5/22/2015|27310056|99|1|1|Sue|Riley|15H006|20|0|420|0|0|9.76|31.1|6.93
5/22/2015|27310056|99|1|1|Sue|Riley|15S006|20|0|420|0|0|9.76|31.12|6.93
5/22/2015|27310056|25|1|1|Tami|Luna|15H001|23|0|505.8|0|0|10.91|34.78|0.61
5/22/2015|27310056|25|1|1|Tami|Luna|15S001|22|0|483.8|0|0|10.44|33.27|0.58
5/22/2015|27310056|184|1|1|Tammy|Wilkins|15005|0|0|0|0|0|0.33|1.06|0.25
5/22/2015|27310056|320|1|1|Terry|Moreno|15005|0|0|0|0|0|0.14|1.15|0.25
5/22/2015|27310056|320|1|1|Terry|Moreno|15H002|14|0|501.45|0|0|4.8|38.36|8.27
5/22/2015|27310056|320|1|1|Terry|Moreno|15H009|0|0|0|0|0|2.75|21.92|4.73
5/22/2015|27310056|343|1|1|Tommy|Graves|15005|0|0|0|0|0|0.3|0.97|0.25
5/22/2015|27310056|343|1|1|Tommy|Graves|15H001|2.5|0|57.5|0|0|1.17|3.72|0.95
5/22/2015|27310056|343|1|1|Tommy|Graves|15H006|1.5|0|34.5|0|0|0.7|2.23|0.57
5/22/2015|27310056|399|1|1|Yvette|Miller|15005|0|0|0|0|0|0.34|1.1|0.04
5/22/2015|27310056|399|1|1|Yvette|Miller|15S002|40|0|865.39|0|0|19.86|63.27|2.25
5/29/2015|27310058|195|1|1|Al|Ramos|15005|0|0|0|0|0|0|1.15|0.04
5/29/2015|27310058|195|1|1|Al|Ramos|15H002|30.5|0|882.33|0|0|0|67.5|2.29
5/29/2015|27310058|195|1|1|Al|Ramos|15H009|0|0|0|0|0|0|21.02|0.71
5/29/2015|27310058|404|1|1|Alberta|Gill|15H003|4|0|86.54|0|0|2.08|6.63|1.43
5/29/2015|27310058|106|1|1|Allan|Wood|15005|0|0|0|0|0|0.36|1.15|0.25
5/29/2015|27310058|106|1|1|Allan|Wood|15H001|20|0|442.5|0|0|10.62|33.86|7.3
5/29/2015|27310058|106|1|1|Allan|Wood|15S001|20|0|442.5|0|0|10.62|33.84|7.3
5/29/2015|27310058|304|1|1|Allen|Price|15H009|0|0|0|0|0|4.97|15.83|3.42
5/29/2015|27310058|274|1|1|Angel|Watts|15005|0|0|0|0|0|0.36|1.15|0.25
5/29/2015|27310058|1|1|1|Antonio|Torres|15H001|15|0|427.68|0|0|10.26|32.71|0.51
5/29/2015|27310058|1|1|1|Antonio|Torres|15S001|14|0|399.16|0|0|9.58|30.54|0.48
5/29/2015|27310058|391|2|2|Barry|Mckenzie|15H001B|2|0|51.5|0|0|2.47|3.95|1.14
5/29/2015|27310058|259|1|1|Beulah|Gibbs|15005|0|0|0|0|0|0.36|1.14|0.25
5/29/2015|27310058|259|1|1|Beulah|Gibbs|15S004|9.5|0|244.63|0|0|5.87|18.71|4.04
5/29/2015|27310058|259|1|1|Beulah|Gibbs|15S008|0.5|0|12.88|0|0|0.31|0.99|0.21
5/29/2015|27310058|168|1|1|Brittany|Carlson|15005|0|0|0|0|0|0|1.15|0.25
5/29/2015|27310058|168|1|1|Brittany|Carlson|15H001SG|6|0|225|0|0|0|17.21|3.71
5/29/2015|27310058|168|1|1|Brittany|Carlson|15H002SG|6|0|225|0|0|0|17.21|3.71
5/29/2015|27310058|168|1|1|Brittany|Carlson|15H009|0|0|0|0|0|0|22.95|4.95
5/29/2015|27310058|249|1|1|Cary|Foster|15S008|40|0|1634.62|0|0|0|125.05|26.97
5/29/2015|27310059|249|1|1|Cary|Foster|15S008|0|0|0|0|0|0|0|0
5/29/2015|27310058|179|1|1|Cassandra|Poole|15005|0|0|0|0|0|0|1.15|0.25
5/29/2015|27310058|179|1|1|Cassandra|Poole|15H004|10|0|422.14|0|0|0|32.29|6.97
5/29/2015|27310058|368|1|1|Cesar|Greene|15005|0|0|0|0|0|0.36|1.15|0.25
5/29/2015|27310058|368|1|1|Cesar|Greene|15S001|1|0|24.5|0|0|0.58|1.88|0.4
5/29/2015|27310058|368|1|1|Cesar|Greene|15S008|1|0|24.5|0|0|0.59|1.88|0.4
5/29/2015|27310058|27|1|1|Cindy|Lunt|15005|0|0|0|0|0|0|1.15|0.25
5/29/2015|27310058|27|1|1|Cindy|Lunt|15S001|1|0|30.5|0|0|0|2.33|0.5
5/29/2015|27310058|27|1|1|Cindy|Lunt|15S001|0|1.5|0|68.63|0|0|5.25|0.75
5/29/2015|27310058|27|1|1|Cindy|Lunt|15S002|4|0|122|0|0|0|9.33|2.01
5/29/2015|27310058|27|1|1|Cindy|Lunt|15S004|1.5|0|45.75|0|0|0|3.5|0.75
5/29/2015|27310058|27|1|1|Cindy|Lunt|15S006|3.5|0|106.75|0|0|0|8.17|1.76
5/29/2015|27310058|27|1|1|Cindy|Lunt|15S006|0|1.5|0|68.63|0|0|5.25|0.75
5/29/2015|27310058|27|1|1|Cindy|Lunt|15S008|3|0|91.5|0|0|0|7|1.51
5/29/2015|27310058|27|1|1|Cindy|Lunt|15S009|0|0|0|0|0|0|9.33|2.01
5/29/2015|27310058|411|1|1|Claire|Edwards|15H005|2.5|0|56.25|0|0.34|1.35|4.31|0.93
5/29/2015|27310058|239|1|1|Clarence|Padilla|15H001|19|0|446.5|0|0|10.72|34.15|0.54
5/29/2015|27310058|239|1|1|Clarence|Padilla|15H001|0|1|0|35.25|0|0.84|2.69|0.03
5/29/2015|27310058|239|1|1|Clarence|Padilla|15H008|0.5|0|11.75|0|0|0.28|0.89|0.01
5/29/2015|27310058|239|1|1|Clarence|Padilla|15S001|19|0|446.5|0|0|10.71|34.17|0.54
5/29/2015|27310058|239|1|1|Clarence|Padilla|15S001|0|1|0|35.25|0|0.85|2.7|0.03
5/29/2015|27310058|239|1|1|Clarence|Padilla|15S002|1|0|23.5|0|0|0.57|1.8|0.03
5/29/2015|27310058|239|1|1|Clarence|Padilla|15S008|0.5|0|11.75|0|0|0.28|0.9|0.01
5/29/2015|27310058|38|1|1|Conrad|Walker|15005|0|0|0|0|0|0|1.15|0.04
5/29/2015|27310058|38|1|1|Conrad|Walker|15H002|41|0|1634.54|0|0|0|125.04|4.25
5/29/2015|27310058|169|1|1|Cornelius|Gibson|15005|0|0|0|0|0|0.36|1.15|0.25
5/29/2015|27310058|169|1|1|Cornelius|Gibson|15H004|3|0|98.25|0|0|2.36|7.51|1.62
5/29/2015|27310058|44|4|4|Dale|Hamilton|15001|40|0|3850|0|0|0|294.53|4.62
5/29/2015|27310058|396|5|5|Darryl|Burgess|15005|0|0|0|0|0|0|1.15|0.64
5/29/2015|27310058|396|5|5|Darryl|Burgess|15H001R|1|0|32|0|0|0|2.44|1.37
5/29/2015|27310058|396|5|5|Darryl|Burgess|15H004R|2|0|64|0|0|0|4.9|2.74
5/29/2015|27310058|204|1|1|Deborah|Bennett|15005|0|0|0|0|0|0.36|1.15|0.25
5/29/2015|27310058|53|1|1|Delia|Lopez|15005|0|0|0|0|0|0.43|1.37|0.3
5/29/2015|27310058|15|1|1|Don|Young|15005|0|0|0|0|0|0.36|1.15|0.25
5/29/2015|27310058|11|1|1|Earnest|Drake|15005|0|0|0|0|0|0.04|1.14|0.25
5/29/2015|27310058|11|1|1|Earnest|Drake|15H004|6|0|227.89|0|0|0.61|17.44|3.76
5/29/2015|27310058|20|1|1|Ed|Craig|15S002|36|0|1039.85|0|0|0|79.55|2.7
5/29/2015|27310058|180|1|1|Elisa|Warren|15005|0|0|0|0|0|0.36|1.15|0.25
5/29/2015|27310058|180|1|1|Elisa|Warren|15H001|7|0|162.75|0|0|3.9|12.46|2.69
5/29/2015|27310058|180|1|1|Elisa|Warren|15H006|2|0|46.5|0|0|1.12|3.55|0.77
5/29/2015|27310058|180|1|1|Elisa|Warren|15H006|0|2|0|69.75|0|1.67|5.33|0.77
5/29/2015|27310058|180|1|1|Elisa|Warren|15H008|0.5|0|11.63|0|0|0.28|0.89|0.19
5/29/2015|27310058|45|4|4|Ernesto|Todd|15002|40|0|4225.64|0|0|0|323.26|5.07
5/29/2015|27310058|375|1|1|Fannie|Parks|15005|0|0|0|0|0|0.36|1.15|0.25
5/29/2015|27310058|375|1|1|Fannie|Parks|15S004|4|0|88|0|0|2.11|6.74|1.45
5/29/2015|27310058|19|1|1|Frank|Diaz|15S006|3|0|81|0|0|1.94|6.2|1.34
5/29/2015|27310058|381|1|1|Frankie|Mcdaniel|15005|0|0|0|0|0|0|1.15|0.04
5/29/2015|27310058|381|1|1|Frankie|Mcdaniel|15S002|40|0|865.39|0|0|0|66.2|2.25
5/29/2015|27310058|133|1|1|Geneva|Moody|15005|0|0|0|0|0|0.36|1.15|0.25
5/29/2015|27310058|133|1|1|Geneva|Moody|15S004|3|0|89.25|0|0|2.14|6.82|1.47
5/29/2015|27310058|406|1|1|Grant|Daniel|15H001|5|0|264.42|0|0|5.91|18.82|0.32
5/29/2015|27310058|406|1|1|Grant|Daniel|15H002|21|0|1110.58|0|0|24.8|79.05|1.33
5/29/2015|27310058|406|1|1|Grant|Daniel|15H004|1|0|52.88|0|0|1.18|3.76|0.06
5/29/2015|27310058|406|1|1|Grant|Daniel|15H006|13|0|687.5|0|0|15.35|48.94|0.82
5/29/2015|27310058|402|5|5|Gwendolyn|Alvarado|15005|0|0|0|0|0|0.42|1.15|0.64
5/29/2015|27310058|402|5|5|Gwendolyn|Alvarado|15H008R|5|0|90|0|0|2.52|6.89|3.85
5/29/2015|27310058|194|1|1|Hector|Wright|15H009|0|0|0|0|0|21.6|68.85|14.85
5/29/2015|27310058|203|1|1|Helen|Paul|15H001|8|0|518.49|0|0|0|39.67|0.62
5/29/2015|27310058|203|1|1|Helen|Paul|15H006|8|0|518.49|0|0|0|39.66|0.62
5/29/2015|27310058|203|1|1|Helen|Paul|15H012|0|0|0|0|0|0|9.91|0.16
5/29/2015|27310058|203|1|1|Helen|Paul|15S001|10|0|648.12|0|0|0|49.58|0.78
5/29/2015|27310058|203|1|1|Helen|Paul|15S006|10|0|648.12|0|0|0|49.58|0.78
5/29/2015|27310058|203|1|1|Helen|Paul|15S012|0|0|0|0|0|0|9.92|0.16
5/29/2015|27310058|357|1|1|Stanley|Peterson|15S006|0|2|0|60|0|1.44|4.59|0.66
5/29/2015|27310058|357|1|1|Stanley|Peterson|15S008|40|0|800|0|0|19.2|61.2|13.2
5/29/2015|27310059|357|1|1|Stanley|Peterson|15S008|0|0|0|0|0|0|0|0
5/29/2015|27310058|269|1|1|Jo|Manning|15H009SG|0|0|0|0|0|26.88|85.68|18.48
5/29/2015|27310058|248|1|1|Jodi|Powers|15H001|18|0|369|0|0|8.86|28.23|0.44
5/29/2015|27310058|248|1|1|Jodi|Powers|15H009|0|0|0|0|0|0.99|3.14|0.05
5/29/2015|27310058|248|1|1|Jodi|Powers|15S001|18|0|369|0|0|8.85|28.23|0.44
5/29/2015|27310058|248|1|1|Jodi|Powers|15S009|0|0|0|0|0|0.98|3.13|0.05
5/29/2015|27310058|30|1|1|Joe|Perry|15H002|1.5|0|36.55|0|0|0.88|2.8|0.04
5/29/2015|27310058|30|1|1|Joe|Perry|15H003|5|0|121.84|0|0|2.92|9.32|0.15
5/29/2015|27310058|403|1|1|Joyce|Ferguson|15S001|1|0|17|0|0|0.41|1.3|0.28
5/29/2015|27310058|403|1|1|Joyce|Ferguson|15S008|1|0|17|0|0|0.41|1.3|0.28
5/29/2015|27310058|403|1|1|Joyce|Ferguson|15S009|0|0|0|0|0|3.26|10.4|2.24
5/29/2015|27310058|376|1|1|Katie|Hodges|15005|0|0|0|0|0|0.43|1.38|0.3
5/29/2015|27310058|35|1|1|Leonard|Wong|15H002|40|0|1153.85|0|0|0|88.27|3
5/29/2015|27310059|35|1|1|Leonard|Wong|15H002|0|0|0|0|0|0|0|0
5/29/2015|27310058|287|2|2|Levi|Christensen|15H001|15|0|213.75|0|0|10.26|16.35|0.53
5/29/2015|27310058|287|2|2|Levi|Christensen|15H001B|12.5|0|178.13|0|0|8.55|13.62|0.45
5/29/2015|27310058|287|2|2|Levi|Christensen|15H006B|12.5|0|178.13|0|0|8.55|13.64|0.45
5/29/2015|27310058|255|1|1|Lois|Moran|15005|0|0|0|0|0|0.36|1.15|0.25
5/29/2015|27310058|153|1|1|Lynne|Soto|15005|0|0|0|0|0|0.35|1.11|0.25
5/29/2015|27310058|13|1|1|Mamie|Day|15H002|18|0|837.7|0|0|0|64.09|13.82
5/29/2015|27310058|13|1|1|Mamie|Day|15H003|5|0|232.69|0|0|0|17.8|3.84
5/29/2015|27310058|13|1|1|Mamie|Day|15H008|4|0|186.15|0|0|0|14.24|3.07
5/29/2015|27310058|13|1|1|Mamie|Day|15H009|0|0|0|0|0|0|28.48|6.14
5/29/2015|27310058|358|1|1|Marc|Wallace|15H001|23|0|362.25|0|0|8.69|27.71|0.43
5/29/2015|27310058|358|1|1|Marc|Wallace|15H009|0|0|0|0|0|6.43|20.48|0.32
5/29/2015|27310058|281|1|1|Marcia|Neal|15005|0|0|0|0|0|0.28|0.88|0.2
5/29/2015|27310058|281|1|1|Marcia|Neal|15S001|3.5|0|91|0|0|2.09|6.66|1.5
5/29/2015|27310058|314|1|1|Marianne|Baldwin|15005|0|0|0|0|0|0.36|1.15|0.25
5/29/2015|27310058|39|1|1|Marie|Hudson|15H005|30|0|217.5|0|1.3|5.22|16.63|3.59
5/29/2015|27310058|22|1|1|Marion|Scott|15H003|2|0|61.18|0|0|1.47|4.68|1.01
5/29/2015|27310058|18|1|1|Marty|Barnes|15H001|15.5|0|310|0|0|7.44|23.72|0.37
5/29/2015|27310058|18|1|1|Marty|Barnes|15S001|15.5|0|310|0|0|7.44|23.71|0.37
5/29/2015|27310058|401|2|2|Maryann|Cohen|15005|0|0|0|0|0|0.72|1.15|0.33
5/29/2015|27310058|401|2|2|Maryann|Cohen|15H001B|7|0|182|0|0|8.74|13.92|4.04
5/29/2015|27310058|407|1|1|Maxine|Tyler|15S008|1|0|16|0|0.03|0.38|1.22|0.26
5/29/2015|27310058|3|1|1|Melanie|Green|15H001|32|0|2461.6|0|0|0|188.32|2.95
5/29/2015|27310058|3|1|1|Melanie|Green|15H009|0|0|0|0|0|0|47.07|0.74
5/29/2015|27310058|374|5|5|Melvin|Strickland|15H001|4.5|0|94.5|0|0|2.65|7.23|0.36
5/29/2015|27310058|374|5|5|Melvin|Strickland|15H001R|19.5|0|409.5|0|0|11.47|31.33|1.56
5/29/2015|27310058|374|5|5|Melvin|Strickland|15H006|15|0|315|0|0|8.82|24.1|1.2
5/29/2015|27310058|374|5|5|Melvin|Strickland|15H006R|1|0|21|0|0|0.58|1.6|0.08
5/29/2015|27310058|201|1|1|Michele|Lee|15005|0|0|0|0|0|0.36|1.15|0.25
5/29/2015|27310058|192|5|5|Mike|Briggs|15005|0|0|0|0|0|0|0.69|0.39
5/29/2015|27310058|192|5|5|Mike|Briggs|15H002B|24|0|576.92|0|0|0|44.13|24.69
5/29/2015|27310058|192|5|5|Mike|Briggs|15H002R|8|0|192.31|0|0|0|14.71|8.23
5/29/2015|27310058|192|5|5|Mike|Briggs|15H009R|0|0|0|0|0|0|14.71|8.23
5/29/2015|27310058|276|1|1|Morris|Glover|15005|0|0|0|0|0|0.36|1.15|0.25
5/29/2015|27310058|352|1|1|Myra|Vega|15005|0|0|0|0|0|0.22|0.69|0.15
5/29/2015|27310058|352|1|1|Myra|Vega|15S008|0.5|0|9.5|0|0|0.23|0.73|0.16
5/29/2015|27310058|352|1|1|Myra|Vega|15S012|0|0|0|0|0|7.29|23.26|5.02
5/29/2015|27310058|199|1|1|Nettie|Stevens|15005|0|0|0|0|0|0|0.23|0.05
5/29/2015|27310058|199|1|1|Nettie|Stevens|15H001|1|0|35.7|0|0|0|2.73|0.59
5/29/2015|27310058|199|1|1|Nettie|Stevens|15H006|12|0|428.4|0|0|0|32.77|7.07
5/29/2015|27310058|199|1|1|Nettie|Stevens|15H008|5.5|0|196.35|0|0|0|15.03|3.24
5/29/2015|27310059|199|1|1|Nettie|Stevens|15H008|0|0|0|0|0|0|0|0
5/29/2015|27310058|260|1|1|Nichole|Fox|15005|0|0|0|0|0|0.36|1.15|0.25
5/29/2015|27310058|412|1|1|Norman|Ruiz|15H001|16|0|256|0|1.54|6.14|19.58|4.22
5/29/2015|27310058|412|1|1|Norman|Ruiz|15H012|0|0|0|0|0.77|3.07|9.8|2.11
5/29/2015|27310058|412|1|1|Norman|Ruiz|15S001|16|0|256|0|1.53|6.15|19.58|4.22
5/29/2015|27310058|380|1|1|Preston|Robinson|15005|0|0|0|0|0|0.29|0.91|0.2
5/29/2015|27310058|380|1|1|Preston|Robinson|15S001|1.5|0|30|0|0|0.72|2.3|0.49
5/29/2015|27310058|380|1|1|Preston|Robinson|15S006|1|0|20|0|0|0.48|1.53|0.33
5/29/2015|27310058|386|1|1|Raquel|Singleton|15H001|4|0|48|0|0.29|1.15|3.68|0.79
5/29/2015|27310058|117|1|1|Richard|Wood|15H006|10|0|150|0|0|3.6|11.48|2.48
5/29/2015|27310058|400|1|1|Roberto|Ortega|15H001|27.25|0|563.93|0|0|13.53|43.14|1.47
5/29/2015|27310058|409|1|1|Sally|Bailey|15005|0|0|0|0|0.08|0.36|1.15|0.25
5/29/2015|27310058|7|1|1|Shelia|Keller|15H002|34|0|817.31|0|0|19.62|62.53|13.49
5/29/2015|27310058|7|1|1|Shelia|Keller|15H009|0|0|0|0|0|3.46|11.03|2.38
5/29/2015|27310058|34|1|1|Sheryl|Hill|15005|0|0|0|0|0|0|1.15|0.25
5/29/2015|27310058|34|1|1|Sheryl|Hill|15H003|3|0|140.9|0|0|0|10.78|2.32
5/29/2015|27310058|34|1|1|Sheryl|Hill|15H004|1|0|46.97|0|0|0|3.59|0.78
5/29/2015|27310058|34|1|1|Sheryl|Hill|15S002|1|0|46.97|0|0|0|3.6|0.78
5/29/2015|27310058|336|1|1|Shirley|Parker|15005|0|0|0|0|0|0.36|1.15|0.25
5/29/2015|27310058|345|1|1|Sidney|Hansen|15H012|0|0|0|0|0|4.42|14.08|3.04
5/29/2015|27310058|99|1|1|Sue|Riley|15H006|20|0|420|0|0|10.08|32.13|6.93
5/29/2015|27310058|99|1|1|Sue|Riley|15S006|20|0|420|0|0|10.08|32.13|6.93
5/29/2015|27310058|25|1|1|Tami|Luna|15H001|22.5|0|506.05|0|0|12.15|38.72|0.61
5/29/2015|27310058|25|1|1|Tami|Luna|15S001|21.5|0|483.55|0|0|11.6|36.99|0.58
5/29/2015|27310058|184|1|1|Tammy|Wilkins|15005|0|0|0|0|0|0.36|1.15|0.25
5/29/2015|27310058|320|1|1|Terry|Moreno|15005|0|0|0|0|0|0|0.69|0.15
5/29/2015|27310058|320|1|1|Terry|Moreno|15H001|4|0|143.27|0|0|0|10.96|2.36
5/29/2015|27310058|320|1|1|Terry|Moreno|15H002|10|0|358.18|0|0|0|27.4|5.91
5/29/2015|27310058|320|1|1|Terry|Moreno|15H009|0|0|0|0|0|0|43.84|9.46
5/29/2015|27310058|343|1|1|Tommy|Graves|15005|0|0|0|0|0|0.36|1.15|0.25
5/29/2015|27310058|343|1|1|Tommy|Graves|15H006|2.5|0|57.5|0|0|1.38|4.4|0.95
5/29/2015|27310058|399|1|1|Yvette|Miller|15005|0|0|0|0|0|0.36|1.15|0.04
5/29/2015|27310058|399|1|1|Yvette|Miller|15S002|40|0|865.39|0|0|20.77|66.2|2.25
6/5/2015|27310060|195|1|1|Al|Ramos|15005|0|0|0|0|0|0|1.07|0.04
6/5/2015|27310060|195|1|1|Al|Ramos|15H002|32.5|0|928.58|0|0|0|66.41|2.41
6/5/2015|27310060|195|1|1|Al|Ramos|15H010|0|0|0|0|0|0|16.35|0.59
6/5/2015|27310060|404|1|1|Alberta|Gill|15H008|4|0|86.54|0|0|2.04|6.5|1.43
6/5/2015|27310060|404|1|1|Alberta|Gill|15H010|0|0|0|0|0|4.08|13.01|2.86
6/5/2015|27310060|106|1|1|Allan|Wood|15005|0|0|0|0|0|0.36|1.15|0.25
6/5/2015|27310060|106|1|1|Allan|Wood|15H001|8|0|177|0|0|4.25|13.54|2.92
6/5/2015|27310060|106|1|1|Allan|Wood|15H009|0|0|0|0|0|4.24|13.54|2.92
6/5/2015|27310060|106|1|1|Allan|Wood|15H010|0|0|0|0|0|2.13|6.76|1.46
6/5/2015|27310060|106|1|1|Allan|Wood|15S001|8|0|177|0|0|4.25|13.54|2.92
6/5/2015|27310060|106|1|1|Allan|Wood|15S009|0|0|0|0|0|4.25|13.55|2.92
6/5/2015|27310060|106|1|1|Allan|Wood|15S010|0|0|0|0|0|2.12|6.77|1.46
6/5/2015|27310060|304|1|1|Allen|Price|15H010|0|0|0|0|0|4.18|13.31|3.04
6/5/2015|27310060|274|1|1|Angel|Watts|15H010|0|0|0|0|0|4.99|15.92|3.43
6/5/2015|27310060|274|1|1|Angel|Watts|15S006|0|0|0|0|0|0.29|0.91|0.2
6/5/2015|27310060|1|1|1|Antonio|Torres|15H001|11|0|321.1|0|0|6.77|21.56|0.39
6/5/2015|27310060|1|1|1|Antonio|Torres|15H010|0|0|0|0|0|4.92|15.68|0.28
6/5/2015|27310060|1|1|1|Antonio|Torres|15S001|11|0|321.1|0|0|6.76|21.56|0.39
6/5/2015|27310060|391|2|2|Barry|Mckenzie|15005|0|0|0|0|0|0.52|0.83|0.27
6/5/2015|27310060|391|2|2|Barry|Mckenzie|15H001B|32|0|824|0|0|35.71|56.92|18.29
6/5/2015|27310060|391|2|2|Barry|Mckenzie|15H010B|0|0|0|0|0|8.93|14.22|4.57
6/5/2015|27310060|259|1|1|Beulah|Gibbs|15005|0|0|0|0|0|0.28|0.89|0.2
6/5/2015|27310060|259|1|1|Beulah|Gibbs|15S004|4|0|103|0|0|2.38|7.6|1.7
6/5/2015|27310060|259|1|1|Beulah|Gibbs|15S010|0|0|0|0|0|4.76|15.19|3.4
6/5/2015|27310060|168|1|1|Brittany|Carlson|15005|0|0|0|0|0|0|1.11|0.25
6/5/2015|27310060|168|1|1|Brittany|Carlson|15H001SG|2|0|75|0|0|0|5.56|1.24
6/5/2015|27310060|168|1|1|Brittany|Carlson|15H002SG|2|0|75|0|0|0|5.57|1.24
6/5/2015|27310060|168|1|1|Brittany|Carlson|15H009SG|0|0|0|0|0|0|22.23|4.95
6/5/2015|27310060|168|1|1|Brittany|Carlson|15H010SG|0|0|0|0|0|0|22.25|4.95
6/5/2015|27310060|249|1|1|Cary|Foster|15S002|15|0|612.98|0|0|0|43.88|10.11
6/5/2015|27310060|249|1|1|Cary|Foster|15S004|3|0|122.6|0|0|0|8.77|2.02
6/5/2015|27310060|249|1|1|Cary|Foster|15S010|0|0|0|0|0|0|23.41|5.39
6/5/2015|27310060|179|1|1|Cassandra|Poole|15005|0|0|0|0|0|0|0.85|0.2
6/5/2015|27310060|179|1|1|Cassandra|Poole|15H002|1.5|0|57.06|0|0|0|4.07|0.94
6/5/2015|27310060|179|1|1|Cassandra|Poole|15H004|18.5|0|703.72|0|0|0|50.27|11.61
6/5/2015|27310060|179|1|1|Cassandra|Poole|15H010|0|0|0|0|0|0|21.74|5.02
6/5/2015|27310060|368|1|1|Cesar|Greene|15005|0|0|0|0|0|0.06|0.17|0.05
6/5/2015|27310060|368|1|1|Cesar|Greene|15S009|0|0|0|0|0|2.3|7.34|2.02
6/5/2015|27310060|368|1|1|Cesar|Greene|15S010|0|0|0|0|0|3.68|11.75|3.23
6/5/2015|27310060|27|1|1|Cindy|Lunt|15005|0|0|0|0|0|0|0.84|0.2
6/5/2015|27310060|27|1|1|Cindy|Lunt|15S001|4.5|0|137.25|0|0|0|9.58|2.26
6/5/2015|27310060|27|1|1|Cindy|Lunt|15S002|2.5|0|76.25|0|0|0|5.32|1.26
6/5/2015|27310060|27|1|1|Cindy|Lunt|15S004|12|0|366|0|0|0|25.55|6.04
6/5/2015|27310060|27|1|1|Cindy|Lunt|15S010|0|0|0|0|0|0|17.03|4.03
6/5/2015|27310060|411|1|1|Claire|Edwards|15005|0|0|0|0|0.07|0.29|0.91|0.2
6/5/2015|27310060|411|1|1|Claire|Edwards|15H010|0|0|0|0|1.08|4.32|13.77|2.97
6/5/2015|27310060|239|1|1|Clarence|Padilla|15H001|10|0|235|0|0|5.31|16.93|0.28
6/5/2015|27310060|239|1|1|Clarence|Padilla|15H007|0.5|0|11.75|0|0|0.27|0.85|0.01
6/5/2015|27310060|239|1|1|Clarence|Padilla|15H009|0|0|0|0|0|2.12|6.76|0.11
6/5/2015|27310060|239|1|1|Clarence|Padilla|15H010|0|0|0|0|0|2.13|6.78|0.11
6/5/2015|27310060|239|1|1|Clarence|Padilla|15S001|10|0|235|0|0|5.31|16.93|0.28
6/5/2015|27310060|239|1|1|Clarence|Padilla|15S002|1.5|0|35.25|0|0|0.8|2.54|0.04
6/5/2015|27310060|239|1|1|Clarence|Padilla|15S009|0|0|0|0|0|2.12|6.77|0.11
6/5/2015|27310060|239|1|1|Clarence|Padilla|15S010|0|0|0|0|0|2.12|6.77|0.11
6/5/2015|27310060|38|1|1|Conrad|Walker|15005|0|0|0|0|0|0|1.12|0.04
6/5/2015|27310060|38|1|1|Conrad|Walker|15H002|33|0|1315.61|0|0|0|98.55|3.42
6/5/2015|27310060|38|1|1|Conrad|Walker|15H010|0|0|0|0|0|0|23.89|0.83
6/5/2015|27310060|169|1|1|Cornelius|Gibson|15005|0|0|0|0|0|0.35|1.11|0.25
6/5/2015|27310060|169|1|1|Cornelius|Gibson|15H009|0|0|0|0|0|18.24|58.12|12.97
6/5/2015|27310060|169|1|1|Cornelius|Gibson|15H010|0|0|0|0|0|6.07|19.37|4.32
6/5/2015|27310060|169|1|1|Cornelius|Gibson|15H012|0|0|0|0|0|6.08|19.37|4.32
6/5/2015|27310060|44|4|4|Dale|Hamilton|15001|40|0|3850|0|0|0|294.53|4.62
6/5/2015|27310060|396|5|5|Darryl|Burgess|15005|0|0|0|0|0|0|0.91|0.51
6/5/2015|27310060|396|5|5|Darryl|Burgess|15H001R|1|0|32|0|0|0|2.44|1.37
6/5/2015|27310060|396|5|5|Darryl|Burgess|15H002R|1|0|32|0|0|0|2.44|1.37
6/5/2015|27310060|396|5|5|Darryl|Burgess|15H004R|4|0|128|0|0|0|9.8|5.48
6/5/2015|27310060|396|5|5|Darryl|Burgess|15H010R|0|0|0|0|0|0|19.58|10.96
6/5/2015|27310060|204|1|1|Deborah|Bennett|15005|0|0|0|0|0|0.2|0.65|0.15
6/5/2015|27310060|204|1|1|Deborah|Bennett|15H008|1|0|30.23|0|0|0.69|2.18|0.5
6/5/2015|27310060|204|1|1|Deborah|Bennett|15H010|0|0|0|0|0|5.49|17.5|3.99
6/5/2015|27310060|53|1|1|Delia|Lopez|15005|0|0|0|0|0|0.26|0.84|0.2
6/5/2015|27310060|53|1|1|Delia|Lopez|15H010|0|0|0|0|0|4.41|14.03|3.3
6/5/2015|27310060|15|1|1|Don|Young|15005|0|0|0|0|0|0.32|1.02|0.25
6/5/2015|27310060|15|1|1|Don|Young|15H010|0|0|0|0|0|4.73|15.06|3.65
6/5/2015|27310060|11|1|1|Earnest|Drake|15005|0|0|0|0|0|0|1.11|0.25
6/5/2015|27310060|11|1|1|Earnest|Drake|15H004|4|0|151.92|0|0|0|11.22|2.51
6/5/2015|27310060|11|1|1|Earnest|Drake|15H009|0|0|0|0|0|0|5.61|1.25
6/5/2015|27310060|11|1|1|Earnest|Drake|15H010|0|0|0|0|0|0|22.46|5.01
6/5/2015|27310060|20|1|1|Ed|Craig|15S002|31|0|918.39|0|0|0|62.04|2.39
6/5/2015|27310060|20|1|1|Ed|Craig|15S010|0|0|0|0|0|0|16|0.62
6/5/2015|27310060|180|1|1|Elisa|Warren|15005|0|0|0|0|0|0.25|0.79|0.2
6/5/2015|27310060|180|1|1|Elisa|Warren|15H006|1.5|0|34.88|0|0|0.72|2.29|0.58
6/5/2015|27310060|180|1|1|Elisa|Warren|15H006|0|4|0|139.5|0|2.88|9.16|1.53
6/5/2015|27310060|180|1|1|Elisa|Warren|15H010|0|0|0|0|0|3.83|12.22|3.07
6/5/2015|27310060|45|4|4|Ernesto|Todd|15002|40|0|4225.64|0|0|0|310.92|5.07
6/5/2015|27310060|375|1|1|Fannie|Parks|15005|0|0|0|0|0|0.29|0.91|0.2
6/5/2015|27310060|375|1|1|Fannie|Parks|15S010|0|0|0|0|0|4.22|13.46|2.9
6/5/2015|27310060|19|1|1|Frank|Diaz|15S006|2|0|54|0|0|1.25|3.99|0.89
6/5/2015|27310060|381|1|1|Frankie|Mcdaniel|15005|0|0|0|0|0|0|1.04|0.04
6/5/2015|27310060|381|1|1|Frankie|Mcdaniel|15S002|32|0|692.31|0|0|0|48.08|1.8
6/5/2015|27310060|381|1|1|Frankie|Mcdaniel|15S010|0|0|0|0|0|0|12.03|0.45
6/5/2015|27310060|133|1|1|Geneva|Moody|15S010|0|0|0|0|0|5.41|17.25|3.93
6/5/2015|27310060|406|1|1|Grant|Daniel|15H001|2|0|105.76|0|0|2.13|6.78|0.13
6/5/2015|27310060|406|1|1|Grant|Daniel|15H002|13|0|687.5|0|0|13.82|44.06|0.82
6/5/2015|27310060|406|1|1|Grant|Daniel|15H006|17|0|899.04|0|0|18.07|57.62|1.08
6/5/2015|27310060|406|1|1|Grant|Daniel|15H010|0|0|0|0|0|8.51|27.11|0.51
6/5/2015|27310060|402|5|5|Gwendolyn|Alvarado|15005|0|0|0|0|0|0.34|0.85|0.51
6/5/2015|27310060|402|5|5|Gwendolyn|Alvarado|15H001R|1|0|18|0|0|0.5|1.27|0.77
6/5/2015|27310060|402|5|5|Gwendolyn|Alvarado|15H008R|2|0|36|0|0|1.01|2.54|1.54
6/5/2015|27310060|402|5|5|Gwendolyn|Alvarado|15H010R|0|0|0|0|0|4.03|10.17|6.16
6/5/2015|27310060|194|1|1|Hector|Wright|15H010|0|0|0|0|0|3.5|11.15|2.97
6/5/2015|27310060|203|1|1|Helen|Paul|15005|0|0|0|0|0|0|1.52|0.03
6/5/2015|27310060|203|1|1|Helen|Paul|15H001|4|0|259.25|0|0|0|18.73|0.31
6/5/2015|27310060|203|1|1|Helen|Paul|15H001B|4|0|259.24|0|0|0|18.75|0.31
6/5/2015|27310060|203|1|1|Helen|Paul|15H006|4|0|259.25|0|0|0|18.73|0.31
6/5/2015|27310060|203|1|1|Helen|Paul|15H006B|4|0|259.24|0|0|0|18.73|0.31
6/5/2015|27310060|203|1|1|Helen|Paul|15H010|0|0|0|0|0|0|18.74|0.31
6/5/2015|27310060|203|1|1|Helen|Paul|15S001|4|0|259.25|0|0|0|18.74|0.31
6/5/2015|27310060|203|1|1|Helen|Paul|15S001B|4|0|259.24|0|0|0|18.73|0.31
6/5/2015|27310060|203|1|1|Helen|Paul|15S006|4|0|259.25|0|0|0|18.73|0.31
6/5/2015|27310060|203|1|1|Helen|Paul|15S006B|4|0|259.24|0|0|0|18.73|0.31
6/5/2015|27310060|203|1|1|Helen|Paul|15S010|0|0|0|0|0|0|18.73|0.31
6/5/2015|27310060|357|1|1|Stanley|Peterson|15005|0|0|0|0|0|0.18|0.55|0.15
6/5/2015|27310060|357|1|1|Stanley|Peterson|15S006|4|0|80|0|0|1.57|5.02|1.32
6/5/2015|27310060|357|1|1|Stanley|Peterson|15S010|0|0|0|0|0|3.15|10.05|2.64
6/5/2015|27310060|357|1|1|Stanley|Peterson|15S012|0|0|0|0|0|1.77|5.65|1.49
6/5/2015|27310060|269|1|1|Jo|Manning|15005|0|0|0|0|0|0.33|1.07|0.25
6/5/2015|27310060|269|1|1|Jo|Manning|15H002SG|4|0|112|0|0|2.45|8.05|1.85
6/5/2015|27310060|269|1|1|Jo|Manning|15H004SG|6|0|168|0|0|3.68|12.06|2.77
6/5/2015|27310060|269|1|1|Jo|Manning|15H004SG|0|2|0|84|0|1.83|6.03|0.92
6/5/2015|27310060|269|1|1|Jo|Manning|15H010SH|0|0|0|0|0|4.9|16.08|3.7
6/5/2015|27310060|248|1|1|Jodi|Powers|15H001|14|0|287|0|0|6.06|19.32|0.34
6/5/2015|27310060|248|1|1|Jodi|Powers|15H009|0|0|0|0|0|0.87|2.77|0.05
6/5/2015|27310060|248|1|1|Jodi|Powers|15H010|0|0|0|0|0|1.73|5.52|0.1
6/5/2015|27310060|248|1|1|Jodi|Powers|15S001|14|0|287|0|0|6.06|19.32|0.34
6/5/2015|27310060|248|1|1|Jodi|Powers|15S009|0|0|0|0|0|0.87|2.75|0.05
6/5/2015|27310060|248|1|1|Jodi|Powers|15S010|0|0|0|0|0|1.73|5.52|0.1
6/5/2015|27310060|30|1|1|Joe|Perry|15H002|1|0|24.37|0|0|0.49|1.57|0.03
6/5/2015|27310060|30|1|1|Joe|Perry|15H003|4|0|97.47|0|0|1.97|6.28|0.12
6/5/2015|27310060|30|1|1|Joe|Perry|15H010|0|0|0|0|0|3.94|12.55|0.23
6/5/2015|27310060|403|1|1|Joyce|Ferguson|15S010|0|0|0|0|0|2.75|8.77|2.24
6/5/2015|27310060|376|1|1|Katie|Hodges|15005|0|0|0|0|0|0.27|0.87|0.2
6/5/2015|27310060|376|1|1|Katie|Hodges|15H010|0|0|0|0|0|3.42|10.89|2.47
6/5/2015|27310060|210|2|2|Kenny|Robertson|15H001B|17|0|404.26|0|0|19.41|30.92|8.97
6/5/2015|27310060|210|2|2|Kenny|Robertson|15H009B|0|0|0|0|0|3.43|5.46|1.58
6/5/2015|27310060|210|2|2|Kenny|Robertson|15H010B|0|0|0|0|0|9.13|14.55|4.22
6/5/2015|27310060|37|1|1|Kirk|Byrd|15H010|0|0|0|0|0|4.24|13.51|3.23
6/5/2015|27310060|35|1|1|Leonard|Wong|15H002|32|0|923.08|0|0|0|65.22|2.4
6/5/2015|27310061|35|1|1|Leonard|Wong|15H002|0|0|0|0|0|0|0|0
6/5/2015|27310060|35|1|1|Leonard|Wong|15H010|0|0|0|0|0|0|16.31|0.6
6/5/2015|27310060|287|2|2|Levi|Christensen|15H001|13|0|185.25|0|0|8.44|13.44|0.46
6/5/2015|27310060|287|2|2|Levi|Christensen|15H001B|5.5|0|78.38|0|0|3.57|5.69|0.2
6/5/2015|27310060|287|2|2|Levi|Christensen|15H006B|5.5|0|78.38|0|0|3.57|5.69|0.2
6/5/2015|27310060|287|2|2|Levi|Christensen|15H009B|0|0|0|0|0|5.19|8.28|0.28
6/5/2015|27310060|287|2|2|Levi|Christensen|15H010B|0|0|0|0|0|5.19|8.28|0.28
6/5/2015|27310060|255|1|1|Lois|Moran|15005|0|0|0|0|0|0.35|1.1|0.25
6/5/2015|27310060|255|1|1|Lois|Moran|15H009|0|0|0|0|0|1.66|5.28|1.19
6/5/2015|27310060|255|1|1|Lois|Moran|15H010|0|0|0|0|0|3.31|10.56|2.38
6/5/2015|27310060|153|1|1|Lynne|Soto|15005|0|0|0|0|0|0.27|0.85|0.2
6/5/2015|27310060|153|1|1|Lynne|Soto|15H010|0|0|0|0|0|3.53|11.28|2.64
6/5/2015|27310060|13|1|1|Mamie|Day|15H002|8|0|372.31|0|0|0|28.48|6.14
6/5/2015|27310060|13|1|1|Mamie|Day|15H003|9|0|418.85|0|0|0|32.04|6.91
6/5/2015|27310060|13|1|1|Mamie|Day|15H007|2|0|93.08|0|0|0|7.13|1.54
6/5/2015|27310060|13|1|1|Mamie|Day|15H010|0|0|0|0|0|0|28.48|6.14
6/5/2015|27310060|358|1|1|Marc|Wallace|15H001|32|0|504|0|0|9.5|30.29|0.6
6/5/2015|27310060|358|1|1|Marc|Wallace|15H010|0|0|0|0|0|2.38|7.58|0.15
6/5/2015|27310060|281|1|1|Marcia|Neal|15005|0|0|0|0|0|0.25|0.8|0.2
6/5/2015|27310060|281|1|1|Marcia|Neal|15S001|1.5|0|39|0|0|0.82|2.62|0.64
6/5/2015|27310060|281|1|1|Marcia|Neal|15S002|2|0|52|0|0|1.09|3.48|0.86
6/5/2015|27310060|281|1|1|Marcia|Neal|15S010|0|0|0|0|0|4.37|13.93|3.43
6/5/2015|27310060|314|1|1|Marianne|Baldwin|15005|0|0|0|0|0|0.36|1.15|0.25
6/5/2015|27310060|314|1|1|Marianne|Baldwin|15H010|0|0|0|0|0|4.18|13.31|2.87
6/5/2015|27310060|39|1|1|Marie|Hudson|15H005|30|0|217.5|0|0.32|1.26|4.02|3.59
6/5/2015|27310060|22|1|1|Marion|Scott|15H010|0|0|0|0|0|5.61|17.87|4.23
6/5/2015|27310060|18|1|1|Marty|Barnes|15H001|12|0|240|0|0|5.76|18.36|0.29
6/5/2015|27310060|18|1|1|Marty|Barnes|15S001|12|0|240|0|0|5.76|18.36|0.29
6/5/2015|27310060|23|1|1|Mary|Waters|15H010|0|0|0|0|0|0|20.05|4.64
6/5/2015|27310060|401|2|2|Maryann|Cohen|15005|0|0|0|0|0|0.5|0.8|0.27
6/5/2015|27310060|401|2|2|Maryann|Cohen|15H001B|19|0|494|0|0|20.76|33.09|10.97
6/5/2015|27310060|401|2|2|Maryann|Cohen|15H010B|0|0|0|0|0|8.74|13.94|4.62
6/5/2015|27310060|401|2|2|Maryann|Cohen|15H012B|0|0|0|0|0|3.28|5.22|1.73
6/5/2015|27310060|407|1|1|Maxine|Tyler|15S008|1|0|16|0|0|0.38|1.22|0.26
6/5/2015|27310060|407|1|1|Maxine|Tyler|15S010|0|0|0|0|0|3.07|9.78|2.11
6/5/2015|27310060|3|1|1|Melanie|Green|15H001|22|0|1781.42|0|0|0|134.94|2.14
6/5/2015|27310060|3|1|1|Melanie|Green|15H009|0|0|0|0|0|0|49.07|0.78
6/5/2015|27310060|3|1|1|Melanie|Green|15H010|0|0|0|0|0|0|49.07|0.78
6/5/2015|27310060|374|5|5|Melvin|Strickland|15H001|4|0|84|0|0|2.36|5.47|0.32
6/5/2015|27310060|374|5|5|Melvin|Strickland|15H001R|16|0|336|0|0|9.41|21.88|1.28
6/5/2015|27310060|374|5|5|Melvin|Strickland|15H006|11.5|0|241.5|0|0|6.76|15.72|0.92
6/5/2015|27310060|374|5|5|Melvin|Strickland|15H006R|0.5|0|10.5|0|0|0.29|0.69|0.04
6/5/2015|27310060|374|5|5|Melvin|Strickland|15H010|0|0|0|0|0|4.7|10.94|0.64
6/5/2015|27310060|201|1|1|Michele|Lee|15005|0|0|0|0|0|0.07|0.22|0.05
6/5/2015|27310060|201|1|1|Michele|Lee|15H009|0|0|0|0|0|18.14|57.83|12.47
6/5/2015|27310060|201|1|1|Michele|Lee|15H010|0|0|0|0|0|6.05|19.29|4.16
6/5/2015|27310060|192|5|5|Mike|Briggs|15005|0|0|0|0|0|0|0.41|0.26
6/5/2015|27310060|192|5|5|Mike|Briggs|15H002B|24|0|576.92|0|0|0|39.35|24.69
6/5/2015|27310060|192|5|5|Mike|Briggs|15H002R|8|0|192.31|0|0|0|13.12|8.23
6/5/2015|27310060|192|5|5|Mike|Briggs|15H010R|0|0|0|0|0|0|13.11|8.23
6/5/2015|27310060|398|1|1|Mona|Howard|15S010|0|0|0|0|0|2.3|7.34|1.58
6/5/2015|27310060|276|1|1|Morris|Glover|15005|0|0|0|0|0|0.34|1.07|0.25
6/5/2015|27310060|276|1|1|Morris|Glover|15H010|0|0|0|0|0|4.29|13.66|3.13
6/5/2015|27310060|276|1|1|Morris|Glover|15H012|0|0|0|0|0|4.28|13.68|3.13
6/5/2015|27310060|352|1|1|Myra|Vega|15005|0|0|0|0|0|0.25|0.81|0.2
6/5/2015|27310060|352|1|1|Myra|Vega|15S008|0.5|0|9.5|0|0|0.2|0.64|0.16
6/5/2015|27310060|352|1|1|Myra|Vega|15S010|0|0|0|0|0|3.25|10.34|2.51
6/5/2015|27310060|199|1|1|Nettie|Stevens|15005|0|0|0|0|0|0|0.84|0.2
6/5/2015|27310060|199|1|1|Nettie|Stevens|15H006|1.5|0|53.55|0|0|0|3.78|0.88
6/5/2015|27310060|199|1|1|Nettie|Stevens|15H006|0|2|0|107.1|0|0|7.55|1.18
6/5/2015|27310060|199|1|1|Nettie|Stevens|15H008|0.5|0|17.85|0|0|0|1.25|0.29
6/5/2015|27310060|199|1|1|Nettie|Stevens|15H010|0|0|0|0|0|0|20.12|4.71
6/5/2015|27310060|260|1|1|Nichole|Fox|15005|0|0|0|0|0|0.27|0.86|0.2
6/5/2015|27310060|260|1|1|Nichole|Fox|15H010|0|0|0|0|0|4.45|14.18|3.27
6/5/2015|27310060|412|1|1|Norman|Ruiz|15H001|18|0|288|0|1.73|6.91|22.04|4.75
6/5/2015|27310060|412|1|1|Norman|Ruiz|15H010|0|0|0|0|0.39|1.53|4.9|1.06
6/5/2015|27310060|412|1|1|Norman|Ruiz|15S001|17.5|0|280|0|1.68|6.72|21.4|4.62
6/5/2015|27310060|412|1|1|Norman|Ruiz|15S010|0|0|0|0|0.38|1.54|4.9|1.06
6/5/2015|27310060|380|1|1|Preston|Robinson|15005|0|0|0|0|0|0.23|0.74|0.2
6/5/2015|27310060|380|1|1|Preston|Robinson|15S001|0.5|0|10|0|0|0.19|0.62|0.17
6/5/2015|27310060|380|1|1|Preston|Robinson|15S010|0|0|0|0|0|3.11|9.92|2.64
6/5/2015|27310060|181|1|1|Ramona|Myers|15H010|0|0|0|0|0|5.62|17.92|3.86
6/5/2015|27310060|386|1|1|Raquel|Singleton|15H001|7.75|0|93|0|0.56|2.23|7.12|1.53
6/5/2015|27310060|408|1|1|Renee|Armstrong|15H010|0|0|0|0|0.72|2.88|9.18|1.98
6/5/2015|27310060|117|1|1|Richard|Wood|15H006|10|0|150|0|0|3.6|11.48|2.48
6/5/2015|27310060|117|1|1|Richard|Wood|15H010|0|0|0|0|0|4.32|13.76|3.3
6/5/2015|27310060|400|1|1|Roberto|Ortega|15005|0|0|0|0|0|0.3|0.96|0.04
6/5/2015|27310060|400|1|1|Roberto|Ortega|15H002|33|0|665.58|0|0|13.45|42.87|1.73
6/5/2015|27310060|400|1|1|Roberto|Ortega|15H010|0|0|0|0|0|3.26|10.4|0.42
6/5/2015|27310060|409|1|1|Sally|Bailey|15005|0|0|0|0|0|0.14|0.46|0.1
6/5/2015|27310060|409|1|1|Sally|Bailey|15H010|0|0|0|0|0|4.71|14.99|3.23
6/5/2015|27310060|367|1|1|Samuel|Harper|15H009|0|0|0|0|0|2.46|7.84|1.72
6/5/2015|27310060|367|1|1|Samuel|Harper|15H010|0|0|0|0|0|2.46|7.83|1.72
6/5/2015|27310060|7|1|1|Shelia|Keller|15H002|32|0|769.23|0|0|17.85|56.88|12.7
6/5/2015|27310060|7|1|1|Shelia|Keller|15H010|0|0|0|0|0|4.46|14.23|3.17
6/5/2015|27310060|34|1|1|Sheryl|Hill|15005|0|0|0|0|0|0|1.09|0.25
6/5/2015|27310060|34|1|1|Sheryl|Hill|15H002|8|0|407.05|0|0|0|29.61|6.72
6/5/2015|27310060|34|1|1|Sheryl|Hill|15H003|4|0|203.53|0|0|0|14.81|3.36
6/5/2015|27310060|34|1|1|Sheryl|Hill|15H004|2|0|101.76|0|0|0|7.4|1.68
6/5/2015|27310060|34|1|1|Sheryl|Hill|15H010|0|0|0|0|0|0|29.62|6.72
6/5/2015|27310060|336|1|1|Shirley|Parker|15005|0|0|0|0|0|0.29|0.91|0.2
6/5/2015|27310060|336|1|1|Shirley|Parker|15H010|0|0|0|0|0|4.7|15.01|3.23
6/5/2015|27310060|345|1|1|Sidney|Hansen|15H010|0|0|0|0|0|4.42|14.08|3.04
6/5/2015|27310060|99|1|1|Sue|Riley|15H006|16|0|336|0|0|7.81|24.88|5.54
6/5/2015|27310060|99|1|1|Sue|Riley|15H010|0|0|0|0|0|1.95|6.22|1.39
6/5/2015|27310060|99|1|1|Sue|Riley|15S006|16|0|336|0|0|7.81|24.89|5.54
6/5/2015|27310060|99|1|1|Sue|Riley|15S010|0|0|0|0|0|1.95|6.23|1.39
6/5/2015|27310060|25|1|1|Tami|Luna|15H001|18|0|404.84|0|0|8.73|27.84|0.49
6/5/2015|27310060|25|1|1|Tami|Luna|15H010|0|0|0|0|0|1.94|6.2|0.11
6/5/2015|27310060|25|1|1|Tami|Luna|15S001|18|0|404.84|0|0|8.74|27.83|0.49
6/5/2015|27310060|25|1|1|Tami|Luna|15S010|0|0|0|0|0|1.94|6.18|0.11
6/5/2015|27310060|184|1|1|Tammy|Wilkins|15005|0|0|0|0|0|0.33|1.06|0.25
6/5/2015|27310060|184|1|1|Tammy|Wilkins|15H010|0|0|0|0|0|4.45|14.18|3.3
6/5/2015|27310060|320|1|1|Terry|Moreno|15005|0|0|0|0|0|0|0.91|0.2
6/5/2015|27310060|320|1|1|Terry|Moreno|15H002|14|0|501.44|0|0|0|38.36|8.27
6/5/2015|27310060|320|1|1|Terry|Moreno|15H010|0|0|0|0|0|0|21.93|4.73
6/5/2015|27310060|343|1|1|Tommy|Graves|15005|0|0|0|0|0|0.24|0.78|0.2
6/5/2015|27310060|343|1|1|Tommy|Graves|15H006|4|0|92|0|0|1.87|5.96|1.52
6/5/2015|27310060|343|1|1|Tommy|Graves|15H010|0|0|0|0|0|3.74|11.92|3.04
6/5/2015|27310060|399|1|1|Yvette|Miller|15005|0|0|0|0|0|0.34|1.1|0.04
6/5/2015|27310060|399|1|1|Yvette|Miller|15S002|30|0|649.04|0|0|14.89|47.45|1.69
6/5/2015|27310060|399|1|1|Yvette|Miller|15S009|0|0|0|0|0|1|3.17|0.11
6/5/2015|27310060|399|1|1|Yvette|Miller|15S010|0|0|0|0|0|3.97|12.65|0.45
6/12/2015|27310062|195|1|1|Al|Ramos|15005|0|0|0|0|0|0|1.07|0.04
6/12/2015|27310062|195|1|1|Al|Ramos|15H002|38.5|0|1157.15|0|0|0|82.76|3.01
6/12/2015|27310062|404|1|1|Alberta|Gill|15H008|10|0|216.35|0|0|5.1|16.26|3.57
6/12/2015|27310062|106|1|1|Allan|Wood|15005|0|0|0|0|0|0.36|1.15|0.25
6/12/2015|27310062|106|1|1|Allan|Wood|15H001|12|0|265.5|0|0|6.37|20.31|4.38
6/12/2015|27310062|106|1|1|Allan|Wood|15H009|0|0|0|0|0|2.13|6.77|1.46
6/12/2015|27310062|106|1|1|Allan|Wood|15H011|0|0|0|0|0|2.13|6.76|1.46
6/12/2015|27310062|106|1|1|Allan|Wood|15S001|12|0|265.5|0|0|6.37|20.31|4.38
6/12/2015|27310062|106|1|1|Allan|Wood|15S009|0|0|0|0|0|2.12|6.78|1.46
6/12/2015|27310062|106|1|1|Allan|Wood|15S011|0|0|0|0|0|2.12|6.77|1.46
6/12/2015|27310062|274|1|1|Angel|Watts|15005|0|0|0|0|0|0.29|0.91|0.2
6/12/2015|27310062|274|1|1|Angel|Watts|15H008|1|0|26|0|0|0.62|1.99|0.43
6/12/2015|27310062|1|1|1|Antonio|Torres|15H001|16|0|478.44|0|0|10.08|32.12|0.57
6/12/2015|27310062|1|1|1|Antonio|Torres|15S001|16|0|478.44|0|0|10.08|32.13|0.57
6/12/2015|27310062|391|2|2|Barry|Mckenzie|15H001|2|0|51.5|0|0|2.32|3.7|1.14
6/12/2015|27310062|259|1|1|Beulah|Gibbs|15005|0|0|0|0|0|0.35|1.1|0.25
6/12/2015|27310062|259|1|1|Beulah|Gibbs|15S004|6|0|154.5|0|0|3.56|11.35|2.55
6/12/2015|27310062|259|1|1|Beulah|Gibbs|15S008|1|0|25.75|0|0|0.59|1.89|0.42
6/12/2015|27310062|168|1|1|Brittany|Carlson|15005|0|0|0|0|0|0|1.11|0.25
6/12/2015|27310062|249|1|1|Cary|Foster|15S002|20|0|817.31|0|0|0|58.51|13.49
6/12/2015|27310062|249|1|1|Cary|Foster|15S004|4|0|163.46|0|0|0|11.7|2.7
6/12/2015|27310062|179|1|1|Cassandra|Poole|15005|0|0|0|0|0|0|1.07|0.25
6/12/2015|27310062|179|1|1|Cassandra|Poole|15H002|2|0|74.44|0|0|0|5.32|1.23
6/12/2015|27310062|179|1|1|Cassandra|Poole|15H004|11|0|409.44|0|0|0|29.25|6.76
6/12/2015|27310062|368|1|1|Cesar|Greene|15005|0|0|0|0|0|0.33|1.04|0.25
6/12/2015|27310062|368|1|1|Cesar|Greene|15S008|1|0|24.5|0|0|0.53|1.7|0.4
6/12/2015|27310062|27|1|1|Cindy|Lunt|15005|0|0|0|0|0|0|1.05|0.25
6/12/2015|27310062|27|1|1|Cindy|Lunt|15S001|4.5|0|137.25|0|0|0|9.66|2.26
6/12/2015|27310062|27|1|1|Cindy|Lunt|15S001|0|1|0|45.75|0|0|3.22|0.5
6/12/2015|27310062|27|1|1|Cindy|Lunt|15S002|4|0|122|0|0|0|8.57|2.01
6/12/2015|27310062|27|1|1|Cindy|Lunt|15S002|0|2|0|91.5|0|0|6.43|1.01
6/12/2015|27310062|27|1|1|Cindy|Lunt|15S004|2.5|0|76.25|0|0|0|5.37|1.26
6/12/2015|27310062|27|1|1|Cindy|Lunt|15S004|0|1|0|45.75|0|0|3.22|0.5
6/12/2015|27310062|27|1|1|Cindy|Lunt|15S006|4|0|122|0|0|0|8.59|2.01
6/12/2015|27310062|27|1|1|Cindy|Lunt|15S006|0|1|0|45.75|0|0|3.22|0.5
6/12/2015|27310062|27|1|1|Cindy|Lunt|15S008|1|0|30.5|0|0|0|2.15|0.5
6/12/2015|27310062|411|1|1|Claire|Edwards|15005|0|0|0|0|0.11|0.43|1.38|0.3
6/12/2015|27310062|239|1|1|Clarence|Padilla|15H001|19.75|0|464.13|0|0|10.57|33.69|0.56
6/12/2015|27310062|239|1|1|Clarence|Padilla|15H001|0|1.25|0|44.06|0|1.01|3.21|0.04
6/12/2015|27310062|239|1|1|Clarence|Padilla|15S001|19.75|0|464.13|0|0|10.57|33.69|0.56
6/12/2015|27310062|239|1|1|Clarence|Padilla|15S001|0|1|0|35.25|0|0.8|2.55|0.03
6/12/2015|27310062|239|1|1|Clarence|Padilla|15S002|0.5|0|11.75|0|0|0.26|0.85|0.01
6/12/2015|27310062|38|1|1|Conrad|Walker|15005|0|0|0|0|0|0|1.12|0.04
6/12/2015|27310062|38|1|1|Conrad|Walker|15H002|46|0|1634.54|0|0|0|122.44|4.25
6/12/2015|27310062|169|1|1|Cornelius|Gibson|15005|0|0|0|0|0|0.3|1.11|0.25
6/12/2015|27310062|169|1|1|Cornelius|Gibson|15H004|5|0|163.75|0|0|3.25|12.11|2.7
6/12/2015|27310062|169|1|1|Cornelius|Gibson|15H008|1|0|32.75|0|0|0.65|2.41|0.54
6/12/2015|27310062|169|1|1|Cornelius|Gibson|15H009|0|0|0|0|0|2.6|9.68|2.16
6/12/2015|27310062|44|4|4|Dale|Hamilton|15001|40|0|3850|0|0|0|294.53|4.62
6/12/2015|27310062|396|5|5|Darryl|Burgess|15005|0|0|0|0|0|0|1.15|0.64
6/12/2015|27310062|396|5|5|Darryl|Burgess|15H001R|2|0|64|0|0|0|4.9|2.74
6/12/2015|27310062|396|5|5|Darryl|Burgess|15H004R|7|0|224|0|0|0|17.14|9.59
6/12/2015|27310062|204|1|1|Deborah|Bennett|15005|0|0|0|0|0|0.2|0.65|0.15
6/12/2015|27310062|204|1|1|Deborah|Bennett|15H009|0|0|0|0|0|5.01|15.96|3.64
6/12/2015|27310062|53|1|1|Delia|Lopez|15005|0|0|0|0|0|0.34|1.08|0.25
6/12/2015|27310062|53|1|1|Delia|Lopez|15H008|2|0|50|0|0|1.13|3.61|0.82
6/12/2015|27310062|15|1|1|Don|Young|15005|0|0|0|0|0|0.32|1.02|0.25
6/12/2015|27310062|15|1|1|Don|Young|15H008|1|0|27.64|0|0|0.59|1.89|0.46
6/12/2015|27310062|11|1|1|Earnest|Drake|15005|0|0|0|0|0|0|1.11|0.25
6/12/2015|27310062|11|1|1|Earnest|Drake|15H004|8|0|303.85|0|0|0|22.45|5.01
6/12/2015|27310062|11|1|1|Earnest|Drake|15H009|0|0|0|0|0|0|5.61|1.25
6/12/2015|27310062|20|1|1|Ed|Craig|15S002|40|0|1155.39|0|0|0|78.04|3
6/12/2015|27310062|180|1|1|Elisa|Warren|15005|0|0|0|0|0|0.3|0.96|0.25
6/12/2015|27310062|180|1|1|Elisa|Warren|15H006|2|0|46.5|0|0|0.94|2.99|0.77
6/12/2015|27310062|180|1|1|Elisa|Warren|15H008|1|0|23.25|0|0|0.47|1.5|0.38
6/12/2015|27310062|45|4|4|Ernesto|Todd|15002|40|0|4225.64|0|0|0|310.92|5.07
6/12/2015|27310062|375|1|1|Fannie|Parks|15005|0|0|0|0|0|0.36|1.15|0.25
6/12/2015|27310062|375|1|1|Fannie|Parks|15S004|5|0|110|0|0|2.64|8.42|1.81
6/12/2015|27310062|19|1|1|Frank|Diaz|15S009|0|0|0|0|0|5|15.93|3.56
6/12/2015|27310062|381|1|1|Frankie|Mcdaniel|15005|0|0|0|0|0|0|0.9|0.04
6/12/2015|27310062|381|1|1|Frankie|Mcdaniel|15S002|44|0|865.39|0|0|0|52.08|2.25
6/12/2015|27310062|133|1|1|Geneva|Moody|15005|0|0|0|0|0|0.34|1.07|0.25
6/12/2015|27310062|133|1|1|Geneva|Moody|15S004|7|0|208.25|0|0|4.71|15|3.44
6/12/2015|27310062|406|1|1|Grant|Daniel|15H001|12|0|576.92|0|0|11.6|36.97|0.69
6/12/2015|27310062|406|1|1|Grant|Daniel|15H002|10|0|480.77|0|0|9.67|30.82|0.58
6/12/2015|27310062|406|1|1|Grant|Daniel|15H003|5|0|240.38|0|0|4.83|15.4|0.29
6/12/2015|27310062|406|1|1|Grant|Daniel|15H006|17|0|817.31|0|0|16.43|52.38|0.98
6/12/2015|27310062|402|5|5|Gwendolyn|Alvarado|15005|0|0|0|0|0|0.42|1.06|0.64
6/12/2015|27310062|402|5|5|Gwendolyn|Alvarado|15H008R|10|0|180|0|0|5.04|12.77|7.7
6/12/2015|27310062|194|1|1|Hector|Wright|15H009|0|0|0|0|0|3.5|11.15|2.97
6/12/2015|27310062|203|1|1|Helen|Paul|15005|0|0|0|0|0|0|1.52|0.03
6/12/2015|27310062|203|1|1|Helen|Paul|15H001|10|0|648.12|0|0|0|46.84|0.78
6/12/2015|27310062|203|1|1|Helen|Paul|15H006|10|0|648.11|0|0|0|46.82|0.78
6/12/2015|27310062|203|1|1|Helen|Paul|15S001|10|0|648.12|0|0|0|46.84|0.78
6/12/2015|27310062|203|1|1|Helen|Paul|15S006|10|0|648.11|0|0|0|46.84|0.78
6/12/2015|27310062|357|1|1|Stanley|Peterson|15005|0|0|0|0|0|0.31|0.99|0.25
6/12/2015|27310062|357|1|1|Stanley|Peterson|15S006|5|0|100|0|0|2.07|6.61|1.65
6/12/2015|27310062|357|1|1|Stanley|Peterson|15S008|1.5|0|30|0|0|0.62|1.98|0.49
6/12/2015|27310062|269|1|1|Jo|Manning|15005|0|0|0|0|0|0|1.07|0.25
6/12/2015|27310062|269|1|1|Jo|Manning|15H002SG|2|0|56|0|0|0|4.02|0.92
6/12/2015|27310062|269|1|1|Jo|Manning|15H004SG|4|0|112|0|0|0|8.05|1.85
6/12/2015|27310062|269|1|1|Jo|Manning|15H004SG|0|3|0|126|0|0|9.06|1.39
6/12/2015|27310062|248|1|1|Jodi|Powers|15H001|20|0|410|0|0|8.66|27.6|0.49
6/12/2015|27310062|248|1|1|Jodi|Powers|15S001|20|0|410|0|0|8.66|27.6|0.49
6/12/2015|27310062|30|1|1|Joe|Perry|15H003|3|0|73.1|0|0|1.48|4.71|0.09
6/12/2015|27310062|30|1|1|Joe|Perry|15H009|0|0|0|0|0|0.98|3.14|0.06
6/12/2015|27310062|30|1|1|Joe|Perry|15S003|2|0|48.74|0|0|0.98|3.14|0.06
6/12/2015|27310062|403|1|1|Joyce|Ferguson|15S008|1|0|17|0|0|0.33|1.06|0.28
6/12/2015|27310062|376|1|1|Katie|Hodges|15005|0|0|0|0|0|0.35|1.11|0.25
6/12/2015|27310062|210|2|2|Kenny|Robertson|15005|0|0|0|0|0|0.72|1.15|0.33
6/12/2015|27310062|210|2|2|Kenny|Robertson|15H001B|12|0|285.36|0|0|13.7|21.83|6.33
6/12/2015|27310062|35|1|1|Leonard|Wong|15H002|40|0|1153.85|0|0|0|81.53|3
6/12/2015|27310062|287|2|2|Levi|Christensen|15H001|26.5|0|377.63|0|0|17.2|27.41|0.94
6/12/2015|27310062|287|2|2|Levi|Christensen|15H001B|6.5|0|92.63|0|0|4.22|6.72|0.23
6/12/2015|27310062|287|2|2|Levi|Christensen|15H006B|7|0|99.75|0|0|4.54|7.25|0.25
6/12/2015|27310062|255|1|1|Lois|Moran|15006|0|0|0|0|0|0.35|1.11|0.25
6/12/2015|27310062|153|1|1|Lynne|Soto|15005|0|0|0|0|0|0.42|1.33|0.3
6/12/2015|27310062|13|1|1|Mamie|Day|15H002|5|0|232.7|0|0|0|17.79|3.84
6/12/2015|27310062|13|1|1|Mamie|Day|15H003|12|0|558.46|0|0|0|42.73|9.21
6/12/2015|27310062|13|1|1|Mamie|Day|15H007|10|0|465.38|0|0|0|35.61|7.68
6/12/2015|27310062|358|1|1|Marc|Wallace|15H001|40|0|630|0|0|11.94|38.06|0.76
6/12/2015|27310062|358|1|1|Marc|Wallace|15H001|0|0.5|0|11.81|0|0.22|0.71|0.01
6/12/2015|27310062|281|1|1|Marcia|Neal|15005|0|0|0|0|0|0.33|1.04|0.25
6/12/2015|27310062|281|1|1|Marcia|Neal|15S001|2.5|0|65|0|0|1.42|4.52|1.07
6/12/2015|27310062|281|1|1|Marcia|Neal|15S002|5|0|130|0|0|2.84|9.04|2.15
6/12/2015|27310062|281|1|1|Marcia|Neal|15S006|0.5|0|13|0|0|0.28|0.9|0.21
6/12/2015|27310062|314|1|1|Marianne|Baldwin|15005|0|0|0|0|0|0.36|1.15|0.25
6/12/2015|27310062|39|1|1|Marie|Hudson|15H005|30|0|217.5|0|0.32|1.26|4.02|3.59
6/12/2015|27310062|22|1|1|Marion|Scott|15H003|2|0|59.82|0|0|1.31|4.17|0.99
6/12/2015|27310062|18|1|1|Marty|Barnes|15H001|16|0|320|0|0|7.68|24.48|0.38
6/12/2015|27310062|18|1|1|Marty|Barnes|15S001|16|0|320|0|0|7.68|24.48|0.38
6/12/2015|27310062|401|2|2|Maryann|Cohen|15005|0|0|0|0|0|0.63|1|0.33
6/12/2015|27310062|401|2|2|Maryann|Cohen|15H001B|13|0|338|0|0|14.21|22.65|7.5
6/12/2015|27310062|407|1|1|Maxine|Tyler|15S008|2|0|32|0|0|0.77|2.44|0.53
6/12/2015|27310062|407|1|1|Maxine|Tyler|15S009|0|0|0|0|0|1.34|4.28|0.92
6/12/2015|27310062|3|1|1|Melanie|Green|15H001|40|0|3077|0|0|0|233.08|3.69
6/12/2015|27310062|374|5|5|Melvin|Strickland|15H001|4.5|0|94.5|0|0|2.65|6.16|0.36
6/12/2015|27310062|374|5|5|Melvin|Strickland|15H001R|19|0|399|0|0|11.17|25.99|1.52
6/12/2015|27310062|374|5|5|Melvin|Strickland|15H006|16|0|336|0|0|9.4|21.87|1.28
6/12/2015|27310062|374|5|5|Melvin|Strickland|15H006R|0.5|0|10.5|0|0|0.3|0.68|0.04
6/12/2015|27310062|201|1|1|Michele|Lee|15005|0|0|0|0|0|0|1.15|0.25
6/12/2015|27310062|192|5|5|Mike|Briggs|15005|0|0|0|0|0|0|0.81|0
6/12/2015|27310062|192|5|5|Mike|Briggs|15H002B|8|0|192.31|0|0|0|13.13|0
6/12/2015|27310062|192|5|5|Mike|Briggs|15H002R|29|0|697.12|0|0|0|47.58|8.14
6/12/2015|27310062|398|1|1|Mona|Howard|15001|0|0|0|0|0|0.36|1.15|0.25
6/12/2015|27310062|398|1|1|Mona|Howard|15S009|0|0|0|0|0|10.8|34.43|7.42
6/12/2015|27310062|398|1|1|Mona|Howard|15S012|0|0|0|0|0|0.58|1.83|0.4
6/12/2015|27310062|276|1|1|Morris|Glover|15005|0|0|0|0|0|0.34|1.07|0.25
6/12/2015|27310062|352|1|1|Myra|Vega|15S008|1|0|19|0|0|0.39|1.25|0.31
6/12/2015|27310062|352|1|1|Myra|Vega|15S009|0|0|0|0|0|1.56|4.97|1.25
6/12/2015|27310062|199|1|1|Nettie|Stevens|15005|0|0|0|0|0|0|1.06|0.25
6/12/2015|27310062|199|1|1|Nettie|Stevens|15H002|0|2|0|107.1|0|0|7.63|1.18
6/12/2015|27310062|199|1|1|Nettie|Stevens|15H006|5.5|0|196.35|0|0|0|13.98|3.24
6/12/2015|27310062|199|1|1|Nettie|Stevens|15H006|0|3|0|160.65|0|0|11.44|1.77
6/12/2015|27310062|199|1|1|Nettie|Stevens|15H008|1.5|0|53.55|0|0|0|3.81|0.88
6/12/2015|27310062|260|1|1|Nichole|Fox|15005|0|0|0|0|0|0.2|0.64|0.15
6/12/2015|27310062|260|1|1|Nichole|Fox|15H008|1|0|24.75|0|0|0.56|1.77|0.41
6/12/2015|27310062|260|1|1|Nichole|Fox|15H009|0|0|0|0|0|8.93|28.48|6.53
6/12/2015|27310062|412|1|1|Norman|Ruiz|15H001|20|0|320|0|1.92|7.68|24.48|5.28
6/12/2015|27310062|412|1|1|Norman|Ruiz|15H001|0|1|0|24|0.14|0.58|1.84|0.26
6/12/2015|27310062|412|1|1|Norman|Ruiz|15S001|20|0|320|0|1.92|7.68|24.48|5.28
6/12/2015|27310062|412|1|1|Norman|Ruiz|15S001|0|0.5|0|12|0.08|0.28|0.91|0.13
6/12/2015|27310062|380|1|1|Preston|Robinson|15005|0|0|0|0|0|0.3|0.96|0.25
6/12/2015|27310062|380|1|1|Preston|Robinson|15S001|2.5|0|52.5|0|0|1.05|3.36|0.87
6/12/2015|27310062|181|1|1|Ramona|Myers|15H008|3|0|87.82|0|0|2.11|6.71|1.45
6/12/2015|27310062|386|1|1|Raquel|Singleton|15H001|14|0|168|0|1.01|4.03|12.85|2.77
6/12/2015|27310062|117|1|1|Richard|Wood|15H006|10|0|150|0|0|3.6|11.48|2.48
6/12/2015|27310062|117|1|1|Richard|Wood|15H008|1|0|25|0|0|0.54|1.72|0.41
6/12/2015|27310062|400|1|1|Roberto|Ortega|15005|0|0|0|0|0|0.3|0.96|0.04
6/12/2015|27310062|400|1|1|Roberto|Ortega|15H002|41|0|826.93|0|0|16.71|53.27|2.15
6/12/2015|27310062|409|1|1|Sally|Bailey|15005|0|0|0|0|0|0.36|1.15|0.25
6/12/2015|27310062|7|1|1|Shelia|Keller|15H002|40|0|961.54|0|0|22.31|71.11|15.87
6/12/2015|27310063|7|1|1|Shelia|Keller|15H002|0|0|0|0|0|0|0|0
6/12/2015|27310062|34|1|1|Sheryl|Hill|15005|0|0|0|0|0|0|1.09|0.25
6/12/2015|27310062|34|1|1|Sheryl|Hill|15H003|1|0|38.77|0|0|0|2.83|0.64
6/12/2015|27310062|336|1|1|Shirley|Parker|15005|0|0|0|0|0|0.36|1.15|0.25
6/12/2015|27310062|345|1|1|Sidney|Hansen|15H008|1.5|0|34.5|0|0|0.83|2.64|0.57
6/12/2015|27310062|99|1|1|Sue|Riley|15H006|20|0|450|0|0|10.48|33.4|7.42
6/12/2015|27310062|99|1|1|Sue|Riley|15S006|20|0|450|0|0|10.48|33.41|7.42
6/12/2015|27310062|25|1|1|Tami|Luna|15H001|9|0|222.66|0|0|4.8|15.31|0.27
6/12/2015|27310062|25|1|1|Tami|Luna|15H009|0|0|0|0|0|6.4|20.41|0.36
6/12/2015|27310062|25|1|1|Tami|Luna|15S001|9|0|222.66|0|0|4.81|15.32|0.27
6/12/2015|27310062|25|1|1|Tami|Luna|15S009|0|0|0|0|0|5.34|17.01|0.3
6/12/2015|27310062|184|1|1|Tammy|Wilkins|15005|0|0|0|0|0|0.33|1.06|0.25
6/12/2015|27310062|184|1|1|Tammy|Wilkins|15H008|1|0|30.03|0|0|0.67|2.12|0.5
6/12/2015|27310062|320|1|1|Terry|Moreno|15005|0|0|0|0|0|0|1.15|0.25
6/12/2015|27310062|320|1|1|Terry|Moreno|15H002|10|0|358.18|0|0|0|27.4|5.91
6/12/2015|27310062|320|1|1|Terry|Moreno|15H008|1|0|35.81|0|0|0|2.74|0.59
6/12/2015|27310062|343|1|1|Tommy|Graves|15005|0|0|0|0|0|0.31|0.97|0.25
6/12/2015|27310062|343|1|1|Tommy|Graves|15H001|5|0|115|0|0|2.36|7.51|1.9
6/12/2015|27310062|343|1|1|Tommy|Graves|15H006|0.5|0|11.5|0|0|0.23|0.75|0.19
6/12/2015|27310062|343|1|1|Tommy|Graves|15H006|0|2|0|69|0|1.41|4.51|0.76
6/12/2015|27310062|343|1|1|Tommy|Graves|15H008|1.5|0|34.5|0|0|0.71|2.25|0.57
6/12/2015|27310062|399|1|1|Yvette|Miller|15005|0|0|0|0|0|0.34|1.1|0.04
6/12/2015|27310062|399|1|1|Yvette|Miller|15S002|40|0|865.39|0|0|19.86|63.27|2.25
6/16/2015|27310064|3|1|1|Melanie|Green|15H001|0|0|0|0|0|0|2677.5|42
6/17/2015|27310066|1|1|1|Antonio|Torres|15H002|0|0|0|0|0|2.07|181.69|2.85
6/17/2015|27310066|1|1|1|Antonio|Torres|15S002|0|0|0|0|0|2.07|181.69|2.85
6/17/2015|27310066|38|1|1|Conrad|Walker|15H002|0|0|0|0|0|0|114.75|3.9
6/17/2015|27310066|38|1|1|Conrad|Walker|15S002|0|0|0|0|0|0|114.75|3.9
6/17/2015|27310066|13|1|1|Mamie|Day|15H007|0|0|0|0|0|0|198.9|42.9
6/17/2015|27310066|7|1|1|Shelia|Keller|15H002|0|0|0|0|0|34.29|114.75|24.75
6/19/2015|27310067|195|1|1|Al|Ramos|15H009|0|0|0|0|0|0|82.68|3.01
6/19/2015|27310067|404|1|1|Alberta|Gill|15H008|6|0|129.81|0|0|3.06|9.76|2.14
6/19/2015|27310067|404|1|1|Alberta|Gill|15H009|0|0|0|0|0|4.08|13|2.86
6/19/2015|27310067|106|1|1|Allan|Wood|15005|0|0|0|0|0|0.36|1.15|0.25
6/19/2015|27310067|106|1|1|Allan|Wood|15H001|12|0|265.5|0|0|6.37|20.31|4.38
6/19/2015|27310067|106|1|1|Allan|Wood|15H009|0|0|0|0|0|2.13|6.77|1.46
6/19/2015|27310067|106|1|1|Allan|Wood|15H011|0|0|0|0|0|2.13|6.76|1.46
6/19/2015|27310067|106|1|1|Allan|Wood|15S001|12|0|265.5|0|0|6.37|20.31|4.38
6/19/2015|27310067|106|1|1|Allan|Wood|15S009|0|0|0|0|0|2.12|6.78|1.46
6/19/2015|27310067|106|1|1|Allan|Wood|15S011|0|0|0|0|0|2.12|6.77|1.46
6/19/2015|27310067|304|1|1|Allen|Price|15H009|0|0|0|0|0|4.17|13.29|3.04
6/19/2015|27310067|274|1|1|Angel|Watts|15005|0|0|0|0|0|0.29|0.91|0.2
6/19/2015|27310067|274|1|1|Angel|Watts|15H009|0|0|0|0|0|3.12|9.95|2.15
6/19/2015|27310067|1|1|1|Antonio|Torres|15H001|18|0|513.21|0|0|0|34.46|0.62
6/19/2015|27310067|1|1|1|Antonio|Torres|15S001|16|0|456.19|0|0|0|30.63|0.55
6/19/2015|27310067|259|1|1|Beulah|Gibbs|15005|0|0|0|0|0|0.35|1.11|0.25
6/19/2015|27310067|259|1|1|Beulah|Gibbs|15S004|10|0|257.5|0|0|5.97|19.04|4.25
6/19/2015|27310067|259|1|1|Beulah|Gibbs|15S008|0.5|0|12.88|0|0|0.3|0.95|0.21
6/19/2015|27310067|168|1|1|Brittany|Carlson|15005|0|0|0|0|0|0|1.11|0.25
6/19/2015|27310067|168|1|1|Brittany|Carlson|15H002SG|4|0|150|0|0|0|11.12|2.48
6/19/2015|27310067|168|1|1|Brittany|Carlson|15H008|4|0|150|0|0|0|11.13|2.48
6/19/2015|27310067|249|1|1|Cary|Foster|15S002|39|0|1328.13|0|0|0|95.07|21.91
6/19/2015|27310067|179|1|1|Cassandra|Poole|15005|0|0|0|0|0|0|1.07|0.25
6/19/2015|27310067|179|1|1|Cassandra|Poole|15H004|19.5|0|725.81|0|0|0|51.85|11.98
6/19/2015|27310067|368|1|1|Cesar|Greene|15005|0|0|0|0|0|0.32|1.02|0.25
6/19/2015|27310067|368|1|1|Cesar|Greene|15S008|1|0|24.5|0|0|0.53|1.68|0.4
6/19/2015|27310067|27|1|1|Cindy|Lunt|15005|0|0|0|0|0|0|0.64|0.15
6/19/2015|27310067|27|1|1|Cindy|Lunt|15S001|2.5|0|76.25|0|0|0|5.38|1.26
6/19/2015|27310067|27|1|1|Cindy|Lunt|15S001|0|3.5|0|160.13|0|0|11.3|1.76
6/19/2015|27310067|27|1|1|Cindy|Lunt|15S002|3.5|0|106.75|0|0|0|7.54|1.76
6/19/2015|27310067|27|1|1|Cindy|Lunt|15S002|0|2|0|91.5|0|0|6.46|1.01
6/19/2015|27310067|27|1|1|Cindy|Lunt|15S004|2|0|61|0|0|0|4.3|1.01
6/19/2015|27310067|27|1|1|Cindy|Lunt|15S004|0|1|0|45.75|0|0|3.23|0.5
6/19/2015|27310067|27|1|1|Cindy|Lunt|15S006|2.5|0|76.25|0|0|0|5.38|1.26
6/19/2015|27310067|27|1|1|Cindy|Lunt|15S006|0|2.5|0|114.38|0|0|8.07|1.26
6/19/2015|27310067|27|1|1|Cindy|Lunt|15S008|18|0|549|0|0|0|38.76|9.06
6/19/2015|27310067|411|1|1|Claire|Edwards|15005|0|0|0|0|0.09|0.36|1.15|0.25
6/19/2015|27310067|239|1|1|Clarence|Padilla|15H001|17.25|0|405.38|0|0|9.19|29.29|0.49
6/19/2015|27310067|239|1|1|Clarence|Padilla|15H007|3|0|70.5|0|0|1.6|5.1|0.08
6/19/2015|27310067|239|1|1|Clarence|Padilla|15S001|17.25|0|405.38|0|0|9.19|29.29|0.49
6/19/2015|27310067|239|1|1|Clarence|Padilla|15S002|2.5|0|58.75|0|0|1.33|4.24|0.07
6/19/2015|27310067|38|1|1|Conrad|Walker|15005|0|0|0|0|0|0|1.12|0.04
6/19/2015|27310067|38|1|1|Conrad|Walker|15H002|41|0|1634.54|0|0|0|122.44|4.25
6/19/2015|27310067|169|1|1|Cornelius|Gibson|15005|0|0|0|0|0|0|1.11|0.25
6/19/2015|27310067|169|1|1|Cornelius|Gibson|15H004|3|0|98.25|0|0|0|7.27|1.62
6/19/2015|27310067|44|4|4|Dale|Hamilton|15001|40|0|3850|0|0|0|294.53|4.62
6/19/2015|27310067|396|5|5|Darryl|Burgess|15005|0|0|0|0|0|0|1.15|0.64
6/19/2015|27310067|396|5|5|Darryl|Burgess|15H001R|1|0|32|0|0|0|2.44|1.37
6/19/2015|27310067|396|5|5|Darryl|Burgess|15H004R|3|0|96|0|0|0|7.36|4.11
6/19/2015|27310067|204|1|1|Deborah|Bennett|15005|0|0|0|0|0|0.34|1.09|0.25
6/19/2015|27310067|53|1|1|Delia|Lopez|15005|0|0|0|0|0|0.34|1.07|0.25
6/19/2015|27310067|15|1|1|Don|Young|15005|0|0|0|0|0|0.32|1.02|0.25
6/19/2015|27310067|15|1|1|Don|Young|15H003|2|0|55.29|0|0|1.18|3.76|0.91
6/19/2015|27310067|15|1|1|Don|Young|15H009|0|0|0|0|0|14.18|45.19|10.95
6/19/2015|27310067|11|1|1|Earnest|Drake|15005|0|0|0|0|0|0|1.11|0.25
6/19/2015|27310067|11|1|1|Earnest|Drake|15H004|6|0|227.89|0|0|0|16.84|3.76
6/19/2015|27310067|11|1|1|Earnest|Drake|15H009|0|0|0|0|0|0|11.23|2.51
6/19/2015|27310067|20|1|1|Ed|Craig|15S002|38.5|0|1155.39|0|0|0|78.04|3
6/19/2015|27310067|180|1|1|Elisa|Warren|15005|0|0|0|0|0|0.31|0.97|0.25
6/19/2015|27310067|180|1|1|Elisa|Warren|15H006|1.5|0|34.88|0|0|0.71|2.26|0.58
6/19/2015|27310067|180|1|1|Elisa|Warren|15H008|31.5|0|732.38|0|0|14.84|47.31|12.08
6/19/2015|27310067|45|4|4|Ernesto|Todd|15002|40|0|4225.64|0|0|0|310.92|5.07
6/19/2015|27310067|375|1|1|Fannie|Parks|15005|0|0|0|0|0|0.22|0.69|0.15
6/19/2015|27310067|375|1|1|Fannie|Parks|15S004|4|0|88|0|0|2.11|6.74|1.45
6/19/2015|27310067|375|1|1|Fannie|Parks|15S008|17|0|374|0|0|8.98|28.61|6.17
6/19/2015|27310068|375|1|1|Fannie|Parks|15S008|0|0|0|0|0|0|0|0
6/19/2015|27310067|19|1|1|Frank|Diaz|15S006|2|0|54|0|0|1.25|3.99|0.89
6/19/2015|27310067|381|1|1|Frankie|Mcdaniel|15005|0|0|0|0|0|0|0.9|0.04
6/19/2015|27310067|381|1|1|Frankie|Mcdaniel|15S002|40|0|865.39|0|0|0|52.08|2.25
6/19/2015|27310067|133|1|1|Geneva|Moody|15005|0|0|0|0|0|0.33|1.09|0.25
6/19/2015|27310067|133|1|1|Geneva|Moody|15S004|4.5|0|133.88|0|0|2.94|9.67|2.21
6/19/2015|27310067|406|1|1|Grant|Daniel|15H002|8.5|0|413.35|0|0|5.11|26.49|0.5
6/19/2015|27310067|406|1|1|Grant|Daniel|15H003|20|0|972.59|0|0|12.02|62.33|1.17
6/19/2015|27310067|406|1|1|Grant|Daniel|15H004|2|0|97.26|0|0|1.21|6.24|0.12
6/19/2015|27310067|406|1|1|Grant|Daniel|15H006|13|0|632.18|0|0|7.81|40.51|0.76
6/19/2015|27310067|402|5|5|Gwendolyn|Alvarado|15005|0|0|0|0|0|0.42|1.05|0.64
6/19/2015|27310067|402|5|5|Gwendolyn|Alvarado|15H001R|0.5|0|9|0|0|0.25|0.63|0.39
6/19/2015|27310067|203|1|1|Helen|Paul|15005|0|0|0|0|0|0|1.52|0.03
6/19/2015|27310067|203|1|1|Helen|Paul|15H001|4|0|259.25|0|0|0|18.73|0.31
6/19/2015|27310067|203|1|1|Helen|Paul|15H006|4|0|259.25|0|0|0|18.73|0.31
6/19/2015|27310067|203|1|1|Helen|Paul|15H009|0|0|0|0|0|0|56.21|0.93
6/19/2015|27310067|203|1|1|Helen|Paul|15S001|4|0|259.25|0|0|0|18.74|0.31
6/19/2015|27310067|203|1|1|Helen|Paul|15S006|4|0|259.25|0|0|0|18.73|0.31
6/19/2015|27310067|203|1|1|Helen|Paul|15S009|0|0|0|0|0|0|56.2|0.93
6/19/2015|27310067|357|1|1|Stanley|Peterson|15005|0|0|0|0|0|0.39|1.24|0.3
6/19/2015|27310067|357|1|1|Stanley|Peterson|15S006|6|0|120|0|0|2.58|8.24|1.98
6/19/2015|27310067|357|1|1|Stanley|Peterson|15S006|0|0.5|0|15|0|0.32|1.02|0.17
6/19/2015|27310067|269|1|1|Jo|Manning|15005|0|0|0|0|0|0|1.07|0.25
6/19/2015|27310067|269|1|1|Jo|Manning|15H002SG|2|0|56|0|0|0|4.01|0.92
6/19/2015|27310067|269|1|1|Jo|Manning|15H004SG|5|0|140|0|0|0|10.05|2.31
6/19/2015|27310067|269|1|1|Jo|Manning|15H004SG|0|1|0|42|0|0|3.02|0.46
6/19/2015|27310067|248|1|1|Jodi|Powers|15H001|20|0|410|0|0|8.66|27.6|0.49
6/19/2015|27310067|248|1|1|Jodi|Powers|15S001|20|0|410|0|0|8.66|27.6|0.49
6/19/2015|27310067|30|1|1|Joe|Perry|15H002|4|0|97.47|0|0|1.97|6.27|0.12
6/19/2015|27310067|30|1|1|Joe|Perry|15H003|4|0|97.47|0|0|1.97|6.28|0.12
6/19/2015|27310067|30|1|1|Joe|Perry|15H009|0|0|0|0|0|1.97|6.27|0.12
6/19/2015|27310067|403|1|1|Joyce|Ferguson|15S008|1|0|17|0|0|0.34|1.1|0.28
6/19/2015|27310067|376|1|1|Katie|Hodges|15005|0|0|0|0|0|0.35|1.11|0.25
6/19/2015|27310067|210|2|2|Kenny|Robertson|15005|0|0|0|0|0|0.58|0.91|0.27
6/19/2015|27310067|210|2|2|Kenny|Robertson|15H001B|3|0|71.34|0|0|3.42|5.46|1.58
6/19/2015|27310067|210|2|2|Kenny|Robertson|15H009B|0|0|0|0|0|29.67|47.31|13.73
6/19/2015|27310067|35|1|1|Leonard|Wong|15H002|40|0|1153.85|0|0|0|81.53|3
6/19/2015|27310067|287|2|2|Levi|Christensen|15H001|15|0|213.75|0|0|9.74|15.52|0.53
6/19/2015|27310067|287|2|2|Levi|Christensen|15H001B|8.5|0|121.13|0|0|5.52|8.8|0.3
6/19/2015|27310067|287|2|2|Levi|Christensen|15H006B|8.5|0|121.13|0|0|5.51|8.78|0.3
6/19/2015|27310067|287|2|2|Levi|Christensen|15H009B|0|0|0|0|0|5.19|8.28|0.28
6/19/2015|27310067|255|1|1|Lois|Moran|15005|0|0|0|0|0|0.35|1.11|0.25
6/19/2015|27310067|153|1|1|Lynne|Soto|15005|0|0|0|0|0|0.34|1.1|0.25
6/19/2015|27310067|13|1|1|Mamie|Day|15H002|2|0|93.08|0|0|0|7.12|1.54
6/19/2015|27310067|13|1|1|Mamie|Day|15H003|2|0|93.08|0|0|0|7.12|1.54
6/19/2015|27310067|13|1|1|Mamie|Day|15H007|36|0|1675.38|0|0|0|128.17|27.64
6/19/2015|27310067|358|1|1|Marc|Wallace|15H001|40|0|630|0|0|11.88|37.87|0.76
6/19/2015|27310067|281|1|1|Marcia|Neal|15005|0|0|0|0|0|0.33|1.04|0.25
6/19/2015|27310067|281|1|1|Marcia|Neal|15S001|2.5|0|65|0|0|1.42|4.51|1.07
6/19/2015|27310067|281|1|1|Marcia|Neal|15S006|3|0|78|0|0|1.7|5.42|1.29
6/19/2015|27310067|314|1|1|Marianne|Baldwin|15005|0|0|0|0|0|0.36|1.15|0.25
6/19/2015|27310067|39|1|1|Marie|Hudson|15H005|30|0|217.5|0|0.32|1.26|4.02|3.59
6/19/2015|27310067|22|1|1|Marion|Scott|15H003|1|0|33.65|0|0|0.74|2.34|0.56
6/19/2015|27310067|22|1|1|Marion|Scott|15H009|0|0|0|0|0|8.83|28.13|6.66
6/19/2015|27310067|18|1|1|Marty|Barnes|15H001|16|0|320|0|0|7.68|24.48|0.38
6/19/2015|27310067|18|1|1|Marty|Barnes|15S001|16|0|320|0|0|7.68|24.48|0.38
6/19/2015|27310067|401|2|2|Maryann|Cohen|15005|0|0|0|0|0|0.63|1|0.33
6/19/2015|27310067|401|2|2|Maryann|Cohen|15H001B|2|0|52|0|0|2.19|3.48|1.15
6/19/2015|27310067|407|1|1|Maxine|Tyler|15005|0|0|0|0|0|0.36|1.15|0.25
6/19/2015|27310067|407|1|1|Maxine|Tyler|15S008|1|0|16|0|0|0.38|1.22|0.26
6/19/2015|27310067|3|1|1|Melanie|Green|15H001|40|0|3077|0|0|0|233.08|3.69
6/19/2015|27310067|374|5|5|Melvin|Strickland|15H001|4.5|0|94.5|0|0|2.65|6.16|0.36
6/19/2015|27310067|374|5|5|Melvin|Strickland|15H001R|16.5|0|346.5|0|0|9.7|22.57|1.32
6/19/2015|27310067|374|5|5|Melvin|Strickland|15H006|17.5|0|367.5|0|0|10.29|23.92|1.4
6/19/2015|27310067|374|5|5|Melvin|Strickland|15H006R|1.5|0|31.5|0|0|0.88|2.05|0.12
6/19/2015|27310067|201|1|1|Michele|Lee|15005|0|0|0|0|0|0|1.15|0.25
6/19/2015|27310067|192|5|5|Mike|Briggs|15005|0|0|0|0|0|0|0.62|0
6/19/2015|27310067|192|5|5|Mike|Briggs|15H002B|8|0|192.31|0|0|0|13.11|0
6/19/2015|27310067|192|5|5|Mike|Briggs|15H002R|29|0|697.12|0|0|0|47.56|0
6/19/2015|27310067|398|1|1|Mona|Howard|15S005|2.5|0|30|0|0|0.72|2.29|0.49
6/19/2015|27310067|398|1|1|Mona|Howard|15S008|1.5|0|18|0|0|0.43|1.37|0.3
6/19/2015|27310067|276|1|1|Morris|Glover|15005|0|0|0|0|0|0.34|1.07|0.25
6/19/2015|27310067|276|1|1|Morris|Glover|15H009|0|0|0|0|0|2.14|6.84|1.57
6/19/2015|27310067|352|1|1|Myra|Vega|15005|0|0|0|0|0|0.32|1.03|0.25
6/19/2015|27310067|352|1|1|Myra|Vega|15S008|0.5|0|9.5|0|0|0.21|0.65|0.16
6/19/2015|27310067|352|1|1|Myra|Vega|15S009|0|0|0|0|0|3.29|10.46|2.51
6/19/2015|27310067|199|1|1|Nettie|Stevens|15005|0|0|0|0|0|0|1.07|0.25
6/19/2015|27310067|199|1|1|Nettie|Stevens|15H006|6.5|0|232.05|0|0|0|16.6|3.83
6/19/2015|27310067|199|1|1|Nettie|Stevens|15H008|0.5|0|17.85|0|0|0|1.27|0.29
6/19/2015|27310067|260|1|1|Nichole|Fox|15005|0|0|0|0|0|0.34|1.08|0.25
6/19/2015|27310067|412|1|1|Norman|Ruiz|15H001|20|0|320|0|1.92|7.68|24.48|5.28
6/19/2015|27310067|412|1|1|Norman|Ruiz|15H001|0|1.5|0|36|0.22|0.86|2.77|0.4
6/19/2015|27310067|412|1|1|Norman|Ruiz|15S001|20|0|320|0|1.92|7.68|24.48|5.28
6/19/2015|27310067|412|1|1|Norman|Ruiz|15S001|0|0.5|0|12|0.07|0.29|0.91|0.13
6/19/2015|27310067|380|1|1|Preston|Robinson|15005|0|0|0|0|0|0.3|0.96|0.25
6/19/2015|27310067|380|1|1|Preston|Robinson|14S1440|0|1|0|31.5|0|0.63|2|0.35
6/19/2015|27310067|380|1|1|Preston|Robinson|15S001|1|0|21|0|0|0.42|1.33|0.35
6/19/2015|27310067|380|1|1|Preston|Robinson|15S001|0|1|0|31.5|0|0.63|2.01|0.35
6/19/2015|27310067|181|1|1|Ramona|Myers|15H003|2|0|58.54|0|0|1.4|4.48|0.97
6/19/2015|27310067|386|1|1|Raquel|Singleton|15H001|8|0|112|0|0.67|2.69|8.56|1.85
6/19/2015|27310067|117|1|1|Richard|Wood|15H003|1|0|25|0|0|0.54|1.72|0.41
6/19/2015|27310067|117|1|1|Richard|Wood|15H006|10|0|150|0|0|3.6|11.48|2.48
6/19/2015|27310067|400|1|1|Roberto|Ortega|15005|0|0|0|0|0|0.3|0.96|0.04
6/19/2015|27310067|400|1|1|Roberto|Ortega|15H002|41|0|826.93|0|0|16.71|53.27|2.15
6/19/2015|27310067|409|1|1|Sally|Bailey|15005|0|0|0|0|0|0.29|0.91|0.2
6/19/2015|27310067|7|1|1|Shelia|Keller|15H002|36|0|865.39|0|0|0|64|14.28
6/19/2015|27310068|7|1|1|Shelia|Keller|15H002|0|0|0|0|0|0|0|0
6/19/2015|27310067|7|1|1|Shelia|Keller|15H009|0|0|0|0|0|0|7.11|1.59
6/19/2015|27310067|34|1|1|Sheryl|Hill|15005|0|0|0|0|0|0|1.1|0.25
6/19/2015|27310067|34|1|1|Sheryl|Hill|15H003|11|0|488.46|0|0|0|35.53|8.06
6/19/2015|27310067|34|1|1|Sheryl|Hill|15H004|7|0|310.83|0|0|0|22.61|5.13
6/19/2015|27310067|34|1|1|Sheryl|Hill|15H008|4|0|177.62|0|0|0|12.93|2.93
6/19/2015|27310067|34|1|1|Sheryl|Hill|15S002|1|0|44.41|0|0|0|3.23|0.73
6/19/2015|27310067|336|1|1|Shirley|Parker|15005|0|0|0|0|0|0.36|1.15|0.25
6/19/2015|27310067|99|1|1|Sue|Riley|15H006|16|0|360|0|0|8.39|26.73|5.94
6/19/2015|27310067|99|1|1|Sue|Riley|15H009|0|0|0|0|0|2.09|6.68|1.49
6/19/2015|27310067|99|1|1|Sue|Riley|15S006|16|0|360|0|0|8.38|26.72|5.94
6/19/2015|27310067|99|1|1|Sue|Riley|15S009|0|0|0|0|0|2.1|6.68|1.49
6/19/2015|27310067|25|1|1|Tami|Luna|15H001|14|0|346.36|0|0|7.47|23.82|0.42
6/19/2015|27310067|25|1|1|Tami|Luna|15H009|0|0|0|0|0|3.2|10.21|0.18
6/19/2015|27310067|25|1|1|Tami|Luna|15S001|14|0|346.36|0|0|7.48|23.82|0.42
6/19/2015|27310067|25|1|1|Tami|Luna|15S009|0|0|0|0|0|3.2|10.2|0.18
6/19/2015|27310067|184|1|1|Tammy|Wilkins|15005|0|0|0|0|0|0.33|1.06|0.25
6/19/2015|27310067|320|1|1|Terry|Moreno|15005|0|0|0|0|0|0|1.15|0.25
6/19/2015|27310067|320|1|1|Terry|Moreno|15H002|16|0|573.08|0|0|0|43.84|9.46
6/19/2015|27310067|343|1|1|Tommy|Graves|15005|0|0|0|0|0|0.3|0.99|0.25
6/19/2015|27310067|343|1|1|Tommy|Graves|15H001|3|0|69|0|0|1.42|4.52|1.14
6/19/2015|27310067|343|1|1|Tommy|Graves|15H006|1.5|0|34.5|0|0|0.71|2.26|0.57
6/19/2015|27310067|343|1|1|Tommy|Graves|15H006|0|2|0|69|0|1.42|4.51|0.76
6/19/2015|27310067|343|1|1|Tommy|Graves|15H008|0.5|0|11.5|0|0|0.24|0.75|0.19
6/19/2015|27310067|399|1|1|Yvette|Miller|15005|0|0|0|0|0|0.34|1.1|0.04
6/19/2015|27310067|399|1|1|Yvette|Miller|15S002|40|0|865.39|0|0|19.86|63.27|2.25
6/26/2015|27310070|195|1|1|Al|Ramos|15005|0|0|0|0|0|0|1.07|0.04
6/26/2015|27310070|195|1|1|Al|Ramos|15H002|41|0|1157.15|0|0|0|82.76|3.01
6/26/2015|27310070|404|1|1|Alberta|Gill|15H008|5|0|108.17|0|0|2.55|8.13|1.78
6/26/2015|27310070|106|1|1|Allan|Wood|15005|0|0|0|0|0|0.36|1.15|0.25
6/26/2015|27310070|106|1|1|Allan|Wood|15H001|20|0|442.5|0|0|10.62|33.86|7.3
6/26/2015|27310070|106|1|1|Allan|Wood|15S001|20|0|442.5|0|0|10.62|33.84|7.3
6/26/2015|27310070|274|1|1|Angel|Watts|15005|0|0|0|0|0|0.22|0.69|0.15
6/26/2015|27310070|274|1|1|Angel|Watts|15H009|0|0|0|0|0|8.42|26.85|5.79
6/26/2015|27310070|1|1|1|Antonio|Torres|15H001|14|0|418.63|0|0|0|28.11|0.5
6/26/2015|27310070|1|1|1|Antonio|Torres|15H009|0|0|0|0|0|0|16.06|0.29
6/26/2015|27310070|1|1|1|Antonio|Torres|15S001|12|0|358.83|0|0|0|24.1|0.43
6/26/2015|27310070|391|2|2|Barry|Mckenzie|15H001B|2|0|51.5|0|0|2.24|3.57|1.14
6/26/2015|27310070|259|1|1|Beulah|Gibbs|15005|0|0|0|0|0|0.35|1.11|0.25
6/26/2015|27310070|259|1|1|Beulah|Gibbs|15S004|6|0|154.5|0|0|3.57|11.39|2.55
6/26/2015|27310070|259|1|1|Beulah|Gibbs|15S008|0.5|0|12.88|0|0|0.3|0.95|0.21
6/26/2015|27310070|168|1|1|Brittany|Carlson|15005|0|0|0|0|0|0|1.11|0.25
6/26/2015|27310070|168|1|1|Brittany|Carlson|15H001SG|6|0|225|0|0|0|16.68|3.71
6/26/2015|27310070|168|1|1|Brittany|Carlson|15H009SG|0|0|0|0|0|0|44.48|9.9
6/26/2015|27310070|249|1|1|Cary|Foster|15S002|25|0|1021.64|0|0|0|73.13|16.86
6/26/2015|27310070|249|1|1|Cary|Foster|15S004|1|0|40.87|0|0|0|2.93|0.67
6/26/2015|27310070|179|1|1|Cassandra|Poole|15005|0|0|0|0|0|0|1.07|0.25
6/26/2015|27310070|179|1|1|Cassandra|Poole|15H002|2|0|72.87|0|0|0|5.21|1.2
6/26/2015|27310070|179|1|1|Cassandra|Poole|15H004|16.5|0|601.22|0|0|0|42.95|9.92
6/26/2015|27310070|368|1|1|Cesar|Greene|15005|0|0|0|0|0|0.32|1.01|0.25
6/26/2015|27310070|368|1|1|Cesar|Greene|15S005|1.5|0|36.75|0|0|0.78|2.48|0.61
6/26/2015|27310070|368|1|1|Cesar|Greene|15S008|2|0|49|0|0|1.03|3.31|0.81
6/26/2015|27310070|27|1|1|Cindy|Lunt|15005|0|0|0|0|0|0|1.07|0.25
6/26/2015|27310070|27|1|1|Cindy|Lunt|15S001|2.5|0|76.25|0|0|0|5.42|1.26
6/26/2015|27310070|27|1|1|Cindy|Lunt|15S001|0|2|0|91.5|0|0|6.52|1.01
6/26/2015|27310070|27|1|1|Cindy|Lunt|15S002|1|0|30.5|0|0|0|2.17|0.5
6/26/2015|27310070|27|1|1|Cindy|Lunt|15S002|0|1.5|0|68.63|0|0|4.89|0.75
6/26/2015|27310070|27|1|1|Cindy|Lunt|15S004|1.5|0|45.75|0|0|0|3.26|0.75
6/26/2015|27310070|27|1|1|Cindy|Lunt|15S004|0|1|0|45.75|0|0|3.25|0.5
6/26/2015|27310070|27|1|1|Cindy|Lunt|15S006|1.5|0|45.75|0|0|0|3.26|0.75
6/26/2015|27310070|27|1|1|Cindy|Lunt|15S006|0|3|0|137.25|0|0|9.77|1.51
6/26/2015|27310070|27|1|1|Cindy|Lunt|15S008|0|1|0|45.75|0|0|3.25|0.5
6/26/2015|27310070|411|1|1|Claire|Edwards|15005|0|0|0|0|0.01|0.36|1.15|0.25
6/26/2015|27310070|239|1|1|Clarence|Padilla|15H001|17|0|399.5|0|0|9.06|28.88|0.48
6/26/2015|27310070|239|1|1|Clarence|Padilla|15H001|0|0.25|0|8.81|0|0.2|0.64|0.01
6/26/2015|27310070|239|1|1|Clarence|Padilla|15H007|5.75|0|135.13|0|0|3.07|9.77|0.16
6/26/2015|27310070|239|1|1|Clarence|Padilla|15S001|17|0|399.5|0|0|9.06|28.89|0.48
6/26/2015|27310070|239|1|1|Clarence|Padilla|15S002|0.25|0|5.88|0|0|0.13|0.42|0.01
6/26/2015|27310070|38|1|1|Conrad|Walker|15005|0|0|0|0|0|0|1.12|0.04
6/26/2015|27310070|38|1|1|Conrad|Walker|15H002|44|0|1634.54|0|0|0|122.44|4.25
6/26/2015|27310070|169|1|1|Cornelius|Gibson|15005|0|0|0|0|0|0|1.12|0.25
6/26/2015|27310070|169|1|1|Cornelius|Gibson|15H004|3|0|98.25|0|0|0|7.32|1.62
6/26/2015|27310070|44|4|4|Dale|Hamilton|15001|40|0|3850|0|0|0|294.53|4.62
6/26/2015|27310070|396|5|5|Darryl|Burgess|15005|0|0|0|0|0|0|1.15|0.64
6/26/2015|27310070|396|5|5|Darryl|Burgess|15H001R|1|0|32|0|0|0|2.44|1.37
6/26/2015|27310070|396|5|5|Darryl|Burgess|15H004R|3|0|96|0|0|0|7.36|4.11
6/26/2015|27310070|204|1|1|Deborah|Bennett|15005|0|0|0|0|0|0.27|0.88|0.2
6/26/2015|27310070|53|1|1|Delia|Lopez|15005|0|0|0|0|0|0.33|1.05|0.25
6/26/2015|27310070|53|1|1|Delia|Lopez|15H009|0|0|0|0|0|1.1|3.51|0.82
6/26/2015|27310070|15|1|1|Don|Young|15005|0|0|0|0|0|0.32|1.02|0.25
6/26/2015|27310070|15|1|1|Don|Young|15H003|4|0|110.58|0|0|2.36|7.53|1.82
6/26/2015|27310070|11|1|1|Earnest|Drake|15005|0|0|0|0|0|0|1.11|0.25
6/26/2015|27310070|11|1|1|Earnest|Drake|15H004|7|0|265.88|0|0|0|19.64|4.39
6/26/2015|27310070|20|1|1|Ed|Craig|15S002|21.5|0|577.7|0|0|0|39.03|1.5
6/26/2015|27310070|180|1|1|Elisa|Warren|15005|0|0|0|0|0|0.31|0.97|0.25
6/26/2015|27310070|180|1|1|Elisa|Warren|15H006|6.5|0|151.13|0|0|3.11|9.9|2.49
6/26/2015|27310070|180|1|1|Elisa|Warren|15H008|0.5|0|11.63|0|0|0.24|0.77|0.19
6/26/2015|27310070|45|4|4|Ernesto|Todd|15002|40|0|4225.64|0|0|0|310.92|5.07
6/26/2015|27310070|375|1|1|Fannie|Parks|15005|0|0|0|0|0|0.29|0.91|0.2
6/26/2015|27310070|375|1|1|Fannie|Parks|15S004|3|0|66|0|0|1.58|5.05|1.09
6/26/2015|27310070|375|1|1|Fannie|Parks|15S009|0|0|0|0|0|1.85|5.9|1.27
6/26/2015|27310070|415|1|1|Floyd|Hunter|15H001|8|0|230.77|0|1.38|5.54|17.66|0.28
6/26/2015|27310070|415|1|1|Floyd|Hunter|15H008|32|0|923.08|0|5.54|22.15|70.61|1.11
6/26/2015|27310070|19|1|1|Frank|Diaz|15S006|2|0|54|0|0|1.25|3.99|0.89
6/26/2015|27310070|19|1|1|Frank|Diaz|15S009|0|0|0|0|0|5|15.93|3.56
6/26/2015|27310070|381|1|1|Frankie|Mcdaniel|15005|0|0|0|0|0|0|0.9|0.04
6/26/2015|27310070|381|1|1|Frankie|Mcdaniel|15S002|40|0|865.39|0|0|0|52.08|2.25
6/26/2015|27310070|133|1|1|Geneva|Moody|15005|0|0|0|0|0|0|0.86|0.2
6/26/2015|27310070|133|1|1|Geneva|Moody|15S004|4|0|119|0|0|0|8.58|1.96
6/26/2015|27310070|406|1|1|Grant|Daniel|15H001|8|0|402.93|0|0|0|25.83|0.48
6/26/2015|27310070|406|1|1|Grant|Daniel|15H002|8|0|402.93|0|0|0|25.82|0.48
6/26/2015|27310070|406|1|1|Grant|Daniel|15H004|1|0|50.37|0|0|0|3.22|0.06
6/26/2015|27310070|406|1|1|Grant|Daniel|15H006|25|0|1259.15|0|0|0|80.7|1.51
6/26/2015|27310070|402|5|5|Gwendolyn|Alvarado|15005|0|0|0|0|0|0.42|1.08|0.64
6/26/2015|27310070|402|5|5|Gwendolyn|Alvarado|15H001R|1|0|18|0|0|0.5|1.31|0.77
6/26/2015|27310070|203|1|1|Helen|Paul|15005|0|0|0|0|0|0|1.52|0.03
6/26/2015|27310070|203|1|1|Helen|Paul|15H001|10|0|648.12|0|0|0|46.84|0.78
6/26/2015|27310070|203|1|1|Helen|Paul|15H006|10|0|648.11|0|0|0|46.82|0.78
6/26/2015|27310070|203|1|1|Helen|Paul|15S001|10|0|648.12|0|0|0|46.84|0.78
6/26/2015|27310070|203|1|1|Helen|Paul|15S006|10|0|648.11|0|0|0|46.84|0.78
6/26/2015|27310070|357|1|1|Stanley|Peterson|15005|0|0|0|0|0|0.31|0.99|0.25
6/26/2015|27310070|357|1|1|Stanley|Peterson|15S002|2|0|40|0|0|0.83|2.65|0.66
6/26/2015|27310070|357|1|1|Stanley|Peterson|15S006|4|0|80|0|0|1.66|5.3|1.32
6/26/2015|27310070|357|1|1|Stanley|Peterson|15S006|0|2.5|0|75|0|1.56|4.97|0.82
6/26/2015|27310070|357|1|1|Stanley|Peterson|15S008|0.5|0|10|0|0|0.21|0.66|0.17
6/26/2015|27310070|269|1|1|Jo|Manning|15005|0|0|0|0|0|0|1.07|0.25
6/26/2015|27310070|269|1|1|Jo|Manning|15H002SG|2|0|56|0|0|0|4.04|0.92
6/26/2015|27310070|269|1|1|Jo|Manning|15H004SG|5|0|140|0|0|0|10.09|2.31
6/26/2015|27310070|269|1|1|Jo|Manning|15H004SG|0|2|0|84|0|0|6.06|0.92
6/26/2015|27310070|248|1|1|Jodi|Powers|15H001|20|0|410|0|0|8.66|27.6|0.49
6/26/2015|27310070|248|1|1|Jodi|Powers|15S001|20|0|410|0|0|8.66|27.6|0.49
6/26/2015|27310070|30|1|1|Joe|Perry|15H002|1.5|0|37.65|0|0|0.76|2.43|0.05
6/26/2015|27310070|30|1|1|Joe|Perry|15H003|4.5|0|112.95|0|0|2.3|7.32|0.14
6/26/2015|27310070|30|1|1|Joe|Perry|15H009|0|0|0|0|0|1.02|3.25|0.06
6/26/2015|27310070|403|1|1|Joyce|Ferguson|15S005|1.5|0|25.5|0|0|0.51|1.62|0.42
6/26/2015|27310070|403|1|1|Joyce|Ferguson|15S008|2|0|34|0|0|0.68|2.17|0.56
6/26/2015|27310070|376|1|1|Katie|Hodges|15005|0|0|0|0|0|0.34|1.08|0.25
6/26/2015|27310070|210|2|2|Kenny|Robertson|15005|0|0|0|0|0|0.43|0.69|0.2
6/26/2015|27310070|210|2|2|Kenny|Robertson|15H001B|5|0|118.9|0|0|5.71|9.09|2.64
6/26/2015|27310070|210|2|2|Kenny|Robertson|15H006B|1|0|23.78|0|0|1.14|1.83|0.53
6/26/2015|27310070|210|2|2|Kenny|Robertson|15H009B|0|0|0|0|0|12.56|20.01|5.81
6/26/2015|27310070|210|2|2|Kenny|Robertson|15H012B|0|0|0|0|0|9.13|14.55|4.22
6/26/2015|27310070|35|1|1|Leonard|Wong|15H002|40|0|1153.85|0|0|0|81.53|3
6/26/2015|27310070|287|2|2|Levi|Christensen|15H001|16|0|228|0|0|10.38|16.56|0.57
6/26/2015|27310070|287|2|2|Levi|Christensen|15H001B|12|0|171|0|0|7.79|12.41|0.43
6/26/2015|27310070|287|2|2|Levi|Christensen|15H006B|12|0|171|0|0|7.79|12.41|0.43
6/26/2015|27310070|153|1|1|Lynne|Soto|15005|0|0|0|0|0|0.35|1.1|0.25
6/26/2015|27310070|13|1|1|Mamie|Day|15H003|6|0|279.23|0|0|0|21.36|4.61
6/26/2015|27310070|13|1|1|Mamie|Day|15H007|34|0|1582.31|0|0|0|121.05|26.11
6/26/2015|27310070|358|1|1|Marc|Wallace|15H001|36.5|0|574.88|0|0|10.84|34.55|0.69
6/26/2015|27310070|358|1|1|Marc|Wallace|15H012|0|0|0|0|0|1.04|3.32|0.07
6/26/2015|27310070|281|1|1|Marcia|Neal|15005|0|0|0|0|0|0.2|0.65|0.15
6/26/2015|27310070|281|1|1|Marcia|Neal|15S006|0|4|0|156|0|3.5|11.15|1.72
6/26/2015|27310070|314|1|1|Marianne|Baldwin|15005|0|0|0|0|0|0.36|1.15|0.25
6/26/2015|27310070|314|1|1|Marianne|Baldwin|15S005|2|0|43.5|0|0|1.05|3.33|0.72
6/26/2015|27310070|39|1|1|Marie|Hudson|15H005|30|0|217.5|0|0.32|1.26|4.02|3.59
6/26/2015|27310070|22|1|1|Marion|Scott|15H009|0|0|0|0|0|2.99|28.75|6.8
6/26/2015|27310070|18|1|1|Marty|Barnes|15H001|12|0|240|0|0|5.76|18.36|0.29
6/26/2015|27310070|18|1|1|Marty|Barnes|15S001|12|0|240|0|0|5.76|18.36|0.29
6/26/2015|27310070|401|2|2|Maryann|Cohen|15005|0|0|0|0|0|0.5|0.8|0.27
6/26/2015|27310070|401|2|2|Maryann|Cohen|15H001B|3|0|78|0|0|3.28|5.22|1.73
6/26/2015|27310070|401|2|2|Maryann|Cohen|15H012B|0|0|0|0|0|1.09|1.74|0.58
6/26/2015|27310070|407|1|1|Maxine|Tyler|15S008|1|0|16|0|0|0.38|1.22|0.26
6/26/2015|27310070|3|1|1|Melanie|Green|15H001|28|0|2051.33|0|0|0|155.38|2.46
6/26/2015|27310070|3|1|1|Melanie|Green|15H002|14|0|1025.67|0|0|0|77.7|1.23
6/26/2015|27310070|374|5|5|Melvin|Strickland|15H001|5.5|0|115.5|0|0|3.23|7.52|0.44
6/26/2015|27310070|374|5|5|Melvin|Strickland|15H001R|18.5|0|388.5|0|0|10.88|25.3|1.48
6/26/2015|27310070|374|5|5|Melvin|Strickland|15H006|15.5|0|325.5|0|0|9.12|21.19|1.24
6/26/2015|27310070|374|5|5|Melvin|Strickland|15H006R|0.5|0|10.5|0|0|0.29|0.69|0.04
6/26/2015|27310070|201|1|1|Michele|Lee|15005|0|0|0|0|0|0|1.15|0.25
6/26/2015|27310070|201|1|1|Michele|Lee|15S009|0|0|0|0|0|0|19.27|4.16
6/26/2015|27310070|192|5|5|Mike|Briggs|15005|0|0|0|0|0|0|1.02|0
6/26/2015|27310070|192|5|5|Mike|Briggs|15H002B|3|0|72.12|0|0|0|4.93|0
6/26/2015|27310070|192|5|5|Mike|Briggs|15H002R|37|0|889.42|0|0|0|60.72|0
6/26/2015|27310070|398|1|1|Mona|Howard|15S008|1|0|12|0|0|0.29|0.91|0.2
6/26/2015|27310070|276|1|1|Morris|Glover|15005|0|0|0|0|0|0.34|1.07|0.25
6/26/2015|27310070|352|1|1|Myra|Vega|15005|0|0|0|0|0|0.25|0.79|0.2
6/26/2015|27310070|352|1|1|Myra|Vega|15S009|0|0|0|0|0|0.98|3.11|0.78
6/26/2015|27310070|199|1|1|Nettie|Stevens|15005|0|0|0|0|0|0|1.07|0.25
6/26/2015|27310070|199|1|1|Nettie|Stevens|15H006|7|0|249.9|0|0|0|17.97|4.12
6/26/2015|27310070|199|1|1|Nettie|Stevens|15H006|0|2.5|0|133.88|0|0|9.62|1.47
6/26/2015|27310070|199|1|1|Nettie|Stevens|15H008|0.5|0|17.85|0|0|0|1.28|0.29
6/26/2015|27310070|260|1|1|Nichole|Fox|15005|0|0|0|0|0|0.34|1.1|0.25
6/26/2015|27310070|412|1|1|Norman|Ruiz|15H001|20|0|320|0|1.92|7.68|24.48|5.28
6/26/2015|27310070|412|1|1|Norman|Ruiz|15H001|0|1|0|24|0.14|0.58|1.84|0.26
6/26/2015|27310070|412|1|1|Norman|Ruiz|15S001|20|0|320|0|1.92|7.68|24.48|5.28
6/26/2015|27310070|380|1|1|Preston|Robinson|15005|0|0|0|0|0|0.07|0.2|0.05
6/26/2015|27310070|380|1|1|Preston|Robinson|15S006|0|2|0|63|0|1.36|4.32|0.69
6/26/2015|27310070|386|1|1|Raquel|Singleton|15H001|15|0|210|0|0.93|5.04|16.05|3.46
6/26/2015|27310070|117|1|1|Richard|Wood|15H003|1|0|25|0|0|0.54|1.72|0.41
6/26/2015|27310070|117|1|1|Richard|Wood|15H006|10|0|150|0|0|3.6|11.48|2.48
6/26/2015|27310070|400|1|1|Roberto|Ortega|15005|0|0|0|0|0|0.3|0.96|0.04
6/26/2015|27310070|400|1|1|Roberto|Ortega|15H002|40|0|826.93|0|0|16.71|53.27|2.15
6/26/2015|27310070|7|1|1|Shelia|Keller|15H002|31|0|745.19|0|0|0|55.11|12.3
6/26/2015|27310070|7|1|1|Shelia|Keller|15H009|0|0|0|0|0|0|16|3.57
6/26/2015|27310070|34|1|1|Sheryl|Hill|15005|0|0|0|0|0|0|1.09|0.25
6/26/2015|27310070|34|1|1|Sheryl|Hill|15H003|13|0|610.58|0|0|0|44.42|10.07
6/26/2015|27310070|34|1|1|Sheryl|Hill|15H004|3|0|140.9|0|0|0|10.25|2.32
6/26/2015|27310070|336|1|1|Shirley|Parker|15005|0|0|0|0|0|0.36|1.15|0.25
6/26/2015|27310070|336|1|1|Shirley|Parker|15H009|0|0|0|0|0|0.59|1.87|0.4
6/26/2015|27310070|345|1|1|Sidney|Hansen|15H009|0|0|0|0|0|4.42|14.08|3.04
6/26/2015|27310070|99|1|1|Sue|Riley|15H006|20|0|450|0|0|10.48|33.4|7.42
6/26/2015|27310070|99|1|1|Sue|Riley|15S006|20|0|450|0|0|10.48|33.41|7.42
6/26/2015|27310070|25|1|1|Tami|Luna|15H001|22|0|494.8|0|0|10.68|34.03|0.59
6/26/2015|27310070|25|1|1|Tami|Luna|15S001|22|0|494.8|0|0|10.67|34.02|0.59
6/26/2015|27310070|184|1|1|Tammy|Wilkins|15005|0|0|0|0|0|0.33|1.06|0.25
6/26/2015|27310070|320|1|1|Terry|Moreno|15005|0|0|0|0|0|0|1.15|0.25
6/26/2015|27310070|320|1|1|Terry|Moreno|15H002|4|0|143.27|0|0|0|10.96|2.36
6/26/2015|27310070|343|1|1|Tommy|Graves|15005|0|0|0|0|0|0.25|0.79|0.2
6/26/2015|27310070|343|1|1|Tommy|Graves|15H006|6|0|138|0|0|2.82|9|2.28
6/26/2015|27310070|343|1|1|Tommy|Graves|15H008|0.5|0|11.5|0|0|0.24|0.75|0.19
6/26/2015|27310070|399|1|1|Yvette|Miller|15005|0|0|0|0|0|0.34|1.1|0.04
6/26/2015|27310070|399|1|1|Yvette|Miller|15S002|40|0|865.39|0|0|19.86|63.27|2.25
